Transaction_ID,Date,Department_ID,Region_ID,Product_Category,Budget_Revenue,Actual_Revenue,Budget_Expense,Actual_Expense,Headcount,Status,Revenue_Variance,Expense_Variance
TXN0000001,2025-02-04,D002,R006,SERVICES,152517.2,160356.97,83119.61,86479.52,40,Completed,7839.7699999999895,3359.9100000000035
TXN0000002,2024-06-03,D007,R001,CONSULTING,160532.29,113235.88,85332.01,112580.99,12,Completed,-47296.41,27248.98000000001
TXN0000003,2024-02-24,D004,R001,SUBSCRIPTION,146653.57,135614.1,83293.49,85433.93,148,Completed,-11039.470000000001,2140.439999999988
TXN0000004,2025-07-23,D009,R001,CONSULTING,102211.3,109539.54,79821.25,77538.46,6,Completed,7328.239999999991,-2282.7899999999936
TXN0000005,2025-03-16,D007,R004,SERVICES,141701.71,143758.25,65623.42,48526.24,91,Completed,2056.540000000008,-17097.18
TXN0000006,2025-05-12,D002,R002,HARDWARE,196214.71,207868.81,138232.71,129333.33,159,Completed,11654.100000000006,-8899.37999999999
TXN0000007,2024-12-09,D001,R001,SUBSCRIPTION,183689.29,175188.9,92964.0,76749.54,101,Completed,-8500.390000000014,-16214.460000000006
TXN0000008,2026-10-01,D009,R001,SUPPORT,101963.16,83193.46,56508.04,49064.65,152,Completed,-18769.699999999997,-7443.389999999999
TXN0000009,2024-12-06,D002,R005,HARDWARE,161450.53,188691.95,128299.61,115507.99,64,Completed,27241.420000000013,-12791.619999999995
TXN0000010,2026-01-17,D007,R004,SUPPORT,95250.16,75668.21,51611.28,68440.35,46,Completed,-19581.949999999997,16829.070000000007
TXN0000011,2024-05-26,D006,R003,HARDWARE,260827.58,292566.6,166605.7,144819.58,160,Completed,31739.01999999999,-21786.120000000024
TXN0000012,2026-04-08,D009,R001,SERVICES,148347.84,142152.36,98267.41,82408.22,102,Completed,-6195.4800000000105,-15859.190000000002
TXN0000013,2024-04-24,D009,R001,HARDWARE,252176.02,293184.82,176464.77,169193.78,63,Completed,41008.80000000002,-7270.989999999991
TXN0000014,2025-08-03,D006,R003,SOFTWARE,191709.22,201603.44,137069.44,137944.43,150,Completed,9894.220000000001,874.9899999999907
TXN0000015,2026-07-28,D004,R001,CONSULTING,126958.56,125860.2,72364.07,77067.9,41,Completed,-1098.3600000000006,4703.829999999987
TXN0000016,2025-06-22,D003,R003,SUBSCRIPTION,202563.35,181183.92,82536.91,70826.15,154,Pending,-21379.429999999993,-11710.76000000001
TXN0000017,2024-10-10,D010,R002,SERVICES,163068.13,188071.99,89471.02,82027.89,135,Pending,25003.859999999986,-7443.130000000005
TXN0000018,2024-09-11,D002,R002,SOFTWARE,157253.48,146805.27,104233.15,103297.13,165,Completed,-10448.210000000021,-936.0199999999895
TXN0000019,2026-02-20,D007,R004,CONSULTING,125115.05,123401.48,73147.42,69245.55,157,Pending,-1713.570000000007,-3901.8699999999953
TXN0000020,2024-01-24,D009,R001,SUBSCRIPTION,155354.97,157003.29,95818.33,100341.24,179,Completed,1648.320000000007,4522.9100000000035
TXN0000021,2025-11-27,D009,R001,SUPPORT,58915.91,59132.74,54766.68,44851.14,33,Completed,216.82999999999447,-9915.54
TXN0000022,2025-06-23,D007,R004,SOFTWARE,173767.5,168094.43,115307.23,116309.59,133,Completed,-5673.070000000007,1002.3600000000006
TXN0000023,2025-03-09,D009,R001,SUPPORT,102814.72,104927.4,46997.39,54166.26,168,Cancelled,2112.679999999993,7168.870000000003
TXN0000024,2025-02-28,D010,R002,HARDWARE,180774.76,134589.47,131861.89,138852.65,143,Cancelled,-46185.29000000001,6990.75999999998
TXN0000025,2024-09-02,D001,R001,CONSULTING,101098.17,103247.79,81758.88,79144.64,33,Completed,2149.6199999999953,-2614.2400000000052
TXN0000026,2024-10-06,D005,R002,SERVICES,160500.63,175573.82,68260.25,72301.01,26,Pending,15073.190000000002,4040.7599999999948
TXN0000027,2024-09-14,D002,R002,SUBSCRIPTION,167484.62,170825.05,101258.25,100302.23,37,Pending,3340.429999999993,-956.0200000000041
TXN0000028,2026-05-16,D009,R001,SUBSCRIPTION,167214.19,179122.71,94988.85,81018.53,59,Cancelled,11908.51999999999,-13970.320000000007
TXN0000029,2026-03-02,D004,R001,CONSULTING,166979.93,172125.31,81761.81,82519.31,117,Cancelled,5145.380000000005,757.5
TXN0000030,2024-11-05,D008,R004,SERVICES,169196.61,155988.0,73838.72,91363.62,91,Completed,-13208.609999999986,17524.899999999994
TXN0000031,2025-03-27,D007,R002,SUBSCRIPTION,152932.82,155988.0,79146.2,78791.42,6,Completed,3055.179999999993,-354.77999999999884
TXN0000032,2025-07-11,D001,R001,SOFTWARE,188964.78,215403.97,124558.43,142755.09,23,Cancelled,26439.190000000002,18196.660000000003
TXN0000033,2025-02-28,D004,R001,CONSULTING,139077.52,133723.05,65576.96,48682.13,143,Completed,-5354.470000000001,-16894.83000000001
TXN0000034,2026-08-26,D010,R002,SERVICES,134368.74,99395.62,94710.41,122875.91,109,Completed,-34973.119999999995,28165.5
TXN0000035,2025-12-26,D002,R002,CONSULTING,105947.14,122909.68,57579.46,52640.82,113,Pending,16962.539999999994,-4938.639999999999
TXN0000036,2024-07-20,D008,R004,SOFTWARE,185611.06,197166.83,116781.59,97738.73,20,Pending,11555.76999999999,-19042.86
TXN0000037,2025-05-24,D006,R003,SOFTWARE,191592.31,193168.63,119869.81,121736.87,54,Completed,1576.320000000007,1867.0599999999977
TXN0000038,2025-10-01,D009,R001,CONSULTING,136588.29,159651.78,82247.64,106297.09,76,Pending,23063.48999999999,24049.449999999997
TXN0000039,2026-06-26,D004,R001,SOFTWARE,198496.85,208136.73,129985.96,152823.31,145,Completed,9639.880000000005,22837.34999999999
TXN0000040,2024-01-31,D001,R001,SUBSCRIPTION,137742.63,160821.01,86589.81,55622.51,28,Completed,23078.380000000005,-30967.299999999996
TXN0000041,2025-03-13,D003,R003,CONSULTING,140440.85,98757.76,56389.38,43910.76,107,Completed,-41683.09000000001,-12478.619999999995
TXN0000042,2025-06-27,D003,R003,CONSULTING,126446.3,155988.0,62894.62,62294.77,121,Completed,29541.699999999997,-599.8500000000058
TXN0000043,2026-09-23,D007,R004,SUPPORT,90738.26,83447.75,49265.92,52139.41,44,Completed,-7290.509999999995,2873.4900000000052
TXN0000044,2024-04-05,D005,R002,SOFTWARE,158558.12,162194.03,125002.83,113811.81,85,Completed,3635.9100000000035,-11191.020000000004
TXN0000045,2026-12-23,D001,R001,SUBSCRIPTION,125431.46,155988.0,85183.18,84937.45,45,Completed,30556.539999999994,-245.72999999999593
TXN0000046,2024-05-20,D009,R001,SERVICES,108225.72,150413.0,97482.92,115615.74,157,Completed,42187.28,18132.820000000007
TXN0000047,2025-05-19,D004,R001,SUBSCRIPTION,116242.14,119082.59,83027.03,98269.77,153,Cancelled,2840.449999999997,15242.740000000005
TXN0000048,2026-06-12,D001,R001,CONSULTING,104144.06,102881.22,75276.17,69977.39,85,Completed,-1262.8399999999965,-5298.779999999999
TXN0000049,2025-03-05,D004,R001,HARDWARE,284643.49,314405.3,111820.72,72182.92,72,Pending,29761.809999999998,-39637.8
TXN0000050,2026-07-25,D003,R003,HARDWARE,266061.28,283776.69,145237.41,124327.66,85,Completed,17715.409999999974,-20909.75
TXN0000051,2024-07-23,D001,R001,SUBSCRIPTION,162010.3,217523.69,84451.48,84217.92,23,Cancelled,55513.390000000014,-233.55999999999767
TXN0000052,2025-12-15,D004,R001,SERVICES,193752.44,249576.68,58451.61,55165.4,22,Completed,55824.23999999999,-3286.209999999999
TXN0000053,2025-11-09,D006,R003,CONSULTING,120317.25,135418.01,70005.11,52986.47,161,Cancelled,15100.76000000001,-17018.64
TXN0000054,2025-05-09,D001,R001,SUBSCRIPTION,170282.05,185701.29,80022.1,94292.08,174,Completed,15419.24000000002,14269.979999999996
TXN0000055,2024-11-14,D003,R003,SOFTWARE,153140.56,162178.5,100140.81,115678.18,74,Completed,9037.940000000002,15537.369999999995
TXN0000056,2025-02-20,D010,R002,HARDWARE,270595.53,268679.94,131275.54,177031.11,180,Completed,-1915.5900000000256,45755.56999999998
TXN0000057,2024-08-07,D009,R001,SOFTWARE,206743.49,178929.11,124317.77,143057.85,167,Pending,-27814.380000000005,18740.08
TXN0000058,2025-06-20,D005,R006,SERVICES,157185.21,159000.55,92964.0,57719.38,46,Pending,1815.3399999999965,-35244.62
TXN0000059,2024-01-20,D009,R001,SUBSCRIPTION,162793.48,166122.58,98570.26,92227.78,33,Completed,3329.0999999999767,-6342.479999999996
TXN0000060,2024-10-30,D003,R003,HARDWARE,265861.19,305632.6,163366.57,182667.49,115,Completed,39771.409999999974,19300.919999999984
TXN0000061,2026-02-01,D001,R001,SOFTWARE,182456.07,176512.49,98081.95,111380.15,58,Completed,-5943.580000000016,13298.199999999997
TXN0000062,2026-12-04,D002,R002,SUBSCRIPTION,171892.43,183773.76,81882.37,70231.49,163,Completed,11881.330000000016,-11650.87999999999
TXN0000063,2026-04-24,D004,R001,SERVICES,128129.83,96957.19,88155.88,109817.27,11,Completed,-31172.64,21661.39
TXN0000064,2025-05-23,D006,R003,CONSULTING,108835.01,129448.55,73404.48,76588.49,73,Completed,20613.540000000008,3184.0100000000093
TXN0000065,2026-08-21,D002,R002,SOFTWARE,179383.87,131479.96,92355.48,86868.56,61,Completed,-47903.91,-5486.919999999998
TXN0000066,2025-01-04,D008,R004,SERVICES,153087.53,199816.85,105845.25,102364.19,11,Completed,46729.32000000001,-3481.0599999999977
TXN0000067,2025-07-25,D007,R004,SOFTWARE,187260.6,153730.16,110221.63,117923.9,94,Cancelled,-33530.44,7702.2699999999895
TXN0000068,2025-09-11,D007,R004,SUBSCRIPTION,201792.94,207375.79,103813.5,109664.21,12,Completed,5582.850000000006,5850.710000000006
TXN0000069,2024-03-19,D005,R002,HARDWARE,306716.2,263488.62,126247.48,108048.4,32,Cancelled,-43227.580000000016,-18199.08
TXN0000070,2026-12-06,D007,R004,HARDWARE,189938.35,246128.54,148489.14,203917.67,160,Cancelled,56190.19,55428.53
TXN0000071,2025-01-24,D002,R002,SUBSCRIPTION,187372.21,190165.05,81692.59,78482.73,70,Completed,2792.8399999999965,-3209.8600000000006
TXN0000072,2026-02-06,D007,R005,HARDWARE,266705.83,326307.88,134115.12,125873.77,22,Completed,59602.04999999999,-8241.349999999991
TXN0000073,2025-07-09,D010,R002,SOFTWARE,176288.91,176326.66,131785.57,129356.57,134,Completed,37.75,-2429.0
TXN0000074,2025-08-28,D007,R004,SUPPORT,82708.94,83142.0,60481.08,54355.12,146,Completed,433.0599999999977,-6125.959999999999
TXN0000075,2024-12-22,D004,R001,CONSULTING,141011.33,151133.58,62324.35,58802.47,162,Cancelled,10122.25,-3521.8799999999974
TXN0000076,2025-09-14,D005,R002,SOFTWARE,230257.32,245094.71,112035.87,136564.75,78,Completed,14837.389999999985,24528.880000000005
TXN0000077,2025-10-21,D007,R004,SUBSCRIPTION,152829.83,144733.85,103990.62,79800.32,124,Pending,-8095.979999999981,-24190.29999999999
TXN0000078,2026-08-27,D008,R004,SUBSCRIPTION,132210.2,128407.3,99879.14,65581.52,48,Completed,-3802.9000000000087,-34297.619999999995
TXN0000079,2025-11-17,D005,R002,SUPPORT,70831.21,86864.38,37054.76,36476.67,28,Completed,16033.169999999998,-578.0900000000038
TXN0000080,2024-10-28,D005,R002,SERVICES,181041.11,198658.34,66230.62,85910.94,11,Completed,17617.23000000001,19680.320000000007
TXN0000081,2024-05-29,D004,R001,SUBSCRIPTION,171061.08,162712.48,89529.2,90149.43,121,Pending,-8348.599999999977,620.2299999999959
TXN0000082,2026-02-25,D010,R002,SUPPORT,95938.89,88038.14,46729.06,47895.79,131,Pending,-7900.75,1166.7300000000032
TXN0000083,2024-12-01,D004,R001,SUPPORT,74031.24,66199.81,59435.61,41049.32,32,Pending,-7831.430000000008,-18386.29
TXN0000084,2026-11-26,D004,R001,SUPPORT,88266.11,88277.83,45889.87,45049.65,123,Completed,11.720000000001164,-840.2200000000012
TXN0000085,2026-07-23,D009,R001,SOFTWARE,157328.89,180119.47,113766.05,146923.59,39,Pending,22790.579999999987,33157.53999999999
TXN0000086,2025-11-10,D009,R001,SUBSCRIPTION,177688.0,161712.63,100908.11,90603.03,118,Cancelled,-15975.369999999995,-10305.080000000002
TXN0000087,2026-02-07,D009,R001,SUBSCRIPTION,116362.5,120052.46,109682.99,127255.94,45,Pending,3689.9600000000064,17572.949999999997
TXN0000088,2025-07-21,D008,R004,SERVICES,217587.8,169425.89,100226.22,98913.47,138,Pending,-48161.909999999974,-1312.75
TXN0000089,2025-08-08,D004,R001,SOFTWARE,155494.24,107300.53,84968.33,78510.16,65,Completed,-48193.70999999999,-6458.169999999998
TXN0000090,2024-06-14,D006,R003,SUBSCRIPTION,208589.68,240373.29,102695.61,97541.08,40,Completed,31783.610000000015,-5154.529999999999
TXN0000091,2025-03-14,D004,R001,SERVICES,178382.73,173479.26,92329.18,76548.16,21,Pending,-4903.470000000001,-15781.01999999999
TXN0000092,2026-01-05,D007,R004,CONSULTING,145838.99,138846.16,99218.51,130695.48,20,Completed,-6992.829999999987,31476.97
TXN0000093,2024-10-02,D007,R004,SUBSCRIPTION,141261.49,155988.0,82985.39,78334.27,152,Pending,14726.51000000001,-4651.119999999995
TXN0000094,2026-09-03,D008,R006,HARDWARE,230710.09,184106.69,143834.48,145339.06,112,Cancelled,-46603.399999999994,1504.5799999999872
TXN0000095,2026-09-26,D009,R001,SERVICES,152623.11,186008.92,92964.0,77137.94,61,Completed,33385.81000000003,-15826.059999999998
TXN0000096,2025-11-19,D007,R004,CONSULTING,110090.97,101953.25,82938.48,81425.89,176,Pending,-8137.720000000001,-1512.5899999999965
TXN0000097,2026-12-29,D003,R003,SERVICES,146545.01,146174.96,72701.29,72218.9,11,Pending,-370.05000000001746,-482.3899999999994
TXN0000098,2024-06-20,D010,R002,SOFTWARE,158880.51,166125.82,110834.22,94995.79,169,Pending,7245.309999999998,-15838.430000000008
TXN0000099,2024-12-04,D003,R003,SERVICES,161059.44,171377.15,69635.99,70408.34,71,Pending,10317.709999999992,772.3499999999913
TXN0000100,2025-11-22,D006,R003,HARDWARE,242852.06,282545.95,140289.35,178873.04,102,Completed,39693.890000000014,38583.69
TXN0000101,2026-08-21,D007,R004,SOFTWARE,182805.51,196204.58,107260.08,121536.83,9,Cancelled,13399.069999999978,14276.75
TXN0000102,2025-04-04,D001,R001,HARDWARE,200690.79,187185.55,134964.65,167246.67,171,Completed,-13505.24000000002,32282.02000000002
TXN0000103,2025-12-02,D001,R001,SERVICES,161952.34,150538.85,80566.08,89223.5,10,Cancelled,-11413.48999999999,8657.419999999998
TXN0000104,2024-08-22,D003,R003,CONSULTING,82907.18,89516.25,71725.6,74645.81,149,Completed,6609.070000000007,2920.209999999992
TXN0000105,2024-09-12,D008,R004,HARDWARE,252844.46,277759.57,93701.66,105020.52,160,Cancelled,24915.110000000015,11318.86
TXN0000106,2025-09-29,D002,R002,SERVICES,148530.11,158460.37,79352.08,84163.64,32,Cancelled,9930.26000000001,4811.559999999998
TXN0000107,2026-07-02,D001,R001,SUBSCRIPTION,146770.41,135486.8,77762.24,87707.01,106,Completed,-11283.610000000015,9944.76999999999
TXN0000108,2025-12-05,D002,R002,SUPPORT,97759.47,96787.92,57936.23,64473.38,31,Completed,-971.5500000000029,6537.149999999994
TXN0000109,2024-03-25,D010,R002,SUBSCRIPTION,147204.35,140993.48,95433.13,114628.39,93,Cancelled,-6210.869999999995,19195.259999999995
TXN0000110,2026-02-11,D007,R004,SOFTWARE,193395.29,165116.88,143031.61,146753.57,170,Completed,-28278.410000000003,3721.960000000021
TXN0000111,2024-04-08,D001,R001,CONSULTING,139723.23,140774.13,75324.09,79483.13,115,Completed,1050.8999999999942,4159.040000000008
TXN0000112,2024-12-26,D008,R004,CONSULTING,127461.38,131156.69,84825.32,111706.18,138,Completed,3695.3099999999977,26880.859999999986
TXN0000113,2026-09-17,D010,R002,SUBSCRIPTION,214202.31,207868.83,109374.05,125327.32,124,Pending,-6333.4800000000105,15953.270000000004
TXN0000114,2024-06-26,D010,R002,SERVICES,141404.27,149003.68,99881.0,96431.99,76,Pending,7599.4100000000035,-3449.0099999999948
TXN0000115,2026-02-15,D004,R001,SUBSCRIPTION,130851.39,122595.64,66170.06,71433.29,91,Completed,-8255.75,5263.229999999996
TXN0000116,2026-09-25,D008,R004,SERVICES,131538.23,119639.01,107698.69,104617.46,59,Completed,-11899.220000000016,-3081.229999999996
TXN0000117,2025-07-19,D005,R002,SUBSCRIPTION,82329.66,106512.43,89218.15,91489.42,147,Completed,24182.76999999999,2271.270000000004
TXN0000118,2025-09-05,D009,R001,SOFTWARE,171288.01,158984.36,90525.14,117943.25,109,Pending,-12303.650000000023,27418.11
TXN0000119,2026-02-09,D009,R001,SUPPORT,90225.65,80942.42,54787.7,61802.76,170,Pending,-9283.229999999996,7015.060000000005
TXN0000120,2025-08-25,D008,R004,SOFTWARE,178938.79,187839.29,100435.72,95001.01,61,Pending,8900.5,-5434.710000000006
TXN0000121,2026-01-25,D004,R001,SUBSCRIPTION,83652.07,81458.87,105717.7,109666.4,126,Cancelled,-2193.2000000000116,3948.699999999997
TXN0000122,2025-08-11,D009,R001,SUPPORT,67198.31,74598.65,48155.21,49989.53,95,Pending,7400.3399999999965,1834.3199999999997
TXN0000123,2024-04-09,D005,R002,SERVICES,158186.14,110956.7,69644.9,62951.38,54,Completed,-47229.44000000002,-6693.519999999997
TXN0000124,2025-01-14,D002,R002,SUPPORT,70201.53,60124.71,61274.39,61026.28,54,Completed,-10076.82,-248.11000000000058
TXN0000125,2026-10-12,D008,R004,SUBSCRIPTION,149604.17,162376.27,106694.35,103446.1,157,Completed,12772.099999999977,-3248.25
TXN0000126,2025-10-04,D007,R002,HARDWARE,232914.87,228314.91,115974.17,139454.54,97,Completed,-4599.959999999992,23480.37000000001
TXN0000127,2024-03-04,D005,R005,HARDWARE,192107.99,192366.69,112323.7,120255.03,18,Cancelled,258.70000000001164,7931.330000000002
TXN0000128,2026-02-10,D005,R002,SERVICES,87535.38,84483.83,108071.81,141850.41,31,Completed,-3051.550000000003,33778.600000000006
TXN0000129,2026-06-21,D010,R002,CONSULTING,124153.22,140958.14,89416.15,102655.46,92,Completed,16804.920000000013,13239.310000000012
TXN0000130,2024-08-21,D001,R001,CONSULTING,131925.54,140695.4,55204.35,53540.96,21,Pending,8769.859999999986,-1663.3899999999994
TXN0000131,2024-01-11,D008,R005,SERVICES,140464.54,130324.11,89727.11,84606.1,149,Completed,-10140.430000000008,-5121.009999999995
TXN0000132,2026-02-05,D002,R002,SOFTWARE,193227.39,206664.45,80034.53,96363.55,160,Cancelled,13437.059999999998,16329.020000000004
TXN0000133,2026-02-18,D010,R002,SUBSCRIPTION,207965.66,179546.82,104606.93,115691.49,120,Pending,-28418.839999999997,11084.560000000012
TXN0000134,2025-09-17,D005,R002,CONSULTING,110941.58,103000.09,76317.27,85468.49,150,Cancelled,-7941.490000000005,9151.220000000001
TXN0000135,2024-07-22,D001,R001,SUPPORT,80093.41,76580.27,42621.38,44086.97,58,Completed,-3513.1399999999994,1465.5900000000038
TXN0000136,2025-06-05,D005,R002,SERVICES,116075.15,118232.85,120800.4,159421.57,49,Cancelled,2157.7000000000116,38621.17000000001
TXN0000137,2026-11-07,D002,R002,CONSULTING,112048.15,117794.52,77483.64,79220.16,157,Pending,5746.37000000001,1736.520000000004
TXN0000138,2025-02-08,D005,R006,SUPPORT,89433.19,97347.08,70583.05,67933.96,121,Completed,7913.889999999999,-2649.0899999999965
TXN0000139,2025-09-02,D004,R001,SUPPORT,100245.01,89607.71,63558.48,66191.86,113,Completed,-10637.299999999988,2633.3799999999974
TXN0000140,2025-06-28,D009,R001,SERVICES,138124.28,129203.44,93441.14,100189.19,41,Completed,-8920.839999999997,6748.050000000003
TXN0000141,2025-08-14,D001,R001,HARDWARE,242167.7,256080.31,170074.11,185951.66,117,Completed,13912.609999999986,15877.550000000017
TXN0000142,2026-04-04,D008,R004,SUPPORT,96959.82,85311.23,56827.65,61985.97,74,Cancelled,-11648.590000000011,5158.32
TXN0000143,2024-03-22,D009,R001,SOFTWARE,178718.41,212281.82,121994.41,138022.98,115,Completed,33563.41,16028.570000000007
TXN0000144,2025-04-13,D007,R002,SOFTWARE,183114.31,170064.53,101863.95,87533.79,177,Cancelled,-13049.779999999999,-14330.160000000003
TXN0000145,2025-05-07,D010,R002,SUPPORT,110343.25,95690.58,47127.46,46617.33,152,Completed,-14652.669999999998,-510.1299999999974
TXN0000146,2026-06-24,D003,R003,SUPPORT,106715.88,123019.49,41927.07,46367.48,76,Completed,16303.61,4440.4100000000035
TXN0000147,2024-05-07,D010,R002,CONSULTING,113361.01,111133.5,93137.66,102212.84,125,Completed,-2227.5099999999948,9075.179999999993
TXN0000148,2024-02-08,D007,R004,SUPPORT,115589.07,101501.92,50398.83,42329.94,46,Completed,-14087.150000000009,-8068.889999999999
TXN0000149,2026-03-31,D007,R004,HARDWARE,180236.03,147488.31,127187.1,92933.15,145,Completed,-32747.72,-34253.95000000001
TXN0000150,2025-10-24,D008,R004,HARDWARE,281399.82,267549.87,121838.19,157148.51,34,Pending,-13849.950000000012,35310.32000000001
TXN0000151,2026-04-08,D009,R001,SOFTWARE,178397.38,190299.67,121876.82,109418.39,110,Completed,11902.290000000008,-12458.430000000008
TXN0000152,2026-10-17,D004,R001,SUBSCRIPTION,168328.06,150873.71,125356.32,108313.85,165,Pending,-17454.350000000006,-17042.47
TXN0000153,2024-09-25,D001,R001,SUBSCRIPTION,141643.25,125238.69,107121.84,95606.0,78,Pending,-16404.559999999998,-11515.839999999997
TXN0000154,2025-05-05,D008,R004,SUPPORT,76515.84,88723.74,59148.46,54630.85,45,Completed,12207.900000000009,-4517.610000000001
TXN0000155,2025-05-04,D009,R006,SOFTWARE,230139.17,184302.04,141607.45,161142.68,34,Pending,-45837.130000000005,19535.22999999998
TXN0000156,2026-10-17,D002,R002,SERVICES,147203.81,155045.13,89548.61,91311.83,79,Cancelled,7841.320000000007,1763.2200000000012
TXN0000157,2026-08-25,D005,R002,CONSULTING,93965.32,97015.18,67111.89,66449.97,67,Pending,3049.859999999986,-661.9199999999983
TXN0000158,2026-06-11,D009,R001,SERVICES,139586.14,136845.28,101162.15,109770.4,39,Completed,-2740.860000000015,8608.25
TXN0000159,2025-11-27,D005,R002,CONSULTING,140342.56,132068.43,98455.96,116594.81,134,Completed,-8274.130000000005,18138.84999999999
TXN0000160,2026-09-29,D001,R001,HARDWARE,152493.62404958677,279803.56,156768.76,168369.71,43,Pending,127309.93595041323,11600.949999999983
TXN0000161,2026-11-02,D009,R001,HARDWARE,213382.12,216626.45,148403.76,168382.96,121,Completed,3244.3300000000163,19979.199999999983
TXN0000162,2026-02-23,D004,R001,SERVICES,140724.37,102391.7,102386.95,100497.09,64,Pending,-38332.67,-1889.8600000000006
TXN0000163,2026-02-19,D001,R001,CONSULTING,94403.24,98528.54,85074.44,89994.38,103,Completed,4125.299999999988,4919.940000000002
TXN0000164,2026-10-25,D008,R004,SERVICES,146284.47,190648.34,106453.36,104958.77,156,Completed,44363.869999999995,-1494.5899999999965
TXN0000165,2024-07-23,D002,R002,CONSULTING,114955.24,115620.09,78360.13,80149.77,139,Pending,664.8499999999913,1789.6399999999994
TXN0000166,2024-12-11,D001,R001,CONSULTING,151888.55,121754.0,57478.05,67246.48,24,Pending,-30134.54999999999,9768.429999999993
TXN0000167,2026-03-25,D005,R002,SUPPORT,115361.49,117070.33,54421.4,48495.6,171,Completed,1708.8399999999965,-5925.800000000003
TXN0000168,2026-02-17,D006,R003,SUBSCRIPTION,172672.42,184593.09,82770.42,79084.33,86,Pending,11920.669999999984,-3686.0899999999965
TXN0000169,2025-11-08,D009,R005,SERVICES,107736.33,141543.63,96865.42,84904.37,63,Completed,33807.3,-11961.050000000003
TXN0000170,2024-07-24,D007,R004,SUPPORT,119915.52,119751.41,45583.25,45206.94,118,Completed,-164.11000000000058,-376.3099999999977
TXN0000171,2025-02-28,D005,R002,SOFTWARE,172183.95,149398.15,116196.17,90013.81,19,Completed,-22785.800000000017,-26182.36
TXN0000172,2025-05-15,D006,R003,SERVICES,137929.79,178469.39,100195.22,89724.76,140,Pending,40539.600000000006,-10470.460000000006
TXN0000173,2024-12-14,D010,R002,SERVICES,154358.14,178612.37,91088.84,98053.89,49,Completed,24254.22999999998,6965.050000000003
TXN0000174,2025-08-05,D010,R002,SUBSCRIPTION,157415.61,124751.89,110737.69,103932.55,132,Cancelled,-32663.719999999987,-6805.139999999999
TXN0000175,2025-04-06,D003,R003,SUPPORT,89349.44,76292.86,42409.18,43093.87,122,Completed,-13056.580000000002,684.6900000000023
TXN0000176,2025-12-08,D001,R001,CONSULTING,114960.87,80510.3,53023.18,39291.81,178,Cancelled,-34450.56999999999,-13731.370000000003
TXN0000177,2025-04-09,D003,R006,SUBSCRIPTION,114383.6,115057.97,100949.97,115920.71,168,Pending,674.3699999999953,14970.740000000005
TXN0000178,2025-11-02,D005,R002,HARDWARE,219857.34,231104.3,118125.94,124188.17,103,Pending,11246.959999999992,6062.229999999996
TXN0000179,2026-05-01,D002,R002,SUBSCRIPTION,166001.42,129710.8,60599.02,58375.08,152,Completed,-36290.62000000001,-2223.939999999995
TXN0000180,2024-01-17,D005,R006,HARDWARE,291188.39,347180.97,159867.55,162033.08,149,Completed,55992.57999999996,2165.529999999999
TXN0000181,2025-04-16,D010,R002,HARDWARE,222361.36,243580.74,129991.07,153173.72,160,Completed,21219.380000000005,23182.649999999994
TXN0000182,2025-05-28,D004,R001,SUBSCRIPTION,190227.12,164417.56,82292.61,95347.86,178,Completed,-25809.559999999998,13055.25
TXN0000183,2024-03-21,D002,R002,SUPPORT,123619.23,121274.12,48935.15,55210.87,84,Pending,-2345.1100000000006,6275.720000000001
TXN0000184,2024-09-26,D001,R001,SUPPORT,84810.37,110439.49,58732.66,56295.87,28,Completed,25629.12000000001,-2436.790000000001
TXN0000185,2025-02-15,D006,R003,SERVICES,139386.26,139599.08,114134.88,120249.73,38,Cancelled,212.81999999997788,6114.849999999991
TXN0000186,2024-02-12,D006,R003,HARDWARE,244295.31,198057.24,121271.21,77637.49,70,Pending,-46238.07000000001,-43633.72
TXN0000187,2024-08-23,D005,R002,HARDWARE,235809.24,239171.05,160014.95,148321.27,124,Completed,3361.8099999999977,-11693.680000000022
TXN0000188,2026-03-24,D003,R003,SERVICES,145656.19,151696.8,99240.54,113995.69,147,Completed,6040.609999999986,14755.150000000009
TXN0000189,2025-06-25,D002,R002,SOFTWARE,174406.88,171085.42,125552.41,137902.44,142,Completed,-3321.459999999992,12350.029999999999
TXN0000190,2025-06-20,D008,R004,SUPPORT,79865.88,82676.74,58483.07,65777.96,154,Pending,2810.8600000000006,7294.890000000007
TXN0000191,2026-08-23,D006,R003,SERVICES,139356.04,132529.07,100949.11,106406.44,11,Cancelled,-6826.970000000001,5457.330000000002
TXN0000192,2025-03-29,D007,R001,SUBSCRIPTION,193084.45,169351.73,64948.12,67828.14,170,Completed,-23732.72,2880.019999999997
TXN0000193,2026-04-16,D008,R004,HARDWARE,201479.03,258569.19,153038.89,142536.76,34,Completed,57090.16,-10502.130000000005
TXN0000194,2026-05-10,D001,R001,HARDWARE,259452.17,272658.85,133544.85,135805.24,34,Completed,13206.679999999964,2260.389999999985
TXN0000195,2026-06-03,D004,R001,SERVICES,131213.97,92672.9,80250.1,99348.55,121,Completed,-38541.07000000001,19098.449999999997
TXN0000196,2024-12-11,D009,R001,SUPPORT,96187.35,101026.04,58784.37,67170.05,111,Completed,4838.689999999988,8385.68
TXN0000197,2024-08-03,D007,R004,HARDWARE,217164.59,223611.82,144136.44,186909.22,99,Completed,6447.2300000000105,42772.78
TXN0000198,2026-12-01,D008,R004,SERVICES,141981.61,121556.35,57824.47,52063.6,30,Completed,-20425.25999999998,-5760.870000000003
TXN0000199,2026-04-01,D009,R001,SUPPORT,106167.76,110157.22,29512.95,28700.81,20,Pending,3989.4600000000064,-812.1399999999994
TXN0000200,2026-07-20,D005,R002,SOFTWARE,199853.87,251321.82,91459.89,88906.44,28,Completed,51467.95000000001,-2553.449999999997
TXN0000201,2025-11-14,D010,R002,SOFTWARE,173821.89,185334.22,113826.82,132506.67,67,Completed,11512.329999999987,18679.850000000006
TXN0000202,2025-02-28,D010,R002,SUBSCRIPTION,229218.37,270676.49,89170.29,97902.11,155,Completed,41458.119999999995,8731.820000000007
TXN0000203,2024-06-01,D004,R001,SERVICES,156096.0,157790.76,69455.13,70363.35,75,Completed,1694.7600000000093,908.2200000000012
TXN0000204,2024-08-13,D003,R003,SERVICES,138383.71,168178.05,89471.17,104433.86,174,Completed,29794.339999999997,14962.690000000002
TXN0000205,2025-10-25,D003,R005,SUBSCRIPTION,152968.29,156791.65,103882.86,111601.22,9,Completed,3823.359999999986,7718.360000000001
TXN0000206,2024-08-20,D005,R006,SUBSCRIPTION,151430.17,173037.04,109810.18,96689.04,21,Pending,21606.869999999995,-13121.14
TXN0000207,2024-11-08,D008,R004,SUBSCRIPTION,128427.28,122082.37,69263.27,64974.23,120,Cancelled,-6344.9100000000035,-4289.040000000001
TXN0000208,2026-03-12,D004,R001,SOFTWARE,159297.64,158376.34,86713.62,80751.18,82,Pending,-921.3000000000175,-5962.440000000002
TXN0000209,2026-05-23,D001,R006,CONSULTING,109516.62,97019.59,103389.62,125862.53,180,Completed,-12497.029999999999,22472.910000000003
TXN0000210,2024-05-30,D008,R004,CONSULTING,93734.62,106280.06,55991.95,60505.83,25,Completed,12545.440000000002,4513.880000000005
TXN0000211,2025-07-17,D010,R002,SERVICES,154987.81,202634.4,96606.45,70512.7,164,Cancelled,47646.59,-26093.75
TXN0000212,2026-12-22,D009,R001,CONSULTING,127344.52,100652.69,75238.87,96957.28,80,Pending,-26691.83,21718.410000000003
TXN0000213,2024-08-22,D009,R001,SOFTWARE,125148.2,126443.44,108269.22,112228.65,172,Cancelled,1295.2400000000052,3959.429999999993
TXN0000214,2026-04-27,D004,R001,SERVICES,163141.58,167428.14,63641.19,61604.62,91,Pending,4286.560000000027,-2036.5699999999997
TXN0000215,2025-02-10,D007,R004,SOFTWARE,197821.69,177666.11,92957.14,99012.03,114,Completed,-20155.580000000016,6054.889999999999
TXN0000216,2026-08-29,D005,R002,SERVICES,99856.56,129070.31,90990.46,93808.72,22,Completed,29213.75,2818.2599999999948
TXN0000217,2026-02-02,D002,R002,SOFTWARE,184057.27,235945.1,102442.46,107743.19,38,Cancelled,51887.830000000016,5300.729999999996
TXN0000218,2025-06-11,D001,R001,SUBSCRIPTION,139782.64,140208.87,80454.23,76350.68,176,Completed,426.2299999999814,-4103.550000000003
TXN0000219,2026-05-16,D007,R004,SUPPORT,78361.8,87691.51,62875.33,62231.61,18,Completed,9329.709999999992,-643.7200000000012
TXN0000220,2026-05-11,D010,R002,SOFTWARE,152934.76,166674.03,147754.62,131844.79,59,Completed,13739.26999999999,-15909.829999999987
TXN0000221,2025-12-18,D008,R004,SOFTWARE,173996.68,132217.54,107715.16,122827.21,147,Completed,-41779.139999999985,15112.050000000003
TXN0000222,2025-08-04,D002,R002,SUBSCRIPTION,143944.24,147437.37,70274.84,74770.16,114,Cancelled,3493.1300000000047,4495.320000000007
TXN0000223,2024-02-23,D010,R002,SUPPORT,117178.75,126257.82,50128.42,68749.42,160,Completed,9079.070000000007,18621.0
TXN0000224,2025-09-24,D001,R001,SUPPORT,83858.13,66669.62,53208.49,58957.3,91,Completed,-17188.51000000001,5748.810000000005
TXN0000225,2026-03-31,D001,R001,SERVICES,123638.21,102692.53,68354.41,66482.09,22,Completed,-20945.680000000008,-1872.320000000007
TXN0000226,2025-03-16,D001,R001,SUBSCRIPTION,169529.35,177386.43,102002.82,95608.05,101,Pending,7857.079999999987,-6394.770000000004
TXN0000227,2025-09-30,D008,R004,HARDWARE,286233.87,291147.14,154721.24,136595.52,88,Cancelled,4913.270000000019,-18125.72
TXN0000228,2024-11-14,D010,R002,SOFTWARE,197455.69,180858.41,93796.14,94508.76,45,Cancelled,-16597.28,712.6199999999953
TXN0000229,2026-06-26,D001,R001,HARDWARE,190873.01,192713.04,173677.36,197893.8,174,Pending,1840.0299999999988,24216.440000000002
TXN0000230,2025-07-13,D008,R004,CONSULTING,152294.7,153254.94,77723.28,80669.73,60,Cancelled,960.2399999999907,2946.449999999997
TXN0000231,2025-03-08,D002,R002,SOFTWARE,184326.73,206316.61,107316.53,106824.93,178,Cancelled,21989.879999999976,-491.6000000000058
TXN0000232,2024-03-04,D008,R004,HARDWARE,147286.27,150705.76,156785.4,168109.09,61,Pending,3419.49000000002,11323.690000000002
TXN0000233,2025-08-03,D010,R005,HARDWARE,219759.59,282012.38,164452.99,188547.37,40,Completed,62252.79000000001,24094.380000000005
TXN0000234,2026-10-15,D005,R002,SOFTWARE,209778.08,236434.54,104891.17,124989.83,115,Completed,26656.46000000002,20098.660000000003
TXN0000235,2025-04-16,D003,R003,SUPPORT,87165.65,80293.85,48349.44,50746.85,133,Cancelled,-6871.799999999988,2397.409999999996
TXN0000236,2024-08-02,D006,R005,CONSULTING,149432.65,137352.9,81772.33,96524.19,122,Completed,-12079.75,14751.86
TXN0000237,2026-08-04,D006,R003,SUBSCRIPTION,200037.98,177218.21,98032.47,101835.28,168,Pending,-22819.77000000002,3802.8099999999977
TXN0000238,2025-10-27,D005,R001,SOFTWARE,160251.8,115789.18,106709.31,96234.84,48,Cancelled,-44462.619999999995,-10474.470000000001
TXN0000239,2024-06-29,D008,R004,HARDWARE,217208.25,208942.1,156286.84,163265.47,116,Completed,-8266.149999999994,6978.630000000005
TXN0000240,2026-09-12,D004,R001,CONSULTING,97781.87,102581.57,83295.13,91991.7,25,Pending,4799.700000000012,8696.569999999992
TXN0000241,2025-11-13,D005,R002,SERVICES,143746.42,180560.36,80415.63,77778.92,48,Completed,36813.93999999997,-2636.7100000000064
TXN0000242,2026-10-11,D009,R001,SUBSCRIPTION,148820.51,151616.91,92453.99,124476.52,54,Completed,2796.399999999994,32022.53
TXN0000243,2024-10-29,D006,R003,SUPPORT,105382.78,100462.01,41932.9,40599.76,65,Completed,-4920.770000000004,-1333.1399999999994
TXN0000244,2024-09-11,D003,R003,SERVICES,110513.15,123861.67,60493.07,60757.48,172,Completed,13348.520000000004,264.4100000000035
TXN0000245,2026-08-10,D003,R003,SUPPORT,81150.84,81095.72,58447.88,58553.36,123,Cancelled,-55.11999999999534,105.4800000000032
TXN0000246,2025-10-23,D010,R002,SUBSCRIPTION,163443.91,163269.17,75987.81,84026.21,165,Completed,-174.7399999999907,8038.400000000009
TXN0000247,2026-06-24,D003,R003,CONSULTING,152493.62404958677,115068.21,65240.8,59030.76,166,Completed,-37425.41404958676,-6210.040000000001
TXN0000248,2026-05-11,D005,R002,HARDWARE,278258.34,314109.26,140143.69,188218.25,23,Completed,35850.919999999984,48074.56
TXN0000249,2026-01-25,D008,R004,SOFTWARE,160378.06,163080.43,142137.77,160793.29,78,Completed,2702.3699999999953,18655.52000000002
TXN0000250,2026-02-26,D002,R002,SUBSCRIPTION,181372.35,192459.51,94309.81,96313.0,123,Cancelled,11087.160000000003,2003.1900000000023
TXN0000251,2024-03-25,D009,R001,SUPPORT,97451.55,96136.39,49036.1,51894.21,120,Cancelled,-1315.1600000000035,2858.1100000000006
TXN0000252,2026-10-23,D004,R001,CONSULTING,94689.66,89455.1,64185.17,75444.37,43,Completed,-5234.559999999998,11259.199999999997
TXN0000253,2024-06-21,D008,R004,HARDWARE,266953.88,254362.79,161679.72,112019.98,134,Completed,-12591.089999999997,-49659.740000000005
TXN0000254,2026-06-18,D001,R001,CONSULTING,93009.26,92209.49,94256.22,84636.41,139,Cancelled,-799.7699999999895,-9619.809999999998
TXN0000256,2025-11-16,D006,R003,SOFTWARE,181847.23,196633.79,114727.22,136655.34,21,Completed,14786.559999999998,21928.119999999995
TXN0000257,2025-04-08,D002,R002,CONSULTING,116788.56,144265.32,65795.21,58501.58,69,Cancelled,27476.76000000001,-7293.630000000005
TXN0000258,2024-10-16,D003,R003,SUBSCRIPTION,219218.77,279184.0,74113.8,71635.0,94,Completed,59965.23000000001,-2478.800000000003
TXN0000259,2024-06-22,D007,R004,SUPPORT,94979.99,94378.35,62178.49,72126.94,84,Cancelled,-601.6399999999994,9948.450000000004
TXN0000260,2024-09-18,D007,R004,HARDWARE,210151.83,247507.96,182290.42,216440.13,176,Cancelled,37356.130000000005,34149.70999999999
TXN0000261,2026-07-11,D002,R002,SUBSCRIPTION,129072.99,167211.86,60230.52,76319.56,97,Completed,38138.86999999998,16089.04
TXN0000262,2025-11-30,D006,R003,SERVICES,126678.86,128408.32,92974.55,112708.26,129,Completed,1729.4600000000064,19733.709999999992
TXN0000263,2024-07-06,D004,R001,SERVICES,146066.98,150285.69,120382.89,127697.97,80,Completed,4218.709999999992,7315.080000000002
TXN0000264,2026-12-14,D009,R001,SUPPORT,110893.99,101269.99,60924.0,57834.37,14,Completed,-9624.0,-3089.6299999999974
TXN0000265,2024-11-11,D010,R002,CONSULTING,111938.22,105958.81,92964.0,96982.27,46,Completed,-5979.4100000000035,4018.270000000004
TXN0000266,2026-06-15,D010,R002,SERVICES,170155.11,165759.68,76706.95,57433.16,16,Pending,-4395.429999999993,-19273.789999999994
TXN0000267,2026-06-28,D006,R003,SERVICES,136952.11,140997.44,90705.64,78553.33,161,Completed,4045.3300000000163,-12152.309999999998
TXN0000268,2025-09-25,D008,R004,SERVICES,183519.49,203104.56,79564.95,77556.45,125,Completed,19585.070000000007,-2008.5
TXN0000269,2026-06-21,D006,R003,SUBSCRIPTION,116061.1,129938.37,108181.21,104408.98,123,Completed,13877.26999999999,-3772.2300000000105
TXN0000270,2024-11-27,D007,R004,CONSULTING,112304.43,129350.21,78244.14,85829.78,56,Cancelled,17045.780000000013,7585.639999999999
TXN0000271,2026-11-09,D003,R003,SOFTWARE,213179.63,190234.22,120428.47,138477.9,100,Cancelled,-22945.410000000003,18049.429999999993
TXN0000272,2024-12-09,D002,R002,SUBSCRIPTION,155098.68,178929.29,83473.52,92966.3,77,Completed,23830.610000000015,9492.779999999999
TXN0000273,2024-10-28,D003,R003,SUBSCRIPTION,127119.35,126590.2,87211.3,95606.0,116,Completed,-529.1500000000087,8394.699999999997
TXN0000274,2024-02-24,D004,R001,HARDWARE,279932.61,349300.9,159634.83,218279.02,111,Completed,69368.29000000004,58644.19
TXN0000275,2026-01-03,D007,R004,SERVICES,170770.05,137947.08,92916.53,94759.94,25,Completed,-32822.97,1843.4100000000035
TXN0000276,2025-11-17,D004,R005,SUPPORT,120530.3,111395.06,68580.54,63318.37,42,Completed,-9135.240000000005,-5262.169999999991
TXN0000277,2024-11-10,D001,R001,CONSULTING,132271.27,124257.57,74205.15,71101.64,125,Pending,-8013.6999999999825,-3103.5099999999948
TXN0000278,2025-08-06,D010,R005,SOFTWARE,142094.69,130529.01,59448.19,60112.31,60,Completed,-11565.680000000008,664.1199999999953
TXN0000279,2026-12-16,D009,R001,SUBSCRIPTION,207844.27,232631.24,83417.81,74494.13,113,Completed,24786.97,-8923.679999999993
TXN0000280,2024-07-04,D005,R002,SOFTWARE,204821.0,261449.77,131594.02,114906.58,66,Pending,56628.76999999999,-16687.439999999988
TXN0000281,2026-10-20,D010,R002,SOFTWARE,151553.36,180864.18,95446.91,90003.98,157,Cancelled,29310.820000000007,-5442.930000000008
TXN0000282,2025-10-05,D001,R001,SUBSCRIPTION,202989.43,150936.2,86095.82,87556.47,41,Completed,-52053.22999999998,1460.6499999999942
TXN0000283,2026-03-05,D007,R006,SERVICES,158568.47,114544.44,81173.95,86986.84,52,Completed,-44024.03,5812.889999999999
TXN0000284,2026-12-13,D009,R001,SOFTWARE,129373.51,142854.63,100688.67,125376.4,144,Cancelled,13481.12000000001,24687.729999999996
TXN0000285,2026-08-20,D009,R001,CONSULTING,131605.05,123529.39,59503.97,80895.96,16,Pending,-8075.659999999989,21391.990000000005
TXN0000286,2026-01-01,D006,R003,SOFTWARE,156199.23,172315.2,95739.56,100797.93,22,Completed,16115.970000000001,5058.369999999995
TXN0000287,2024-07-31,D004,R001,SUPPORT,96946.83,76517.07,61099.33,64343.81,153,Completed,-20429.759999999995,3244.479999999996
TXN0000288,2024-12-24,D003,R006,SUPPORT,72631.35,68392.46,29292.12,40068.41,180,Pending,-4238.889999999999,10776.290000000005
TXN0000289,2024-09-05,D008,R004,SERVICES,80454.1,155988.0,71267.66,72355.84,122,Completed,75533.9,1088.179999999993
TXN0000290,2024-03-26,D005,R002,SERVICES,135391.01,107403.23,103698.32,116535.81,85,Completed,-27987.780000000013,12837.48999999999
TXN0000291,2026-08-27,D009,R001,SUBSCRIPTION,146096.99,156930.51,76272.07,79177.2,69,Completed,10833.520000000019,2905.12999999999
TXN0000292,2025-10-11,D004,R001,SOFTWARE,170545.31,224656.39,82487.84,94518.53,74,Completed,54111.080000000016,12030.690000000002
TXN0000293,2026-06-19,D006,R003,CONSULTING,120939.2,97038.36,114828.19,124060.87,103,Completed,-23900.839999999997,9232.679999999993
TXN0000294,2026-01-22,D003,R003,CONSULTING,127548.58,136915.07,58510.54,70570.47,137,Completed,9366.490000000005,12059.93
TXN0000295,2026-05-31,D002,R001,SOFTWARE,165506.77,155988.0,132545.89,135449.21,159,Completed,-9518.76999999999,2903.319999999978
TXN0000296,2024-12-06,D009,R001,SOFTWARE,159148.99,180610.95,128127.31,145570.35,88,Completed,21461.96000000002,17443.040000000008
TXN0000297,2026-05-22,D005,R002,SUPPORT,74527.01,74614.2,58727.67,64770.94,47,Pending,87.19000000000233,6043.270000000004
TXN0000298,2025-12-23,D006,R003,SUPPORT,88709.81,109723.94,58980.87,62872.19,162,Pending,21014.130000000005,3891.3199999999997
TXN0000299,2024-02-06,D005,R002,SOFTWARE,173936.53,168570.78,127348.85,103085.25,176,Pending,-5365.75,-24263.600000000006
TXN0000300,2024-11-23,D006,R003,SUPPORT,99390.06,82718.39,57867.01,65897.18,12,Completed,-16671.67,8030.169999999991
TXN0000301,2024-12-03,D010,R002,CONSULTING,128790.37,143103.37,92021.99,89822.62,37,Completed,14313.0,-2199.37000000001
TXN0000302,2026-11-01,D004,R001,HARDWARE,135974.55,127180.69,130898.53,147605.61,103,Cancelled,-8793.859999999986,16707.079999999987
TXN0000303,2026-10-07,D001,R001,SUPPORT,103618.04,83556.47,59811.26,56585.73,99,Completed,-20061.569999999992,-3225.529999999999
TXN0000304,2024-08-10,D008,R004,SUBSCRIPTION,206522.82,225303.38,85358.59,88072.68,140,Completed,18780.559999999998,2714.0899999999965
TXN0000305,2025-05-26,D007,R004,HARDWARE,235987.71,239771.42,144438.66,133994.56,34,Completed,3783.710000000021,-10444.100000000006
TXN0000306,2024-08-29,D003,R003,CONSULTING,114546.11,108315.89,78446.1,88769.31,72,Completed,-6230.220000000001,10323.209999999992
TXN0000307,2025-07-08,D008,R004,SUBSCRIPTION,185093.36,189796.84,70617.89,71708.91,130,Completed,4703.4800000000105,1091.020000000004
TXN0000308,2026-07-14,D002,R002,SOFTWARE,196650.61,230718.2,113160.64,135017.41,49,Pending,34067.590000000026,21856.770000000004
TXN0000309,2025-12-12,D002,R002,HARDWARE,236228.82,249235.37,139402.82,140720.69,21,Cancelled,13006.549999999988,1317.8699999999953
TXN0000310,2024-11-18,D009,R001,HARDWARE,263840.39,259129.51,142207.16,138837.92,168,Completed,-4710.880000000005,-3369.2399999999907
TXN0000311,2025-02-15,D006,R003,SOFTWARE,190756.16,194450.52,113352.79,129213.71,40,Completed,3694.359999999986,15860.920000000013
TXN0000312,2024-09-22,D008,R006,CONSULTING,141623.24,97291.54,83482.87,111829.11,161,Completed,-44331.7,28346.240000000005
TXN0000313,2026-07-09,D002,R002,SUPPORT,81317.39,94837.24,62110.91,58701.6,139,Pending,13519.850000000006,-3409.310000000005
TXN0000314,2024-09-13,D007,R004,SOFTWARE,172759.7,130146.57,103852.02,94663.22,86,Completed,-42613.130000000005,-9188.800000000003
TXN0000315,2025-06-12,D008,R004,SUBSCRIPTION,129653.95,143515.15,92964.0,59887.23,37,Cancelled,13861.199999999997,-33076.77
TXN0000316,2026-05-06,D010,R002,SERVICES,137367.88,158365.35,82704.02,63497.28,133,Completed,20997.47,-19206.740000000005
TXN0000317,2024-03-12,D002,R002,HARDWARE,183276.82,158868.73,150530.16,176016.03,46,Completed,-24408.089999999997,25485.869999999995
TXN0000318,2025-04-08,D004,R001,SUBSCRIPTION,165459.95,161273.87,104415.06,95736.48,25,Completed,-4186.080000000016,-8678.580000000002
TXN0000319,2025-07-16,D004,R001,SUBSCRIPTION,174722.63,211249.61,109780.68,112318.76,37,Completed,36526.97999999998,2538.0800000000017
TXN0000321,2025-11-22,D003,R003,SUBSCRIPTION,222523.15,285108.69,87467.24,97942.79,149,Completed,62585.54000000001,10475.549999999988
TXN0000322,2025-06-26,D001,R001,SUPPORT,79913.08,71317.67,56712.55,55496.81,171,Completed,-8595.410000000003,-1215.7400000000052
TXN0000323,2024-03-03,D010,R002,SUPPORT,83045.3,101235.25,48906.7,47745.73,132,Cancelled,18189.949999999997,-1160.969999999994
TXN0000325,2024-02-05,D005,R002,SUPPORT,95170.63,94594.15,66795.96,66936.99,45,Pending,-576.4800000000105,141.02999999999884
TXN0000326,2025-11-27,D007,R004,SERVICES,145372.56,125231.14,74773.22,73350.21,160,Completed,-20141.42,-1423.0099999999948
TXN0000327,2025-08-12,D006,R003,HARDWARE,295287.15,371733.57,143592.67,117582.01,107,Completed,76446.41999999998,-26010.660000000018
TXN0000328,2025-10-15,D006,R003,SOFTWARE,121578.27,128430.44,82119.21,90163.34,66,Pending,6852.169999999998,8044.12999999999
TXN0000329,2024-10-15,D002,R002,SERVICES,127826.86,126629.15,86996.38,79606.07,29,Completed,-1197.7100000000064,-7390.309999999998
TXN0000330,2026-06-05,D005,R002,SUBSCRIPTION,152266.32,150915.08,77166.83,72069.65,68,Completed,-1351.2400000000198,-5097.180000000008
TXN0000331,2025-02-10,D006,R003,SUPPORT,87873.64,72663.54,55676.3,55535.04,53,Completed,-15210.100000000006,-141.26000000000204
TXN0000332,2026-10-18,D008,R004,SUBSCRIPTION,100466.02,110035.05,93156.94,67781.97,83,Pending,9569.029999999999,-25374.97
TXN0000333,2026-01-11,D001,R001,CONSULTING,146445.57,149513.68,79491.43,70282.48,122,Completed,3068.109999999986,-9208.949999999997
TXN0000334,2024-04-13,D004,R001,SOFTWARE,178923.35,174972.53,106337.14,104618.92,77,Pending,-3950.820000000007,-1718.2200000000012
TXN0000335,2026-08-21,D010,R002,SUPPORT,92589.67,96079.72,45956.46,53789.76,78,Cancelled,3490.050000000003,7833.300000000003
TXN0000336,2024-01-10,D001,R001,CONSULTING,110459.89,122090.39,97587.78,93597.34,72,Completed,11630.5,-3990.4400000000023
TXN0000337,2024-04-14,D007,R004,CONSULTING,156330.47,179108.5,72959.43,86368.21,150,Cancelled,22778.03,13408.780000000013
TXN0000338,2024-05-30,D004,R001,HARDWARE,251422.15,260508.56,104434.06,116190.65,103,Cancelled,9086.410000000003,11756.589999999997
TXN0000339,2024-08-31,D008,R004,HARDWARE,176797.73,174087.03,135469.11,123734.85,37,Completed,-2710.7000000000116,-11734.25999999998
TXN0000340,2026-01-18,D007,R004,HARDWARE,271888.23,257073.97,177379.86,151420.23,41,Completed,-14814.25999999998,-25959.629999999976
TXN0000341,2024-03-23,D010,R002,SUBSCRIPTION,187787.73,187618.73,113264.39,112007.68,16,Completed,-169.0,-1256.7100000000064
TXN0000342,2026-11-29,D003,R003,CONSULTING,106783.92,109515.34,81156.58,58452.26,121,Completed,2731.4199999999983,-22704.32
TXN0000343,2025-02-11,D010,R002,SERVICES,129003.08,91432.96,83509.31,87274.52,161,Completed,-37570.119999999995,3765.2100000000064
TXN0000344,2025-04-09,D003,R003,SUBSCRIPTION,176154.48,148907.18,85745.08,110266.86,156,Completed,-27247.300000000017,24521.78
TXN0000345,2026-09-30,D009,R001,SUBSCRIPTION,193785.99,247359.33,95322.85,95028.17,149,Completed,53573.34,-294.68000000000757
TXN0000346,2025-09-11,D008,R004,HARDWARE,157793.3,173039.44,118858.99,117537.46,177,Completed,15246.140000000014,-1321.5299999999988
TXN0000347,2024-02-24,D007,R004,SUPPORT,100336.43,97500.41,59407.43,56853.42,157,Pending,-2836.0199999999895,-2554.010000000002
TXN0000348,2025-11-04,D005,R002,SUBSCRIPTION,155157.46,130077.34,83201.9,110854.94,18,Cancelled,-25080.119999999995,27653.040000000008
TXN0000349,2026-02-17,D008,R004,SUPPORT,72621.56,63512.53,57105.37,59331.43,42,Completed,-9109.029999999999,2226.0599999999977
TXN0000350,2024-08-13,D001,R001,SUPPORT,107835.55,112630.56,72233.46,70555.7,53,Completed,4795.009999999995,-1677.7600000000093
TXN0000351,2026-04-25,D008,R004,SERVICES,206637.45,191527.4,64559.6,85517.64,57,Pending,-15110.050000000017,20958.04
TXN0000352,2024-07-05,D009,R001,CONSULTING,149430.19,138821.41,77191.48,87726.89,40,Cancelled,-10608.779999999999,10535.410000000003
TXN0000353,2026-06-09,D004,R001,SUPPORT,100069.46,129446.48,51747.43,45473.36,139,Pending,29377.01999999999,-6274.07
TXN0000354,2026-12-27,D006,R003,CONSULTING,150336.13,154827.64,75375.05,71880.1,92,Cancelled,4491.510000000009,-3494.949999999997
TXN0000355,2025-06-25,D006,R003,SUPPORT,80350.29,84152.09,67095.06,66244.28,161,Pending,3801.800000000003,-850.7799999999988
TXN0000356,2025-03-09,D004,R001,HARDWARE,217826.2,255389.45,92964.0,174888.15,62,Completed,37563.25,81924.15
TXN0000357,2026-09-28,D005,R002,SUPPORT,86803.12,101960.39,53668.8,46126.56,86,Pending,15157.270000000004,-7542.240000000005
TXN0000358,2025-07-14,D006,R003,SUPPORT,100625.59,76497.23,56713.68,57663.96,78,Completed,-24128.36,950.2799999999988
TXN0000359,2026-03-19,D010,R002,CONSULTING,107610.25,104476.67,80949.76,81952.44,93,Completed,-3133.5800000000017,1002.6800000000076
TXN0000360,2026-06-24,D005,R005,HARDWARE,257743.75,264124.59,156903.58,115964.41,172,Completed,6380.840000000026,-40939.169999999984
TXN0000361,2025-09-07,D008,R004,SUBSCRIPTION,141525.33,157625.9,96219.68,113202.53,148,Completed,16100.570000000007,16982.850000000006
TXN0000362,2025-05-05,D003,R003,SUPPORT,95693.46,77881.6,64417.32,61490.19,67,Completed,-17811.86,-2927.1299999999974
TXN0000363,2024-04-17,D009,R001,SERVICES,122985.51,112381.27,83034.55,73795.6,30,Pending,-10604.23999999999,-9238.949999999997
TXN0000364,2024-08-10,D006,R003,SOFTWARE,180039.06,195470.48,95619.24,97044.21,6,Cancelled,15431.420000000013,1424.9700000000012
TXN0000365,2026-04-09,D003,R003,CONSULTING,107694.3,127995.82,64570.78,83352.78,171,Completed,20301.520000000004,18782.0
TXN0000366,2024-01-05,D005,R002,SUPPORT,85714.86,79073.43,37366.01,39844.54,27,Cancelled,-6641.430000000008,2478.529999999999
TXN0000367,2024-03-17,D004,R001,SUPPORT,112042.67,92209.01,43482.38,50409.21,49,Pending,-19833.660000000003,6926.830000000002
TXN0000368,2026-03-24,D003,R003,SOFTWARE,238336.56,201247.26,131805.46,134112.13,131,Completed,-37089.29999999999,2306.670000000013
TXN0000369,2025-03-09,D005,R002,SOFTWARE,195433.99,198259.39,118896.27,122601.65,150,Cancelled,2825.4000000000233,3705.37999999999
TXN0000370,2025-05-08,D002,R002,HARDWARE,218987.26,214375.28,103957.44,92366.2,121,Cancelled,-4611.9800000000105,-11591.240000000005
TXN0000371,2026-10-29,D007,R001,SERVICES,119275.02,84041.8,100246.02,105785.97,124,Completed,-35233.22,5539.949999999997
TXN0000372,2024-11-28,D004,R001,HARDWARE,252673.89,240830.23,124882.58,105144.97,122,Completed,-11843.660000000003,-19737.61
TXN0000373,2025-01-30,D003,R006,HARDWARE,201141.65,238800.8,165285.83,189281.95,49,Cancelled,37659.149999999994,23996.120000000024
TXN0000374,2025-02-11,D007,R004,SUBSCRIPTION,171245.39,124812.79,88513.61,92455.88,27,Pending,-46432.60000000002,3942.270000000004
TXN0000375,2026-04-09,D002,R002,SERVICES,175853.25,132020.57,97596.53,90087.79,87,Completed,-43832.67999999999,-7508.740000000005
TXN0000376,2026-03-07,D001,R001,SERVICES,142234.17,145682.49,87683.49,81254.68,73,Completed,3448.319999999978,-6428.810000000012
TXN0000377,2024-01-24,D005,R002,SUBSCRIPTION,155983.95,190418.78,83517.27,79426.89,71,Completed,34434.82999999999,-4090.3800000000047
TXN0000378,2025-09-20,D004,R005,CONSULTING,112612.92,110346.68,61156.14,58232.9,45,Pending,-2266.2400000000052,-2923.239999999998
TXN0000379,2025-09-28,D009,R001,SUPPORT,95293.27,91410.61,57644.17,60359.7,35,Completed,-3882.6600000000035,2715.529999999999
TXN0000380,2024-09-30,D006,R003,SERVICES,156896.11,168417.77,70422.74,65947.31,127,Completed,11521.660000000003,-4475.430000000008
TXN0000381,2026-04-02,D008,R004,SUBSCRIPTION,134953.7,137286.95,106206.26,106380.35,111,Cancelled,2333.25,174.09000000001106
TXN0000382,2025-03-23,D008,R004,SUPPORT,84676.38,84823.69,60308.05,50866.27,68,Cancelled,147.30999999999767,-9441.780000000006
TXN0000383,2026-10-01,D002,R002,SUBSCRIPTION,181335.74,129098.69,82609.72,77377.87,24,Cancelled,-52237.04999999999,-5231.850000000006
TXN0000384,2024-02-11,D002,R005,SUBSCRIPTION,86204.79,86081.52,87249.2,90665.25,47,Completed,-123.26999999998952,3416.050000000003
TXN0000385,2025-02-24,D009,R001,SUPPORT,90363.95,98361.16,59814.65,60198.36,154,Pending,7997.210000000006,383.7099999999991
TXN0000386,2024-04-23,D002,R002,CONSULTING,134865.7,127440.75,76238.54,56690.86,121,Completed,-7424.950000000012,-19547.679999999993
TXN0000387,2024-04-28,D009,R001,SUBSCRIPTION,149803.63,108510.49,81740.13,85681.8,148,Pending,-41293.14,3941.6699999999983
TXN0000388,2025-05-06,D005,R002,CONSULTING,97120.09,70750.27,58154.89,57146.49,5,Completed,-26369.819999999992,-1008.4000000000015
TXN0000389,2024-10-05,D010,R006,HARDWARE,226864.33,246806.02,150659.71,142841.24,143,Completed,19941.690000000002,-7818.470000000001
TXN0000390,2024-05-03,D002,R002,CONSULTING,122676.77,130141.81,56018.82,55599.78,78,Pending,7465.039999999994,-419.0400000000009
TXN0000391,2026-10-05,D003,R003,SUPPORT,69585.33,68632.42,49576.02,44853.82,100,Pending,-952.9100000000035,-4722.199999999997
TXN0000392,2026-08-02,D008,R004,CONSULTING,99992.2,122893.73,78997.5,79861.49,25,Cancelled,22901.53,863.9900000000052
TXN0000393,2024-08-30,D003,R003,HARDWARE,187890.04,224762.09,115824.19,113067.19,50,Cancelled,36872.04999999999,-2757.0
TXN0000394,2025-01-04,D007,R004,SUPPORT,84818.47,75026.48,56335.47,45158.52,5,Completed,-9791.990000000005,-11176.950000000004
TXN0000395,2026-05-18,D005,R002,SUPPORT,63955.89,63271.75,56625.72,58670.62,92,Pending,-684.1399999999994,2044.9000000000015
TXN0000396,2024-11-13,D004,R001,HARDWARE,212856.49,200325.67,176850.08,171766.5,75,Completed,-12530.819999999978,-5083.579999999987
TXN0000397,2024-02-02,D002,R006,SUBSCRIPTION,147637.76,178748.34,98475.17,88321.97,66,Completed,31110.579999999987,-10153.199999999997
TXN0000398,2026-03-07,D002,R002,SOFTWARE,245587.63,204448.25,86008.14,90392.79,158,Completed,-41139.380000000005,4384.649999999994
TXN0000399,2026-06-17,D004,R001,CONSULTING,110566.54,114165.33,81932.53,82097.6,64,Cancelled,3598.790000000008,165.07000000000698
TXN0000400,2024-10-13,D004,R001,SOFTWARE,149011.46,155698.13,118314.35,136058.39,133,Completed,6686.670000000013,17744.040000000008
TXN0000401,2025-10-15,D004,R001,SUPPORT,69743.39,68051.24,60319.73,69952.63,152,Cancelled,-1692.1499999999942,9632.900000000001
TXN0000402,2026-03-12,D006,R003,SERVICES,128994.66,126987.96,84100.6,86103.98,61,Pending,-2006.699999999997,2003.37999999999
TXN0000403,2024-12-24,D005,R002,SUBSCRIPTION,152493.62404958677,228077.91,87390.37,67677.76,165,Pending,75584.28595041324,-19712.61
TXN0000404,2026-02-19,D009,R001,HARDWARE,276216.28,301223.17,131070.17,176234.8,139,Completed,25006.889999999956,45164.62999999999
TXN0000405,2026-09-02,D007,R004,HARDWARE,192888.66,193803.67,163342.51,164314.1,52,Cancelled,915.0100000000093,971.5899999999965
TXN0000406,2025-07-09,D008,R004,SERVICES,140359.68,126851.5,72026.42,54192.51,41,Pending,-13508.179999999993,-17833.909999999996
TXN0000407,2026-12-21,D001,R001,CONSULTING,127382.63,135468.69,83106.46,87579.03,39,Pending,8086.059999999998,4472.569999999992
TXN0000408,2024-10-06,D004,R001,HARDWARE,184408.15,210405.12,114136.72,153723.31,120,Completed,25996.97,39586.59
TXN0000409,2024-04-15,D002,R002,SERVICES,136785.76,129772.36,105551.71,104677.02,73,Pending,-7013.400000000009,-874.6900000000023
TXN0000410,2025-01-20,D010,R002,SOFTWARE,208735.15,173286.0,102594.59,91158.61,155,Cancelled,-35449.149999999994,-11435.979999999996
TXN0000411,2025-12-09,D004,R001,HARDWARE,237294.85,243280.75,154379.64,169015.16,8,Completed,5985.899999999994,14635.51999999999
TXN0000412,2026-07-09,D004,R001,SOFTWARE,122373.76,124877.03,115625.87,81106.82,67,Cancelled,2503.270000000004,-34519.04999999999
TXN0000413,2025-10-20,D004,R001,SERVICES,122972.16,151315.78,85464.47,80063.38,77,Pending,28343.619999999995,-5401.0899999999965
TXN0000414,2025-09-23,D008,R004,HARDWARE,246903.18,246530.27,118347.98,132170.3,71,Completed,-372.9100000000035,13822.319999999992
TXN0000415,2024-07-20,D009,R001,CONSULTING,151867.46,178564.53,64069.03,55616.07,125,Completed,26697.070000000007,-8452.96
TXN0000416,2024-03-04,D004,R001,CONSULTING,111556.02,118675.97,93296.02,95503.69,149,Completed,7119.949999999997,2207.6699999999983
TXN0000417,2024-08-11,D003,R006,HARDWARE,187114.4,220905.52,157122.33,156260.58,55,Completed,33791.119999999995,-861.75
TXN0000418,2026-10-19,D004,R001,SERVICES,166509.08,187675.36,71426.38,73428.93,145,Completed,21166.28,2002.5499999999884
TXN0000419,2026-01-10,D005,R002,CONSULTING,138651.27,157845.62,73772.33,82918.39,122,Completed,19194.350000000006,9146.059999999998
TXN0000420,2026-09-27,D006,R003,SUPPORT,93727.15,102370.96,59380.14,66929.2,52,Cancelled,8643.810000000012,7549.059999999998
TXN0000421,2024-09-04,D001,R001,SOFTWARE,161911.02,165075.43,90637.29,121255.79,6,Pending,3164.4100000000035,30618.5
TXN0000422,2024-05-19,D003,R003,SERVICES,151535.88,187852.4,107773.1,104301.5,43,Completed,36316.51999999999,-3471.600000000006
TXN0000423,2024-03-05,D004,R001,HARDWARE,247543.3,234186.01,164699.17,116512.63,163,Cancelled,-13357.289999999979,-48186.54000000001
TXN0000424,2024-01-14,D008,R004,SOFTWARE,208848.41,208899.27,120123.61,153255.28,141,Cancelled,50.85999999998603,33131.67
TXN0000425,2025-10-08,D007,R006,SUBSCRIPTION,180126.26,151934.76,96062.01,114421.06,9,Cancelled,-28191.5,18359.050000000003
TXN0000426,2024-07-08,D007,R004,SERVICES,127933.3,133868.94,73266.25,86354.01,29,Cancelled,5935.639999999999,13087.759999999995
TXN0000427,2026-12-14,D003,R003,SUBSCRIPTION,179686.8,188104.63,70330.24,81395.97,69,Completed,8417.830000000016,11065.729999999996
TXN0000428,2026-03-02,D005,R002,SOFTWARE,122449.98,111488.99,117192.29,119744.27,108,Pending,-10960.98999999999,2551.9800000000105
TXN0000429,2025-07-04,D010,R002,SUPPORT,79805.93,63511.98,68496.8,75015.14,81,Completed,-16293.94999999999,6518.3399999999965
TXN0000430,2026-11-02,D001,R001,CONSULTING,99878.2,82700.22,91027.47,90732.34,146,Pending,-17177.979999999996,-295.13000000000466
TXN0000431,2024-12-16,D001,R001,SUPPORT,108101.86,97965.24,67746.79,66964.47,26,Pending,-10136.619999999995,-782.3199999999924
TXN0000432,2024-07-14,D007,R004,HARDWARE,181835.15,182123.76,122794.1,95606.0,140,Completed,288.61000000001513,-27188.100000000006
TXN0000433,2026-08-31,D004,R001,SUPPORT,86267.51,84797.28,46866.75,47165.16,74,Completed,-1470.229999999996,298.4100000000035
TXN0000434,2024-08-03,D002,R002,HARDWARE,160737.44,139766.08,129919.44,121498.1,50,Completed,-20971.360000000015,-8421.339999999997
TXN0000435,2024-10-22,D001,R001,SUBSCRIPTION,165969.3,172428.7,90998.56,79100.77,106,Completed,6459.400000000023,-11897.789999999994
TXN0000436,2026-07-03,D005,R002,SERVICES,182170.99,197645.07,103230.27,97261.57,178,Cancelled,15474.080000000016,-5968.699999999997
TXN0000437,2024-10-13,D006,R003,SUPPORT,103264.2,106927.78,68533.8,67760.41,25,Cancelled,3663.5800000000017,-773.3899999999994
TXN0000438,2024-04-06,D006,R006,SERVICES,153897.2,147450.41,89632.01,98090.22,92,Cancelled,-6446.790000000008,8458.210000000006
TXN0000439,2025-10-30,D010,R002,CONSULTING,119838.71,129889.32,75471.32,73772.83,12,Completed,10050.61,-1698.4900000000052
TXN0000440,2026-07-02,D008,R004,HARDWARE,264524.39,243155.18,137249.41,143100.62,115,Completed,-21369.21000000002,5851.209999999992
TXN0000441,2025-08-27,D010,R002,SOFTWARE,187299.98,212250.27,103496.33,94357.46,68,Completed,24950.28999999998,-9138.869999999995
TXN0000442,2024-11-11,D002,R002,CONSULTING,164365.64,171712.7,92798.48,91743.51,104,Completed,7347.059999999998,-1054.9700000000012
TXN0000443,2025-09-23,D006,R001,SOFTWARE,189532.86,195261.72,105874.42,73191.2,118,Completed,5728.860000000015,-32683.22
TXN0000444,2025-01-18,D005,R002,SOFTWARE,150315.38,128169.39,95359.93,99996.61,115,Pending,-22145.990000000005,4636.680000000008
TXN0000445,2024-07-30,D009,R001,CONSULTING,111948.8,145792.89,78911.16,92182.72,11,Completed,33844.09000000001,13271.559999999998
TXN0000446,2025-10-26,D006,R003,SUBSCRIPTION,162187.51,154775.11,100694.63,108923.61,103,Completed,-7412.400000000023,8228.979999999996
TXN0000447,2025-12-05,D005,R002,SOFTWARE,155269.53,162994.97,110667.71,154269.06,151,Cancelled,7725.440000000002,43601.34999999999
TXN0000448,2024-11-10,D003,R003,SERVICES,120193.15,136929.27,66217.79,74469.77,73,Completed,16736.119999999995,8251.98000000001
TXN0000449,2024-08-12,D005,R002,SOFTWARE,136629.17,159173.03,122195.37,116378.17,116,Completed,22543.859999999986,-5817.199999999997
TXN0000450,2026-09-01,D007,R004,SOFTWARE,162194.35,162377.15,125128.75,81646.14,69,Completed,182.79999999998836,-43482.61
TXN0000451,2026-07-26,D008,R004,SERVICES,139651.29,175992.16,75619.7,71453.69,32,Completed,36340.869999999995,-4166.009999999995
TXN0000452,2026-02-17,D005,R006,HARDWARE,170242.33,163578.21,163866.36,146174.69,89,Pending,-6664.119999999995,-17691.669999999984
TXN0000453,2024-05-10,D006,R003,SUPPORT,99243.93,77473.48,63520.03,60433.72,81,Completed,-21770.449999999997,-3086.3099999999977
TXN0000454,2026-08-09,D010,R002,SERVICES,214317.18,217015.63,101927.64,101749.79,85,Completed,2698.4500000000116,-177.85000000000582
TXN0000455,2026-02-10,D007,R004,HARDWARE,241735.8,310177.68,139085.03,123431.38,152,Completed,68441.88,-15653.649999999994
TXN0000456,2026-01-17,D006,R003,CONSULTING,119829.51,121666.92,65646.9,67976.11,34,Cancelled,1837.4100000000035,2329.2100000000064
TXN0000457,2025-03-01,D004,R001,SUBSCRIPTION,186547.88,227691.94,96950.71,107422.11,179,Cancelled,41144.06,10471.399999999994
TXN0000458,2025-05-03,D001,R001,CONSULTING,135656.72,122717.35,64735.21,67074.89,117,Completed,-12939.369999999995,2339.6800000000003
TXN0000459,2026-10-19,D002,R002,CONSULTING,146955.88,143407.98,87168.41,72882.34,40,Completed,-3547.899999999994,-14286.070000000007
TXN0000460,2026-05-16,D004,R001,SERVICES,134531.17,126816.51,80804.63,82924.63,101,Completed,-7714.660000000018,2120.0
TXN0000461,2026-03-31,D008,R004,CONSULTING,147981.12,157335.95,101395.46,100551.98,141,Cancelled,9354.830000000016,-843.4800000000105
TXN0000462,2024-06-23,D007,R004,HARDWARE,185615.61,188500.43,157403.39,159616.09,32,Completed,2884.820000000007,2212.6999999999825
TXN0000463,2024-03-31,D006,R003,SUBSCRIPTION,130799.8,132917.57,91233.9,78816.66,149,Pending,2117.770000000004,-12417.23999999999
TXN0000464,2024-04-08,D006,R003,CONSULTING,102594.15,102785.34,92964.0,92101.77,7,Completed,191.19000000000233,-862.2299999999959
TXN0000465,2026-11-28,D005,R002,SUPPORT,85145.24,107351.88,54558.2,45564.89,147,Cancelled,22206.64,-8993.309999999998
TXN0000466,2026-12-03,D010,R002,HARDWARE,277981.42,258212.51,168127.12,131251.53,123,Cancelled,-19768.909999999974,-36875.59
TXN0000467,2026-09-15,D009,R001,SOFTWARE,192056.22,155988.0,116849.2,111759.24,31,Completed,-36068.22,-5089.959999999992
TXN0000468,2024-08-25,D007,R004,SOFTWARE,137256.39,152084.57,106427.54,122112.16,41,Completed,14828.179999999993,15684.62000000001
TXN0000469,2026-03-12,D005,R002,SERVICES,171183.44,201612.17,78780.7,69565.66,128,Completed,30428.73000000001,-9215.039999999994
TXN0000470,2026-07-15,D008,R004,SUPPORT,80171.46,73415.87,56859.3,66751.56,86,Completed,-6755.590000000011,9892.259999999995
TXN0000471,2025-03-12,D005,R005,SOFTWARE,159414.26,155060.1,89061.87,68669.95,170,Completed,-4354.1600000000035,-20391.92
TXN0000472,2025-05-14,D003,R003,SUPPORT,104532.47,113149.9,66218.9,45174.7,137,Completed,8617.429999999993,-21044.199999999997
TXN0000473,2026-05-23,D009,R001,SUBSCRIPTION,154197.04,172627.89,89906.09,103687.19,123,Completed,18430.850000000006,13781.100000000006
TXN0000474,2026-04-06,D007,R004,SERVICES,151523.47,174721.42,104799.18,125314.62,106,Completed,23197.95000000001,20515.440000000002
TXN0000475,2026-05-29,D010,R002,CONSULTING,134219.66,140057.62,65529.17,73900.89,104,Completed,5837.959999999992,8371.720000000001
TXN0000476,2024-08-05,D004,R001,SUPPORT,94804.52,115145.05,59076.03,70294.83,152,Completed,20340.53,11218.800000000003
TXN0000477,2025-07-02,D009,R001,HARDWARE,227549.17,257124.02,166838.41,145553.13,122,Completed,29574.849999999977,-21285.28
TXN0000478,2026-12-16,D005,R002,CONSULTING,105928.24,104075.7,68070.6,62436.26,168,Completed,-1852.5400000000081,-5634.340000000004
TXN0000479,2024-08-21,D010,R002,CONSULTING,125351.41,110784.52,86971.69,81153.71,94,Completed,-14566.89,-5817.979999999996
TXN0000480,2025-01-09,D008,R004,SUPPORT,98274.83,109085.09,64069.11,64746.27,162,Cancelled,10810.259999999995,677.1599999999962
TXN0000481,2024-08-29,D002,R002,HARDWARE,226804.84,232060.45,157835.43,149178.3,66,Completed,5255.610000000015,-8657.130000000005
TXN0000482,2024-10-16,D002,R002,SUPPORT,97503.94,91691.91,42969.19,46494.03,135,Pending,-5812.029999999999,3524.8399999999965
TXN0000483,2026-02-24,D007,R004,SUBSCRIPTION,139932.97,108290.29,98381.18,96234.79,113,Completed,-31642.680000000008,-2146.3899999999994
TXN0000484,2024-12-20,D008,R004,SUBSCRIPTION,95664.33,71323.23,41229.74,42626.72,147,Completed,-24341.100000000006,1396.9800000000032
TXN0000485,2025-06-10,D008,R004,SERVICES,131697.92,153328.93,94953.44,124514.4,120,Cancelled,21631.00999999998,29560.959999999992
TXN0000486,2026-09-19,D001,R001,SOFTWARE,195204.27,165516.38,82973.93,75711.92,39,Completed,-29687.889999999985,-7262.009999999995
TXN0000487,2026-10-10,D007,R004,SUBSCRIPTION,130719.53,96254.76,86485.24,89908.46,109,Pending,-34464.770000000004,3423.220000000001
TXN0000488,2026-09-27,D007,R004,CONSULTING,149339.75,140502.92,60043.41,47271.22,47,Completed,-8836.829999999987,-12772.190000000002
TXN0000489,2024-07-03,D010,R005,HARDWARE,235317.62,251630.59,170310.75,184887.8,75,Completed,16312.970000000001,14577.049999999988
TXN0000490,2026-11-10,D009,R001,CONSULTING,128259.98,131863.43,76290.66,79423.25,145,Cancelled,3603.449999999997,3132.5899999999965
TXN0000491,2026-01-21,D002,R002,HARDWARE,239794.62,310172.43,112536.1,134116.77,143,Completed,70377.81,21580.669999999984
TXN0000492,2024-07-28,D008,R004,CONSULTING,139073.93,155988.0,86764.41,74815.22,172,Completed,16914.070000000007,-11949.190000000002
TXN0000493,2026-10-07,D005,R002,SOFTWARE,145691.39,200615.61,136077.28,119764.26,72,Completed,54924.21999999997,-16313.020000000004
TXN0000494,2025-04-30,D002,R002,SOFTWARE,212771.4,204611.99,133609.98,124990.84,58,Cancelled,-8159.4100000000035,-8619.140000000014
TXN0000495,2026-05-26,D006,R003,SUBSCRIPTION,176210.97,155988.0,77330.67,82429.62,47,Cancelled,-20222.97,5098.949999999997
TXN0000496,2024-01-05,D003,R003,SERVICES,179164.84,206283.25,96614.07,113003.86,150,Completed,27118.410000000003,16389.789999999994
TXN0000497,2024-10-12,D009,R001,SUBSCRIPTION,87148.67,82649.25,85728.85,89279.2,87,Completed,-4499.419999999998,3550.3499999999913
TXN0000498,2024-07-14,D005,R002,SUBSCRIPTION,210557.7,210084.44,112651.48,97507.33,39,Pending,-473.2600000000093,-15144.149999999994
TXN0000499,2024-09-16,D001,R001,SUPPORT,93159.4,103063.1,48327.12,56946.15,38,Completed,9903.700000000012,8619.029999999999
TXN0000500,2026-03-15,D003,R003,SERVICES,155864.15,157281.87,74061.31,87959.67,130,Completed,1417.7200000000012,13898.36
TXN0000501,2026-04-28,D010,R002,SUPPORT,89455.48,101014.65,59001.72,51489.29,101,Pending,11559.169999999998,-7512.43
TXN0000502,2026-05-04,D002,R002,SOFTWARE,173330.15,140857.95,96860.22,88109.1,136,Completed,-32472.199999999983,-8751.119999999995
TXN0000503,2025-01-11,D006,R003,CONSULTING,113949.04,104524.3,92964.0,65289.11,153,Completed,-9424.73999999999,-27674.89
TXN0000504,2026-03-01,D002,R002,CONSULTING,144676.63,142240.62,68098.85,65667.04,21,Cancelled,-2436.0100000000093,-2431.810000000012
TXN0000505,2025-09-03,D007,R004,CONSULTING,107675.09,117110.74,60239.22,51315.95,131,Completed,9435.650000000009,-8923.270000000004
TXN0000506,2024-09-24,D006,R003,HARDWARE,203645.29,233915.41,123500.6,103759.64,149,Pending,30270.119999999995,-19740.960000000006
TXN0000507,2024-04-04,D006,R003,SOFTWARE,198569.34,229678.35,78568.75,80989.85,30,Pending,31109.01000000001,2421.100000000006
TXN0000508,2026-06-22,D001,R001,SERVICES,148814.96,136458.41,71344.86,67085.57,121,Completed,-12356.549999999988,-4259.289999999994
TXN0000509,2024-09-27,D007,R004,SUPPORT,104829.32,155988.0,50164.05,48454.03,171,Completed,51158.67999999999,-1710.020000000004
TXN0000510,2024-10-07,D003,R003,HARDWARE,292569.26,339920.06,163888.32,177291.07,172,Completed,47350.79999999999,13402.75
TXN0000511,2024-04-12,D005,R002,SUPPORT,85482.09,78454.87,62437.39,64937.67,18,Pending,-7027.220000000001,2500.279999999999
TXN0000512,2026-05-29,D005,R002,SERVICES,171421.67,161879.99,84156.75,93637.07,172,Completed,-9541.680000000022,9480.320000000007
TXN0000513,2024-09-28,D002,R006,SOFTWARE,230637.6,225896.37,105177.72,99710.61,156,Completed,-4741.2300000000105,-5467.110000000001
TXN0000514,2024-01-17,D009,R001,SOFTWARE,251888.48,242371.33,107200.8,107422.61,92,Completed,-9517.150000000023,221.80999999999767
TXN0000515,2024-05-25,D007,R004,CONSULTING,129877.45,116447.88,62656.8,59764.73,63,Pending,-13429.569999999992,-2892.0699999999997
TXN0000516,2024-07-30,D002,R002,SOFTWARE,162236.09,199707.18,92964.0,163037.06,85,Completed,37471.09,70073.06
TXN0000517,2024-10-19,D005,R002,SERVICES,170692.57,177299.03,78020.53,69318.03,22,Cancelled,6606.459999999992,-8702.5
TXN0000518,2025-12-20,D010,R005,CONSULTING,113047.68,121873.58,81883.94,79310.52,59,Completed,8825.900000000009,-2573.4199999999983
TXN0000519,2025-03-20,D007,R004,CONSULTING,106131.82,79089.0,65217.96,78736.75,27,Completed,-27042.820000000007,13518.79
TXN0000520,2026-02-25,D003,R003,SUBSCRIPTION,141645.54,141446.76,96600.77,91393.89,94,Pending,-198.77999999999884,-5206.880000000005
TXN0000521,2025-07-21,D006,R003,SERVICES,116400.04,94553.94,75918.2,80095.55,170,Completed,-21846.09999999999,4177.350000000006
TXN0000522,2025-06-08,D004,R001,SUBSCRIPTION,142522.28,139154.3,96590.69,99656.89,11,Completed,-3367.9800000000105,3066.199999999997
TXN0000523,2025-01-21,D004,R001,SUBSCRIPTION,148911.37,108120.23,95515.04,85934.7,105,Completed,-40791.14,-9580.339999999997
TXN0000524,2026-10-10,D001,R001,SERVICES,159358.82,147687.79,87929.39,98189.83,103,Completed,-11671.029999999999,10260.440000000002
TXN0000525,2024-05-25,D004,R001,SUBSCRIPTION,151721.51,105592.56,94137.54,93441.02,140,Completed,-46128.95000000001,-696.5199999999895
TXN0000526,2026-03-03,D006,R003,SERVICES,101767.22,91105.77,95207.88,97578.03,150,Pending,-10661.449999999997,2370.149999999994
TXN0000527,2026-08-22,D006,R003,SERVICES,126509.56,149324.83,89874.97,94362.74,23,Completed,22815.26999999999,4487.770000000004
TXN0000528,2024-03-22,D010,R006,SERVICES,135575.79,111721.32,94093.71,72153.43,20,Pending,-23854.47,-21940.280000000013
TXN0000529,2026-10-23,D009,R001,SUPPORT,78354.92,78685.22,61556.05,44875.28,111,Pending,330.3000000000029,-16680.770000000004
TXN0000530,2024-08-11,D007,R004,SUBSCRIPTION,156652.6,171614.35,93091.87,96106.52,76,Completed,14961.75,3014.6500000000087
TXN0000531,2025-10-31,D005,R005,SERVICES,117591.13,122496.99,97992.09,132396.79,105,Cancelled,4905.860000000001,34404.70000000001
TXN0000532,2025-03-05,D002,R001,CONSULTING,111410.44,116393.29,73208.69,70326.37,19,Completed,4982.849999999991,-2882.320000000007
TXN0000533,2026-07-17,D002,R002,SOFTWARE,200751.55,166949.48,106647.15,88799.65,161,Cancelled,-33802.06999999998,-17847.5
TXN0000534,2024-12-25,D001,R001,SUPPORT,91380.39,88411.54,28678.0,29814.74,35,Completed,-2968.850000000006,1136.7400000000016
TXN0000535,2026-10-13,D003,R003,SERVICES,151760.11,169210.19,105685.68,127479.57,93,Cancelled,17450.080000000016,21793.890000000014
TXN0000536,2025-06-14,D009,R001,SUPPORT,105101.5,124954.96,52918.31,58422.21,47,Completed,19853.460000000006,5503.9000000000015
TXN0000537,2024-08-29,D003,R003,HARDWARE,187349.24,183124.43,130880.72,126761.75,12,Completed,-4224.809999999998,-4118.970000000001
TXN0000538,2025-06-22,D007,R004,SOFTWARE,191421.16,177652.93,99961.82,97660.59,152,Completed,-13768.23000000001,-2301.2300000000105
TXN0000539,2024-04-23,D008,R004,HARDWARE,165814.72,160569.54,191104.8,168785.6,132,Cancelled,-5245.179999999993,-22319.199999999983
TXN0000540,2024-07-29,D003,R003,HARDWARE,270042.78,288568.73,125365.47,170354.76,151,Completed,18525.949999999953,44989.29000000001
TXN0000541,2024-03-31,D004,R001,SOFTWARE,203732.74,202849.24,115081.54,113190.74,8,Completed,-883.5,-1890.7999999999884
TXN0000542,2024-03-11,D001,R001,CONSULTING,99570.42,89229.71,105325.99,138754.22,50,Completed,-10340.709999999992,33428.229999999996
TXN0000543,2026-08-05,D009,R001,SUPPORT,91167.0,92094.91,53132.56,44024.78,62,Completed,927.9100000000035,-9107.779999999999
TXN0000544,2025-10-17,D004,R001,SUPPORT,95413.66,102857.6,53633.72,67830.99,74,Completed,7443.940000000002,14197.270000000004
TXN0000545,2024-04-17,D010,R002,SUBSCRIPTION,148088.16,139351.74,117182.7,117471.54,50,Completed,-8736.420000000013,288.8399999999965
TXN0000546,2024-05-21,D009,R001,CONSULTING,149360.55,165328.81,70271.12,64618.46,124,Completed,15968.26000000001,-5652.659999999996
TXN0000547,2026-07-24,D005,R002,SUBSCRIPTION,143192.34,122013.14,104952.66,82162.58,7,Completed,-21179.199999999997,-22790.08
TXN0000548,2025-11-05,D004,R001,SUBSCRIPTION,202134.11,198513.56,157800.39,188163.07,123,Completed,-3620.5499999999884,30362.679999999993
TXN0000549,2025-05-17,D010,R002,SERVICES,92882.51,119955.99,79716.12,71677.53,43,Completed,27073.48000000001,-8038.5899999999965
TXN0000550,2024-01-20,D007,R006,SUPPORT,81741.13,83373.76,55303.08,52035.97,90,Completed,1632.62999999999,-3267.1100000000006
TXN0000551,2025-09-21,D007,R004,SUPPORT,90955.54,92947.04,58932.48,51406.04,31,Completed,1991.5,-7526.440000000002
TXN0000552,2026-04-10,D009,R001,CONSULTING,138729.86,150626.7,77908.79,62327.91,20,Completed,11896.840000000026,-15580.87999999999
TXN0000553,2026-11-30,D005,R002,SERVICES,169208.67,186908.59,80426.94,82036.18,110,Completed,17699.919999999984,1609.2399999999907
TXN0000554,2024-07-14,D008,R004,SOFTWARE,170651.02,166651.09,96205.94,101915.55,134,Completed,-3999.929999999993,5709.610000000001
TXN0000555,2024-09-24,D007,R005,CONSULTING,97951.64,89648.57,71188.52,80257.63,65,Completed,-8303.069999999992,9069.11
TXN0000556,2025-10-30,D005,R002,CONSULTING,90924.42,92050.74,79910.57,94003.04,86,Pending,1126.320000000007,14092.469999999987
TXN0000557,2024-05-10,D005,R002,SERVICES,108012.87,110388.66,108154.2,119743.32,154,Completed,2375.790000000008,11589.12000000001
TXN0000558,2026-12-08,D003,R003,CONSULTING,152493.62404958677,137048.38,82724.97,95560.41,85,Pending,-15445.244049586763,12835.440000000002
TXN0000559,2026-07-14,D002,R002,SERVICES,90429.84,103677.42,69806.26,72554.64,83,Pending,13247.580000000002,2748.3800000000047
TXN0000560,2024-11-18,D005,R002,SOFTWARE,116784.3,123111.25,112527.15,112122.89,180,Completed,6326.949999999997,-404.25999999999476
TXN0000561,2024-05-07,D010,R006,SERVICES,118230.15,124598.66,102400.72,119732.35,68,Completed,6368.510000000009,17331.630000000005
TXN0000562,2025-04-09,D007,R004,SUPPORT,78548.34,106480.01,62528.89,47376.14,71,Completed,27931.67,-15152.75
TXN0000563,2025-05-26,D001,R001,CONSULTING,108583.94,132521.74,80394.83,72487.52,29,Pending,23937.79999999999,-7907.309999999998
TXN0000564,2024-05-09,D002,R002,SERVICES,151355.21,149670.39,59570.5,48309.82,8,Completed,-1684.8199999999779,-11260.68
TXN0000565,2026-01-02,D004,R001,CONSULTING,133752.02,114920.19,79057.92,82509.2,180,Completed,-18831.829999999987,3451.279999999999
TXN0000566,2024-02-14,D010,R002,SOFTWARE,164332.61,121856.17,99225.86,112534.41,21,Completed,-42476.43999999999,13308.550000000003
TXN0000567,2025-10-11,D008,R004,SOFTWARE,175483.53,130149.13,123017.9,94373.41,36,Completed,-45334.399999999994,-28644.48999999999
TXN0000568,2026-03-19,D008,R006,SUPPORT,91177.42,65326.5,51378.86,59003.03,132,Completed,-25850.92,7624.169999999998
TXN0000569,2025-12-25,D007,R004,SERVICES,96373.73,128687.05,105331.16,107125.77,59,Completed,32313.320000000007,1794.6100000000006
TXN0000570,2024-11-03,D005,R002,SERVICES,151931.49,151376.56,81360.08,83378.49,162,Cancelled,-554.929999999993,2018.4100000000035
TXN0000571,2026-10-18,D010,R002,HARDWARE,237117.61,217174.35,155905.03,147586.4,110,Cancelled,-19943.25999999998,-8318.630000000005
TXN0000572,2024-08-10,D008,R006,CONSULTING,143944.63,103499.66,71510.44,68940.77,112,Completed,-40444.97,-2569.6699999999983
TXN0000573,2024-09-02,D009,R001,SUBSCRIPTION,130089.94,138593.24,66509.63,59655.94,102,Completed,8503.299999999988,-6853.690000000002
TXN0000574,2025-05-12,D008,R004,CONSULTING,111353.67,96673.57,81543.8,74587.36,149,Cancelled,-14680.099999999991,-6956.440000000002
TXN0000575,2024-02-23,D006,R003,SERVICES,130173.92,88429.05,87149.53,87474.57,86,Cancelled,-41744.869999999995,325.04000000000815
TXN0000576,2026-08-24,D004,R006,SOFTWARE,137324.93,150707.7,123658.09,138896.09,140,Completed,13382.770000000019,15238.0
TXN0000577,2024-07-24,D010,R002,SERVICES,103037.01,114698.4,78180.93,91683.36,68,Completed,11661.39,13502.430000000008
TXN0000578,2024-04-24,D005,R002,SUPPORT,72120.55,72139.34,52089.05,53013.41,61,Cancelled,18.789999999993597,924.3600000000006
TXN0000579,2024-12-26,D007,R004,SERVICES,162502.44,199655.05,109882.83,105585.2,65,Cancelled,37152.609999999986,-4297.630000000005
TXN0000580,2026-04-01,D006,R003,SUPPORT,65132.35,63792.0,38455.91,41340.8,156,Completed,-1340.3499999999985,2884.8899999999994
TXN0000581,2024-10-18,D006,R003,SUBSCRIPTION,165333.06,184038.19,96126.41,98495.54,149,Completed,18705.130000000005,2369.12999999999
TXN0000582,2026-01-10,D008,R004,SERVICES,120528.98,143650.56,96290.61,86269.9,14,Completed,23121.58,-10020.710000000006
TXN0000583,2024-10-02,D001,R001,SERVICES,169824.04,184132.97,68978.64,78485.69,139,Pending,14308.929999999993,9507.050000000003
TXN0000584,2025-02-16,D001,R001,SUBSCRIPTION,112289.25,122411.74,82447.95,83525.97,38,Completed,10122.490000000005,1078.020000000004
TXN0000585,2024-01-05,D003,R003,HARDWARE,274273.23,254828.38,161128.71,136063.6,10,Completed,-19444.849999999977,-25065.109999999986
TXN0000586,2024-08-15,D010,R002,SERVICES,118659.36,116319.06,101994.82,125705.52,139,Completed,-2340.300000000003,23710.699999999997
TXN0000587,2026-03-21,D002,R002,SUPPORT,72652.19,76278.99,71820.49,60441.2,155,Completed,3626.800000000003,-11379.290000000008
TXN0000588,2024-11-18,D006,R003,SERVICES,144654.7,143989.83,97755.65,106243.11,116,Pending,-664.8700000000244,8487.460000000006
TXN0000589,2025-12-31,D006,R003,SUBSCRIPTION,155023.31,144087.02,101115.65,99482.99,62,Cancelled,-10936.290000000008,-1632.659999999989
TXN0000590,2025-08-26,D003,R003,SUPPORT,99772.61,116061.93,57623.79,60830.78,37,Completed,16289.319999999992,3206.989999999998
TXN0000591,2026-12-03,D001,R001,SUBSCRIPTION,134625.23,141178.84,79744.02,83896.83,150,Completed,6553.609999999986,4152.809999999998
TXN0000592,2025-03-28,D003,R003,SUBSCRIPTION,133947.11,136362.66,106887.7,110871.26,168,Cancelled,2415.5500000000175,3983.5599999999977
TXN0000593,2025-09-11,D002,R002,SERVICES,145832.44,124518.48,93792.26,94368.27,24,Completed,-21313.960000000006,576.0100000000093
TXN0000594,2024-06-30,D006,R003,SERVICES,116909.89,114110.21,103434.02,74929.1,176,Completed,-2799.679999999993,-28504.92
TXN0000595,2024-05-18,D008,R005,SERVICES,142005.87,129952.52,92535.19,84410.91,94,Completed,-12053.349999999991,-8124.279999999999
TXN0000596,2026-01-03,D002,R002,SOFTWARE,129407.62,114535.33,136460.19,118817.6,117,Pending,-14872.289999999994,-17642.589999999997
TXN0000597,2026-02-14,D003,R003,CONSULTING,156916.96,186839.33,45748.25,60500.31,94,Cancelled,29922.369999999995,14752.059999999998
TXN0000598,2025-06-04,D007,R004,CONSULTING,97842.01,92075.26,62924.2,69527.85,46,Pending,-5766.75,6603.650000000009
TXN0000599,2025-08-26,D002,R001,SOFTWARE,190969.11,183617.5,93492.51,102837.17,10,Completed,-7351.609999999986,9344.660000000003
TXN0000600,2025-01-12,D005,R002,SOFTWARE,197237.0,188727.51,116365.23,135797.71,48,Pending,-8509.48999999999,19432.479999999996
TXN0000601,2024-09-07,D003,R003,SUBSCRIPTION,220078.16,155988.0,75387.46,62804.67,91,Cancelled,-64090.16,-12582.790000000008
TXN0000602,2024-04-03,D010,R002,SUPPORT,108174.1,89408.83,75416.36,64377.45,115,Completed,-18765.270000000004,-11038.910000000003
TXN0000603,2024-04-19,D010,R002,SERVICES,100966.19,107010.7,88508.47,99781.22,30,Completed,6044.509999999995,11272.75
TXN0000604,2025-06-27,D004,R001,CONSULTING,100426.32,108375.51,86150.58,92203.28,174,Completed,7949.189999999988,6052.699999999997
TXN0000605,2026-03-15,D005,R002,SOFTWARE,225346.87,228966.91,86378.55,83917.11,151,Cancelled,3620.040000000008,-2461.4400000000023
TXN0000606,2024-08-01,D008,R004,HARDWARE,247960.72,169499.67,139369.79,143716.4,114,Completed,-78461.04999999999,4346.609999999986
TXN0000607,2026-10-09,D005,R002,SUPPORT,74371.77,81278.23,69330.52,67642.52,56,Completed,6906.459999999992,-1688.0
TXN0000608,2025-08-20,D001,R001,SUPPORT,81585.78,84343.2,52000.01,67235.62,25,Pending,2757.4199999999983,15235.609999999993
TXN0000609,2026-08-22,D002,R002,CONSULTING,126767.98,110859.88,50114.59,47490.8,130,Completed,-15908.099999999991,-2623.7899999999936
TXN0000610,2025-01-13,D002,R002,CONSULTING,84637.42,87086.27,59517.76,58867.76,99,Pending,2448.850000000006,-650.0
TXN0000611,2025-06-23,D006,R003,SOFTWARE,192975.6,187984.23,112306.75,118012.28,117,Pending,-4991.369999999995,5705.529999999999
TXN0000612,2024-06-05,D005,R002,HARDWARE,153366.72,145549.88,121242.54,114593.71,43,Completed,-7816.8399999999965,-6648.829999999987
TXN0000613,2026-04-27,D002,R002,SUBSCRIPTION,222353.61,262784.42,107143.9,110470.88,155,Completed,40430.81,3326.9800000000105
TXN0000614,2026-07-05,D009,R001,SUBSCRIPTION,136492.94,134589.74,91125.26,101903.88,142,Pending,-1903.2000000000116,10778.62000000001
TXN0000615,2025-04-09,D010,R002,CONSULTING,123335.61,125863.56,75079.91,83360.81,25,Pending,2527.949999999997,8280.899999999994
TXN0000616,2024-10-28,D001,R001,SUBSCRIPTION,225417.75,260481.5,84176.68,96447.34,35,Pending,35063.75,12270.660000000003
TXN0000617,2025-09-03,D003,R003,SERVICES,150986.58,158799.92,50561.45,72689.22,54,Completed,7813.340000000026,22127.770000000004
TXN0000618,2026-10-06,D001,R001,SUPPORT,79066.07,77085.65,51452.93,53702.12,56,Completed,-1980.4200000000128,2249.1900000000023
TXN0000619,2024-05-17,D010,R002,SUPPORT,103619.9,101433.42,56828.66,55522.2,27,Pending,-2186.479999999996,-1306.4600000000064
TXN0000620,2025-07-19,D009,R001,HARDWARE,236863.41,253297.82,154702.37,159638.61,138,Pending,16434.410000000003,4936.239999999991
TXN0000621,2026-06-12,D001,R001,SUBSCRIPTION,172792.91,202054.25,105859.05,110799.51,112,Completed,29261.339999999997,4940.459999999992
TXN0000622,2024-07-24,D007,R004,SUBSCRIPTION,225446.12,199165.26,102802.13,108996.02,32,Cancelled,-26280.859999999986,6193.889999999999
TXN0000623,2025-05-12,D002,R002,SUBSCRIPTION,164191.01,193270.24,81156.64,81106.84,110,Completed,29079.22999999998,-49.80000000000291
TXN0000624,2026-08-26,D007,R004,SUBSCRIPTION,156788.55,141188.53,78408.48,64480.98,14,Completed,-15600.01999999999,-13927.499999999993
TXN0000625,2026-02-04,D005,R002,SUBSCRIPTION,156323.55,163291.67,81927.25,78934.02,14,Pending,6968.120000000024,-2993.229999999996
TXN0000626,2026-08-31,D006,R003,SOFTWARE,180609.74,160309.19,89378.88,87001.49,73,Completed,-20300.54999999999,-2377.3899999999994
TXN0000627,2025-09-28,D001,R001,HARDWARE,226205.07,291085.02,168745.91,113744.05,76,Pending,64879.95000000001,-55001.86
TXN0000628,2024-02-10,D002,R002,SERVICES,129622.05,163370.76,86794.22,99069.93,81,Pending,33748.71000000001,12275.709999999992
TXN0000629,2024-01-07,D007,R003,CONSULTING,122943.51,109522.95,75016.52,74862.21,53,Pending,-13420.559999999998,-154.30999999999767
TXN0000630,2026-09-19,D004,R001,CONSULTING,147000.85,126308.65,50395.33,95606.0,137,Completed,-20692.20000000001,45210.67
TXN0000631,2024-05-14,D001,R001,SERVICES,132385.05,126725.7,49597.34,33958.34,84,Cancelled,-5659.349999999991,-15639.0
TXN0000632,2024-02-29,D007,R004,SUBSCRIPTION,204069.62,201976.71,99574.95,96815.01,49,Completed,-2092.9100000000035,-2759.9400000000023
TXN0000633,2024-08-03,D004,R001,SERVICES,152504.22,166221.28,77719.69,81442.18,121,Completed,13717.059999999998,3722.4899999999907
TXN0000634,2026-01-24,D006,R003,HARDWARE,212747.24,213145.2,136725.18,157530.91,123,Cancelled,397.96000000002095,20805.73000000001
TXN0000635,2024-03-03,D007,R004,SOFTWARE,163742.19,167343.92,85844.61,109250.15,66,Completed,3601.7300000000105,23405.539999999994
TXN0000636,2026-08-29,D008,R004,SERVICES,152493.62404958677,173199.41,73075.88,78346.13,155,Cancelled,20705.785950413236,5270.25
TXN0000637,2024-04-07,D006,R003,HARDWARE,188495.94,192920.09,154845.94,148127.27,77,Completed,4424.149999999994,-6718.670000000013
TXN0000638,2025-06-04,D007,R005,SERVICES,115665.25,103154.05,107156.66,90306.67,178,Completed,-12511.199999999997,-16849.990000000005
TXN0000639,2024-11-02,D005,R002,SUBSCRIPTION,154299.39,163882.96,119777.85,124070.02,179,Completed,9583.569999999978,4292.169999999998
TXN0000640,2024-12-20,D008,R004,SUPPORT,88324.41,90768.62,44096.34,44513.87,158,Completed,2444.209999999992,417.5300000000061
TXN0000641,2025-07-17,D004,R001,HARDWARE,218058.44,258506.07,141279.65,142094.85,113,Pending,40447.630000000005,815.2000000000116
TXN0000642,2026-08-13,D006,R003,SERVICES,174687.71,178944.12,89258.6,93599.72,82,Cancelled,4256.4100000000035,4341.119999999995
TXN0000643,2024-01-16,D010,R002,SOFTWARE,162780.87,159299.17,82405.67,86383.92,135,Completed,-3481.6999999999825,3978.25
TXN0000644,2025-01-08,D009,R001,SUBSCRIPTION,178447.64,165661.66,91772.33,87212.53,81,Completed,-12785.98000000001,-4559.800000000003
TXN0000645,2025-10-27,D008,R006,SUPPORT,54523.27,55347.94,65512.41,77702.77,75,Completed,824.6700000000055,12190.36
TXN0000646,2025-07-05,D005,R002,SUBSCRIPTION,166460.98,193483.16,103017.85,101656.08,19,Cancelled,27022.179999999993,-1361.770000000004
TXN0000647,2024-10-13,D007,R004,SUPPORT,69425.01,60935.66,57525.21,48276.47,11,Pending,-8489.349999999991,-9248.739999999998
TXN0000648,2026-08-04,D005,R002,CONSULTING,172807.36,173163.63,92189.08,92866.27,104,Completed,356.2700000000186,677.1900000000023
TXN0000649,2025-01-23,D010,R002,SUBSCRIPTION,139963.99,146801.62,76778.97,90470.65,92,Completed,6837.630000000005,13691.679999999993
TXN0000650,2026-04-01,D009,R001,CONSULTING,176831.87,182574.89,58009.96,63972.14,134,Completed,5743.020000000019,5962.18
TXN0000651,2025-05-01,D003,R003,SUBSCRIPTION,169680.97,169225.29,86724.34,84992.31,80,Completed,-455.679999999993,-1732.0299999999988
TXN0000652,2025-09-01,D008,R004,HARDWARE,250972.35,276741.93,126651.13,121709.87,179,Completed,25769.579999999987,-4941.260000000009
TXN0000653,2025-09-20,D002,R002,SERVICES,140857.49,184177.58,86514.67,87282.14,112,Completed,43320.09,767.4700000000012
TXN0000654,2026-07-08,D006,R003,HARDWARE,180962.17,179738.74,138407.6,161207.33,35,Pending,-1223.4300000000221,22799.72999999998
TXN0000655,2024-05-25,D001,R001,SUBSCRIPTION,103027.11,97687.45,90675.86,97960.16,125,Completed,-5339.6600000000035,7284.300000000003
TXN0000656,2026-02-20,D009,R001,SUPPORT,65006.62,58956.59,49431.76,58483.73,140,Completed,-6050.030000000006,9051.970000000001
TXN0000657,2025-02-14,D007,R005,SERVICES,150622.96,172523.5,88628.73,79549.82,92,Pending,21900.540000000008,-9078.909999999989
TXN0000658,2024-10-20,D010,R002,CONSULTING,113819.03,109764.03,73779.96,61539.66,85,Completed,-4055.0,-12240.300000000003
TXN0000659,2024-12-28,D002,R002,SUPPORT,94190.31,95659.3,56872.11,66614.68,85,Completed,1468.9900000000052,9742.569999999992
TXN0000660,2024-11-12,D001,R001,SERVICES,151208.3,193586.82,73771.11,70365.64,152,Completed,42378.52000000002,-3405.470000000001
TXN0000661,2024-09-22,D008,R004,SOFTWARE,185199.86,154552.0,148940.55,147336.2,162,Pending,-30647.859999999986,-1604.3499999999767
TXN0000662,2026-02-24,D007,R004,CONSULTING,151836.54,160236.0,92964.0,70839.58,6,Completed,8399.459999999992,-22124.42
TXN0000663,2024-01-29,D009,R001,HARDWARE,260766.52,275843.25,165237.72,162355.63,87,Cancelled,15076.73000000001,-2882.0899999999965
TXN0000664,2025-05-24,D004,R005,SUPPORT,91185.79,87155.43,53677.86,60863.78,62,Completed,-4030.3600000000006,7185.919999999998
TXN0000665,2026-10-27,D005,R002,CONSULTING,129020.63,131124.93,90947.25,105394.26,155,Completed,2104.2999999999884,14447.009999999995
TXN0000666,2025-08-18,D003,R005,HARDWARE,270505.47,321801.41,141480.23,154686.97,121,Cancelled,51295.94,13206.73999999999
TXN0000667,2024-01-10,D010,R002,CONSULTING,144624.43,157967.54,72168.55,62831.25,92,Pending,13343.110000000015,-9337.300000000003
TXN0000668,2026-06-04,D006,R003,SERVICES,166842.33,152708.85,104755.59,103706.36,9,Completed,-14133.479999999981,-1049.229999999996
TXN0000669,2025-08-03,D004,R001,SERVICES,126780.91,119013.21,103389.96,74574.89,10,Cancelled,-7767.699999999997,-28815.070000000007
TXN0000670,2024-03-17,D009,R001,HARDWARE,163137.98,172049.19,114473.07,119279.43,101,Completed,8911.209999999992,4806.359999999986
TXN0000671,2024-08-04,D009,R001,SUBSCRIPTION,253401.08,231967.72,123233.99,159821.38,174,Completed,-21433.359999999986,36587.39
TXN0000672,2026-06-28,D001,R005,CONSULTING,147400.58,144290.41,96710.58,96547.89,102,Completed,-3110.1699999999837,-162.69000000000233
TXN0000673,2024-09-11,D009,R001,SUPPORT,98049.35,101138.2,64413.99,61303.68,57,Completed,3088.8499999999913,-3110.3099999999977
TXN0000674,2026-01-12,D005,R002,SOFTWARE,114600.99,127187.92,112553.12,145782.01,74,Cancelled,12586.929999999993,33228.890000000014
TXN0000675,2024-02-08,D010,R002,CONSULTING,114698.41,101949.14,74062.16,74165.6,135,Cancelled,-12749.270000000004,103.44000000000233
TXN0000676,2026-10-16,D002,R002,SOFTWARE,190422.38,174747.52,112957.85,100188.21,55,Cancelled,-15674.860000000015,-12769.64
TXN0000677,2025-02-17,D004,R001,SUBSCRIPTION,201151.1,221238.36,68772.5,58906.19,96,Pending,20087.25999999998,-9866.309999999998
TXN0000678,2026-10-13,D005,R002,SUBSCRIPTION,140063.19,150242.08,61647.51,64649.68,58,Pending,10178.889999999985,3002.1699999999983
TXN0000679,2024-01-07,D006,R003,SOFTWARE,190435.47,203487.08,109804.78,107686.18,33,Cancelled,13051.609999999986,-2118.600000000006
TXN0000680,2026-11-13,D008,R004,SOFTWARE,148398.14,111632.52,132941.74,127850.05,24,Completed,-36765.62000000001,-5091.689999999988
TXN0000681,2025-08-29,D005,R002,CONSULTING,147541.06,102319.55,69949.54,66241.05,72,Pending,-45221.509999999995,-3708.4899999999907
TXN0000682,2024-03-21,D001,R001,SERVICES,95369.07,83745.78,91412.98,89292.08,79,Completed,-11623.290000000008,-2120.899999999994
TXN0000683,2024-07-13,D006,R003,SOFTWARE,175129.62,178473.08,104250.15,99742.72,16,Completed,3343.459999999992,-4507.429999999993
TXN0000684,2025-04-11,D003,R003,SERVICES,147972.23,137148.4,72960.62,68636.49,96,Pending,-10823.830000000016,-4324.12999999999
TXN0000685,2024-09-07,D010,R002,SUPPORT,99495.89,91564.58,51370.76,58360.03,100,Completed,-7931.309999999998,6989.269999999997
TXN0000686,2026-07-23,D003,R003,CONSULTING,121302.46,114359.75,78579.06,72142.65,74,Pending,-6942.710000000006,-6436.4100000000035
TXN0000687,2024-07-12,D008,R004,SUPPORT,70280.02,74621.79,56403.27,45304.17,33,Completed,4341.7699999999895,-11099.099999999999
TXN0000688,2024-07-31,D001,R001,SERVICES,156505.38,161099.32,96026.86,84835.72,111,Cancelled,4593.940000000002,-11191.14
TXN0000689,2026-06-16,D008,R004,SUPPORT,69515.13,48672.75,39220.66,38164.05,51,Cancelled,-20842.380000000005,-1056.6100000000006
TXN0000690,2024-02-29,D007,R004,SUBSCRIPTION,148546.82,187580.58,72949.96,65165.43,180,Completed,39033.75999999998,-7784.530000000006
TXN0000691,2026-04-22,D008,R004,SOFTWARE,178545.47,196858.84,113212.02,113093.04,117,Completed,18313.369999999995,-118.98000000001048
TXN0000692,2024-01-26,D002,R002,HARDWARE,266802.89,227895.94,156157.07,144780.67,178,Cancelled,-38906.95000000001,-11376.399999999994
TXN0000693,2025-11-23,D010,R002,SERVICES,115552.87,117064.98,79593.21,90477.15,137,Cancelled,1512.1100000000006,10883.939999999988
TXN0000694,2025-05-24,D010,R002,SUPPORT,80047.97,85839.58,48753.86,53013.66,128,Completed,5791.610000000001,4259.800000000003
TXN0000695,2024-04-21,D007,R004,SUBSCRIPTION,191416.82,172745.63,83333.67,95606.0,7,Completed,-18671.190000000002,12272.330000000002
TXN0000696,2024-04-12,D009,R001,CONSULTING,154161.42,109168.69,62536.97,65203.87,24,Pending,-44992.73000000001,2666.9000000000015
TXN0000697,2024-04-13,D006,R003,HARDWARE,164726.75,160749.59,158719.3,135094.82,134,Completed,-3977.1600000000035,-23624.47999999998
TXN0000698,2025-04-26,D009,R001,SUBSCRIPTION,124841.49,116451.79,73378.19,76937.62,25,Pending,-8389.700000000012,3559.429999999993
TXN0000699,2024-06-29,D008,R004,CONSULTING,128147.46,122660.62,88112.8,73049.41,132,Pending,-5486.840000000011,-15063.39
TXN0000700,2024-06-02,D006,R003,CONSULTING,108364.14,143456.18,90493.5,104806.25,31,Pending,35092.03999999999,14312.75
TXN0000701,2025-09-15,D007,R005,SOFTWARE,130340.5,124885.62,106545.46,118609.88,135,Cancelled,-5454.880000000005,12064.419999999998
TXN0000702,2025-11-29,D004,R001,CONSULTING,123558.25,124273.49,82521.3,83453.69,98,Completed,715.2400000000052,932.3899999999994
TXN0000703,2026-08-26,D004,R001,HARDWARE,247437.16,243978.3,158515.65,161154.81,173,Completed,-3458.860000000015,2639.1600000000035
TXN0000704,2025-03-30,D008,R004,SUPPORT,112573.96,127458.03,92964.0,70154.62,5,Completed,14884.069999999992,-22809.380000000005
TXN0000705,2026-05-12,D006,R003,HARDWARE,286095.15,297758.96,123132.65,133443.03,100,Completed,11663.809999999998,10310.380000000005
TXN0000706,2024-10-14,D001,R001,CONSULTING,138182.84,143230.2,67040.88,63131.44,109,Completed,5047.360000000015,-3909.4400000000023
TXN0000707,2024-04-09,D007,R002,SERVICES,102224.8,130358.1,83750.91,89802.74,105,Completed,28133.300000000003,6051.830000000002
TXN0000708,2025-11-23,D008,R004,SERVICES,163929.78,161989.79,84191.95,82922.22,32,Pending,-1939.9899999999907,-1269.729999999996
TXN0000709,2024-09-09,D001,R001,SUPPORT,85744.92,65193.44,52039.79,38486.12,120,Pending,-20551.479999999996,-13553.669999999998
TXN0000710,2026-10-18,D010,R002,SERVICES,110279.9,121866.71,87342.66,94296.67,6,Cancelled,11586.810000000012,6954.009999999995
TXN0000711,2026-09-16,D001,R001,CONSULTING,126351.93,124604.74,80721.87,82409.36,135,Completed,-1747.1899999999878,1687.4900000000052
TXN0000712,2024-07-31,D010,R002,SERVICES,149554.66,147246.22,101731.02,102802.21,104,Cancelled,-2308.4400000000023,1071.1900000000023
TXN0000713,2026-02-26,D010,R002,SUBSCRIPTION,175483.74,164742.93,96165.88,91239.15,112,Cancelled,-10740.809999999998,-4926.7300000000105
TXN0000714,2025-08-25,D004,R001,HARDWARE,306490.23,281153.1,158235.77,153681.94,120,Completed,-25337.130000000005,-4553.829999999987
TXN0000715,2026-11-15,D003,R003,SUPPORT,108092.71,114755.78,56640.46,57199.1,81,Cancelled,6663.069999999992,558.6399999999994
TXN0000716,2025-03-21,D006,R003,SUBSCRIPTION,142483.08,155380.84,95228.87,104636.63,56,Completed,12897.76000000001,9407.76000000001
TXN0000717,2025-08-12,D010,R002,SUPPORT,83565.44,89859.77,45300.03,59311.5,177,Completed,6294.330000000002,14011.470000000001
TXN0000718,2025-10-22,D003,R003,SUPPORT,98201.1,95250.24,67736.29,74732.46,34,Completed,-2950.8600000000006,6996.170000000013
TXN0000719,2026-04-05,D009,R001,SUBSCRIPTION,250779.23,254319.39,73821.69,75539.25,177,Cancelled,3540.1600000000035,1717.5599999999977
TXN0000720,2024-01-27,D005,R002,CONSULTING,168277.53,158400.09,66580.68,67532.41,138,Completed,-9877.440000000002,951.7300000000105
TXN0000721,2024-04-25,D001,R001,SOFTWARE,113091.31,104916.54,110500.85,78151.3,56,Completed,-8174.770000000004,-32349.550000000003
TXN0000722,2025-05-28,D003,R003,SUBSCRIPTION,116622.73,116687.59,58173.7,52232.64,42,Completed,64.86000000000058,-5941.059999999998
TXN0000723,2024-07-03,D005,R002,SUBSCRIPTION,120634.48,117509.53,98532.97,98842.29,96,Pending,-3124.949999999997,309.31999999999243
TXN0000724,2025-04-04,D002,R002,SUPPORT,90366.62,100375.64,42631.05,37952.42,170,Cancelled,10009.020000000004,-4678.630000000005
TXN0000725,2025-12-08,D007,R004,SUPPORT,88719.11,100163.28,49903.71,48711.83,175,Completed,11444.169999999998,-1191.8799999999974
TXN0000726,2025-02-10,D007,R004,SUPPORT,125152.97,130219.04,42471.59,40922.04,146,Completed,5066.069999999992,-1549.5499999999956
TXN0000727,2026-06-26,D001,R001,SERVICES,120314.86,147313.9,81466.72,108633.97,62,Completed,26999.039999999994,27167.25
TXN0000728,2025-06-02,D010,R002,SUBSCRIPTION,184832.04,179652.0,69606.33,71658.34,54,Completed,-5180.040000000008,2052.0099999999948
TXN0000729,2024-01-06,D008,R004,SUPPORT,98374.53,155988.0,53050.68,53674.6,52,Completed,57613.47,623.9199999999983
TXN0000730,2026-05-27,D009,R001,SOFTWARE,127645.27,132690.31,115273.8,144949.35,76,Cancelled,5045.039999999994,29675.550000000003
TXN0000731,2025-06-06,D005,R002,SUBSCRIPTION,156994.93,169360.36,95663.62,84885.42,6,Completed,12365.429999999993,-10778.199999999997
TXN0000732,2024-03-22,D008,R004,SERVICES,114303.68,126549.03,87806.52,100171.66,44,Completed,12245.350000000006,12365.14
TXN0000733,2026-03-01,D010,R006,CONSULTING,141872.76,145426.64,79395.9,67944.43,23,Completed,3553.8800000000047,-11451.470000000001
TXN0000734,2026-02-12,D009,R001,SERVICES,152493.62404958677,156660.57,89042.52,84865.59,22,Cancelled,4166.945950413239,-4176.930000000008
TXN0000735,2026-06-04,D003,R003,SUBSCRIPTION,115717.56,120336.66,87913.37,56070.78,28,Completed,4619.100000000006,-31842.589999999997
TXN0000736,2025-10-11,D004,R001,SUPPORT,83708.78,83055.31,52310.55,55951.53,89,Completed,-653.4700000000012,3640.979999999996
TXN0000737,2026-12-22,D005,R002,SUBSCRIPTION,197761.62,232927.21,86769.81,76644.72,126,Cancelled,35165.59,-10125.089999999997
TXN0000738,2026-01-07,D001,R001,HARDWARE,265126.4,234248.43,136013.2,185056.09,66,Cancelled,-30877.97000000003,49042.889999999985
TXN0000739,2025-10-19,D010,R002,SOFTWARE,176323.23,180610.76,113899.43,116998.86,102,Completed,4287.529999999999,3099.4300000000076
TXN0000740,2025-02-08,D007,R004,SUPPORT,152493.62404958677,92722.72,55636.05,56472.95,11,Cancelled,-59770.90404958677,836.8999999999942
TXN0000741,2026-01-07,D006,R003,SUBSCRIPTION,158195.98,180643.12,93500.98,92465.59,129,Completed,22447.139999999985,-1035.3899999999994
TXN0000742,2025-10-18,D005,R002,SERVICES,168879.96,178005.96,74427.75,76882.04,136,Completed,9126.0,2454.2899999999936
TXN0000743,2026-12-28,D002,R002,SUBSCRIPTION,153010.28,136880.52,62783.85,61033.86,6,Completed,-16129.76000000001,-1749.989999999998
TXN0000744,2026-05-18,D004,R001,SERVICES,164136.35,146073.22,87823.41,98330.24,31,Completed,-18063.130000000005,10506.830000000002
TXN0000745,2026-10-06,D009,R001,SUPPORT,78089.74,81943.06,69574.63,52891.9,170,Completed,3853.3199999999924,-16682.730000000003
TXN0000746,2024-06-28,D003,R006,SOFTWARE,176409.67,232221.77,103166.92,101122.2,23,Completed,55812.09999999998,-2044.7200000000012
TXN0000747,2024-05-24,D003,R003,SUBSCRIPTION,177823.93,194776.48,113592.38,121160.61,152,Completed,16952.550000000017,7568.229999999996
TXN0000748,2026-08-04,D005,R002,CONSULTING,152493.62404958677,141460.74,74846.94,69293.76,115,Completed,-11032.884049586777,-5553.180000000008
TXN0000749,2026-12-31,D001,R001,SOFTWARE,182789.99,186581.06,96854.15,109281.67,6,Cancelled,3791.070000000007,12427.520000000004
TXN0000750,2024-03-04,D002,R002,SUBSCRIPTION,141284.99,179125.45,91212.02,89161.73,23,Completed,37840.46000000002,-2050.290000000008
TXN0000751,2025-09-09,D009,R001,SUPPORT,82989.06,79900.89,61985.6,52980.99,160,Completed,-3088.1699999999983,-9004.61
TXN0000752,2026-02-20,D005,R002,CONSULTING,90286.93,82187.08,74046.73,74059.97,106,Completed,-8099.849999999991,13.240000000005239
TXN0000753,2024-06-10,D008,R004,SERVICES,139765.93,138739.74,89174.94,101385.4,105,Cancelled,-1026.1900000000023,12210.459999999992
TXN0000754,2025-02-09,D005,R002,SUBSCRIPTION,147014.39,144333.34,92964.0,69927.95,178,Completed,-2681.0500000000175,-23036.050000000003
TXN0000755,2024-10-16,D001,R001,SUBSCRIPTION,227653.38,230186.5,79688.97,58324.84,36,Completed,2533.1199999999953,-21364.130000000005
TXN0000756,2024-06-23,D001,R001,CONSULTING,153892.16,159378.66,46495.07,40805.6,83,Completed,5486.5,-5689.470000000001
TXN0000757,2026-11-15,D006,R003,SUPPORT,41276.36,38851.41,60026.38,95606.0,41,Completed,-2424.949999999997,35579.62
TXN0000758,2025-01-02,D003,R003,HARDWARE,180972.63,181945.34,122501.95,155619.9,34,Completed,972.7099999999919,33117.95
TXN0000759,2026-02-08,D010,R002,SUBSCRIPTION,174229.04,158650.14,48893.38,45978.54,170,Cancelled,-15578.899999999994,-2914.8399999999965
TXN0000760,2025-05-28,D002,R002,SOFTWARE,152493.62404958677,237055.2,77275.67,58095.16,30,Completed,84561.57595041324,-19180.509999999995
TXN0000761,2026-01-01,D010,R002,HARDWARE,293523.24,313989.87,133823.03,163507.53,37,Completed,20466.630000000005,29684.5
TXN0000762,2025-01-31,D002,R002,SOFTWARE,102500.62,94260.54,124868.03,167513.89,86,Pending,-8240.080000000002,42645.860000000015
TXN0000763,2025-09-18,D008,R004,SUPPORT,67750.87,68746.57,59575.14,62572.72,154,Completed,995.7000000000116,2997.5800000000017
TXN0000764,2026-05-27,D010,R002,HARDWARE,157793.09,167707.36,176449.29,148434.51,48,Completed,9914.26999999999,-28014.78
TXN0000765,2026-12-06,D006,R003,SERVICES,176164.2,165849.57,80276.69,95351.22,75,Completed,-10314.630000000005,15074.529999999999
TXN0000766,2026-09-09,D003,R003,HARDWARE,196640.26,182354.84,161209.58,182008.15,123,Pending,-14285.420000000013,20798.570000000007
TXN0000767,2024-10-08,D006,R003,CONSULTING,136092.2,145305.4,75300.58,83277.13,49,Cancelled,9213.199999999983,7976.550000000003
TXN0000768,2025-06-02,D002,R002,SERVICES,152493.62404958677,154132.99,99082.03,94081.97,72,Completed,1639.365950413223,-5000.059999999998
TXN0000769,2024-04-03,D002,R002,SUBSCRIPTION,188731.8,178494.15,85870.16,110580.88,153,Cancelled,-10237.649999999994,24710.72
TXN0000770,2024-03-16,D007,R004,SERVICES,138492.38,132213.42,91712.42,99458.03,146,Completed,-6278.959999999992,7745.610000000001
TXN0000771,2026-08-24,D009,R001,SUBSCRIPTION,156194.47,143254.95,82458.27,80444.49,172,Completed,-12939.51999999999,-2013.7799999999988
TXN0000772,2025-08-18,D006,R003,SUBSCRIPTION,142765.0,196135.66,76081.13,69116.73,39,Pending,53370.66,-6964.400000000009
TXN0000773,2026-01-15,D009,R001,CONSULTING,151086.07,157863.07,87832.91,77857.46,133,Completed,6777.0,-9975.449999999997
TXN0000774,2024-05-12,D004,R001,SUBSCRIPTION,203462.97,177687.97,98720.73,112778.35,136,Completed,-25775.0,14057.62000000001
TXN0000775,2024-10-26,D008,R004,SUBSCRIPTION,194750.31,188448.52,68008.78,56994.64,128,Completed,-6301.790000000008,-11014.14
TXN0000776,2025-04-19,D001,R001,CONSULTING,115469.03,115860.32,59394.09,53348.68,21,Completed,391.29000000000815,-6045.409999999996
TXN0000777,2025-02-27,D006,R003,SUPPORT,79793.6,65590.44,61441.21,56371.83,137,Completed,-14203.160000000003,-5069.379999999997
TXN0000778,2024-05-04,D007,R004,CONSULTING,136130.88,150913.03,80662.57,82478.16,15,Completed,14782.149999999994,1815.5899999999965
TXN0000779,2025-07-14,D002,R002,SUBSCRIPTION,164449.42,126213.39,85153.64,79574.52,72,Cancelled,-38236.03000000001,-5579.119999999995
TXN0000780,2026-02-14,D009,R001,CONSULTING,107843.32,132516.99,88601.44,85607.96,98,Cancelled,24673.669999999984,-2993.479999999996
TXN0000781,2025-01-04,D002,R002,CONSULTING,140330.65,155988.0,61971.1,69304.23,137,Pending,15657.350000000006,7333.129999999997
TXN0000782,2026-09-24,D006,R003,HARDWARE,152493.62404958677,162503.5,156675.45,154654.95,128,Cancelled,10009.875950413232,-2020.5
TXN0000783,2026-06-19,D001,R001,SERVICES,189098.23,188832.96,98941.48,81689.11,47,Completed,-265.2700000000186,-17252.369999999995
TXN0000784,2025-09-03,D002,R002,HARDWARE,182760.2,180568.37,131990.35,119647.76,43,Completed,-2191.8300000000163,-12342.590000000011
TXN0000785,2024-08-30,D003,R003,SUPPORT,96548.25,81298.76,61299.68,71991.12,174,Completed,-15249.490000000005,10691.439999999995
TXN0000786,2024-08-20,D007,R004,SUPPORT,94979.94,107079.06,47743.41,54746.05,128,Pending,12099.119999999995,7002.639999999999
TXN0000787,2026-04-21,D008,R004,SERVICES,126754.1,124602.91,85440.74,73331.31,10,Completed,-2151.1900000000023,-12109.430000000008
TXN0000788,2024-11-25,D001,R001,SUBSCRIPTION,128546.91,121081.1,91948.87,113092.65,39,Cancelled,-7465.809999999998,21143.78
TXN0000789,2024-04-24,D001,R001,SERVICES,147441.05,165822.86,74439.61,86278.47,47,Completed,18381.809999999998,11838.86
TXN0000790,2024-08-02,D003,R003,CONSULTING,111331.87,103154.51,71082.96,71440.61,174,Completed,-8177.360000000001,357.6499999999942
TXN0000791,2026-08-23,D002,R002,SUBSCRIPTION,174828.65,148733.34,101806.92,112190.9,128,Completed,-26095.309999999998,10383.979999999996
TXN0000792,2024-10-19,D004,R001,SUBSCRIPTION,134060.66,178510.01,76115.52,58197.21,154,Completed,44449.350000000006,-17918.310000000005
TXN0000793,2024-09-12,D010,R002,HARDWARE,239297.29,252553.59,169868.77,154396.44,180,Completed,13256.299999999988,-15472.329999999987
TXN0000794,2025-04-15,D008,R004,SOFTWARE,176266.73,197894.66,103225.01,108117.52,101,Pending,21627.929999999993,4892.510000000009
TXN0000796,2026-01-09,D003,R003,SERVICES,131158.59,138188.85,54830.47,60787.95,162,Cancelled,7030.260000000009,5957.479999999996
TXN0000797,2026-10-27,D001,R001,SUBSCRIPTION,134063.0,155988.0,73687.9,75634.11,35,Completed,21925.0,1946.2100000000064
TXN0000798,2024-03-01,D008,R004,SUBSCRIPTION,108702.64,85596.39,57881.26,63280.43,178,Pending,-23106.25,5399.169999999998
TXN0000799,2026-12-21,D009,R001,SOFTWARE,218019.53,240952.52,105203.21,104081.02,114,Completed,22932.98999999999,-1122.1900000000023
TXN0000800,2025-12-18,D008,R004,CONSULTING,137417.43,102998.53,84271.6,94597.82,155,Cancelled,-34418.899999999994,10326.220000000001
TXN0000801,2026-04-09,D002,R002,HARDWARE,185220.78,191978.33,147317.38,151797.33,64,Completed,6757.549999999988,4479.9499999999825
TXN0000802,2026-04-16,D005,R002,SUBSCRIPTION,193110.55,147152.57,94270.71,68914.33,70,Completed,-45957.97999999998,-25356.380000000005
TXN0000803,2026-06-12,D001,R001,SOFTWARE,142509.42,159617.88,86536.94,92943.4,35,Cancelled,17108.459999999992,6406.459999999992
TXN0000804,2025-08-10,D001,R001,SERVICES,161246.25,153107.0,100814.6,100218.43,109,Completed,-8139.25,-596.1700000000128
TXN0000805,2025-03-06,D002,R002,SUPPORT,91740.6,85564.82,58408.87,54224.2,71,Cancelled,-6175.779999999999,-4184.6700000000055
TXN0000806,2025-07-18,D007,R004,SUBSCRIPTION,197295.58,206181.83,97836.77,115235.92,179,Pending,8886.25,17399.149999999994
TXN0000807,2026-09-15,D004,R001,SUBSCRIPTION,119838.54,145748.39,105176.04,76755.64,50,Completed,25909.85000000002,-28420.399999999994
TXN0000808,2025-09-20,D009,R001,HARDWARE,186531.9,175311.51,157838.62,151329.91,152,Completed,-11220.389999999985,-6508.709999999992
TXN0000809,2024-08-31,D007,R004,SUPPORT,104274.58,93811.01,55011.67,56753.24,63,Pending,-10463.570000000007,1741.5699999999997
TXN0000810,2026-03-31,D003,R003,SUBSCRIPTION,184673.03,181867.48,114154.23,107572.06,91,Cancelled,-2805.5499999999884,-6582.169999999998
TXN0000811,2024-04-16,D010,R002,SUPPORT,74467.79,78165.21,43097.92,43070.66,46,Pending,3697.420000000013,-27.25999999999476
TXN0000812,2026-08-23,D001,R001,SERVICES,157399.91,148491.39,88612.39,114959.7,158,Pending,-8908.51999999999,26347.309999999998
TXN0000813,2024-12-06,D002,R005,HARDWARE,172995.06,157589.78,169541.29,160856.16,160,Completed,-15405.279999999999,-8685.130000000005
TXN0000814,2026-03-12,D007,R004,CONSULTING,115607.82,103920.66,80183.7,87458.85,78,Cancelled,-11687.160000000003,7275.150000000009
TXN0000815,2026-09-10,D001,R001,SERVICES,152509.28,153887.78,113220.88,121479.05,117,Completed,1378.5,8258.169999999998
TXN0000816,2025-08-08,D004,R001,SUBSCRIPTION,158470.52,185446.42,82065.86,83006.65,54,Completed,26975.900000000023,940.7899999999936
TXN0000817,2025-04-19,D010,R002,SUPPORT,102027.83,82874.91,49389.23,95606.0,162,Completed,-19152.92,46216.77
TXN0000818,2024-01-01,D001,R001,SUPPORT,73148.86,74481.62,72117.72,71960.85,45,Completed,1332.7599999999948,-156.86999999999534
TXN0000819,2026-03-20,D005,R002,HARDWARE,216021.16,210999.46,143668.54,170087.04,108,Cancelled,-5021.700000000012,26418.5
TXN0000820,2024-05-20,D004,R001,SUPPORT,104139.75,71360.46,46497.82,46360.23,28,Cancelled,-32779.28999999999,-137.5899999999965
TXN0000821,2025-12-13,D005,R002,SUBSCRIPTION,144515.8,147450.22,99437.82,98238.55,93,Completed,2934.420000000013,-1199.270000000004
TXN0000822,2026-07-20,D004,R001,SERVICES,159954.85,209516.04,77239.29,95606.0,108,Cancelled,49561.19,18366.710000000006
TXN0000823,2026-02-11,D001,R001,CONSULTING,157672.65,142076.78,76172.06,98114.16,32,Cancelled,-15595.869999999995,21942.100000000006
TXN0000824,2024-08-27,D002,R002,HARDWARE,252033.2,241675.94,131440.64,126226.92,136,Completed,-10357.26000000001,-5213.720000000016
TXN0000825,2025-05-27,D009,R001,SUBSCRIPTION,143687.84,119164.63,101975.28,86193.93,118,Pending,-24523.209999999992,-15781.350000000006
TXN0000826,2025-11-26,D010,R002,SERVICES,139849.94,166547.92,95662.44,96873.5,122,Pending,26697.98000000001,1211.0599999999977
TXN0000827,2024-08-26,D010,R002,CONSULTING,114657.72,124266.12,62869.12,48723.24,71,Completed,9608.399999999994,-14145.880000000005
TXN0000828,2025-04-15,D007,R004,SERVICES,139795.55,163126.85,87150.01,89861.67,85,Pending,23331.300000000017,2711.6600000000035
TXN0000829,2025-06-23,D006,R003,SOFTWARE,173002.88,175519.63,126499.6,131708.41,68,Completed,2516.75,5208.809999999998
TXN0000830,2025-01-12,D002,R002,SUPPORT,84408.33,77899.88,59305.44,63757.42,24,Cancelled,-6508.449999999997,4451.979999999996
TXN0000831,2025-03-23,D003,R003,HARDWARE,277101.02,255424.54,133112.92,94045.33,151,Completed,-21676.48000000001,-39067.59000000001
TXN0000832,2025-01-24,D003,R003,SUPPORT,108565.65,76534.17,30029.94,33227.04,132,Completed,-32031.479999999996,3197.100000000002
TXN0000833,2025-02-27,D004,R001,HARDWARE,184861.75,206719.75,162905.67,166799.74,63,Completed,21858.0,3894.069999999978
TXN0000834,2024-11-15,D004,R001,HARDWARE,263404.37,266804.54,154867.45,156629.14,32,Completed,3400.1699999999837,1761.6900000000023
TXN0000835,2026-05-10,D002,R002,SUPPORT,78996.46,65414.33,29354.55,24591.16,162,Completed,-13582.130000000005,-4763.389999999999
TXN0000836,2026-01-30,D009,R001,CONSULTING,143314.57,167998.38,77563.99,80926.26,163,Completed,24683.809999999998,3362.2699999999895
TXN0000837,2025-07-16,D008,R004,SUBSCRIPTION,119889.22,118298.08,89502.47,89968.23,130,Completed,-1591.1399999999994,465.75999999999476
TXN0000838,2024-09-19,D009,R001,SERVICES,141148.21,147851.44,93478.34,94952.78,18,Cancelled,6703.2300000000105,1474.4400000000023
TXN0000839,2024-07-03,D007,R004,SUBSCRIPTION,167087.21,163467.52,78447.17,88517.51,133,Completed,-3619.6900000000023,10070.339999999997
TXN0000840,2026-07-25,D007,R004,SERVICES,158104.12,162795.82,82854.64,81318.47,35,Cancelled,4691.700000000012,-1536.1699999999983
TXN0000841,2024-01-25,D008,R004,SOFTWARE,201134.72,168388.35,81288.5,101032.58,177,Completed,-32746.369999999995,19744.08
TXN0000842,2026-10-01,D007,R004,HARDWARE,252582.2,298050.17,122666.5,95606.0,161,Completed,45467.96999999997,-27060.5
TXN0000843,2025-05-07,D003,R003,SERVICES,134171.22,131675.31,77160.69,97930.62,125,Cancelled,-2495.9100000000035,20769.929999999993
TXN0000844,2026-05-18,D006,R003,CONSULTING,101666.01,86314.71,84090.89,80941.02,58,Pending,-15351.299999999988,-3149.8699999999953
TXN0000845,2025-07-26,D006,R003,CONSULTING,123138.91,127895.44,78956.0,58450.09,120,Completed,4756.529999999999,-20505.910000000003
TXN0000846,2025-04-13,D010,R002,SUBSCRIPTION,154502.88,178486.72,87145.98,89814.41,30,Completed,23983.839999999997,2668.4300000000076
TXN0000847,2025-05-02,D004,R001,CONSULTING,102660.51,120946.41,58426.3,66799.12,42,Completed,18285.90000000001,8372.819999999992
TXN0000848,2026-05-13,D008,R004,SERVICES,152493.62404958677,172047.99,78415.99,92192.99,132,Completed,19554.365950413223,13777.0
TXN0000849,2026-09-23,D009,R001,HARDWARE,236221.59,257239.26,153281.77,206134.99,81,Completed,21017.670000000013,52853.22
TXN0000850,2026-03-26,D009,R001,SOFTWARE,203419.59,215813.44,111967.67,127427.13,30,Completed,12393.850000000006,15459.460000000006
TXN0000851,2026-02-09,D001,R001,HARDWARE,216795.67,191787.95,71446.12,75130.62,166,Completed,-25007.72,3684.5
TXN0000852,2026-09-01,D008,R004,HARDWARE,172917.05,185852.41,143842.78,132137.12,97,Cancelled,12935.360000000015,-11705.660000000003
TXN0000853,2025-05-12,D009,R001,HARDWARE,188681.08,204568.01,145788.99,145748.88,10,Pending,15886.930000000022,-40.10999999998603
TXN0000854,2025-11-02,D002,R002,SUPPORT,90026.23,90525.35,58650.0,65058.02,152,Cancelled,499.1200000000099,6408.019999999997
TXN0000855,2025-12-28,D009,R001,HARDWARE,185616.87,183540.8,147269.27,166999.72,88,Cancelled,-2076.070000000007,19730.45000000001
TXN0000856,2024-09-06,D008,R004,CONSULTING,112967.97,116418.94,79586.85,80189.7,102,Cancelled,3450.970000000001,602.8499999999913
TXN0000857,2024-09-12,D005,R002,SERVICES,152493.62404958677,108907.0,94096.23,109059.12,168,Completed,-43586.62404958677,14962.89
TXN0000858,2026-08-04,D007,R004,SUBSCRIPTION,125927.98,133580.83,86360.21,95804.94,23,Completed,7652.849999999991,9444.729999999996
TXN0000859,2025-10-10,D003,R003,HARDWARE,245565.27,245352.02,145449.64,149514.87,172,Completed,-213.25,4065.2299999999814
TXN0000860,2025-09-07,D005,R002,CONSULTING,100356.41,106956.52,37371.28,40002.34,118,Completed,6600.110000000001,2631.0599999999977
TXN0000861,2026-04-27,D010,R002,CONSULTING,186992.4,161581.49,72283.77,82608.76,47,Completed,-25410.910000000003,10324.98999999999
TXN0000862,2025-05-30,D001,R001,SERVICES,133306.77,155988.0,79561.66,73672.8,25,Completed,22681.23000000001,-5888.860000000001
TXN0000863,2024-10-05,D003,R003,SOFTWARE,195752.39,199402.93,75691.06,73924.7,126,Cancelled,3650.539999999979,-1766.3600000000006
TXN0000864,2024-06-19,D001,R006,SUBSCRIPTION,119811.08,105496.41,79806.08,80558.35,31,Completed,-14314.669999999998,752.2700000000041
TXN0000865,2026-09-03,D010,R002,SUPPORT,113122.35,115496.37,51308.97,52105.74,84,Completed,2374.0199999999895,796.7699999999968
TXN0000866,2024-09-15,D004,R001,CONSULTING,131915.28,135053.31,72987.33,83085.73,38,Cancelled,3138.029999999999,10098.399999999994
TXN0000867,2026-02-09,D003,R006,HARDWARE,152493.62404958677,213179.8,140734.59,125245.63,124,Cancelled,60686.17595041322,-15488.959999999992
TXN0000868,2024-12-28,D005,R002,SERVICES,142129.53,135624.29,95852.73,96611.82,156,Cancelled,-6505.239999999991,759.0900000000111
TXN0000869,2026-09-06,D008,R004,SUPPORT,99523.27,97836.68,60453.7,57575.34,139,Cancelled,-1686.590000000011,-2878.3600000000006
TXN0000870,2025-10-04,D005,R002,CONSULTING,155394.18,158822.13,68051.26,59454.5,27,Pending,3427.9500000000116,-8596.759999999995
TXN0000871,2024-11-14,D005,R002,HARDWARE,266188.27,261244.06,157318.64,156952.56,82,Completed,-4944.210000000021,-366.0800000000163
TXN0000872,2025-05-12,D001,R001,SERVICES,73854.61,84902.67,119666.53,163534.92,78,Pending,11048.059999999998,43868.390000000014
TXN0000873,2025-05-09,D009,R006,CONSULTING,144591.8,130645.48,87537.57,98156.82,7,Pending,-13946.319999999992,10619.25
TXN0000874,2026-04-02,D005,R002,SOFTWARE,157740.74,146496.08,86230.22,84345.76,53,Pending,-11244.660000000003,-1884.4600000000064
TXN0000875,2024-11-30,D009,R001,SERVICES,143702.77,135066.69,77899.01,94208.26,170,Pending,-8636.079999999987,16309.25
TXN0000876,2026-05-14,D007,R004,SOFTWARE,139676.82,118854.16,114098.48,113718.26,165,Completed,-20822.660000000003,-380.22000000000116
TXN0000877,2025-10-07,D009,R001,SUBSCRIPTION,140376.25,135506.36,103936.69,96410.38,77,Cancelled,-4869.890000000014,-7526.309999999998
TXN0000878,2025-08-01,D005,R002,SOFTWARE,152382.67,134635.3,118366.43,143203.29,39,Completed,-17747.370000000024,24836.860000000015
TXN0000879,2026-07-16,D002,R002,SUBSCRIPTION,166551.88,131311.26,99157.94,124515.89,74,Cancelled,-35240.619999999995,25357.949999999997
TXN0000880,2024-07-11,D008,R004,SOFTWARE,161549.83,149392.59,107817.22,89950.95,17,Cancelled,-12157.23999999999,-17866.270000000004
TXN0000881,2025-07-31,D001,R001,SOFTWARE,201737.52,178201.22,120626.71,116571.8,73,Completed,-23536.29999999999,-4054.9100000000035
TXN0000882,2024-03-07,D008,R004,SERVICES,156241.87,145242.44,97624.14,92871.64,43,Completed,-10999.429999999993,-4752.5
TXN0000883,2025-09-30,D008,R004,CONSULTING,113339.32,113780.08,92115.36,106575.31,132,Completed,440.75999999999476,14459.949999999997
TXN0000884,2025-07-11,D008,R004,SOFTWARE,214430.1,239274.78,103388.85,109901.36,25,Completed,24844.679999999993,6512.509999999995
TXN0000885,2024-05-26,D001,R001,CONSULTING,138216.31,124916.29,93196.52,107901.2,144,Pending,-13300.020000000004,14704.679999999993
TXN0000886,2026-02-20,D003,R003,HARDWARE,168893.77,178543.38,141676.39,89297.73,8,Completed,9649.610000000015,-52378.66000000002
TXN0000887,2025-05-21,D004,R001,CONSULTING,159525.85,183470.46,89648.07,91594.28,13,Completed,23944.609999999986,1946.2099999999919
TXN0000888,2026-03-12,D008,R004,SOFTWARE,211838.93,212435.33,85358.76,107762.43,175,Completed,596.3999999999942,22403.67
TXN0000889,2025-10-23,D008,R004,HARDWARE,289226.23,262694.21,169129.43,168266.96,45,Completed,-26532.01999999996,-862.4700000000012
TXN0000890,2026-12-09,D009,R001,HARDWARE,229512.15,266815.3,174072.68,174718.38,168,Completed,37303.149999999994,645.7000000000116
TXN0000891,2025-03-22,D004,R001,SOFTWARE,173659.37,219989.0,128657.58,121553.26,33,Completed,46329.630000000005,-7104.320000000007
TXN0000892,2025-07-19,D007,R004,SERVICES,136891.73,153753.64,89203.05,101782.08,154,Completed,16861.910000000003,12579.029999999999
TXN0000893,2024-03-27,D007,R004,SOFTWARE,149561.39,183002.58,129698.71,126748.13,153,Pending,33441.18999999997,-2950.5800000000017
TXN0000894,2025-05-24,D010,R002,SOFTWARE,147326.26,157251.24,73288.2,72332.06,45,Pending,9924.979999999981,-956.1399999999994
TXN0000895,2024-02-05,D002,R002,HARDWARE,235428.34,252077.65,93486.23,90762.72,20,Completed,16649.309999999998,-2723.5099999999948
TXN0000896,2024-09-14,D003,R003,SOFTWARE,198300.89,211585.64,138790.04,110454.11,129,Completed,13284.75,-28335.930000000008
TXN0000897,2025-12-12,D006,R003,SUPPORT,55990.43,45498.86,92964.0,54937.78,117,Completed,-10491.57,-38026.22
TXN0000898,2024-02-10,D001,R001,HARDWARE,193968.05,145917.41,143864.01,169112.09,69,Completed,-48050.639999999985,25248.079999999987
TXN0000899,2025-08-26,D008,R004,SUBSCRIPTION,183271.44,157117.61,77787.86,67264.99,143,Pending,-26153.830000000016,-10522.869999999995
TXN0000900,2025-12-13,D004,R001,SUBSCRIPTION,181105.48,187272.71,71651.06,81889.21,87,Pending,6167.229999999981,10238.150000000009
TXN0000901,2024-11-24,D005,R002,SUBSCRIPTION,206031.67,148833.1,100563.09,103748.89,22,Cancelled,-57198.57000000001,3185.800000000003
TXN0000902,2026-01-21,D003,R003,HARDWARE,136651.92,174404.87,192378.53,95606.0,121,Completed,37752.94999999998,-96772.53
TXN0000903,2024-08-02,D009,R001,SERVICES,135314.7,129535.69,63248.23,64913.76,163,Completed,-5779.010000000009,1665.5299999999988
TXN0000904,2024-09-05,D010,R002,SUPPORT,110866.83,120150.44,55127.68,55209.68,173,Cancelled,9283.61,82.0
TXN0000905,2026-10-15,D007,R004,SUPPORT,101594.89,81014.67,76070.38,73038.2,146,Completed,-20580.22,-3032.1800000000076
TXN0000906,2025-10-21,D010,R002,CONSULTING,161537.41,147762.49,80659.33,82221.31,33,Completed,-13774.920000000013,1561.979999999996
TXN0000907,2024-09-22,D009,R001,SOFTWARE,206829.11,249804.95,128851.02,126177.04,50,Completed,42975.840000000026,-2673.9800000000105
TXN0000908,2024-07-21,D004,R001,SERVICES,168270.91,180280.46,82461.17,93907.87,13,Cancelled,12009.549999999988,11446.699999999997
TXN0000909,2025-08-06,D007,R004,SUBSCRIPTION,124962.47,124075.99,73849.97,94478.95,17,Completed,-886.4799999999959,20628.979999999996
TXN0000910,2024-01-27,D004,R001,SOFTWARE,170111.88,161857.22,128425.65,124955.68,58,Pending,-8254.660000000003,-3469.970000000001
TXN0000911,2024-04-05,D002,R002,SUPPORT,90508.61,111606.9,69146.69,67280.48,97,Cancelled,21098.289999999994,-1866.2100000000064
TXN0000912,2024-04-29,D007,R004,SUPPORT,99874.32,106015.42,41312.71,55988.27,162,Completed,6141.099999999991,14675.559999999998
TXN0000913,2024-08-06,D009,R005,HARDWARE,233243.77,233987.07,179291.27,151574.64,60,Cancelled,743.3000000000175,-27716.629999999976
TXN0000914,2026-12-24,D002,R002,SERVICES,164098.63,210519.56,116615.56,111857.06,103,Completed,46420.92999999999,-4758.5
TXN0000915,2025-01-01,D004,R001,SERVICES,94116.84,100439.4,75401.48,72147.25,147,Cancelled,6322.559999999998,-3254.229999999996
TXN0000916,2026-03-01,D007,R004,SUPPORT,88135.22,78323.69,51955.91,54703.46,177,Pending,-9811.529999999999,2747.5499999999956
TXN0000917,2025-04-01,D007,R004,SERVICES,165924.98,178121.8,91822.92,120055.41,145,Pending,12196.819999999978,28232.490000000005
TXN0000918,2026-12-29,D009,R001,SERVICES,114044.7,111353.07,85626.68,83985.37,158,Pending,-2691.62999999999,-1641.3099999999977
TXN0000919,2025-10-26,D006,R003,SUBSCRIPTION,158851.04,214038.86,69778.95,66261.34,100,Pending,55187.81999999998,-3517.6100000000006
TXN0000920,2025-07-05,D007,R004,HARDWARE,157335.85,155068.79,163950.62,160267.73,149,Cancelled,-2267.0599999999977,-3682.889999999985
TXN0000921,2025-04-06,D004,R001,SUBSCRIPTION,179847.94,163708.23,80155.67,70485.61,97,Pending,-16139.709999999992,-9670.059999999998
TXN0000922,2024-11-03,D008,R004,SOFTWARE,184846.97,215400.99,111721.76,119303.62,77,Cancelled,30554.01999999999,7581.860000000001
TXN0000923,2024-01-14,D001,R001,HARDWARE,157343.96,174852.87,146165.28,164267.65,81,Completed,17508.910000000003,18102.369999999995
TXN0000924,2025-07-19,D004,R001,SOFTWARE,161399.14,139791.24,119440.88,153480.33,146,Cancelled,-21607.900000000023,34039.44999999998
TXN0000925,2024-12-11,D009,R001,SUBSCRIPTION,186149.31,237475.69,91778.11,65319.26,29,Completed,51326.380000000005,-26458.85
TXN0000926,2025-06-26,D008,R004,SERVICES,158814.61,161715.98,89427.86,92099.97,98,Cancelled,2901.3700000000244,2672.1100000000006
TXN0000927,2024-07-07,D004,R001,HARDWARE,185576.24,183955.75,144747.88,145430.24,151,Pending,-1620.4899999999907,682.359999999986
TXN0000928,2024-07-06,D010,R002,SUPPORT,94422.77,102948.7,36743.17,28597.05,88,Pending,8525.929999999993,-8146.119999999999
TXN0000929,2024-07-14,D003,R003,SUPPORT,81842.17,83994.67,53674.6,67295.24,157,Completed,2152.5,13620.640000000007
TXN0000930,2026-02-20,D001,R001,SUBSCRIPTION,168924.97,158928.94,71660.37,76712.31,25,Completed,-9996.029999999999,5051.940000000002
TXN0000931,2026-03-05,D006,R003,CONSULTING,95714.27,102550.42,53467.3,37139.64,35,Completed,6836.149999999994,-16327.660000000003
TXN0000932,2026-02-22,D010,R002,SUPPORT,86749.64,85421.46,58234.09,61616.18,18,Completed,-1328.179999999993,3382.090000000004
TXN0000933,2026-10-25,D009,R005,HARDWARE,183648.15,188541.14,185163.14,129888.01,61,Completed,4892.99000000002,-55275.13000000002
TXN0000934,2026-01-07,D001,R001,CONSULTING,83452.11,79219.93,70787.56,84219.74,157,Cancelled,-4232.180000000008,13432.180000000008
TXN0000935,2025-08-16,D009,R001,CONSULTING,117557.56,162382.25,69796.44,75801.06,105,Completed,44824.69,6004.619999999995
TXN0000936,2024-10-04,D003,R003,CONSULTING,151096.4,151632.25,69847.45,58187.08,145,Pending,535.8500000000058,-11660.369999999995
TXN0000937,2026-08-06,D005,R002,SUBSCRIPTION,154951.52,180056.42,95750.17,108287.47,38,Completed,25104.900000000023,12537.300000000003
TXN0000938,2026-03-20,D008,R004,CONSULTING,113437.24,112312.97,61420.75,67810.34,171,Cancelled,-1124.270000000004,6389.5899999999965
TXN0000939,2026-09-12,D004,R001,SUPPORT,137557.66,160352.07,45554.71,42195.6,68,Completed,22794.410000000003,-3359.1100000000006
TXN0000940,2025-10-24,D002,R002,CONSULTING,165671.19,167210.35,82154.88,78583.7,180,Cancelled,1539.1600000000035,-3571.1800000000076
TXN0000941,2026-05-17,D002,R002,CONSULTING,93549.38,107071.81,90623.33,92593.5,98,Completed,13522.429999999993,1970.1699999999983
TXN0000942,2024-02-19,D004,R001,SUBSCRIPTION,181625.14,177786.28,99423.81,108725.74,83,Completed,-3838.860000000015,9301.930000000008
TXN0000943,2024-10-25,D006,R003,CONSULTING,143435.9,112788.52,81154.5,91690.41,117,Completed,-30647.37999999999,10535.910000000003
TXN0000944,2024-11-15,D004,R001,HARDWARE,201516.35,181765.23,110594.76,104098.42,26,Completed,-19751.119999999995,-6496.3399999999965
TXN0000945,2024-10-29,D001,R001,SUBSCRIPTION,113142.26,114885.76,119125.3,138496.97,78,Completed,1743.5,19371.67
TXN0000946,2025-09-16,D006,R003,SOFTWARE,218591.18,208967.06,95592.55,81710.66,120,Pending,-9624.119999999995,-13881.89
TXN0000947,2025-09-03,D001,R001,SUPPORT,68359.03,64040.02,61372.4,65978.65,57,Cancelled,-4319.010000000002,4606.249999999993
TXN0000948,2026-09-16,D009,R001,SUBSCRIPTION,152493.62404958677,147678.45,101280.37,68375.89,164,Completed,-4815.174049586756,-32904.479999999996
TXN0000949,2026-12-14,D001,R001,SUPPORT,77430.83,92742.27,55694.88,55900.06,16,Completed,15311.440000000002,205.1800000000003
TXN0000950,2025-09-07,D003,R005,SUPPORT,116224.36,121019.26,58659.27,59489.01,18,Pending,4794.899999999994,829.7400000000052
TXN0000951,2026-07-01,D001,R006,SUPPORT,115494.49,120256.37,59018.85,57466.41,32,Completed,4761.87999999999,-1552.439999999995
TXN0000952,2026-02-03,D005,R002,SUPPORT,91289.09,96015.23,61677.65,70241.43,64,Pending,4726.139999999999,8563.779999999992
TXN0000953,2025-08-10,D009,R001,SOFTWARE,207795.92,238036.26,119742.82,113600.65,129,Cancelled,30240.339999999997,-6142.170000000013
TXN0000954,2026-10-22,D009,R001,SERVICES,120873.94,137479.53,71689.12,67281.09,122,Cancelled,16605.589999999997,-4408.029999999999
TXN0000955,2026-09-30,D001,R006,HARDWARE,188118.23,174829.87,149372.64,130168.8,105,Completed,-13288.360000000015,-19203.84000000001
TXN0000956,2025-12-28,D001,R001,HARDWARE,212329.27,204883.87,157534.68,166631.17,165,Completed,-7445.399999999994,9096.49000000002
TXN0000957,2025-07-18,D004,R001,SUBSCRIPTION,165713.73,178700.32,89867.77,72794.82,20,Completed,12986.589999999997,-17072.949999999997
TXN0000958,2025-07-27,D007,R004,SOFTWARE,162544.15,118876.22,105512.93,108653.24,62,Completed,-43667.92999999999,3140.310000000012
TXN0000959,2024-08-10,D006,R003,SUPPORT,77497.8,70048.1,50617.94,51301.34,27,Pending,-7449.699999999997,683.3999999999942
TXN0000960,2025-10-04,D009,R001,SUBSCRIPTION,129649.54,127540.81,96160.53,100266.81,111,Completed,-2108.729999999996,4106.279999999999
TXN0000961,2025-05-11,D010,R002,HARDWARE,209117.83,214519.01,93931.15,94230.17,119,Cancelled,5401.180000000022,299.0200000000041
TXN0000962,2025-02-18,D003,R003,SERVICES,144222.77,156716.9,92964.0,95713.77,40,Completed,12494.130000000005,2749.770000000004
TXN0000963,2024-10-24,D009,R001,CONSULTING,84341.57,108266.62,72657.88,68384.96,172,Cancelled,23925.04999999999,-4272.919999999998
TXN0000964,2026-12-27,D003,R003,SUBSCRIPTION,154521.06,151392.19,92964.0,84422.47,35,Completed,-3128.8699999999953,-8541.529999999999
TXN0000965,2024-01-03,D006,R003,SERVICES,108695.39,118860.86,69692.02,61098.21,86,Pending,10165.470000000001,-8593.810000000005
TXN0000966,2025-07-14,D007,R004,SUPPORT,96992.43,99183.88,61509.14,63358.91,43,Completed,2191.4500000000116,1849.770000000004
TXN0000967,2025-06-30,D002,R002,SOFTWARE,161000.15,176724.7,99092.01,97212.23,160,Cancelled,15724.550000000017,-1879.7799999999988
TXN0000968,2025-04-17,D010,R002,SERVICES,174045.6,152670.0,64429.61,76353.4,180,Completed,-21375.600000000006,11923.789999999994
TXN0000969,2026-10-25,D006,R006,SERVICES,122374.75,113160.78,87199.1,113866.59,159,Pending,-9213.970000000001,26667.48999999999
TXN0000970,2026-03-10,D006,R003,CONSULTING,93251.22,97775.09,85766.36,91001.61,126,Completed,4523.869999999995,5235.25
TXN0000971,2026-04-16,D003,R003,SOFTWARE,141516.41,143876.3,103007.11,133936.85,8,Completed,2359.889999999985,30929.740000000005
TXN0000972,2025-02-19,D007,R004,SUPPORT,65189.13,73071.98,65122.35,62668.04,57,Completed,7882.8499999999985,-2454.3099999999977
TXN0000973,2026-09-30,D003,R003,CONSULTING,107805.8,122064.4,86654.28,78914.26,88,Pending,14258.599999999991,-7740.020000000004
TXN0000974,2026-02-18,D004,R001,SOFTWARE,161521.82,155267.1,89247.7,93309.35,85,Pending,-6254.720000000001,4061.6500000000087
TXN0000975,2026-11-12,D010,R002,SUBSCRIPTION,154885.24,149949.55,99444.85,107975.28,169,Completed,-4935.690000000002,8530.429999999993
TXN0000976,2024-03-27,D009,R001,CONSULTING,109563.88,82325.66,68494.7,70055.96,67,Cancelled,-27238.22,1561.2600000000093
TXN0000977,2024-03-21,D009,R001,SUPPORT,89075.93,86908.93,65419.09,83651.71,147,Pending,-2167.0,18232.62000000001
TXN0000978,2025-01-23,D009,R001,SOFTWARE,152440.13,142721.76,100478.28,123329.97,79,Pending,-9718.369999999995,22851.690000000002
TXN0000979,2026-02-08,D007,R004,HARDWARE,232670.62,261631.27,112358.91,74471.37,47,Pending,28960.649999999994,-37887.54000000001
TXN0000980,2026-11-24,D005,R002,SOFTWARE,211623.72,204162.29,134630.96,117580.02,41,Pending,-7461.429999999993,-17050.939999999988
TXN0000981,2024-08-19,D008,R004,SUBSCRIPTION,158946.21,146355.33,99498.96,114347.32,51,Cancelled,-12590.880000000005,14848.36
TXN0000982,2025-10-24,D009,R001,CONSULTING,131604.59,147078.09,79032.92,58064.17,120,Completed,15473.5,-20968.75
TXN0000983,2025-02-17,D003,R003,SUPPORT,83951.43,95932.68,50598.26,40031.57,121,Completed,11981.25,-10566.690000000002
TXN0000984,2024-01-12,D005,R002,SUPPORT,87030.53,107140.52,54825.81,54720.64,36,Completed,20109.990000000005,-105.16999999999825
TXN0000985,2026-01-13,D002,R002,SUPPORT,91340.92,91823.92,55323.69,55159.57,26,Cancelled,483.0,-164.12000000000262
TXN0000986,2024-11-23,D007,R004,SUBSCRIPTION,139509.89,158012.31,92964.0,90272.12,101,Cancelled,18502.419999999984,-2691.8800000000047
TXN0000987,2024-03-11,D007,R005,HARDWARE,237062.15,175080.4,115404.16,122373.01,46,Completed,-61981.75,6968.849999999991
TXN0000988,2026-09-05,D003,R003,SOFTWARE,202781.82,234390.0,119384.45,79875.93,83,Completed,31608.179999999993,-39508.520000000004
TXN0000989,2024-08-28,D008,R004,SERVICES,127812.85,126541.05,96448.22,94037.28,38,Completed,-1271.800000000003,-2410.9400000000023
TXN0000990,2024-01-26,D001,R001,HARDWARE,225368.31,249411.09,161901.63,177376.85,122,Pending,24042.78,15475.220000000001
TXN0000991,2026-07-10,D008,R004,SOFTWARE,196348.45,190977.67,121027.08,115695.75,65,Completed,-5370.779999999999,-5331.330000000002
TXN0000992,2026-04-19,D010,R002,CONSULTING,141951.94,136188.94,68527.21,60343.6,118,Completed,-5763.0,-8183.610000000008
TXN0000993,2025-07-23,D010,R002,SERVICES,135482.87,142849.72,83503.93,96745.2,163,Cancelled,7366.850000000006,13241.270000000004
TXN0000994,2025-12-15,D004,R005,SOFTWARE,174802.41,135737.37,154015.85,198664.39,14,Completed,-39065.04000000001,44648.54000000001
TXN0000995,2025-03-09,D001,R001,SUBSCRIPTION,124505.98,139809.61,103715.45,108189.79,89,Completed,15303.62999999999,4474.3399999999965
TXN0000996,2024-11-26,D001,R001,SERVICES,130795.93,128040.97,92964.0,69901.09,177,Completed,-2754.959999999992,-23062.910000000003
TXN0000997,2024-12-29,D010,R002,SUPPORT,74241.21,94799.89,58578.27,54214.67,121,Cancelled,20558.679999999993,-4363.5999999999985
TXN0000998,2025-04-09,D006,R003,SOFTWARE,182448.67,226006.49,128460.01,125775.26,87,Completed,43557.81999999998,-2684.75
TXN0000999,2024-12-05,D007,R004,CONSULTING,110948.51,127748.25,85083.29,99943.6,79,Pending,16799.740000000005,14860.310000000012
TXN0001000,2025-05-11,D003,R003,HARDWARE,263073.33,242002.95,161045.55,166005.9,139,Pending,-21070.380000000005,4960.350000000006
TXN0001001,2024-04-29,D009,R001,SERVICES,131329.59,127587.99,79906.34,78965.7,32,Cancelled,-3741.5999999999913,-940.6399999999994
TXN0001002,2025-11-08,D009,R001,CONSULTING,94666.02,108563.69,76190.7,81189.26,114,Cancelled,13897.669999999998,4998.559999999998
TXN0001003,2025-12-25,D006,R003,SUBSCRIPTION,193624.28,201215.61,79574.91,83528.58,38,Cancelled,7591.329999999987,3953.6699999999983
TXN0001004,2026-10-16,D010,R002,SUPPORT,81038.53,63737.69,52765.22,69436.63,131,Completed,-17300.839999999997,16671.410000000003
TXN0001005,2025-01-31,D010,R002,HARDWARE,264547.33,307832.49,104567.69,73684.04,5,Completed,43285.159999999974,-30883.65000000001
TXN0001006,2025-02-28,D001,R001,SOFTWARE,183673.98,167440.16,118078.29,108178.29,162,Pending,-16233.820000000007,-9900.0
TXN0001007,2025-10-03,D007,R006,SUBSCRIPTION,172060.29,177811.77,93176.4,82130.94,7,Completed,5751.479999999981,-11045.459999999992
TXN0001008,2025-09-22,D005,R002,SOFTWARE,201368.82,239052.11,141090.61,124569.63,81,Cancelled,37683.28999999998,-16520.97999999998
TXN0001009,2024-08-21,D009,R001,SOFTWARE,163443.95,136834.68,65057.53,63079.19,180,Completed,-26609.27000000002,-1978.3399999999965
TXN0001010,2024-02-29,D006,R003,SUBSCRIPTION,150772.91,170801.09,64376.66,95606.0,49,Completed,20028.179999999993,31229.339999999997
TXN0001011,2026-08-09,D006,R003,SUPPORT,95310.54,98363.41,63381.81,57678.6,126,Completed,3052.87000000001,-5703.209999999999
TXN0001012,2026-01-08,D003,R003,SUPPORT,92452.73,105504.86,57626.38,54256.44,142,Completed,13052.130000000005,-3369.939999999995
TXN0001013,2024-04-24,D008,R004,CONSULTING,117355.42,154146.97,78816.35,88937.78,138,Completed,36791.55,10121.429999999993
TXN0001014,2024-08-02,D010,R002,HARDWARE,107812.0,102465.4,176533.2,194455.31,58,Cancelled,-5346.600000000006,17922.109999999986
TXN0001015,2024-05-15,D006,R003,HARDWARE,277332.74,292820.56,166776.45,153307.07,43,Completed,15487.820000000007,-13469.380000000005
TXN0001016,2026-12-30,D001,R001,SUBSCRIPTION,105293.55,112185.88,66201.48,74090.3,47,Cancelled,6892.330000000002,7888.820000000007
TXN0001017,2024-08-27,D010,R001,SUBSCRIPTION,158422.38,202827.77,76717.25,82902.07,83,Completed,44405.389999999985,6184.820000000007
TXN0001018,2026-10-14,D001,R001,SOFTWARE,164200.68,176372.89,84721.93,103299.32,65,Completed,12172.210000000021,18577.390000000014
TXN0001019,2025-03-18,D008,R004,HARDWARE,318897.64,307290.72,146067.35,143262.62,139,Completed,-11606.920000000042,-2804.7300000000105
TXN0001020,2025-02-17,D003,R003,SOFTWARE,185819.76,164105.65,133674.6,152221.77,28,Pending,-21714.110000000015,18547.169999999984
TXN0001021,2024-11-11,D009,R006,SUBSCRIPTION,131000.49,164069.77,90688.68,74427.51,53,Completed,33069.279999999984,-16261.169999999998
TXN0001022,2025-09-27,D008,R004,SUBSCRIPTION,196148.2,196585.78,82833.52,66606.21,88,Completed,437.5799999999872,-16227.309999999998
TXN0001023,2024-09-28,D002,R002,SUBSCRIPTION,169551.45,177165.18,74920.93,75984.37,57,Completed,7613.729999999981,1063.4400000000023
TXN0001024,2024-08-25,D008,R004,SUBSCRIPTION,156976.93,113396.96,98824.19,94673.81,6,Completed,-43579.96999999999,-4150.380000000005
TXN0001025,2024-06-27,D001,R001,SUBSCRIPTION,150115.67,154172.49,59964.59,75794.72,90,Pending,4056.819999999978,15830.130000000005
TXN0001026,2025-01-10,D001,R001,SUPPORT,91409.67,94493.92,45881.94,33910.7,10,Cancelled,3084.25,-11971.240000000005
TXN0001027,2025-10-19,D005,R001,SERVICES,149943.42,174957.7,79209.72,90201.2,56,Completed,25014.28,10991.479999999996
TXN0001028,2026-06-22,D005,R002,HARDWARE,242015.28,194634.44,100805.29,82568.31,176,Completed,-47380.84,-18236.979999999996
TXN0001029,2024-08-22,D005,R002,HARDWARE,189624.13,197059.52,130990.95,87267.61,8,Cancelled,7435.389999999985,-43723.34
TXN0001030,2025-12-18,D009,R001,SERVICES,84351.32,83540.0,81864.02,106569.57,145,Completed,-811.320000000007,24705.550000000003
TXN0001031,2025-03-08,D005,R002,SUPPORT,106570.03,108655.68,53324.07,50031.64,151,Completed,2085.649999999994,-3292.4300000000003
TXN0001032,2026-06-27,D003,R006,SUBSCRIPTION,141909.46,130687.37,91424.65,90719.45,17,Completed,-11222.089999999997,-705.1999999999971
TXN0001033,2024-04-13,D001,R001,SUPPORT,61341.39,77135.02,58227.37,67406.49,32,Pending,15793.630000000005,9179.120000000003
TXN0001034,2025-01-01,D001,R001,CONSULTING,124597.36,114403.3,64126.98,79616.44,157,Cancelled,-10194.059999999998,15489.46
TXN0001035,2025-11-11,D008,R004,HARDWARE,275082.51,258095.61,113541.49,109348.36,55,Cancelled,-16986.900000000023,-4193.130000000005
TXN0001036,2024-09-26,D002,R002,CONSULTING,113330.0,130476.65,86374.93,63760.55,28,Pending,17146.649999999994,-22614.37999999999
TXN0001037,2026-11-08,D002,R002,SUPPORT,74102.52,61150.01,42637.61,54727.43,125,Completed,-12952.510000000002,12089.82
TXN0001038,2025-12-06,D004,R001,SUBSCRIPTION,178041.32,175884.01,88849.32,92700.51,98,Pending,-2157.3099999999977,3851.189999999988
TXN0001039,2025-07-11,D003,R003,SUPPORT,101300.91,94824.28,47642.39,49241.37,88,Pending,-6476.630000000005,1598.9800000000032
TXN0001040,2025-12-20,D008,R006,SOFTWARE,180945.77,184238.51,122284.34,129070.83,127,Pending,3292.74000000002,6786.490000000005
TXN0001041,2024-09-17,D003,R003,HARDWARE,214531.94,212028.31,158714.36,156088.87,135,Completed,-2503.6300000000047,-2625.4899999999907
TXN0001042,2025-10-29,D007,R004,SOFTWARE,127332.37,132921.49,65884.34,85182.39,147,Completed,5589.119999999995,19298.050000000003
TXN0001043,2026-04-26,D005,R002,CONSULTING,194711.74,180610.96,72860.59,83065.45,66,Cancelled,-14100.779999999999,10204.86
TXN0001044,2026-02-25,D004,R001,CONSULTING,115763.33,104242.27,98117.81,111738.01,21,Completed,-11521.059999999998,13620.199999999997
TXN0001045,2026-01-06,D004,R001,SUBSCRIPTION,237847.19,225880.01,86678.47,104871.24,116,Cancelled,-11967.179999999993,18192.770000000004
TXN0001046,2024-12-20,D006,R003,SERVICES,145517.89,120238.71,73551.23,95606.0,174,Completed,-25279.180000000008,22054.770000000004
TXN0001047,2026-06-08,D010,R001,SOFTWARE,153601.91,153844.68,113100.25,100710.03,88,Cancelled,242.76999999998952,-12390.220000000001
TXN0001048,2025-09-22,D002,R002,SERVICES,111906.48,88420.7,101277.99,125968.19,108,Completed,-23485.78,24690.199999999997
TXN0001049,2026-02-15,D010,R002,SUBSCRIPTION,156860.13,178875.87,90495.0,94589.12,88,Pending,22015.73999999999,4094.1199999999953
TXN0001050,2024-01-01,D001,R001,SERVICES,112199.75,81337.62,96159.53,105878.51,42,Completed,-30862.130000000005,9718.979999999996
TXN0001051,2026-04-07,D008,R004,CONSULTING,97377.2,105011.56,68810.06,85815.54,55,Completed,7634.360000000001,17005.479999999996
TXN0001052,2025-09-15,D006,R003,SUPPORT,65805.14,71078.9,36309.26,39568.07,116,Completed,5273.759999999995,3258.8099999999977
TXN0001053,2026-11-11,D002,R002,SUBSCRIPTION,133462.21,113357.94,81858.34,82428.34,108,Completed,-20104.26999999999,570.0
TXN0001054,2026-05-01,D005,R005,SOFTWARE,135236.43,133069.37,78351.42,74006.07,33,Completed,-2167.0599999999977,-4345.349999999991
TXN0001055,2026-03-18,D001,R001,SUPPORT,110143.17,108103.04,65806.67,63170.93,165,Completed,-2040.1300000000047,-2635.739999999998
TXN0001056,2025-08-03,D007,R004,CONSULTING,110214.46,98219.6,67515.74,60047.15,174,Completed,-11994.86,-7468.590000000004
TXN0001057,2026-02-26,D008,R004,SUBSCRIPTION,170378.62,160024.7,76886.71,82101.85,97,Pending,-10353.919999999984,5215.139999999999
TXN0001058,2024-09-14,D003,R003,SUPPORT,76757.99,79178.24,57827.36,53369.77,39,Completed,2420.25,-4457.590000000004
TXN0001059,2026-09-23,D002,R002,SERVICES,102734.82,81826.14,107742.82,104395.31,173,Pending,-20908.680000000008,-3347.5100000000093
TXN0001060,2026-01-05,D003,R003,SUPPORT,86310.94,87934.41,61296.34,62285.22,121,Cancelled,1623.4700000000012,988.8800000000047
TXN0001061,2026-09-11,D007,R004,CONSULTING,89649.07,103284.14,89151.21,67507.96,113,Cancelled,13635.069999999992,-21643.25
TXN0001062,2025-01-15,D008,R004,SERVICES,138230.45,145673.26,50697.02,40106.34,113,Cancelled,7442.809999999998,-10590.68
TXN0001063,2025-04-29,D001,R001,SUPPORT,75521.31,81538.17,51585.91,48571.16,133,Completed,6016.860000000001,-3014.75
TXN0001064,2026-01-21,D007,R004,SUBSCRIPTION,174565.18,183535.58,88751.5,98847.57,13,Completed,8970.399999999994,10096.070000000007
TXN0001065,2024-08-19,D010,R002,HARDWARE,251594.89,295017.96,101536.16,82977.36,153,Pending,43423.07000000001,-18558.800000000003
TXN0001066,2026-12-14,D002,R002,SUPPORT,110287.0,103782.88,56419.44,49829.48,76,Pending,-6504.119999999995,-6589.959999999999
TXN0001067,2026-08-25,D009,R005,SERVICES,95840.1,108204.05,73294.08,96653.44,166,Completed,12363.949999999997,23359.36
TXN0001068,2024-04-18,D009,R001,HARDWARE,181718.61,209882.07,126531.31,97926.1,92,Cancelled,28163.46000000002,-28605.209999999992
TXN0001069,2026-08-18,D001,R001,SUBSCRIPTION,208195.13,216160.34,96361.15,109212.61,151,Completed,7965.209999999992,12851.460000000006
TXN0001070,2025-08-15,D007,R004,HARDWARE,167693.22,137518.21,162896.52,134391.22,47,Completed,-30175.01000000001,-28505.29999999999
TXN0001071,2025-06-17,D010,R002,SUPPORT,97984.72,106682.08,62335.71,57800.53,20,Pending,8697.36,-4535.18
TXN0001072,2025-08-20,D010,R002,SOFTWARE,184425.76,164512.37,110446.78,83083.9,164,Completed,-19913.390000000014,-27362.880000000005
TXN0001073,2026-01-11,D005,R002,SERVICES,152493.62404958677,193828.89,96670.69,101720.26,24,Completed,41335.265950413246,5049.569999999992
TXN0001074,2025-07-17,D005,R002,HARDWARE,187823.19,184836.43,193842.9,204265.27,70,Completed,-2986.7600000000093,10422.369999999995
TXN0001075,2024-05-11,D002,R002,SUBSCRIPTION,184512.37,157544.71,107623.53,123769.77,173,Pending,-26967.660000000003,16146.240000000005
TXN0001076,2025-04-28,D006,R003,HARDWARE,247159.97,241936.3,95033.45,112902.37,129,Completed,-5223.670000000013,17868.92
TXN0001077,2024-06-21,D009,R001,HARDWARE,229498.37,260792.33,156282.39,155435.64,42,Cancelled,31293.959999999992,-846.75
TXN0001078,2026-02-23,D003,R003,CONSULTING,160784.08,162958.79,92964.0,59591.94,65,Pending,2174.710000000021,-33372.06
TXN0001079,2025-07-12,D003,R003,SUPPORT,98711.84,77349.81,57696.23,76146.44,18,Completed,-21362.03,18450.21
TXN0001080,2026-02-09,D002,R006,CONSULTING,144429.39,146769.14,78085.07,78431.67,82,Pending,2339.75,346.59999999999127
TXN0001081,2026-09-03,D009,R001,SUPPORT,71951.88,71180.94,49447.81,45355.81,126,Completed,-770.9400000000023,-4092.0
TXN0001082,2024-01-25,D003,R003,CONSULTING,117773.92,117480.32,56718.79,66584.08,78,Pending,-293.59999999999127,9865.29
TXN0001083,2024-03-25,D007,R004,SUBSCRIPTION,165748.78,166431.68,105756.19,111743.6,29,Cancelled,682.8999999999942,5987.4100000000035
TXN0001084,2025-12-07,D006,R003,CONSULTING,121684.84,152398.49,87721.33,100043.16,90,Completed,30713.649999999994,12321.830000000002
TXN0001085,2026-12-03,D005,R002,HARDWARE,207416.67,190119.78,147704.62,151684.58,123,Completed,-17296.890000000014,3979.959999999992
TXN0001086,2025-11-22,D010,R002,SUBSCRIPTION,112943.02,94775.89,83882.43,88326.16,178,Completed,-18167.130000000005,4443.7300000000105
TXN0001087,2024-01-18,D006,R003,SUBSCRIPTION,103973.2,88210.86,40084.23,37072.2,22,Completed,-15762.339999999997,-3012.030000000006
TXN0001088,2026-02-07,D007,R004,SOFTWARE,210912.36,211701.27,131445.25,136185.19,94,Completed,788.9100000000035,4739.940000000002
TXN0001089,2024-02-18,D005,R002,SOFTWARE,180064.05,189979.75,136978.57,138727.16,163,Completed,9915.700000000012,1748.5899999999965
TXN0001090,2025-03-20,D001,R001,SUPPORT,84117.27,155988.0,62518.74,67901.07,158,Completed,71870.73,5382.330000000009
TXN0001091,2024-09-23,D002,R002,SUBSCRIPTION,236089.94,250571.04,98612.63,130797.23,101,Cancelled,14481.100000000006,32184.59999999999
TXN0001092,2025-12-01,D003,R003,SUPPORT,84082.45,65939.13,76014.12,89830.12,69,Completed,-18143.319999999992,13816.0
TXN0001093,2026-07-17,D008,R004,SOFTWARE,208096.87,174789.88,101246.56,109795.9,75,Pending,-33306.98999999999,8549.339999999997
TXN0001094,2025-07-21,D006,R003,SOFTWARE,185993.05,155988.0,117968.51,119927.05,20,Pending,-30005.04999999999,1958.5400000000081
TXN0001095,2025-12-06,D007,R004,SOFTWARE,136695.18,123240.25,133525.17,97547.07,72,Completed,-13454.929999999993,-35978.100000000006
TXN0001096,2026-03-15,D008,R005,SUBSCRIPTION,195173.29,138538.27,91929.0,84518.34,50,Pending,-56635.02000000002,-7410.6600000000035
TXN0001097,2025-03-23,D002,R002,CONSULTING,130945.73,130132.21,75509.54,95513.97,162,Completed,-813.5199999999895,20004.430000000008
TXN0001098,2024-12-03,D008,R004,SOFTWARE,182337.76,184015.67,122992.98,105074.33,23,Completed,1677.9100000000035,-17918.649999999994
TXN0001099,2024-08-02,D010,R002,CONSULTING,111773.23,114002.86,78804.23,72578.8,132,Completed,2229.6300000000047,-6225.429999999993
TXN0001100,2026-10-03,D001,R001,SUPPORT,127872.81,121390.42,47425.34,51755.57,73,Completed,-6482.389999999999,4330.230000000003
TXN0001101,2024-08-01,D006,R003,SUBSCRIPTION,173840.9,165196.67,77428.96,72867.25,136,Pending,-8644.229999999981,-4561.710000000006
TXN0001102,2025-02-28,D008,R004,SUPPORT,98941.82,111040.53,51971.94,46198.11,143,Completed,12098.709999999992,-5773.830000000002
TXN0001103,2026-09-14,D001,R001,SUPPORT,114791.42,118740.75,48152.77,47359.28,36,Cancelled,3949.3300000000017,-793.489999999998
TXN0001104,2025-11-13,D009,R001,HARDWARE,231957.65,224898.3,132300.15,132261.63,179,Completed,-7059.350000000006,-38.51999999998952
TXN0001105,2026-12-30,D007,R005,HARDWARE,263160.24,298372.8,131748.53,138069.57,92,Completed,35212.56,6321.040000000008
TXN0001106,2025-02-19,D008,R004,HARDWARE,219343.89,219904.0,160853.13,206952.75,50,Cancelled,560.109999999986,46099.619999999995
TXN0001107,2025-01-26,D001,R001,SUPPORT,66062.68,63279.77,57266.89,58214.63,81,Pending,-2782.909999999996,947.739999999998
TXN0001108,2026-09-23,D002,R002,HARDWARE,248693.83,227403.2,155404.86,106566.99,26,Pending,-21290.629999999976,-48837.86999999998
TXN0001109,2024-02-21,D004,R001,SERVICES,142327.9,131744.85,63721.14,95606.0,156,Completed,-10583.049999999988,31884.86
TXN0001110,2025-09-22,D008,R004,SUBSCRIPTION,123965.46,131235.53,67931.74,77567.11,132,Cancelled,7270.069999999992,9635.369999999995
TXN0001111,2024-03-16,D008,R004,SOFTWARE,174752.66,182491.1,117716.06,97779.96,91,Completed,7738.440000000002,-19936.09999999999
TXN0001112,2026-10-04,D006,R003,SOFTWARE,190934.42,187117.75,105365.78,107116.01,35,Completed,-3816.670000000013,1750.229999999996
TXN0001113,2024-01-11,D009,R001,SUPPORT,105619.33,111736.53,52312.09,49618.49,153,Completed,6117.199999999997,-2693.5999999999985
TXN0001114,2024-09-02,D002,R005,CONSULTING,134378.04,159949.74,90192.19,95606.0,125,Cancelled,25571.699999999983,5413.809999999998
TXN0001115,2024-09-24,D001,R001,SUPPORT,79084.6,73933.61,63426.33,61109.38,8,Completed,-5150.990000000005,-2316.9500000000044
TXN0001116,2026-07-23,D001,R001,SOFTWARE,170318.23,135684.67,103694.9,86424.08,161,Completed,-34633.56,-17270.819999999992
TXN0001117,2026-10-15,D010,R005,SOFTWARE,254257.93,266637.25,142867.33,140578.41,157,Cancelled,12379.320000000007,-2288.9199999999837
TXN0001118,2025-11-21,D004,R005,CONSULTING,123576.34,121193.58,67977.46,74208.12,178,Pending,-2382.7599999999948,6230.659999999989
TXN0001119,2024-08-10,D006,R003,SUPPORT,75523.76,68525.84,40555.85,45597.87,87,Completed,-6997.919999999998,5042.020000000004
TXN0001120,2024-09-05,D001,R001,HARDWARE,267492.26,288124.45,144251.18,139464.88,35,Completed,20632.190000000002,-4786.299999999988
TXN0001121,2026-01-27,D003,R003,SERVICES,104064.34,97369.93,90356.68,102674.03,146,Completed,-6694.4100000000035,12317.350000000006
TXN0001122,2024-03-24,D008,R004,SUBSCRIPTION,154699.87,173863.87,54175.36,53280.95,39,Completed,19164.0,-894.4100000000035
TXN0001123,2024-02-02,D010,R002,SERVICES,120950.04,106641.32,89902.01,91262.34,129,Completed,-14308.719999999987,1360.3300000000017
TXN0001124,2025-04-08,D001,R005,SUPPORT,80200.51,86131.27,59380.54,70502.15,111,Pending,5930.760000000009,11121.609999999993
TXN0001125,2025-08-07,D003,R003,SUPPORT,80770.88,79380.12,51851.11,49592.02,138,Pending,-1390.7600000000093,-2259.090000000004
TXN0001126,2024-03-18,D007,R004,SERVICES,175022.06,195656.11,66705.15,95606.0,157,Completed,20634.04999999999,28900.850000000006
TXN0001127,2025-08-09,D008,R004,SOFTWARE,225891.74,284818.65,123609.02,121751.32,94,Pending,58926.91000000003,-1857.699999999997
TXN0001128,2024-08-28,D001,R001,SERVICES,141848.09,148329.82,98175.27,115423.76,140,Completed,6481.7300000000105,17248.48999999999
TXN0001129,2026-05-11,D010,R002,SUBSCRIPTION,157351.31,172617.77,74420.43,52922.01,61,Pending,15266.459999999992,-21498.41999999999
TXN0001130,2024-08-18,D004,R001,SERVICES,109528.19,145347.37,85771.69,102101.78,43,Pending,35819.17999999999,16330.089999999997
TXN0001131,2024-03-29,D008,R004,SUPPORT,80373.78,90411.96,49577.94,47893.2,18,Completed,10038.180000000008,-1684.7400000000052
TXN0001132,2025-11-15,D005,R002,HARDWARE,210439.35,231525.19,179029.36,209820.38,162,Pending,21085.839999999997,30791.02000000002
TXN0001133,2024-12-26,D001,R001,SOFTWARE,149895.98,121319.19,90041.24,81900.1,45,Completed,-28576.790000000008,-8141.139999999999
TXN0001134,2025-04-26,D008,R004,SOFTWARE,211065.65,159052.97,129847.28,173106.68,118,Cancelled,-52012.67999999999,43259.399999999994
TXN0001135,2025-10-29,D010,R002,SERVICES,119574.68,125712.61,96654.87,73712.74,63,Completed,6137.930000000008,-22942.12999999999
TXN0001136,2026-04-24,D006,R003,SERVICES,108762.38,128306.44,93266.63,105458.2,56,Pending,19544.059999999998,12191.569999999992
TXN0001137,2026-06-11,D004,R006,SOFTWARE,211016.68,208223.97,108132.8,130099.44,42,Completed,-2792.709999999992,21966.64
TXN0001138,2026-03-02,D010,R002,CONSULTING,113939.86,137991.03,58821.25,57982.66,39,Pending,24051.17,-838.5899999999965
TXN0001139,2025-02-18,D004,R001,HARDWARE,272200.6,249416.43,113490.34,100359.25,90,Completed,-22784.169999999984,-13131.089999999997
TXN0001140,2025-07-28,D001,R001,SOFTWARE,202385.52,195719.11,102171.4,132322.69,39,Completed,-6666.4100000000035,30151.290000000008
TXN0001141,2025-04-12,D008,R004,SERVICES,136379.78,172145.27,82754.9,91219.88,61,Completed,35765.48999999999,8464.98000000001
TXN0001142,2024-12-14,D010,R002,SUPPORT,71054.41,66180.9,48655.46,52704.09,152,Cancelled,-4873.510000000009,4048.6299999999974
TXN0001143,2026-09-28,D004,R001,SUBSCRIPTION,100178.95,87494.38,86612.06,85545.61,60,Cancelled,-12684.569999999992,-1066.449999999997
TXN0001144,2024-01-30,D008,R004,HARDWARE,255575.04,306145.54,171094.82,178039.53,114,Completed,50570.49999999997,6944.709999999992
TXN0001145,2025-03-31,D004,R001,SUBSCRIPTION,152905.54,151248.34,56858.81,49359.46,156,Completed,-1657.2000000000116,-7499.3499999999985
TXN0001146,2024-03-31,D010,R002,CONSULTING,150175.13,191365.8,91497.05,108561.0,15,Pending,41190.669999999984,17063.949999999997
TXN0001147,2024-07-19,D009,R006,CONSULTING,133047.38,143336.44,76784.39,83929.28,120,Pending,10289.059999999998,7144.889999999999
TXN0001148,2026-12-04,D004,R001,SOFTWARE,163308.46,187629.06,107773.27,106904.12,60,Completed,24320.600000000006,-869.1500000000087
TXN0001149,2024-04-07,D006,R003,SUPPORT,103648.73,97924.21,61643.64,58948.53,9,Pending,-5724.5199999999895,-2695.1100000000006
TXN0001150,2024-02-19,D005,R002,CONSULTING,104686.8,100712.19,85840.66,85773.92,121,Pending,-3974.6100000000006,-66.74000000000524
TXN0001151,2025-01-13,D003,R003,CONSULTING,132427.56,130599.17,66101.63,49126.16,99,Pending,-1828.3899999999994,-16975.47
TXN0001152,2026-02-27,D001,R001,SOFTWARE,196894.96,248873.84,133530.66,131660.8,90,Cancelled,51978.880000000005,-1869.8600000000151
TXN0001153,2025-02-28,D001,R001,HARDWARE,237403.65,155988.0,142719.21,135919.82,180,Completed,-81415.65,-6799.389999999985
TXN0001154,2024-04-22,D010,R001,SUPPORT,69192.93,90336.15,67987.74,48447.19,136,Completed,21143.22,-19540.550000000003
TXN0001155,2026-11-08,D001,R001,HARDWARE,174973.5,170128.33,125933.9,147780.18,163,Completed,-4845.170000000013,21846.28
TXN0001156,2024-05-17,D006,R003,SUPPORT,76806.75,74543.54,68207.42,72678.64,148,Completed,-2263.2100000000064,4471.220000000001
TXN0001157,2024-08-20,D003,R003,SERVICES,102664.16,76650.74,66783.21,69166.41,171,Pending,-26013.42,2383.199999999997
TXN0001158,2025-05-03,D010,R002,SUPPORT,98186.46,93206.43,59644.99,60435.89,62,Completed,-4980.030000000013,790.9000000000015
TXN0001159,2026-05-16,D006,R003,SUBSCRIPTION,182583.42,144815.71,77068.41,66159.64,75,Completed,-37767.71000000002,-10908.770000000004
TXN0001160,2026-09-22,D002,R002,CONSULTING,74312.15,79966.92,80085.37,76601.53,133,Cancelled,5654.770000000004,-3483.8399999999965
TXN0001161,2026-12-27,D002,R002,SUBSCRIPTION,116612.07,119139.92,75538.22,74474.48,79,Pending,2527.8499999999913,-1063.7400000000052
TXN0001162,2024-05-14,D010,R002,SUPPORT,83831.63,102956.56,43828.71,44732.18,53,Pending,19124.929999999993,903.4700000000012
TXN0001163,2025-08-13,D002,R002,SERVICES,118587.03,109310.49,78431.42,89126.18,24,Completed,-9276.539999999994,10694.759999999995
TXN0001164,2024-10-30,D003,R003,SUPPORT,92095.76,101355.36,34049.5,31365.44,132,Completed,9259.600000000006,-2684.0600000000013
TXN0001165,2024-02-16,D004,R001,SUPPORT,86046.74,73053.91,57593.53,61771.67,80,Pending,-12992.830000000002,4178.139999999999
TXN0001166,2025-11-12,D009,R001,CONSULTING,105064.09,110227.91,71955.83,71276.41,112,Pending,5163.820000000007,-679.4199999999983
TXN0001167,2024-02-15,D001,R001,SOFTWARE,193033.49,165185.01,133249.53,142831.6,64,Cancelled,-27848.47999999998,9582.070000000007
TXN0001168,2025-02-28,D006,R003,HARDWARE,179367.2,189544.48,153849.07,95606.0,129,Cancelled,10177.279999999999,-58243.07000000001
TXN0001169,2026-07-26,D009,R001,CONSULTING,152613.66,145731.45,61284.45,63564.21,82,Cancelled,-6882.209999999992,2279.760000000002
TXN0001170,2024-12-17,D003,R003,HARDWARE,270235.9,210829.1,156400.78,145895.52,71,Completed,-59406.80000000002,-10505.26000000001
TXN0001171,2024-06-04,D008,R004,HARDWARE,281429.31,282709.07,165469.05,141531.24,42,Completed,1279.7600000000093,-23937.809999999998
TXN0001172,2024-11-25,D005,R002,SERVICES,182647.13,180697.45,86962.84,84968.83,142,Completed,-1949.679999999993,-1994.0099999999948
TXN0001173,2024-10-11,D003,R003,SUPPORT,152493.62404958677,87848.55,62102.01,71326.37,46,Completed,-64645.074049586765,9224.359999999993
TXN0001174,2024-09-16,D002,R006,SUBSCRIPTION,160564.47,209227.66,78445.01,84023.41,117,Completed,48663.19,5578.400000000009
TXN0001175,2024-12-03,D006,R003,SUBSCRIPTION,204364.71,142754.27,108077.04,127241.67,175,Completed,-61610.44,19164.630000000005
TXN0001176,2024-11-28,D006,R003,CONSULTING,103603.55,82371.84,84462.53,79662.59,141,Completed,-21231.710000000006,-4799.940000000002
TXN0001177,2026-10-19,D002,R002,CONSULTING,131301.02,131713.23,43477.26,41484.99,42,Pending,412.21000000002095,-1992.270000000004
TXN0001178,2026-05-11,D006,R003,SUPPORT,64413.13,74016.7,47802.55,57517.97,89,Completed,9603.57,9715.419999999998
TXN0001179,2024-10-28,D008,R004,SUBSCRIPTION,171445.03,157037.34,79236.64,81655.47,149,Pending,-14407.690000000002,2418.8300000000017
TXN0001180,2026-07-09,D006,R003,SUPPORT,101101.7,115571.06,67337.68,69228.42,15,Completed,14469.36,1890.7400000000052
TXN0001181,2026-02-04,D009,R001,SOFTWARE,179291.84,180864.24,122447.27,146485.36,163,Completed,1572.3999999999942,24038.089999999982
TXN0001182,2024-04-22,D008,R004,HARDWARE,214733.07,293716.8,114355.3,128783.96,160,Completed,78983.72999999998,14428.660000000003
TXN0001183,2025-04-02,D010,R002,HARDWARE,226286.74,210416.69,171819.35,157983.12,10,Completed,-15870.049999999988,-13836.23000000001
TXN0001184,2024-06-27,D009,R001,SUPPORT,85335.92,84248.09,57156.34,56241.0,136,Pending,-1087.8300000000017,-915.3399999999965
TXN0001185,2026-11-13,D004,R001,SUBSCRIPTION,201217.18,155988.0,86255.48,71664.88,19,Completed,-45229.17999999999,-14590.599999999991
TXN0001186,2026-01-27,D007,R004,CONSULTING,158070.15,155988.0,68433.19,65216.75,103,Completed,-2082.149999999994,-3216.4400000000023
TXN0001187,2025-09-22,D001,R001,SUBSCRIPTION,150090.65,158121.71,185389.84,165589.02,119,Cancelled,8031.059999999998,-19800.820000000007
TXN0001188,2026-01-05,D002,R002,CONSULTING,123657.78,154233.33,55307.74,54772.5,118,Completed,30575.54999999999,-535.239999999998
TXN0001189,2026-04-28,D003,R003,CONSULTING,107288.58,140738.1,78472.85,85322.5,40,Cancelled,33449.520000000004,6849.649999999994
TXN0001190,2025-09-13,D010,R002,SERVICES,109100.28,129763.21,114874.39,149330.87,126,Cancelled,20662.930000000008,34456.479999999996
TXN0001191,2024-01-14,D006,R006,SOFTWARE,215300.99,198176.28,151631.18,149446.22,109,Completed,-17124.709999999992,-2184.959999999992
TXN0001192,2024-07-10,D007,R004,CONSULTING,133221.37,135089.04,75523.79,78437.83,56,Completed,1867.6700000000128,2914.040000000008
TXN0001193,2024-03-27,D007,R004,CONSULTING,111702.08,116437.3,81351.13,77406.36,82,Cancelled,4735.220000000001,-3944.770000000004
TXN0001194,2026-07-08,D005,R002,SUPPORT,77682.11,70037.93,51536.22,54021.79,62,Completed,-7644.180000000008,2485.5699999999997
TXN0001195,2026-08-25,D001,R001,HARDWARE,176478.05,153750.69,186682.63,193380.16,36,Completed,-22727.359999999986,6697.529999999999
TXN0001196,2025-05-16,D007,R004,SUPPORT,98957.06,105820.6,46757.99,53013.84,12,Completed,6863.540000000008,6255.8499999999985
TXN0001197,2026-10-01,D005,R002,SOFTWARE,155718.92,155923.16,115944.68,120384.88,153,Pending,204.2399999999907,4440.200000000012
TXN0001198,2026-01-09,D010,R002,HARDWARE,215591.77,283289.26,151938.79,171074.16,35,Completed,67697.49000000002,19135.369999999995
TXN0001199,2025-06-15,D009,R001,SOFTWARE,208001.65,202817.72,62347.23,40824.13,46,Cancelled,-5183.929999999993,-21523.100000000006
TXN0001200,2024-04-10,D001,R001,CONSULTING,96796.11,112519.92,73386.15,75031.75,96,Completed,15723.809999999998,1645.6000000000058
TXN0001201,2025-12-30,D001,R001,CONSULTING,133302.87,100658.35,77511.31,78322.98,17,Completed,-32644.51999999999,811.6699999999983
TXN0001202,2026-11-18,D005,R002,SOFTWARE,180987.44,164238.52,94208.35,84082.77,54,Completed,-16748.920000000013,-10125.580000000002
TXN0001203,2025-10-22,D002,R002,SERVICES,158022.39,145470.9,84304.79,110083.46,85,Completed,-12551.49000000002,25778.670000000013
TXN0001204,2026-12-01,D005,R002,SUPPORT,81642.33,83345.66,46856.55,44373.01,29,Cancelled,1703.3300000000017,-2483.540000000001
TXN0001205,2024-01-27,D010,R002,SERVICES,134007.26,128870.21,91343.47,99743.63,40,Cancelled,-5137.050000000003,8400.160000000003
TXN0001206,2026-04-23,D005,R002,CONSULTING,99578.38,133415.78,65982.14,85330.35,92,Completed,33837.399999999994,19348.210000000006
TXN0001207,2025-03-28,D002,R002,SUBSCRIPTION,96070.4,85738.85,69844.59,68564.32,53,Cancelled,-10331.549999999988,-1280.2699999999895
TXN0001208,2026-12-25,D010,R002,SUBSCRIPTION,202112.93,223419.29,85817.46,91133.45,146,Completed,21306.360000000015,5315.989999999991
TXN0001209,2024-08-26,D007,R004,SOFTWARE,116389.43,114626.76,118110.52,135470.4,38,Completed,-1762.6699999999983,17359.87999999999
TXN0001210,2026-12-01,D008,R004,SUPPORT,118262.26,137201.73,62566.54,60210.68,40,Pending,18939.470000000016,-2355.8600000000006
TXN0001211,2024-12-18,D010,R002,HARDWARE,200234.1,191039.54,172774.3,162388.13,82,Completed,-9194.559999999998,-10386.169999999984
TXN0001212,2024-10-18,D007,R002,SUPPORT,117240.18,98350.75,47221.95,50704.35,63,Completed,-18889.429999999993,3482.4000000000015
TXN0001213,2026-05-20,D003,R003,SOFTWARE,206299.26,193982.92,115841.76,119904.26,33,Completed,-12316.339999999997,4062.5
TXN0001214,2024-03-28,D001,R001,CONSULTING,89720.26,155988.0,57851.66,58270.01,55,Completed,66267.74,418.34999999999854
TXN0001215,2024-01-05,D001,R001,SUBSCRIPTION,145421.76,132094.92,87414.99,101843.97,125,Completed,-13326.839999999997,14428.979999999996
TXN0001216,2024-01-22,D005,R006,SUPPORT,58546.6,74759.78,34012.83,39462.56,29,Completed,16213.18,5449.729999999996
TXN0001217,2025-01-13,D010,R001,SERVICES,160657.44,158402.53,82341.57,87864.95,176,Completed,-2254.9100000000035,5523.37999999999
TXN0001218,2025-07-22,D001,R001,SUPPORT,124596.51,124481.13,57481.9,60429.75,153,Completed,-115.3799999999901,2947.8499999999985
TXN0001219,2025-10-05,D006,R003,SUBSCRIPTION,96133.38,107483.16,73178.24,72881.21,134,Cancelled,11349.779999999999,-297.02999999999884
TXN0001220,2024-01-29,D002,R002,SUBSCRIPTION,183734.16,242872.09,87636.25,77151.54,140,Completed,59137.92999999999,-10484.710000000006
TXN0001221,2024-09-01,D004,R001,SERVICES,141458.17,135609.54,81387.94,89746.82,30,Completed,-5848.630000000005,8358.880000000005
TXN0001222,2026-01-20,D009,R001,CONSULTING,100274.38,155988.0,84359.11,80825.85,155,Completed,55713.619999999995,-3533.2599999999948
TXN0001223,2025-05-01,D008,R004,SOFTWARE,173513.48,181892.98,134626.41,146772.83,95,Pending,8379.5,12146.419999999984
TXN0001224,2026-04-14,D007,R004,SERVICES,116086.39,111248.1,72666.12,70782.59,33,Completed,-4838.289999999994,-1883.5299999999988
TXN0001225,2024-05-10,D002,R002,SUBSCRIPTION,133782.66,125906.69,100010.38,92848.74,131,Completed,-7875.970000000001,-7161.639999999999
TXN0001226,2024-06-17,D005,R002,SOFTWARE,152868.05,138723.4,72918.75,64943.34,88,Pending,-14144.649999999994,-7975.4100000000035
TXN0001227,2025-09-30,D002,R002,CONSULTING,124946.7,120607.09,69389.74,74552.93,180,Pending,-4339.610000000001,5163.189999999988
TXN0001228,2026-05-26,D004,R001,HARDWARE,249671.59,306418.87,131138.49,115330.54,53,Completed,56747.28,-15807.949999999997
TXN0001229,2025-02-01,D008,R004,HARDWARE,213155.31,185965.31,134890.26,142267.46,8,Pending,-27190.0,7377.1999999999825
TXN0001230,2024-06-23,D002,R002,SUBSCRIPTION,171115.94,167416.01,73056.31,75780.3,35,Completed,-3699.929999999993,2723.9900000000052
TXN0001231,2024-07-27,D007,R004,SUBSCRIPTION,141676.76,157300.58,81863.13,87529.94,48,Completed,15623.819999999978,5666.809999999998
TXN0001232,2025-02-14,D006,R003,HARDWARE,223645.38,213785.71,156048.78,159472.99,157,Pending,-9859.670000000013,3424.209999999992
TXN0001233,2026-10-19,D002,R002,CONSULTING,125723.22,134023.65,55014.62,56875.59,76,Cancelled,8300.429999999993,1860.969999999994
TXN0001234,2026-03-30,D010,R002,SUPPORT,79985.8,91745.04,62906.9,62213.62,96,Pending,11759.23999999999,-693.2799999999988
TXN0001235,2026-11-13,D010,R002,CONSULTING,124740.91,122108.13,88532.82,97792.81,76,Completed,-2632.779999999999,9259.98999999999
TXN0001236,2026-09-29,D008,R004,HARDWARE,236198.97,224343.14,160465.77,152043.41,132,Completed,-11855.829999999987,-8422.359999999986
TXN0001237,2026-10-17,D003,R005,SOFTWARE,197852.95,183371.05,97090.72,94954.1,178,Completed,-14481.900000000023,-2136.6199999999953
TXN0001238,2025-10-31,D003,R003,SUBSCRIPTION,78190.86,58801.96,53336.67,59975.77,44,Completed,-19388.9,6639.0999999999985
TXN0001239,2026-11-30,D010,R002,SOFTWARE,159481.96,155988.0,92964.0,115691.11,131,Pending,-3493.959999999992,22727.11
TXN0001240,2026-01-10,D004,R001,CONSULTING,109080.07,136021.43,69448.31,76443.57,134,Completed,26941.359999999986,6995.260000000009
TXN0001241,2024-06-02,D009,R001,SUBSCRIPTION,158810.81,120403.35,68767.16,72403.53,13,Pending,-38407.45999999999,3636.3699999999953
TXN0001242,2026-09-02,D002,R002,HARDWARE,236728.42,261994.04,134184.42,116005.95,118,Pending,25265.619999999995,-18178.470000000016
TXN0001243,2024-02-12,D001,R006,SUPPORT,76074.26,73602.72,47162.99,48779.16,130,Pending,-2471.5399999999936,1616.1700000000055
TXN0001244,2026-09-25,D003,R003,CONSULTING,149047.83,166745.33,60362.24,59059.18,33,Cancelled,17697.5,-1303.0599999999977
TXN0001245,2026-08-20,D008,R004,SUPPORT,94169.44,109851.33,49448.55,41936.93,126,Cancelled,15681.89,-7511.620000000003
TXN0001246,2025-06-23,D003,R003,CONSULTING,79272.04,72593.89,59929.88,59659.41,131,Cancelled,-6678.149999999994,-270.4699999999939
TXN0001247,2025-05-08,D007,R004,HARDWARE,189018.78,196753.67,164793.44,217019.0,87,Completed,7734.890000000014,52225.56
TXN0001248,2026-01-20,D001,R001,SERVICES,176453.39,142285.83,78745.91,64872.63,94,Cancelled,-34167.56000000003,-13873.280000000006
TXN0001249,2025-11-29,D001,R001,SUPPORT,83050.51,81574.45,63489.98,69047.39,102,Completed,-1476.0599999999977,5557.409999999996
TXN0001250,2026-04-23,D007,R004,HARDWARE,147194.66,117463.12,165836.32,219661.91,94,Completed,-29731.540000000008,53825.59
TXN0001251,2025-01-10,D004,R001,SUPPORT,68414.34,64821.2,65306.28,60140.72,156,Completed,-3593.1399999999994,-5165.559999999998
TXN0001252,2025-11-22,D002,R002,SOFTWARE,183062.69,253521.96,141787.17,102514.25,48,Completed,70459.26999999999,-39272.92000000001
TXN0001253,2026-05-15,D009,R001,CONSULTING,150125.33,139090.69,78822.27,92279.55,150,Cancelled,-11034.639999999985,13457.279999999999
TXN0001254,2026-08-19,D007,R004,SUPPORT,80628.95,99367.34,54318.05,53118.3,155,Completed,18738.39,-1199.75
TXN0001255,2025-10-22,D006,R003,CONSULTING,168020.12,169625.11,90154.97,106725.02,151,Completed,1604.9899999999907,16570.050000000003
TXN0001256,2025-02-25,D008,R004,SUPPORT,115276.14,121195.91,37825.89,35591.59,91,Pending,5919.770000000004,-2234.300000000003
TXN0001257,2025-11-26,D009,R001,SUPPORT,69682.59,73782.78,50115.85,48986.04,47,Cancelled,4100.190000000002,-1129.8099999999977
TXN0001258,2025-02-17,D005,R002,CONSULTING,138231.73,143371.4,87702.12,91181.71,132,Completed,5139.669999999984,3479.590000000011
TXN0001259,2024-07-04,D009,R001,HARDWARE,250453.65,327490.31,132764.57,119798.73,81,Cancelled,77036.66,-12965.840000000011
TXN0001260,2024-07-07,D007,R004,SUBSCRIPTION,180584.67,217963.03,86634.37,104501.96,153,Completed,37378.359999999986,17867.59000000001
TXN0001261,2026-12-23,D010,R002,SOFTWARE,223628.92,229913.2,135408.6,179252.33,126,Pending,6284.279999999999,43843.72999999998
TXN0001262,2025-10-09,D004,R001,SOFTWARE,169986.25,148680.05,117124.89,115025.27,134,Completed,-21306.20000000001,-2099.6199999999953
TXN0001263,2025-02-13,D007,R004,HARDWARE,301128.85,311137.8,107288.58,95606.0,111,Pending,10008.950000000012,-11682.580000000002
TXN0001264,2025-04-01,D005,R002,CONSULTING,131985.64,133084.25,62292.47,53200.47,9,Cancelled,1098.609999999986,-9092.0
TXN0001265,2026-08-15,D003,R003,SERVICES,152623.12,152980.55,71640.39,72052.35,73,Cancelled,357.429999999993,411.9600000000064
TXN0001266,2024-02-05,D010,R002,CONSULTING,73570.01,88437.46,66483.69,85170.56,138,Completed,14867.450000000012,18686.869999999995
TXN0001267,2024-04-11,D006,R003,SERVICES,151612.09,139551.27,64296.25,73624.92,180,Completed,-12060.820000000007,9328.669999999998
TXN0001268,2025-02-20,D007,R004,SOFTWARE,138801.83,154690.29,89705.72,104590.07,110,Completed,15888.460000000021,14884.350000000006
TXN0001269,2025-04-28,D005,R002,HARDWARE,225662.43,242849.77,104956.55,79553.07,108,Completed,17187.339999999997,-25403.479999999996
TXN0001270,2025-05-17,D002,R002,SOFTWARE,229768.38,245255.3,120516.66,101922.38,84,Pending,15486.919999999984,-18594.28
TXN0001271,2026-05-14,D008,R004,CONSULTING,116351.28,122380.38,73497.87,74324.91,170,Completed,6029.100000000006,827.0400000000081
TXN0001272,2024-02-29,D004,R001,SERVICES,152493.62404958677,116232.95,101047.21,113103.05,71,Completed,-36260.67404958677,12055.839999999997
TXN0001273,2026-09-22,D009,R001,SOFTWARE,198102.65,222206.55,107246.0,109739.99,10,Completed,24103.899999999994,2493.9900000000052
TXN0001274,2024-10-05,D002,R002,HARDWARE,207765.18,208232.11,96173.68,106001.04,109,Completed,466.929999999993,9827.36
TXN0001275,2024-10-14,D002,R002,SUBSCRIPTION,82274.6,89641.57,69758.62,64588.17,65,Completed,7366.970000000001,-5170.449999999997
TXN0001276,2026-04-12,D010,R002,SOFTWARE,267829.74,266245.61,108878.08,106139.93,175,Cancelled,-1584.1300000000047,-2738.1500000000087
TXN0001277,2025-02-05,D009,R001,SOFTWARE,183325.72,154727.92,104758.79,119815.42,158,Completed,-28597.79999999999,15056.630000000005
TXN0001278,2026-09-03,D006,R003,SUBSCRIPTION,91816.64,105735.72,95094.3,80267.49,65,Pending,13919.080000000002,-14826.809999999998
TXN0001279,2025-03-14,D004,R001,SERVICES,166743.66,162036.9,79105.9,85397.81,75,Pending,-4706.760000000009,6291.9100000000035
TXN0001280,2024-04-24,D007,R004,SUBSCRIPTION,147449.26,185676.87,92964.0,76164.88,130,Cancelled,38227.609999999986,-16799.119999999995
TXN0001281,2025-10-10,D006,R003,SOFTWARE,223486.64,287455.72,75960.06,85521.47,144,Pending,63969.07999999996,9561.410000000003
TXN0001282,2024-10-23,D008,R004,HARDWARE,217055.92,226643.68,140718.41,185927.56,97,Pending,9587.75999999998,45209.149999999994
TXN0001283,2024-12-03,D006,R003,SOFTWARE,158858.08,199536.79,99243.28,120083.28,174,Completed,40678.71000000002,20840.0
TXN0001284,2025-09-25,D004,R001,CONSULTING,52527.13,49873.6,80810.48,86297.29,168,Completed,-2653.529999999999,5486.809999999998
TXN0001285,2026-06-25,D002,R002,SERVICES,154858.91,158703.69,48935.14,58795.06,104,Completed,3844.779999999999,9859.919999999998
TXN0001286,2025-08-09,D007,R004,HARDWARE,185282.8,195558.92,160322.67,152620.96,28,Completed,10276.120000000024,-7701.710000000021
TXN0001287,2026-06-17,D005,R002,SERVICES,118466.76,121535.94,79518.3,98819.53,166,Completed,3069.1800000000076,19301.229999999996
TXN0001288,2024-06-13,D007,R004,HARDWARE,190601.5,200151.46,142308.87,149647.93,130,Pending,9549.959999999992,7339.059999999998
TXN0001289,2026-05-15,D007,R004,HARDWARE,200847.12,269180.89,139275.99,138576.62,30,Completed,68333.77000000002,-699.3699999999953
TXN0001290,2026-11-05,D005,R002,HARDWARE,267008.28,248414.73,122616.88,118082.58,159,Cancelled,-18593.550000000017,-4534.300000000003
TXN0001291,2024-04-16,D006,R003,SOFTWARE,203644.64,245794.96,93614.37,107630.27,169,Completed,42150.31999999998,14015.900000000009
TXN0001292,2024-07-01,D008,R004,SERVICES,132864.57,140377.84,57459.46,78067.34,107,Completed,7513.2699999999895,20607.879999999997
TXN0001293,2024-08-14,D005,R002,SOFTWARE,204217.22,217000.75,115242.62,143306.94,45,Completed,12783.529999999999,28064.320000000007
TXN0001294,2024-09-23,D009,R001,SUPPORT,92262.36,78604.15,55572.22,64253.06,157,Pending,-13658.210000000006,8680.839999999997
TXN0001295,2024-09-30,D006,R003,SUPPORT,94555.93,108751.98,68108.47,65915.22,71,Completed,14196.050000000003,-2193.25
TXN0001296,2025-10-02,D010,R002,HARDWARE,168878.69,210960.45,135558.19,151356.26,26,Pending,42081.76000000001,15798.070000000007
TXN0001297,2025-04-04,D006,R003,CONSULTING,99923.02,98902.37,92964.0,67071.58,10,Completed,-1020.6500000000087,-25892.42
TXN0001298,2025-04-13,D009,R001,SUPPORT,89804.89,83198.84,45137.24,41177.75,27,Pending,-6606.050000000003,-3959.489999999998
TXN0001299,2024-11-04,D004,R001,SERVICES,113814.4,127368.92,107950.65,117721.89,107,Cancelled,13554.520000000004,9771.240000000005
TXN0001300,2024-01-07,D007,R004,SERVICES,133522.28,126694.45,88774.71,85490.96,99,Completed,-6827.830000000002,-3283.75
TXN0001301,2026-12-12,D010,R002,SUPPORT,76168.07,69651.06,49339.99,56774.05,116,Pending,-6517.010000000009,7434.060000000005
TXN0001302,2025-02-20,D008,R004,SUPPORT,58938.95,52134.15,42054.09,46283.77,53,Completed,-6804.799999999996,4229.68
TXN0001303,2024-09-23,D005,R002,CONSULTING,141181.29,177790.05,98128.42,103621.06,115,Completed,36608.75999999998,5492.639999999999
TXN0001304,2025-01-22,D010,R002,HARDWARE,298551.89,342039.85,145275.63,148730.99,112,Completed,43487.95999999996,3455.359999999986
TXN0001305,2025-08-17,D007,R004,SOFTWARE,208317.27,240882.42,111380.53,94344.07,72,Completed,32565.150000000023,-17036.459999999992
TXN0001306,2026-01-27,D010,R002,SERVICES,96714.66,116289.65,88211.54,113907.25,154,Pending,19574.98999999999,25695.710000000006
TXN0001307,2026-03-25,D002,R005,HARDWARE,276882.61,276155.79,128669.14,117694.66,180,Completed,-726.820000000007,-10974.479999999996
TXN0001308,2025-08-06,D007,R004,SUPPORT,77445.6,62841.73,67039.23,58908.4,23,Completed,-14603.870000000003,-8130.8299999999945
TXN0001309,2026-08-22,D009,R006,SERVICES,171492.7,186617.51,70631.64,74110.31,95,Cancelled,15124.809999999998,3478.6699999999983
TXN0001310,2024-11-01,D010,R002,SOFTWARE,84282.33,155988.0,98705.6,94888.05,69,Cancelled,71705.67,-3817.550000000003
TXN0001311,2026-01-29,D010,R002,CONSULTING,106446.23,119108.04,63124.99,60297.08,38,Cancelled,12661.809999999998,-2827.909999999996
TXN0001312,2024-12-13,D001,R001,HARDWARE,201914.77,210905.16,152864.65,168838.82,133,Pending,8990.390000000014,15974.170000000013
TXN0001313,2024-02-07,D006,R003,SERVICES,113535.3,105706.47,71776.74,63723.02,86,Cancelled,-7828.830000000002,-8053.720000000008
TXN0001314,2025-03-10,D007,R004,SOFTWARE,143779.15,154964.33,137089.87,126387.3,16,Completed,11185.179999999993,-10702.569999999992
TXN0001315,2026-08-01,D008,R004,HARDWARE,245159.04,264045.35,142270.12,129301.74,115,Completed,18886.30999999997,-12968.37999999999
TXN0001316,2026-11-24,D005,R002,HARDWARE,266658.81,292557.64,154468.75,155581.43,85,Pending,25898.830000000016,1112.679999999993
TXN0001317,2024-05-11,D003,R003,CONSULTING,178308.96,229444.48,92968.48,107830.03,147,Pending,51135.52000000002,14861.550000000003
TXN0001318,2025-04-15,D001,R001,SOFTWARE,178814.81,201319.62,79414.64,85197.96,51,Completed,22504.809999999998,5783.320000000007
TXN0001319,2026-08-14,D008,R004,SUPPORT,103795.77,92532.32,46994.81,43222.18,116,Completed,-11263.449999999997,-3772.6299999999974
TXN0001320,2026-09-20,D008,R006,SUPPORT,75412.73,73602.41,67491.21,61985.77,122,Pending,-1810.3199999999924,-5505.44000000001
TXN0001321,2024-10-09,D002,R002,SERVICES,173041.29,152523.49,96751.35,117872.05,94,Completed,-20517.800000000017,21120.699999999997
TXN0001322,2024-10-12,D007,R001,SERVICES,120856.24,126669.11,94025.59,110727.75,135,Completed,5812.869999999995,16702.160000000003
TXN0001323,2025-10-03,D010,R002,SUBSCRIPTION,209765.36,211102.02,83241.41,81786.15,154,Completed,1336.6600000000035,-1455.2600000000093
TXN0001324,2026-02-05,D009,R001,SERVICES,130085.37,140490.29,59034.91,64057.72,24,Completed,10404.920000000013,5022.809999999998
TXN0001325,2024-02-23,D008,R004,HARDWARE,242668.83,254477.41,154211.48,172726.47,77,Completed,11808.580000000016,18514.98999999999
TXN0001326,2025-10-24,D007,R004,SOFTWARE,171933.25,138709.47,115528.68,134241.07,44,Completed,-33223.78,18712.390000000014
TXN0001327,2026-09-09,D002,R002,SUPPORT,97114.23,92406.24,62331.98,70922.55,121,Completed,-4707.989999999991,8590.57
TXN0001328,2024-03-30,D010,R002,HARDWARE,221744.88,225100.78,102410.16,125691.74,172,Cancelled,3355.899999999994,23281.58
TXN0001329,2024-09-21,D008,R004,SUPPORT,79791.69,65033.67,60051.57,68654.31,59,Completed,-14758.020000000004,8602.739999999998
TXN0001330,2024-05-24,D005,R002,SOFTWARE,154980.97,164728.06,139314.62,141720.27,145,Cancelled,9747.089999999997,2405.649999999994
TXN0001331,2024-12-30,D007,R004,HARDWARE,261667.56,321059.05,147260.47,134088.49,66,Pending,59391.48999999999,-13171.98000000001
TXN0001332,2026-06-03,D002,R005,SERVICES,159707.09,159595.55,72602.0,51430.65,108,Completed,-111.54000000000815,-21171.35
TXN0001333,2026-04-06,D003,R003,CONSULTING,115362.84,113313.89,75872.74,75996.17,84,Cancelled,-2048.949999999997,123.42999999999302
TXN0001334,2026-01-22,D003,R003,SOFTWARE,169420.24,156152.56,89391.72,87600.65,136,Completed,-13267.679999999993,-1791.070000000007
TXN0001335,2026-02-09,D008,R004,CONSULTING,135378.62,139638.63,64759.81,56812.43,73,Cancelled,4260.010000000009,-7947.379999999997
TXN0001336,2026-01-24,D010,R002,CONSULTING,90938.81,91394.65,83671.45,90251.16,162,Completed,455.8399999999965,6579.710000000006
TXN0001337,2024-03-23,D007,R004,SOFTWARE,122307.73,162142.74,136448.12,154786.04,136,Completed,39835.009999999995,18337.920000000013
TXN0001338,2024-11-13,D008,R004,SUPPORT,110042.33,122720.6,52760.61,48676.91,131,Cancelled,12678.270000000004,-4083.699999999997
TXN0001339,2026-06-14,D009,R001,CONSULTING,101240.23,104230.77,63231.33,57868.8,25,Pending,2990.540000000008,-5362.529999999999
TXN0001340,2025-07-09,D005,R002,SERVICES,152493.62404958677,153049.74,84564.22,84876.72,68,Cancelled,556.1159504132229,312.5
TXN0001341,2024-05-06,D007,R004,SOFTWARE,248406.0,225499.75,94854.05,86205.49,16,Cancelled,-22906.25,-8648.559999999998
TXN0001342,2024-12-07,D002,R002,CONSULTING,146333.22,154636.5,72279.59,76094.18,123,Cancelled,8303.279999999999,3814.5899999999965
TXN0001343,2024-06-16,D005,R002,SUBSCRIPTION,95327.13,93883.97,92813.81,98518.34,133,Completed,-1443.1600000000035,5704.529999999999
TXN0001344,2025-02-01,D002,R002,CONSULTING,112427.09,98334.5,72205.21,72162.78,51,Pending,-14092.589999999997,-42.43000000000757
TXN0001345,2025-01-09,D001,R001,SUPPORT,94060.18,66771.65,62115.42,52958.33,85,Cancelled,-27288.53,-9157.089999999997
TXN0001346,2025-06-26,D008,R004,CONSULTING,111440.95,108860.37,76021.68,73357.73,92,Completed,-2580.5800000000017,-2663.949999999997
TXN0001347,2025-06-15,D004,R001,SUPPORT,45064.2,63894.67,53419.35,52619.02,177,Completed,18830.47,-800.3300000000017
TXN0001348,2026-03-19,D007,R004,SOFTWARE,204410.73,205890.01,111756.94,106109.14,34,Completed,1479.2799999999988,-5647.800000000003
TXN0001349,2026-09-04,D003,R003,CONSULTING,106992.45,108078.49,69932.31,72016.04,173,Cancelled,1086.0400000000081,2083.729999999996
TXN0001350,2026-08-01,D008,R004,SUBSCRIPTION,126095.88,110870.3,96746.98,113671.2,177,Pending,-15225.580000000002,16924.22
TXN0001351,2024-01-29,D005,R002,SERVICES,164832.07,210575.65,63432.5,63915.5,53,Completed,45743.57999999999,483.0
TXN0001352,2024-02-24,D001,R001,SERVICES,165601.62,172662.38,79514.04,80020.41,58,Pending,7060.760000000009,506.3700000000099
TXN0001353,2025-01-25,D003,R003,CONSULTING,126979.4,114663.77,70646.26,62788.27,27,Completed,-12315.62999999999,-7857.989999999998
TXN0001354,2024-02-14,D008,R004,CONSULTING,108438.57,102812.88,72219.0,51876.3,34,Completed,-5625.690000000002,-20342.699999999997
TXN0001355,2026-09-20,D003,R003,CONSULTING,142885.77,151518.23,92405.48,103284.71,125,Completed,8632.460000000021,10879.23000000001
TXN0001356,2025-08-26,D008,R004,SERVICES,158646.59,184359.37,107844.56,101421.9,150,Pending,25712.78,-6422.6600000000035
TXN0001357,2026-03-06,D001,R001,SOFTWARE,130571.48,147865.0,89686.72,103071.66,111,Pending,17293.520000000004,13384.940000000002
TXN0001358,2025-08-18,D010,R002,SUBSCRIPTION,135002.31,100892.72,86924.26,72430.42,14,Pending,-34109.59,-14493.839999999997
TXN0001359,2026-09-26,D007,R004,SUBSCRIPTION,188006.39,155988.0,102568.14,94320.9,64,Completed,-32018.390000000014,-8247.240000000005
TXN0001360,2024-10-05,D009,R006,SUBSCRIPTION,149677.98,142729.19,72360.0,83321.27,73,Pending,-6948.790000000008,10961.270000000004
TXN0001361,2025-11-12,D008,R004,SUBSCRIPTION,141563.55,116459.82,111365.91,109027.76,119,Pending,-25103.72999999998,-2338.1500000000087
TXN0001362,2025-01-28,D001,R001,SUPPORT,80896.73,62526.86,42425.64,50257.42,125,Completed,-18369.869999999995,7831.779999999999
TXN0001363,2025-11-25,D008,R004,SERVICES,139288.91,122326.16,103554.84,121869.2,159,Pending,-16962.75,18314.36
TXN0001364,2026-10-03,D003,R003,SUPPORT,96421.14,99486.62,56493.78,49490.16,111,Completed,3065.479999999996,-7003.619999999995
TXN0001365,2025-02-28,D008,R004,SERVICES,176462.99,182031.07,76012.65,75358.49,77,Completed,5568.080000000016,-654.1599999999889
TXN0001366,2024-11-16,D008,R004,SERVICES,136752.29,127523.83,78076.32,79493.87,160,Pending,-9228.460000000006,1417.5499999999884
TXN0001367,2025-09-13,D002,R002,CONSULTING,104802.66,132270.37,68248.15,48990.23,65,Completed,27467.709999999992,-19257.91999999999
TXN0001368,2025-06-18,D009,R005,HARDWARE,229324.05,242568.6,59429.93,46034.32,96,Completed,13244.550000000017,-13395.61
TXN0001369,2024-06-03,D003,R003,SUBSCRIPTION,164688.54,169435.32,111528.44,107481.19,21,Completed,4746.779999999999,-4047.25
TXN0001370,2024-04-09,D007,R004,SERVICES,119761.61,125931.34,75046.74,80471.86,148,Completed,6169.729999999996,5425.119999999995
TXN0001371,2025-12-28,D008,R004,HARDWARE,156392.23,153322.63,154163.02,106047.66,16,Cancelled,-3069.600000000006,-48115.359999999986
TXN0001372,2026-11-21,D005,R002,SUPPORT,105638.29,101686.89,61198.16,63462.48,159,Completed,-3951.399999999994,2264.3199999999997
TXN0001373,2026-07-25,D001,R001,CONSULTING,157300.35,191002.57,53766.58,47586.36,33,Completed,33702.22,-6180.220000000001
TXN0001374,2024-03-26,D010,R002,SOFTWARE,165660.11,152174.46,110136.01,135652.13,134,Completed,-13485.649999999994,25516.12000000001
TXN0001375,2026-10-01,D003,R003,SERVICES,114869.85,114514.86,70597.1,82828.15,45,Completed,-354.99000000000524,12231.049999999988
TXN0001376,2024-07-22,D008,R004,CONSULTING,149380.62,153179.56,71945.12,72990.21,44,Completed,3798.9400000000023,1045.090000000011
TXN0001377,2025-02-17,D006,R003,SOFTWARE,224461.59,264561.79,112499.98,113074.32,117,Pending,40100.19999999998,574.3400000000111
TXN0001378,2025-11-30,D001,R001,CONSULTING,101831.83,77067.65,70114.35,62586.76,78,Cancelled,-24764.180000000008,-7527.590000000004
TXN0001379,2026-04-29,D003,R003,HARDWARE,233239.35,212692.27,138272.43,114620.69,97,Completed,-20547.080000000016,-23651.73999999999
TXN0001380,2026-05-13,D003,R003,SUBSCRIPTION,139802.86,127241.9,77388.27,86809.88,63,Completed,-12560.959999999992,9421.61
TXN0001381,2026-07-28,D007,R004,CONSULTING,147372.91,133083.71,86971.62,114713.92,137,Completed,-14289.200000000012,27742.300000000003
TXN0001382,2026-11-25,D001,R001,SOFTWARE,172421.71,169377.6,106548.76,121826.5,22,Completed,-3044.109999999986,15277.740000000005
TXN0001383,2026-07-06,D006,R003,SERVICES,155582.69,170694.91,104796.17,70662.91,20,Pending,15112.220000000001,-34133.259999999995
TXN0001384,2024-05-11,D001,R001,SUPPORT,97207.31,87065.4,62486.33,67798.68,152,Completed,-10141.910000000003,5312.349999999991
TXN0001385,2026-03-04,D009,R001,CONSULTING,107860.39,104226.52,72355.7,80541.09,179,Cancelled,-3633.8699999999953,8185.389999999999
TXN0001386,2025-05-12,D005,R002,HARDWARE,233175.69,296288.32,114070.97,95606.0,7,Completed,63112.630000000005,-18464.97
TXN0001387,2026-07-04,D009,R001,SERVICES,172738.58,217106.61,94078.65,86795.84,119,Completed,44368.03,-7282.809999999998
TXN0001388,2026-06-24,D009,R001,SUBSCRIPTION,151373.97,175137.6,72205.88,70806.84,93,Pending,23763.630000000005,-1399.0400000000081
TXN0001389,2024-03-16,D004,R001,SOFTWARE,233045.66,235728.72,84808.15,83844.56,142,Completed,2683.0599999999977,-963.5899999999965
TXN0001390,2024-09-15,D007,R004,SUPPORT,114992.33,92838.74,57142.58,56003.68,138,Cancelled,-22153.589999999997,-1138.9000000000015
TXN0001391,2025-01-10,D005,R002,SUBSCRIPTION,163389.97,134986.9,65926.64,66479.64,138,Completed,-28403.070000000007,553.0
TXN0001392,2025-09-14,D003,R006,SERVICES,145292.21,141757.26,93366.23,123414.23,113,Cancelled,-3534.9499999999825,30048.0
TXN0001393,2025-06-15,D002,R002,HARDWARE,235274.15,241696.56,126210.55,153215.27,165,Cancelled,6422.4100000000035,27004.719999999987
TXN0001394,2024-12-09,D006,R003,SUPPORT,90354.6,77006.87,57789.18,64862.86,119,Completed,-13347.73000000001,7073.68
TXN0001395,2025-11-25,D010,R002,CONSULTING,126216.16,126752.66,77526.67,72029.9,65,Cancelled,536.5,-5496.770000000004
TXN0001396,2026-12-28,D010,R002,SUPPORT,111290.47,123252.16,61276.74,53856.96,157,Completed,11961.690000000002,-7419.779999999999
TXN0001397,2024-10-13,D006,R003,SUPPORT,132100.93,155124.91,39828.26,41370.09,101,Cancelled,23023.98000000001,1541.8299999999945
TXN0001398,2025-01-29,D004,R001,SUBSCRIPTION,151635.29,167389.77,96395.69,107187.11,97,Pending,15754.479999999981,10791.419999999998
TXN0001399,2026-04-23,D002,R002,CONSULTING,119875.15,138396.35,64569.41,71202.87,25,Completed,18521.20000000001,6633.459999999992
TXN0001400,2026-02-09,D001,R001,SERVICES,144873.84,118472.66,85811.81,93936.88,59,Pending,-26401.179999999993,8125.070000000007
TXN0001401,2026-04-04,D002,R002,SUBSCRIPTION,163282.36,163755.08,78574.18,73442.19,155,Cancelled,472.72000000000116,-5131.989999999991
TXN0001402,2026-10-18,D009,R001,HARDWARE,166916.65,193224.08,137580.03,110434.93,167,Pending,26307.429999999993,-27145.100000000006
TXN0001403,2026-03-05,D008,R004,CONSULTING,106244.04,111815.88,67732.56,57916.58,46,Completed,5571.840000000011,-9815.979999999996
TXN0001404,2026-07-26,D009,R001,SUPPORT,96932.99,99010.45,70163.06,73279.56,38,Cancelled,2077.459999999992,3116.5
TXN0001405,2026-07-21,D009,R001,SERVICES,143909.91,162254.27,79583.35,88473.2,126,Completed,18344.359999999986,8889.849999999991
TXN0001406,2024-08-31,D003,R003,HARDWARE,202231.65,228217.53,150434.81,159602.85,159,Pending,25985.880000000005,9168.040000000008
TXN0001407,2025-08-16,D002,R002,SUBSCRIPTION,187720.07,215501.56,106784.57,76089.53,15,Cancelled,27781.48999999999,-30695.040000000008
TXN0001408,2026-05-02,D003,R003,HARDWARE,227568.52,267352.93,118326.79,114392.7,82,Completed,39784.41,-3934.0899999999965
TXN0001409,2026-05-13,D008,R005,SERVICES,145486.5,143941.17,73784.76,94690.32,17,Completed,-1545.3299999999872,20905.560000000012
TXN0001410,2026-09-28,D005,R002,SUPPORT,88981.12,87597.3,51058.68,61940.94,5,Completed,-1383.8199999999924,10882.260000000002
TXN0001411,2026-05-05,D009,R001,SOFTWARE,151113.99,146429.26,92964.0,143157.58,128,Cancelled,-4684.729999999981,50193.57999999999
TXN0001412,2026-11-02,D005,R002,HARDWARE,299296.13,335385.01,137864.34,153584.44,126,Cancelled,36088.880000000005,15720.100000000006
TXN0001413,2026-01-08,D003,R003,SUBSCRIPTION,125266.56,138413.4,77242.02,76229.34,120,Pending,13146.839999999997,-1012.6800000000076
TXN0001414,2024-01-07,D003,R003,HARDWARE,163915.75,158372.1,130087.59,132185.34,164,Cancelled,-5543.649999999994,2097.75
TXN0001415,2025-11-25,D007,R004,CONSULTING,99002.33,119268.53,84816.99,86315.78,143,Completed,20266.199999999997,1498.7899999999936
TXN0001416,2024-06-30,D008,R004,SUPPORT,135752.37,141802.09,51882.98,46534.92,47,Completed,6049.720000000001,-5348.060000000005
TXN0001417,2025-09-24,D010,R002,SUPPORT,68614.75,69124.49,52898.98,61879.39,148,Completed,509.74000000000524,8980.409999999996
TXN0001418,2024-04-18,D009,R001,SUBSCRIPTION,193715.05,194781.54,66164.76,79905.3,150,Cancelled,1066.4900000000198,13740.540000000008
TXN0001419,2024-08-02,D004,R001,SUBSCRIPTION,125607.42,78050.59,75417.92,84753.64,35,Cancelled,-47556.83,9335.720000000001
TXN0001420,2025-02-25,D003,R003,HARDWARE,272685.12,239077.21,142202.38,160715.8,67,Cancelled,-33607.91,18513.419999999984
TXN0001421,2025-10-18,D008,R004,SUBSCRIPTION,117149.58,114898.48,73797.32,77231.15,107,Cancelled,-2251.100000000006,3433.829999999987
TXN0001422,2025-11-27,D001,R001,SOFTWARE,182773.27,212601.65,105100.64,123350.8,116,Completed,29828.380000000005,18250.160000000003
TXN0001423,2025-10-06,D007,R006,CONSULTING,120227.98,118854.76,82593.19,58077.15,28,Completed,-1373.2200000000012,-24516.04
TXN0001424,2024-10-21,D002,R002,HARDWARE,192711.17,233151.18,155850.41,186020.36,51,Completed,40440.00999999998,30169.949999999983
TXN0001425,2024-12-12,D002,R002,CONSULTING,96727.28,106705.3,91676.71,90274.79,20,Cancelled,9978.020000000004,-1401.9200000000128
TXN0001426,2024-04-29,D006,R003,SUPPORT,95082.32,108715.93,41935.48,47024.62,81,Pending,13633.609999999986,5089.139999999999
TXN0001427,2025-10-25,D002,R002,CONSULTING,120731.9,128209.19,86330.95,83739.07,71,Pending,7477.290000000008,-2591.87999999999
TXN0001428,2025-04-29,D002,R005,SUBSCRIPTION,103203.84,85706.41,94147.61,69387.75,131,Cancelled,-17497.429999999993,-24759.86
TXN0001429,2025-05-07,D009,R001,SOFTWARE,193334.73,211960.74,93431.3,107484.97,20,Completed,18626.00999999998,14053.669999999998
TXN0001430,2026-09-18,D008,R004,SOFTWARE,134137.02,169748.71,127210.55,118551.31,12,Pending,35611.69,-8659.240000000005
TXN0001431,2025-05-07,D004,R001,SOFTWARE,223806.08,237891.91,146949.57,142336.57,146,Cancelled,14085.830000000016,-4613.0
TXN0001432,2024-09-14,D002,R002,SUBSCRIPTION,141842.8,146774.72,113573.99,109645.4,82,Cancelled,4931.920000000013,-3928.590000000011
TXN0001433,2026-10-21,D007,R004,SUPPORT,106690.05,128444.18,51655.68,52040.88,57,Completed,21754.12999999999,385.1999999999971
TXN0001434,2025-05-17,D006,R003,SERVICES,123499.8,152547.7,78055.72,84416.84,142,Pending,29047.90000000001,6361.119999999995
TXN0001435,2026-09-08,D009,R001,SOFTWARE,182770.63,182246.06,79803.53,78539.94,163,Completed,-524.570000000007,-1263.5899999999965
TXN0001436,2025-05-28,D003,R006,HARDWARE,229431.58,190991.77,125494.09,147685.5,179,Pending,-38439.81,22191.410000000003
TXN0001437,2026-11-11,D006,R003,SERVICES,170472.61,176739.31,84669.7,96416.7,77,Completed,6266.700000000012,11747.0
TXN0001438,2024-05-23,D003,R003,SUBSCRIPTION,169417.44,179371.13,77974.21,80059.78,81,Completed,9953.690000000002,2085.5699999999924
TXN0001439,2025-07-26,D007,R004,SERVICES,135656.15,144365.17,94720.35,114021.64,115,Completed,8709.020000000019,19301.289999999994
TXN0001440,2025-02-12,D010,R002,HARDWARE,207611.68,237754.08,168917.33,165215.04,167,Completed,30142.399999999994,-3702.289999999979
TXN0001441,2025-10-20,D008,R004,SUPPORT,83886.34,84811.01,66834.72,67649.29,92,Completed,924.6699999999983,814.5699999999924
TXN0001442,2024-02-02,D008,R004,HARDWARE,125549.5,128436.42,131886.0,110545.67,39,Completed,2886.9199999999983,-21340.33
TXN0001443,2024-12-21,D010,R002,SOFTWARE,78312.12,66611.25,107588.98,95043.12,110,Cancelled,-11700.869999999995,-12545.86
TXN0001444,2024-06-15,D008,R004,SUBSCRIPTION,148050.41,154843.11,111628.12,135519.71,171,Completed,6792.6999999999825,23891.589999999997
TXN0001445,2024-09-09,D009,R006,SUPPORT,64840.83,68002.86,42648.68,41392.57,95,Pending,3162.029999999999,-1256.1100000000006
TXN0001446,2024-01-18,D010,R002,SERVICES,103663.86,79975.77,97864.64,115227.19,36,Pending,-23688.089999999997,17362.550000000003
TXN0001447,2024-01-20,D006,R003,CONSULTING,110842.53,105440.5,67406.45,55738.33,61,Completed,-5402.029999999999,-11668.119999999995
TXN0001448,2026-02-01,D005,R002,SUPPORT,83136.21,95891.21,50695.43,43978.03,54,Completed,12755.0,-6717.4000000000015
TXN0001449,2025-03-28,D010,R002,SUPPORT,92964.81,101498.56,46274.56,55406.27,64,Pending,8533.75,9131.71
TXN0001450,2025-04-03,D006,R006,SUPPORT,75720.77,80387.62,55794.73,63366.44,6,Completed,4666.849999999991,7571.709999999999
TXN0001451,2026-10-21,D007,R004,HARDWARE,257521.47,218683.03,160652.92,158333.25,131,Completed,-38838.44,-2319.670000000013
TXN0001453,2025-06-15,D003,R003,SERVICES,126671.31,115557.05,95575.31,92755.53,150,Completed,-11114.259999999995,-2819.779999999999
TXN0001454,2025-01-27,D009,R001,HARDWARE,237438.02,294676.81,132913.53,100605.23,178,Completed,57238.79000000001,-32308.300000000003
TXN0001455,2026-07-18,D009,R001,SUPPORT,88323.9,113205.42,50691.78,42298.75,5,Pending,24881.520000000004,-8393.029999999999
TXN0001456,2026-04-06,D001,R001,HARDWARE,265678.71,260533.91,171971.71,219625.14,109,Completed,-5144.8000000000175,47653.43000000002
TXN0001457,2026-11-10,D002,R002,CONSULTING,114187.08,113995.46,53201.31,54626.33,97,Cancelled,-191.61999999999534,1425.020000000004
TXN0001458,2024-06-04,D001,R001,SERVICES,167890.72,158052.25,90641.07,84513.71,76,Pending,-9838.470000000001,-6127.360000000001
TXN0001459,2026-03-13,D009,R001,SOFTWARE,151200.95,158600.63,107188.43,94372.22,54,Completed,7399.679999999993,-12816.209999999992
TXN0001460,2025-07-04,D002,R002,SOFTWARE,216944.12,214543.02,89227.92,119891.43,113,Completed,-2401.100000000006,30663.509999999995
TXN0001461,2025-09-28,D004,R001,HARDWARE,254808.96,290627.85,123041.41,123973.71,21,Completed,35818.889999999985,932.3000000000029
TXN0001462,2025-11-15,D001,R001,SOFTWARE,189110.62,182569.4,142253.08,95606.0,69,Completed,-6541.220000000001,-46647.07999999999
TXN0001463,2024-04-21,D002,R002,HARDWARE,155959.99,194084.37,153034.45,105926.67,90,Cancelled,38124.380000000005,-47107.78000000001
TXN0001464,2026-06-17,D004,R001,SUBSCRIPTION,118340.85,122358.01,83302.91,101791.05,29,Pending,4017.159999999989,18488.14
TXN0001465,2024-09-03,D010,R002,SOFTWARE,188545.68,169830.18,100165.13,108502.37,101,Completed,-18715.5,8337.23999999999
TXN0001466,2026-06-24,D002,R002,SOFTWARE,210010.74,196348.71,103206.35,105014.13,19,Completed,-13662.029999999999,1807.7799999999988
TXN0001467,2024-07-27,D010,R002,SOFTWARE,175408.64,162678.09,125449.74,176253.03,178,Completed,-12730.550000000017,50803.28999999999
TXN0001468,2024-07-15,D009,R006,CONSULTING,164281.83,130945.08,84787.73,97160.56,163,Pending,-33336.749999999985,12372.830000000002
TXN0001469,2024-01-22,D004,R001,SUPPORT,81196.59,64886.48,66121.93,71894.64,121,Pending,-16310.109999999993,5772.710000000006
TXN0001470,2024-07-26,D008,R004,SUBSCRIPTION,206082.82,185337.13,112007.97,129878.95,91,Completed,-20745.690000000002,17870.979999999996
TXN0001471,2025-01-29,D008,R004,SUBSCRIPTION,159947.33,150718.96,92015.74,98892.51,32,Completed,-9228.369999999995,6876.7699999999895
TXN0001472,2025-01-31,D001,R001,SOFTWARE,202107.78,185429.13,126659.76,146059.67,151,Completed,-16678.649999999994,19399.910000000018
TXN0001473,2026-12-09,D009,R001,CONSULTING,127423.24,146100.98,88138.33,92787.38,163,Pending,18677.740000000005,4649.050000000003
TXN0001474,2024-03-05,D003,R003,SOFTWARE,55692.36,48368.17,131768.25,127167.66,37,Completed,-7324.190000000002,-4600.5899999999965
TXN0001475,2026-02-01,D010,R002,SUPPORT,99918.77,108156.5,41276.97,37735.12,84,Cancelled,8237.729999999996,-3541.8499999999985
TXN0001476,2026-08-19,D009,R001,SERVICES,120166.69,150976.2,71695.59,83265.49,84,Cancelled,30809.51000000001,11569.900000000009
TXN0001477,2026-11-26,D006,R003,SOFTWARE,228129.47,197982.96,73965.11,76740.41,155,Completed,-30146.51000000001,2775.300000000003
TXN0001478,2024-04-21,D001,R001,SUBSCRIPTION,175685.19,172916.31,96471.84,118811.25,113,Completed,-2768.8800000000047,22339.410000000003
TXN0001479,2025-02-16,D004,R001,SUPPORT,86005.55,78644.88,61469.16,63268.86,22,Completed,-7360.669999999998,1799.699999999997
TXN0001480,2026-08-15,D004,R001,SUPPORT,107108.84,126465.84,61936.97,78346.55,158,Completed,19357.0,16409.58
TXN0001481,2025-05-09,D010,R002,HARDWARE,283988.55,282458.46,122614.48,167162.65,112,Completed,-1530.0899999999674,44548.17
TXN0001482,2026-12-10,D003,R003,SOFTWARE,157154.42,137468.34,86246.95,93535.93,61,Completed,-19686.080000000016,7288.979999999996
TXN0001483,2025-12-03,D004,R001,CONSULTING,115789.84,116364.55,63157.68,66233.61,66,Pending,574.7100000000064,3075.9300000000003
TXN0001484,2025-02-24,D006,R003,CONSULTING,150238.01,170180.52,78785.79,74555.32,107,Completed,19942.50999999998,-4230.469999999987
TXN0001485,2026-02-01,D001,R001,SOFTWARE,173870.24,179892.92,108480.45,101612.87,12,Cancelled,6022.680000000022,-6867.580000000002
TXN0001486,2025-02-02,D002,R002,CONSULTING,108108.79,81265.92,85639.37,101700.99,166,Cancelled,-26842.869999999995,16061.62000000001
TXN0001487,2025-09-02,D006,R005,SERVICES,126589.97,147960.66,79715.47,72806.71,77,Completed,21370.690000000002,-6908.759999999995
TXN0001488,2024-12-22,D004,R001,SUPPORT,75998.58,90302.4,64993.46,57218.68,91,Cancelled,14303.819999999992,-7774.779999999999
TXN0001489,2024-12-26,D004,R001,SOFTWARE,147467.82,131108.55,126621.18,124564.8,72,Completed,-16359.270000000019,-2056.37999999999
TXN0001490,2026-02-15,D001,R001,SERVICES,137772.99,150980.8,115065.38,124312.08,172,Completed,13207.809999999998,9246.699999999997
TXN0001491,2026-07-23,D006,R003,HARDWARE,298173.52,355693.34,153752.51,147893.66,66,Completed,57519.82000000001,-5858.850000000006
TXN0001492,2026-07-06,D006,R003,SUBSCRIPTION,139218.81,165423.22,91999.53,69112.79,21,Completed,26204.410000000003,-22886.740000000005
TXN0001493,2025-01-23,D003,R003,SERVICES,104110.98,99056.11,110997.84,106852.42,54,Cancelled,-5054.869999999995,-4145.419999999998
TXN0001494,2026-05-29,D007,R004,HARDWARE,229586.0,241709.16,125257.38,148921.5,167,Completed,12123.160000000003,23664.119999999995
TXN0001495,2025-01-22,D001,R001,SUBSCRIPTION,136231.59,147800.43,82901.98,87153.08,142,Completed,11568.839999999997,4251.100000000006
TXN0001496,2025-07-27,D003,R003,SOFTWARE,182131.55,148195.34,139267.59,159086.73,37,Cancelled,-33936.20999999999,19819.140000000014
TXN0001497,2024-06-15,D010,R002,SERVICES,141424.07,163478.44,83301.07,84057.48,125,Cancelled,22054.369999999995,756.4099999999889
TXN0001498,2026-08-11,D002,R002,CONSULTING,148206.06,148949.96,80720.34,78585.31,100,Pending,743.8999999999942,-2135.029999999999
TXN0001499,2026-04-02,D009,R001,HARDWARE,223460.7,205949.17,144627.55,153786.71,139,Pending,-17511.53,9159.160000000003
TXN0001500,2026-01-04,D008,R004,SUBSCRIPTION,149159.03,161886.64,94551.38,97274.76,168,Cancelled,12727.610000000015,2723.37999999999
TXN0001501,2025-02-28,D001,R001,SERVICES,150804.78,150486.77,95478.3,97224.74,65,Pending,-318.0100000000093,1746.4400000000023
TXN0001502,2024-11-17,D004,R001,CONSULTING,112303.48,112423.44,68792.73,77786.5,100,Completed,119.9600000000064,8993.770000000004
TXN0001503,2025-08-27,D009,R001,SOFTWARE,208432.54,232648.79,116189.26,134656.24,118,Cancelled,24216.25,18466.979999999996
TXN0001504,2026-10-08,D006,R003,SOFTWARE,167492.86,166165.98,93882.71,97671.15,136,Cancelled,-1326.8799999999756,3788.439999999988
TXN0001505,2026-04-06,D006,R003,CONSULTING,94299.41,100466.31,64712.29,75350.43,109,Completed,6166.899999999994,10638.139999999992
TXN0001506,2024-02-20,D008,R004,CONSULTING,127084.12,125068.04,91113.21,96794.7,50,Pending,-2016.0800000000017,5681.489999999991
TXN0001507,2026-05-01,D004,R001,SOFTWARE,160908.18,172242.04,87940.13,112800.18,26,Completed,11333.860000000015,24860.04999999999
TXN0001508,2024-09-06,D009,R001,SUPPORT,152493.62404958677,83455.38,62883.01,72232.55,75,Completed,-69038.24404958676,9349.54
TXN0001509,2024-03-19,D002,R002,HARDWARE,229261.06,241161.85,172027.79,209919.96,144,Completed,11900.790000000008,37892.169999999984
TXN0001510,2025-05-27,D006,R003,HARDWARE,301262.1,299973.07,105421.75,81740.84,82,Completed,-1289.0299999999697,-23680.910000000003
TXN0001511,2025-06-18,D004,R001,SERVICES,113342.52,78368.62,88546.43,87778.98,7,Completed,-34973.90000000001,-767.4499999999971
TXN0001512,2026-10-04,D005,R002,CONSULTING,123542.62,115095.58,77130.1,70743.38,153,Completed,-8447.039999999994,-6386.720000000001
TXN0001513,2026-03-25,D008,R004,SERVICES,124923.36,129574.15,73184.76,92060.48,63,Completed,4650.789999999994,18875.72
TXN0001514,2026-08-17,D004,R001,SUBSCRIPTION,108752.16,104676.35,82324.74,75113.43,123,Completed,-4075.8099999999977,-7211.310000000012
TXN0001515,2026-05-28,D002,R001,SERVICES,132738.61,170788.18,87046.45,77263.73,111,Completed,38049.57000000001,-9782.720000000001
TXN0001516,2024-02-03,D008,R004,SUBSCRIPTION,159305.08,167349.55,97352.65,90684.02,100,Completed,8044.470000000001,-6668.62999999999
TXN0001517,2024-01-20,D010,R002,HARDWARE,227447.7,234172.73,125252.61,133443.0,132,Completed,6725.029999999999,8190.389999999999
TXN0001518,2026-06-04,D006,R003,CONSULTING,85501.12,105012.87,81519.49,91847.91,142,Completed,19511.75,10328.419999999998
TXN0001519,2024-06-03,D006,R003,SUBSCRIPTION,128282.95,122750.62,100542.98,121346.71,40,Completed,-5532.330000000002,20803.73000000001
TXN0001520,2026-11-03,D006,R003,SUBSCRIPTION,138388.19,133644.23,58866.73,60437.98,102,Completed,-4743.959999999992,1571.25
TXN0001521,2026-08-30,D007,R006,SERVICES,155213.57,154789.82,104060.4,107206.87,32,Completed,-423.75,3146.470000000001
TXN0001522,2025-09-15,D010,R002,SUPPORT,79334.2,73536.56,49768.37,53820.24,28,Completed,-5797.639999999999,4051.8699999999953
TXN0001523,2024-06-03,D002,R002,SERVICES,195801.11,223369.47,66671.15,76561.39,159,Pending,27568.360000000015,9890.240000000005
TXN0001524,2026-01-03,D001,R001,SOFTWARE,241971.1,155988.0,86682.71,86684.46,77,Completed,-85983.1,1.75
TXN0001525,2024-05-23,D004,R001,SUBSCRIPTION,176448.87,175724.65,79581.79,81561.9,121,Completed,-724.2200000000012,1980.1100000000006
TXN0001526,2025-10-31,D006,R003,SERVICES,115114.42,122414.28,95081.95,103454.23,110,Pending,7299.860000000001,8372.279999999999
TXN0001527,2026-06-05,D003,R003,SERVICES,203137.31,195451.82,78857.68,81761.41,127,Completed,-7685.489999999991,2903.7300000000105
TXN0001528,2024-09-23,D007,R004,SERVICES,166414.74,191394.09,73600.8,74116.5,57,Completed,24979.350000000006,515.6999999999971
TXN0001529,2026-08-30,D007,R004,SUPPORT,93852.84,96145.47,59220.7,54948.77,96,Cancelled,2292.6300000000047,-4271.93
TXN0001530,2025-02-19,D010,R002,SUBSCRIPTION,141732.89,159825.05,106255.4,89847.17,133,Pending,18092.159999999974,-16408.229999999996
TXN0001531,2026-01-07,D005,R002,SERVICES,96032.04,116094.97,70647.59,60654.31,21,Pending,20062.930000000008,-9993.279999999999
TXN0001532,2025-04-11,D010,R002,SUBSCRIPTION,134599.53,162893.97,69224.91,75241.91,150,Pending,28294.440000000002,6017.0
TXN0001533,2024-05-07,D008,R004,SOFTWARE,200688.8,228482.48,139878.18,140879.1,78,Pending,27793.680000000022,1000.9200000000128
TXN0001534,2025-01-09,D006,R003,SUPPORT,78921.65,101238.54,54919.4,52566.9,105,Cancelled,22316.89,-2352.5
TXN0001535,2026-03-06,D003,R003,SERVICES,142048.18,123241.89,101032.27,86384.48,122,Pending,-18806.289999999994,-14647.790000000008
TXN0001536,2026-03-16,D003,R003,SOFTWARE,197074.2,206360.98,110133.06,136105.52,16,Completed,9286.779999999999,25972.459999999992
TXN0001537,2025-08-20,D003,R003,SUPPORT,88478.76,105091.43,65234.41,64388.4,175,Completed,16612.67,-846.010000000002
TXN0001538,2024-05-09,D004,R001,CONSULTING,72024.13,78574.78,76221.95,82419.58,99,Completed,6550.649999999994,6197.630000000005
TXN0001539,2026-04-19,D002,R002,HARDWARE,191469.98,218915.65,154543.5,164624.45,120,Completed,27445.669999999984,10080.950000000012
TXN0001540,2026-04-08,D005,R002,SOFTWARE,180530.53,131793.33,92629.81,122315.19,11,Completed,-48737.20000000001,29685.380000000005
TXN0001541,2026-03-28,D008,R004,SUPPORT,92817.94,97429.71,49560.06,49793.98,54,Pending,4611.770000000004,233.92000000000553
TXN0001542,2024-06-10,D001,R005,SUPPORT,120197.59,96043.46,36155.41,46541.4,88,Pending,-24154.12999999999,10385.989999999998
TXN0001543,2025-11-05,D008,R004,SOFTWARE,227136.37,226445.16,92964.0,84387.81,117,Completed,-691.2099999999919,-8576.190000000002
TXN0001544,2024-12-15,D008,R004,SERVICES,129006.17,155988.0,99254.39,84752.61,9,Cancelled,26981.83,-14501.779999999999
TXN0001545,2026-12-30,D002,R002,SOFTWARE,263785.6,293119.72,117375.29,130954.14,105,Completed,29334.119999999995,13578.850000000006
TXN0001546,2025-07-13,D002,R002,SOFTWARE,98709.79,115091.03,96469.71,93806.33,44,Pending,16381.240000000005,-2663.3800000000047
TXN0001547,2024-11-03,D006,R003,SUPPORT,89805.64,97691.32,46393.4,48951.42,177,Cancelled,7885.680000000008,2558.019999999997
TXN0001548,2026-06-12,D004,R001,SOFTWARE,154403.45,184922.09,122193.55,120679.0,169,Completed,30518.639999999985,-1514.550000000003
TXN0001549,2024-04-17,D007,R004,CONSULTING,117360.57,101332.73,87684.94,99960.54,158,Completed,-16027.840000000011,12275.599999999991
TXN0001550,2025-05-26,D001,R001,SUBSCRIPTION,178188.43,185326.66,100592.23,94719.22,100,Completed,7138.2300000000105,-5873.009999999995
TXN0001551,2024-02-27,D007,R001,CONSULTING,136459.14,133627.64,68508.57,57945.45,8,Completed,-2831.5,-10563.12000000001
TXN0001552,2025-03-27,D004,R001,SOFTWARE,217044.91,201183.94,113253.51,117945.7,29,Completed,-15860.970000000001,4692.190000000002
TXN0001553,2025-10-22,D003,R005,HARDWARE,229777.48,248517.25,118895.41,103829.06,148,Completed,18739.76999999999,-15066.350000000006
TXN0001554,2026-03-20,D010,R002,SUBSCRIPTION,182469.81,193855.26,73091.49,72084.38,114,Completed,11385.450000000012,-1007.1100000000006
TXN0001555,2025-10-24,D004,R001,HARDWARE,311315.48,327135.66,112535.26,123147.88,49,Completed,15820.179999999993,10612.62000000001
TXN0001556,2026-08-03,D007,R004,SOFTWARE,148182.57,109463.21,97913.51,74011.42,59,Pending,-38719.36,-23902.089999999997
TXN0001557,2026-01-25,D004,R006,SUPPORT,108159.17,123150.75,68812.73,69421.08,16,Completed,14991.580000000002,608.3500000000058
TXN0001558,2026-10-20,D004,R001,SUBSCRIPTION,165975.68,145503.24,96417.76,101607.8,31,Cancelled,-20472.440000000002,5190.040000000008
TXN0001559,2025-10-26,D010,R002,SOFTWARE,125332.16,109047.57,124629.32,163457.66,166,Pending,-16284.589999999997,38828.34
TXN0001560,2025-10-13,D003,R003,SUPPORT,71837.63,155988.0,67145.22,70946.31,175,Pending,84150.37,3801.0899999999965
TXN0001561,2026-08-07,D002,R002,SUBSCRIPTION,175274.63,185569.9,88278.35,66821.0,102,Cancelled,10295.26999999999,-21457.350000000006
TXN0001562,2024-01-28,D004,R001,SUPPORT,127999.11,123490.47,42679.37,40532.76,64,Completed,-4508.639999999999,-2146.6100000000006
TXN0001563,2025-09-24,D010,R002,SOFTWARE,133240.29,183106.62,121232.09,95606.0,65,Pending,49866.32999999999,-25626.089999999997
TXN0001564,2024-08-10,D004,R001,SOFTWARE,186635.45,185830.15,117200.88,121069.09,100,Pending,-805.3000000000175,3868.209999999992
TXN0001565,2025-02-22,D005,R002,CONSULTING,98723.03,76619.19,72006.96,65088.59,169,Completed,-22103.839999999997,-6918.37000000001
TXN0001566,2026-06-27,D004,R001,SUBSCRIPTION,178556.14,162290.79,92964.0,97405.93,89,Completed,-16265.350000000006,4441.929999999993
TXN0001567,2026-02-12,D005,R002,SOFTWARE,188991.51,135077.88,115635.31,100098.41,111,Completed,-53913.630000000005,-15536.899999999994
TXN0001568,2025-09-11,D001,R001,SUPPORT,141155.89,128239.04,62979.73,72138.93,92,Completed,-12916.85000000002,9159.19999999999
TXN0001569,2025-05-23,D004,R001,SUPPORT,94743.83,95489.53,38452.17,37156.72,180,Completed,745.6999999999971,-1295.449999999997
TXN0001570,2025-10-20,D010,R002,SUBSCRIPTION,152493.62404958677,215563.25,68653.49,70465.85,51,Pending,63069.62595041323,1812.3600000000006
TXN0001571,2025-01-29,D001,R006,SOFTWARE,246460.4,314754.25,97789.04,111258.72,18,Completed,68293.85,13469.680000000008
TXN0001572,2025-02-22,D004,R001,SERVICES,90744.26,99655.78,80778.6,91618.66,65,Cancelled,8911.520000000004,10840.059999999998
TXN0001573,2025-09-29,D002,R002,CONSULTING,110237.81,117668.75,91434.15,84905.67,47,Completed,7430.940000000002,-6528.479999999996
TXN0001574,2025-05-24,D004,R001,SUBSCRIPTION,187976.68,198843.52,71348.28,68282.69,82,Completed,10866.839999999997,-3065.5899999999965
TXN0001575,2025-02-16,D010,R002,SUPPORT,106453.17,134909.67,56649.64,62932.87,74,Pending,28456.500000000015,6283.230000000003
TXN0001576,2026-03-26,D002,R002,HARDWARE,188793.31,185771.96,160240.75,174877.59,101,Completed,-3021.350000000006,14636.839999999997
TXN0001577,2026-06-06,D008,R004,SUBSCRIPTION,193328.64,229902.65,87530.46,81587.07,44,Pending,36574.00999999998,-5943.389999999999
TXN0001578,2024-06-19,D001,R001,SUBSCRIPTION,97911.94,101308.41,78739.12,88391.17,81,Cancelled,3396.470000000001,9652.050000000003
TXN0001579,2024-12-25,D009,R001,SUPPORT,55741.96,64330.89,51269.67,58353.27,70,Pending,8588.93,7083.5999999999985
TXN0001580,2026-07-02,D008,R004,HARDWARE,174119.31,211291.74,102876.94,107708.14,148,Cancelled,37172.42999999999,4831.199999999997
TXN0001581,2026-08-19,D008,R005,SUPPORT,76782.27,89740.22,44847.38,47143.55,55,Completed,12957.949999999997,2296.1700000000055
TXN0001582,2026-08-04,D004,R006,CONSULTING,105495.1,122040.63,75638.98,80426.52,111,Pending,16545.53,4787.540000000008
TXN0001583,2024-05-25,D006,R003,HARDWARE,223360.67,234400.67,160906.37,209649.77,109,Completed,11040.0,48743.399999999994
TXN0001584,2024-11-28,D002,R002,SUBSCRIPTION,173956.23,201746.72,93851.65,96207.83,54,Pending,27790.48999999999,2356.1800000000076
TXN0001585,2025-12-14,D005,R002,SUPPORT,104314.43,112432.32,42977.45,35081.05,135,Pending,8117.890000000014,-7896.399999999994
TXN0001586,2026-02-28,D006,R003,SUPPORT,83798.36,98911.53,49666.46,48631.06,113,Completed,15113.169999999998,-1035.4000000000015
TXN0001587,2024-02-27,D004,R001,HARDWARE,198379.91,204064.01,113688.13,134915.02,175,Completed,5684.100000000006,21226.889999999985
TXN0001588,2024-10-28,D005,R002,SUPPORT,88862.38,80515.86,52473.44,55364.32,70,Completed,-8346.520000000004,2890.8799999999974
TXN0001589,2024-11-26,D010,R002,SUPPORT,81908.89,75914.44,60887.95,59528.52,8,Completed,-5994.449999999997,-1359.4300000000003
TXN0001590,2026-03-25,D002,R002,CONSULTING,121614.47,131840.55,67935.92,72609.06,155,Completed,10226.079999999987,4673.139999999999
TXN0001591,2024-05-12,D009,R001,CONSULTING,131658.5,123482.77,77646.81,79960.45,114,Completed,-8175.729999999996,2313.6399999999994
TXN0001592,2026-02-22,D005,R002,SUBSCRIPTION,168005.89,161336.37,77796.38,81980.83,155,Completed,-6669.520000000019,4184.449999999997
TXN0001593,2024-01-07,D007,R004,SUPPORT,61355.86,55454.16,52354.07,57513.49,32,Cancelled,-5901.699999999997,5159.419999999998
TXN0001594,2025-05-03,D007,R003,HARDWARE,242435.02,251069.14,129955.51,125112.21,106,Completed,8634.120000000024,-4843.299999999988
TXN0001595,2024-04-01,D001,R001,CONSULTING,164104.66,190414.15,81216.25,93008.36,29,Completed,26309.48999999999,11792.11
TXN0001596,2025-08-13,D007,R004,SUPPORT,88893.76,98858.84,52681.87,49261.27,115,Completed,9965.080000000002,-3420.600000000006
TXN0001597,2024-02-10,D003,R003,SUPPORT,71804.24,72305.44,73001.76,85323.38,55,Pending,501.1999999999971,12321.62000000001
TXN0001598,2026-11-07,D003,R003,SOFTWARE,176223.09,155093.58,113769.37,100822.23,150,Completed,-21129.51000000001,-12947.14
TXN0001599,2025-09-01,D003,R003,SUPPORT,83133.9,85167.09,48262.62,52181.62,54,Completed,2033.1900000000023,3919.0
TXN0001600,2024-11-08,D007,R004,SUBSCRIPTION,134666.26,170945.45,78187.27,57310.16,167,Completed,36279.19,-20877.11
TXN0001601,2024-12-09,D002,R002,CONSULTING,121560.76,112984.86,81272.12,87846.53,75,Completed,-8575.899999999994,6574.4100000000035
TXN0001602,2026-09-20,D006,R005,CONSULTING,152493.62404958677,128118.41,80776.06,57782.13,177,Completed,-24375.214049586764,-22993.93
TXN0001603,2024-03-26,D001,R005,SUPPORT,71879.92,68264.3,60657.13,53657.29,29,Completed,-3615.6199999999953,-6999.8399999999965
TXN0001604,2026-01-12,D009,R001,CONSULTING,116757.31,98875.38,78149.43,81908.65,73,Pending,-17881.929999999993,3759.220000000001
TXN0001605,2026-05-29,D008,R004,SUBSCRIPTION,131530.36,140587.67,122269.34,165580.68,91,Completed,9057.310000000027,43311.34
TXN0001606,2026-09-01,D006,R003,SERVICES,136337.19,135222.44,89724.61,79586.07,175,Pending,-1114.75,-10138.539999999994
TXN0001607,2025-07-11,D007,R004,HARDWARE,233177.31,206264.62,157988.02,162718.26,30,Completed,-26912.690000000002,4730.24000000002
TXN0001608,2024-11-10,D008,R004,CONSULTING,118649.59,123414.63,88777.42,77212.5,11,Cancelled,4765.040000000008,-11564.919999999998
TXN0001609,2025-05-24,D002,R002,HARDWARE,238232.46,307197.24,141762.62,123425.97,99,Pending,68964.78,-18336.649999999994
TXN0001610,2026-11-20,D010,R002,CONSULTING,140008.97,163678.8,57212.11,54885.24,110,Completed,23669.829999999987,-2326.8700000000026
TXN0001611,2024-04-02,D001,R001,HARDWARE,204515.42,223980.06,179323.98,170439.44,167,Completed,19464.639999999985,-8884.540000000008
TXN0001612,2025-10-28,D001,R001,SUPPORT,94974.04,93867.95,54549.12,73925.87,178,Pending,-1106.0899999999965,19376.749999999993
TXN0001613,2024-06-15,D004,R001,CONSULTING,122778.78,126753.83,86049.3,82461.31,94,Pending,3975.050000000003,-3587.9900000000052
TXN0001614,2024-07-24,D008,R004,SUPPORT,114697.18,121022.27,51084.47,49649.45,103,Completed,6325.090000000011,-1435.020000000004
TXN0001615,2026-01-12,D010,R002,SERVICES,139513.18,106985.91,86382.17,81417.03,151,Cancelled,-32527.26999999999,-4965.139999999999
TXN0001616,2025-09-09,D001,R001,SOFTWARE,157806.42,185067.95,124100.8,121758.85,177,Cancelled,27261.53,-2341.949999999997
TXN0001617,2024-08-24,D008,R004,CONSULTING,121503.0,141254.2,61946.6,64197.86,128,Cancelled,19751.20000000001,2251.260000000002
TXN0001618,2024-02-07,D004,R001,SERVICES,148612.2,147414.21,67342.77,95606.0,32,Pending,-1197.9900000000198,28263.229999999996
TXN0001619,2026-02-24,D001,R001,HARDWARE,152655.16,197058.56,127953.96,134721.67,76,Completed,44403.399999999994,6767.710000000006
TXN0001620,2024-09-09,D005,R002,SUPPORT,73223.21,92154.26,62753.32,68248.68,175,Completed,18931.04999999999,5495.359999999993
TXN0001621,2024-04-07,D009,R001,CONSULTING,131642.56,97228.53,67737.95,62796.67,90,Completed,-34414.03,-4941.279999999999
TXN0001622,2024-12-05,D010,R002,SUBSCRIPTION,159154.67,187981.62,95692.42,100450.11,169,Completed,28826.949999999983,4757.690000000002
TXN0001623,2026-02-20,D007,R004,SUPPORT,93510.36,92424.87,57601.86,57216.18,172,Cancelled,-1085.4900000000052,-385.6800000000003
TXN0001624,2025-06-14,D007,R004,SERVICES,172212.68,200409.6,84172.45,78651.64,34,Completed,28196.920000000013,-5520.809999999998
TXN0001625,2025-01-20,D002,R002,HARDWARE,217192.15,262654.06,137224.13,116753.63,34,Cancelled,45461.91,-20470.5
TXN0001626,2026-02-17,D006,R003,HARDWARE,212731.8,224597.2,142333.14,139704.28,152,Completed,11865.400000000023,-2628.860000000015
TXN0001627,2026-05-17,D005,R005,CONSULTING,134014.44,118810.35,66416.99,78122.82,86,Completed,-15204.089999999997,11705.830000000002
TXN0001628,2025-03-30,D003,R003,SUBSCRIPTION,202960.21,192735.44,100437.54,120867.67,32,Pending,-10224.76999999999,20430.130000000005
TXN0001629,2025-09-10,D007,R001,CONSULTING,171226.59,152200.04,94760.53,87746.77,42,Completed,-19026.54999999999,-7013.759999999995
TXN0001630,2024-10-28,D004,R001,CONSULTING,122583.98,163785.48,95525.04,92386.09,158,Completed,41201.500000000015,-3138.949999999997
TXN0001631,2024-11-03,D003,R003,SUPPORT,122975.61,103350.06,72530.43,70315.27,158,Completed,-19625.550000000003,-2215.159999999989
TXN0001632,2024-09-09,D005,R002,SUPPORT,71263.81,66717.49,66274.9,73511.18,75,Cancelled,-4546.319999999992,7236.279999999999
TXN0001633,2025-02-28,D008,R004,SERVICES,142702.18,168213.31,78201.75,81323.4,79,Pending,25511.130000000005,3121.649999999994
TXN0001634,2024-08-11,D001,R001,HARDWARE,180771.32,205102.55,137037.96,160032.76,58,Completed,24331.22999999998,22994.800000000017
TXN0001635,2026-09-25,D001,R001,SERVICES,186572.35,244760.74,92344.24,80162.98,105,Completed,58188.389999999985,-12181.26000000001
TXN0001636,2026-03-14,D003,R003,SUBSCRIPTION,160411.47,169503.86,103117.6,113231.89,91,Pending,9092.389999999985,10114.289999999994
TXN0001637,2026-11-03,D008,R004,CONSULTING,75680.48,78708.05,58705.63,76513.12,23,Cancelled,3027.570000000007,17807.489999999998
TXN0001638,2026-03-17,D005,R002,SERVICES,154387.83,184381.09,73924.12,95606.0,29,Completed,29993.26000000001,21681.880000000005
TXN0001639,2024-04-20,D006,R003,SUBSCRIPTION,167030.04,143919.33,93944.32,106122.89,82,Pending,-23110.71000000002,12178.569999999992
TXN0001640,2026-09-15,D003,R003,CONSULTING,120655.65,138745.89,88771.89,86457.86,79,Completed,18090.24000000002,-2314.029999999999
TXN0001641,2025-04-02,D004,R001,SUPPORT,94032.08,85616.88,51557.82,49470.74,171,Completed,-8415.199999999997,-2087.0800000000017
TXN0001642,2024-07-27,D006,R003,SUBSCRIPTION,145139.75,160218.79,96002.97,112475.44,178,Completed,15079.040000000008,16472.47
TXN0001643,2024-10-12,D007,R004,CONSULTING,118361.24,143104.64,70371.67,77511.42,19,Completed,24743.40000000001,7139.75
TXN0001644,2024-04-17,D006,R003,SERVICES,126354.88,150566.34,83612.71,87576.17,35,Cancelled,24211.459999999992,3963.459999999992
TXN0001645,2026-07-04,D006,R003,SERVICES,108398.63,118505.82,71414.47,82278.17,67,Completed,10107.190000000002,10863.699999999997
TXN0001646,2025-11-09,D002,R002,CONSULTING,139202.55,145490.61,62001.08,69679.55,157,Completed,6288.059999999998,7678.470000000001
TXN0001647,2024-02-07,D007,R004,SUPPORT,73368.67,52047.84,50968.39,50683.75,123,Pending,-21320.83,-284.6399999999994
TXN0001648,2026-01-22,D005,R002,CONSULTING,121148.46,130774.6,75196.07,67363.31,7,Completed,9626.14,-7832.760000000009
TXN0001649,2026-09-11,D002,R002,CONSULTING,122992.93,126083.27,95581.16,94722.98,62,Completed,3090.340000000011,-858.1800000000076
TXN0001650,2026-09-09,D010,R002,SUBSCRIPTION,130957.13,122894.83,67971.62,69720.59,75,Completed,-8062.300000000003,1748.9700000000012
TXN0001651,2026-07-06,D010,R002,CONSULTING,162444.32,143844.29,70211.08,56603.23,81,Cancelled,-18600.03,-13607.849999999999
TXN0001652,2025-01-13,D003,R003,SOFTWARE,214102.53,177344.43,77564.31,72157.54,108,Completed,-36758.100000000006,-5406.770000000004
TXN0001654,2024-11-09,D009,R001,SUBSCRIPTION,142222.17,144994.48,107312.39,121920.83,58,Completed,2772.3099999999977,14608.440000000002
TXN0001655,2025-03-01,D003,R003,SUPPORT,94639.47,71520.66,53340.37,48908.06,6,Cancelled,-23118.809999999998,-4432.310000000005
TXN0001656,2024-03-21,D008,R004,SOFTWARE,131585.86,108328.98,113183.33,111005.67,37,Cancelled,-23256.87999999999,-2177.6600000000035
TXN0001657,2025-09-06,D004,R001,SOFTWARE,178290.73,154672.81,121501.23,133951.56,13,Completed,-23617.920000000013,12450.330000000002
TXN0001658,2024-12-17,D002,R002,HARDWARE,241241.01,270049.58,106229.39,131064.79,113,Completed,28808.570000000007,24835.399999999994
TXN0001659,2025-08-23,D004,R001,SUBSCRIPTION,182519.95,209811.52,89058.09,74386.88,173,Cancelled,27291.569999999978,-14671.209999999992
TXN0001660,2025-02-10,D008,R004,CONSULTING,118256.9,115445.32,66716.26,64958.31,138,Completed,-2811.579999999987,-1757.949999999997
TXN0001661,2024-07-21,D010,R002,SERVICES,119675.7,111328.44,107809.93,104037.39,174,Completed,-8347.259999999995,-3772.5399999999936
TXN0001662,2025-03-16,D004,R005,HARDWARE,186899.54,196309.26,119575.8,136053.17,39,Cancelled,9409.720000000001,16477.37000000001
TXN0001663,2025-07-22,D009,R001,HARDWARE,143747.53,124036.28,179654.07,210508.32,37,Cancelled,-19711.25,30854.25
TXN0001664,2026-02-20,D007,R006,HARDWARE,210222.03,223383.07,100317.31,112748.1,171,Completed,13161.040000000008,12430.790000000008
TXN0001665,2026-05-21,D007,R004,HARDWARE,180360.02,176623.56,168970.0,167896.9,41,Cancelled,-3736.459999999992,-1073.1000000000058
TXN0001666,2025-01-29,D004,R006,SUPPORT,82503.67,79467.79,52297.97,61687.14,100,Cancelled,-3035.8800000000047,9389.169999999998
TXN0001667,2024-10-11,D009,R001,CONSULTING,129447.7,148965.46,45337.29,54848.65,85,Pending,19517.759999999995,9511.36
TXN0001668,2025-07-07,D007,R005,SOFTWARE,158214.45,181769.34,115922.4,109226.58,36,Cancelled,23554.889999999985,-6695.819999999992
TXN0001669,2024-05-15,D002,R002,CONSULTING,107904.45,138767.69,67366.21,62787.26,89,Completed,30863.240000000005,-4578.950000000004
TXN0001670,2024-10-26,D006,R003,HARDWARE,236681.4,245438.87,164646.69,95606.0,62,Completed,8757.470000000001,-69040.69
TXN0001671,2026-02-14,D001,R001,SERVICES,160920.07,195829.75,90070.65,91333.85,31,Completed,34909.67999999999,1263.2000000000116
TXN0001672,2026-09-29,D003,R003,HARDWARE,262693.77,239172.12,142999.76,134355.63,29,Cancelled,-23521.650000000023,-8644.130000000005
TXN0001673,2025-09-07,D006,R003,HARDWARE,201631.36,197680.97,119522.08,153023.26,160,Completed,-3950.389999999985,33501.18000000001
TXN0001674,2025-05-01,D001,R001,CONSULTING,127176.99,130820.41,56364.64,58503.92,93,Cancelled,3643.4199999999983,2139.279999999999
TXN0001675,2026-03-09,D009,R001,CONSULTING,130068.57,127196.14,83378.23,98534.94,156,Completed,-2872.4300000000076,15156.710000000006
TXN0001676,2024-09-15,D005,R005,SUPPORT,98254.12,95403.04,53351.49,37946.14,41,Pending,-2851.0800000000017,-15405.349999999999
TXN0001677,2026-01-28,D010,R002,SOFTWARE,181061.87,191118.54,110373.52,99086.56,68,Cancelled,10056.670000000013,-11286.960000000006
TXN0001678,2026-06-17,D007,R004,SERVICES,140782.8,165311.96,82799.96,85811.62,95,Pending,24529.160000000003,3011.659999999989
TXN0001679,2026-02-12,D009,R001,CONSULTING,132307.59,129439.52,81836.07,73482.64,63,Completed,-2868.0699999999924,-8353.430000000008
TXN0001680,2025-02-10,D002,R002,CONSULTING,139857.72,158861.14,85090.16,62204.42,28,Completed,19003.420000000013,-22885.740000000005
TXN0001681,2024-04-12,D002,R002,SOFTWARE,226136.1,297452.77,134882.35,125581.17,152,Completed,71316.67000000001,-9301.180000000008
TXN0001682,2026-06-10,D002,R002,SUBSCRIPTION,150695.42,150099.82,109232.21,125437.37,7,Pending,-595.6000000000058,16205.159999999989
TXN0001683,2026-09-09,D009,R001,SERVICES,125134.13,103560.16,89502.13,91866.22,132,Cancelled,-21573.97,2364.0899999999965
TXN0001684,2024-01-29,D009,R001,CONSULTING,116005.16,100429.43,77910.89,73296.52,162,Completed,-15575.73000000001,-4614.369999999995
TXN0001685,2026-12-30,D001,R001,SUPPORT,78284.67,61328.85,58226.13,79536.25,93,Completed,-16955.82,21310.120000000003
TXN0001686,2026-07-07,D009,R001,SOFTWARE,213279.69,243702.01,124227.13,121605.04,48,Cancelled,30422.320000000007,-2622.090000000011
TXN0001687,2024-09-30,D004,R001,HARDWARE,226730.99,214197.3,161282.29,182718.91,136,Completed,-12533.690000000002,21436.619999999995
TXN0001688,2024-12-15,D001,R001,CONSULTING,113007.64,96242.45,83781.22,107719.8,100,Completed,-16765.190000000002,23938.58
TXN0001689,2024-08-29,D006,R003,SERVICES,152493.62404958677,99294.47,82180.5,84839.18,79,Completed,-53199.15404958677,2658.679999999993
TXN0001690,2024-05-01,D008,R004,SERVICES,130187.03,109882.06,103438.95,99994.4,166,Cancelled,-20304.97,-3444.550000000003
TXN0001691,2026-11-21,D007,R004,HARDWARE,171514.26,172462.55,124287.66,95606.0,14,Pending,948.289999999979,-28681.660000000003
TXN0001692,2025-12-29,D010,R002,SOFTWARE,189465.62,207088.91,114932.15,149513.46,6,Cancelled,17623.290000000008,34581.31
TXN0001693,2024-07-08,D008,R004,HARDWARE,181273.62,188865.86,130791.79,123361.54,6,Completed,7592.239999999991,-7430.25
TXN0001694,2024-07-26,D003,R003,SOFTWARE,170868.23,171692.45,98790.97,103253.0,115,Pending,824.2200000000012,4462.029999999999
TXN0001695,2024-10-11,D004,R001,SUBSCRIPTION,183812.95,177591.11,88502.27,87018.71,110,Completed,-6221.840000000026,-1483.5599999999977
TXN0001696,2026-08-21,D008,R006,SERVICES,176141.26,159912.83,61343.82,56498.99,106,Completed,-16228.430000000022,-4844.830000000002
TXN0001697,2025-05-07,D005,R002,SERVICES,135626.68,148119.95,90654.92,77286.51,32,Pending,12493.270000000019,-13368.410000000003
TXN0001698,2026-07-06,D008,R004,HARDWARE,250941.78,254296.73,146215.05,167911.79,6,Completed,3354.9500000000116,21696.74000000002
TXN0001699,2024-03-23,D004,R001,HARDWARE,216189.99,253342.4,151007.19,166410.79,39,Pending,37152.41,15403.600000000006
TXN0001700,2024-11-24,D007,R004,SOFTWARE,226449.73,255486.54,77269.93,100036.13,175,Completed,29036.809999999998,22766.20000000001
TXN0001701,2024-08-31,D008,R004,HARDWARE,236329.3,217613.16,181567.2,178119.27,112,Pending,-18716.139999999985,-3447.930000000022
TXN0001702,2024-09-17,D009,R001,SUPPORT,94401.27,155988.0,68999.0,71491.41,88,Pending,61586.729999999996,2492.4100000000035
TXN0001703,2026-07-03,D009,R001,SUPPORT,67174.84,70621.9,57420.02,58901.01,38,Completed,3447.0599999999977,1480.9900000000052
TXN0001704,2024-11-14,D002,R002,SERVICES,127898.6,155988.0,88656.37,116587.63,93,Cancelled,28089.399999999994,27931.26000000001
TXN0001705,2024-04-16,D001,R001,SERVICES,116660.69,124029.32,68551.68,84495.92,178,Completed,7368.630000000005,15944.240000000005
TXN0001706,2024-01-17,D007,R004,SUPPORT,85662.2,85462.17,66639.79,72151.34,116,Pending,-200.02999999999884,5511.550000000003
TXN0001707,2026-05-28,D005,R002,SOFTWARE,176078.92,173172.25,122798.21,163285.93,68,Cancelled,-2906.670000000013,40487.71999999999
TXN0001708,2025-05-25,D003,R003,SERVICES,79744.82,78849.09,92964.0,91621.08,76,Completed,-895.7300000000105,-1342.9199999999983
TXN0001709,2026-05-28,D005,R002,SERVICES,145230.07,114913.7,66683.71,80734.07,55,Pending,-30316.37000000001,14050.36
TXN0001710,2025-06-01,D002,R002,SUBSCRIPTION,154220.27,169577.55,84172.38,96199.49,53,Cancelled,15357.279999999999,12027.11
TXN0001711,2026-01-04,D003,R003,SERVICES,116756.75,100758.14,73856.34,86436.78,14,Completed,-15998.61,12580.440000000002
TXN0001712,2024-06-02,D004,R001,CONSULTING,128951.08,129059.83,74152.27,76045.09,162,Completed,108.75,1892.8199999999924
TXN0001713,2026-04-14,D002,R002,CONSULTING,143453.23,145612.92,70312.3,67989.25,139,Completed,2159.6900000000023,-2323.050000000003
TXN0001714,2026-08-09,D004,R001,SUBSCRIPTION,132394.49,155988.0,69022.35,78993.43,20,Cancelled,23593.51000000001,9971.079999999987
TXN0001715,2024-08-13,D007,R004,HARDWARE,246582.3,249756.95,92964.0,159480.87,73,Completed,3174.6500000000233,66516.87
TXN0001716,2026-06-05,D005,R002,SUPPORT,99004.38,89534.49,53006.56,73327.17,68,Completed,-9469.89,20320.61
TXN0001717,2024-04-16,D001,R001,SOFTWARE,132295.73,119428.93,122917.53,104632.31,174,Completed,-12866.800000000017,-18285.22
TXN0001718,2024-07-25,D004,R001,HARDWARE,242620.48,203084.91,177262.93,204451.99,115,Completed,-39535.57000000001,27189.059999999998
TXN0001719,2025-11-15,D005,R002,HARDWARE,180936.96,177628.3,156990.35,161585.55,82,Completed,-3308.6600000000035,4595.1999999999825
TXN0001720,2024-09-23,D002,R002,SUPPORT,82071.49,155988.0,30841.36,34040.45,89,Completed,73916.51,3199.0899999999965
TXN0001721,2026-12-19,D006,R003,SUBSCRIPTION,128837.89,119029.26,85123.17,90348.83,159,Completed,-9808.630000000005,5225.6600000000035
TXN0001722,2026-02-25,D004,R001,SERVICES,168967.08,182780.85,63588.95,75842.2,27,Completed,13813.770000000019,12253.25
TXN0001723,2024-03-09,D003,R003,SUBSCRIPTION,185246.25,141392.32,85510.29,115254.61,15,Cancelled,-43853.92999999999,29744.320000000007
TXN0001724,2024-07-21,D004,R001,CONSULTING,127320.15,130168.95,70510.42,61063.68,24,Cancelled,2848.800000000003,-9446.739999999998
TXN0001725,2026-08-29,D010,R002,SUPPORT,54400.48,47694.17,66164.68,72827.12,56,Cancelled,-6706.310000000005,6662.440000000002
TXN0001726,2025-01-06,D003,R005,CONSULTING,61956.99,66314.05,81280.65,81587.64,148,Completed,4357.060000000005,306.99000000000524
TXN0001727,2024-08-28,D006,R003,SUPPORT,81912.19,97854.43,38515.49,31315.6,116,Completed,15942.23999999999,-7199.889999999999
TXN0001728,2024-02-14,D008,R004,SUBSCRIPTION,189579.34,175578.89,80670.64,95981.99,47,Cancelled,-14000.449999999983,15311.350000000006
TXN0001729,2025-08-16,D005,R002,SERVICES,109079.25,110790.14,75753.28,86477.4,16,Cancelled,1710.8899999999994,10724.119999999995
TXN0001730,2025-01-24,D001,R001,SUPPORT,122471.66,100181.23,54143.66,49966.01,106,Pending,-22290.430000000008,-4177.6500000000015
TXN0001731,2024-04-12,D009,R001,SOFTWARE,177529.86,165281.64,136345.09,121629.55,117,Cancelled,-12248.219999999972,-14715.539999999994
TXN0001732,2026-03-31,D007,R004,CONSULTING,130950.84,109889.19,76774.62,75151.53,160,Completed,-21061.649999999994,-1623.0899999999965
TXN0001733,2025-03-22,D004,R001,SERVICES,147937.29,154228.48,87923.77,95606.0,156,Completed,6291.190000000002,7682.229999999996
TXN0001734,2026-11-12,D009,R001,SUPPORT,93124.36,109278.01,68362.11,67728.0,71,Completed,16153.649999999994,-634.1100000000006
TXN0001735,2024-08-31,D004,R001,HARDWARE,271671.46,344703.61,148136.09,146490.13,48,Completed,73032.14999999997,-1645.9599999999919
TXN0001736,2024-03-21,D001,R001,HARDWARE,196561.71,133385.08,174563.12,172630.75,168,Completed,-63176.630000000005,-1932.3699999999953
TXN0001737,2024-04-15,D005,R002,HARDWARE,227409.44,232914.64,154011.45,159542.14,169,Completed,5505.200000000012,5530.690000000002
TXN0001738,2025-12-12,D004,R001,SOFTWARE,146746.14,143883.79,137974.17,173274.54,166,Cancelled,-2862.350000000006,35300.369999999995
TXN0001739,2025-06-24,D006,R003,SUPPORT,106001.2,115122.64,48174.66,43859.26,39,Pending,9121.440000000002,-4315.4000000000015
TXN0001740,2024-01-22,D010,R002,SOFTWARE,179412.45,183278.12,115161.81,131433.35,96,Completed,3865.6699999999837,16271.540000000008
TXN0001741,2024-05-08,D005,R002,SOFTWARE,172522.53,229494.6,95973.03,94218.84,102,Completed,56972.07000000001,-1754.1900000000023
TXN0001742,2025-03-27,D010,R002,CONSULTING,119465.1,122177.22,81431.92,103402.24,88,Completed,2712.1199999999953,21970.320000000007
TXN0001743,2024-11-14,D004,R001,CONSULTING,160052.87,154818.26,88070.36,88369.98,119,Completed,-5234.609999999986,299.61999999999534
TXN0001744,2024-10-07,D007,R004,CONSULTING,96093.63,71460.93,71974.74,93366.02,131,Completed,-24632.70000000001,21391.28
TXN0001745,2025-01-21,D008,R004,SERVICES,146523.97,132984.18,70505.08,81889.13,150,Pending,-13539.790000000008,11384.050000000003
TXN0001746,2025-09-27,D003,R003,SOFTWARE,183339.73,205436.18,110422.05,142230.65,46,Completed,22096.449999999983,31808.59999999999
TXN0001747,2024-05-22,D007,R004,SERVICES,140055.03,153909.64,66298.84,62275.36,41,Completed,13854.610000000015,-4023.479999999996
TXN0001748,2026-04-04,D007,R004,SUPPORT,110567.73,112074.39,44042.67,49556.44,30,Cancelled,1506.6600000000035,5513.770000000004
TXN0001749,2024-07-23,D003,R003,SOFTWARE,209906.65,182599.94,117147.25,115631.25,101,Pending,-27306.709999999992,-1516.0
TXN0001750,2024-03-30,D001,R001,SOFTWARE,198548.07,177753.29,121457.0,124098.19,38,Completed,-20794.78,2641.1900000000023
TXN0001751,2024-01-28,D002,R002,SUPPORT,82149.02,85430.29,56262.08,51813.39,7,Completed,3281.2699999999895,-4448.690000000002
TXN0001752,2024-06-23,D009,R001,HARDWARE,250632.89,193027.95,133499.62,125856.46,56,Completed,-57604.94,-7643.159999999989
TXN0001753,2024-11-30,D008,R004,CONSULTING,129459.89,110822.44,79955.16,84146.08,83,Completed,-18637.449999999997,4190.919999999998
TXN0001754,2025-01-07,D008,R004,SOFTWARE,202785.42,192527.11,78781.56,76271.14,165,Cancelled,-10258.310000000027,-2510.4199999999983
TXN0001755,2025-08-30,D002,R005,SOFTWARE,170212.06,220751.41,137938.25,135909.27,31,Cancelled,50539.350000000006,-2028.9800000000105
TXN0001756,2024-02-19,D007,R004,SERVICES,161092.18,179041.4,90011.57,89310.38,63,Pending,17949.22,-701.1900000000023
TXN0001757,2025-10-08,D007,R004,SUPPORT,64929.37,63191.23,56794.71,58312.49,62,Pending,-1738.1399999999994,1517.7799999999988
TXN0001758,2025-04-04,D002,R002,SOFTWARE,206654.91,191420.71,115901.58,146465.06,31,Completed,-15234.200000000012,30563.479999999996
TXN0001759,2026-08-01,D006,R006,SOFTWARE,160857.49,205068.23,131912.72,124068.89,26,Completed,44210.74000000002,-7843.830000000002
TXN0001760,2026-12-22,D010,R002,CONSULTING,146010.73,150123.6,82119.31,82238.18,90,Cancelled,4112.869999999995,118.86999999999534
TXN0001761,2025-09-09,D003,R003,SERVICES,143965.13,120843.97,98280.49,127067.87,164,Completed,-23121.160000000003,28787.37999999999
TXN0001762,2026-10-19,D006,R003,HARDWARE,197696.89,226178.58,92964.0,136342.14,174,Completed,28481.689999999973,43378.140000000014
TXN0001763,2024-05-06,D005,R002,SUPPORT,91851.8,98425.61,55015.87,54784.29,5,Completed,6573.809999999998,-231.58000000000175
TXN0001764,2026-03-07,D003,R003,CONSULTING,106853.53,89865.08,70415.88,67181.29,127,Completed,-16988.449999999997,-3234.590000000011
TXN0001765,2025-07-24,D002,R002,SUPPORT,98464.84,122367.29,49252.39,54847.94,42,Completed,23902.449999999997,5595.550000000003
TXN0001766,2026-02-27,D006,R003,SERVICES,128525.37,134264.11,80187.52,88170.07,95,Completed,5738.739999999991,7982.550000000003
TXN0001767,2026-04-27,D008,R004,SUPPORT,73819.1,76278.36,44243.19,40605.34,159,Completed,2459.2599999999948,-3637.850000000006
TXN0001768,2025-05-18,D003,R003,SUPPORT,83017.86,92489.09,52900.27,62343.76,103,Pending,9471.229999999996,9443.490000000005
TXN0001769,2026-05-10,D009,R001,SUBSCRIPTION,141591.23,126620.08,87749.62,103042.07,141,Cancelled,-14971.150000000009,15292.450000000012
TXN0001770,2026-05-13,D004,R001,SUBSCRIPTION,135297.28,114500.52,84458.99,117191.43,139,Cancelled,-20796.759999999995,32732.439999999988
TXN0001771,2026-10-01,D004,R001,SERVICES,155256.19,181517.11,91427.9,62179.24,5,Completed,26260.919999999984,-29248.659999999996
TXN0001772,2024-09-30,D001,R001,CONSULTING,127600.93,137155.48,75638.04,97382.59,33,Completed,9554.550000000017,21744.550000000003
TXN0001773,2025-08-26,D006,R003,SERVICES,141476.94,164483.81,68301.53,66864.37,122,Completed,23006.869999999995,-1437.1600000000035
TXN0001774,2025-11-05,D009,R001,CONSULTING,167662.77,131936.2,59452.25,73576.73,58,Completed,-35726.56999999998,14124.479999999996
TXN0001775,2024-10-20,D001,R001,SOFTWARE,181489.13,122037.91,105730.54,78095.85,101,Completed,-59451.22,-27634.689999999988
TXN0001776,2024-05-08,D007,R001,SUPPORT,98820.25,155988.0,45368.45,41998.73,174,Cancelled,57167.75,-3369.719999999994
TXN0001777,2025-02-28,D002,R002,SUBSCRIPTION,196056.09,179498.5,103187.86,88003.41,12,Completed,-16557.589999999997,-15184.449999999997
TXN0001778,2024-06-06,D006,R003,SERVICES,128825.58,141789.18,81324.32,86648.29,8,Cancelled,12963.599999999991,5323.969999999987
TXN0001779,2026-08-20,D007,R004,SERVICES,111843.36,115408.06,84435.72,96554.38,40,Cancelled,3564.699999999997,12118.660000000003
TXN0001780,2025-11-21,D005,R002,SUPPORT,107201.43,120697.37,67443.46,72566.53,118,Completed,13495.940000000002,5123.069999999992
TXN0001781,2024-06-03,D005,R002,SOFTWARE,201202.18,199855.36,115102.44,132787.84,159,Completed,-1346.820000000007,17685.399999999994
TXN0001782,2026-05-17,D009,R001,CONSULTING,101833.75,121752.55,78759.49,93756.16,179,Pending,19918.800000000003,14996.669999999998
TXN0001783,2026-10-24,D009,R001,HARDWARE,221846.84,227903.53,132915.28,120142.34,83,Completed,6056.690000000002,-12772.940000000002
TXN0001784,2024-07-07,D007,R004,HARDWARE,192060.7,177223.05,125371.88,144895.44,138,Pending,-14837.650000000023,19523.559999999998
TXN0001785,2024-04-24,D003,R003,CONSULTING,132021.4,129184.16,86436.57,90184.48,61,Pending,-2837.2399999999907,3747.909999999989
TXN0001786,2024-07-06,D003,R003,SUBSCRIPTION,218238.61,185784.07,116368.95,111831.03,124,Pending,-32454.53999999998,-4537.919999999998
TXN0001787,2026-02-18,D006,R003,CONSULTING,120543.34,123326.72,91815.6,102667.18,47,Completed,2783.3800000000047,10851.579999999987
TXN0001788,2025-06-07,D006,R003,SERVICES,146404.02,155988.0,94479.89,79624.67,32,Completed,9583.98000000001,-14855.220000000001
TXN0001789,2024-02-27,D002,R002,HARDWARE,245766.44,305159.18,154881.13,147234.45,66,Completed,59392.73999999999,-7646.679999999993
TXN0001790,2025-09-03,D003,R003,SOFTWARE,202307.27,210941.96,105872.67,121708.66,157,Completed,8634.690000000002,15835.990000000005
TXN0001791,2024-07-03,D005,R002,SERVICES,141597.26,155988.0,75093.89,75644.87,66,Completed,14390.73999999999,550.9799999999959
TXN0001792,2024-01-04,D002,R002,SUBSCRIPTION,203641.16,197159.97,82198.47,79972.54,149,Pending,-6481.190000000002,-2225.9300000000076
TXN0001793,2024-01-18,D001,R005,HARDWARE,202346.51,155988.0,133313.64,151032.88,96,Completed,-46358.51000000001,17719.23999999999
TXN0001794,2026-11-03,D007,R004,HARDWARE,205290.1,217906.0,103797.21,102831.68,96,Completed,12615.899999999994,-965.5300000000134
TXN0001795,2026-10-28,D002,R002,SUPPORT,100727.13,99576.72,41812.01,42350.91,30,Cancelled,-1150.4100000000035,538.9000000000015
TXN0001796,2024-03-17,D003,R006,CONSULTING,136154.73,133167.82,83835.76,74111.14,79,Completed,-2986.9100000000035,-9724.619999999995
TXN0001797,2024-10-07,D003,R003,SOFTWARE,218788.58,212685.67,96429.66,114495.92,64,Completed,-6102.909999999974,18066.259999999995
TXN0001798,2026-10-24,D003,R003,SERVICES,163232.8,167841.53,96579.18,94788.83,137,Cancelled,4608.7300000000105,-1790.3499999999913
TXN0001799,2026-05-07,D009,R001,HARDWARE,177481.76,201725.27,155632.98,156024.08,38,Completed,24243.50999999998,391.0999999999767
TXN0001800,2024-03-22,D005,R002,CONSULTING,155622.65,166187.5,76787.86,79851.49,179,Pending,10564.850000000006,3063.6300000000047
TXN0001801,2024-02-06,D004,R001,SUBSCRIPTION,110906.89,120789.24,88802.88,100174.63,44,Cancelled,9882.350000000006,11371.75
TXN0001802,2024-10-19,D008,R004,SOFTWARE,115950.98,111128.51,101284.21,97867.08,84,Cancelled,-4822.470000000001,-3417.1300000000047
TXN0001803,2025-04-10,D002,R002,CONSULTING,127779.41,131304.7,73364.54,64926.2,48,Completed,3525.290000000008,-8438.339999999997
TXN0001804,2024-01-07,D003,R006,HARDWARE,237852.17,257937.3,149864.72,176038.27,23,Completed,20085.129999999976,26173.54999999999
TXN0001805,2025-08-06,D008,R004,CONSULTING,109902.17,115383.42,62674.6,50040.46,118,Completed,5481.25,-12634.14
TXN0001806,2024-03-22,D002,R002,CONSULTING,135755.85,178195.37,58494.37,72684.84,98,Completed,42439.51999999999,14190.469999999994
TXN0001807,2024-09-21,D007,R004,SUBSCRIPTION,120697.32,140182.2,89244.38,86190.32,117,Completed,19484.880000000005,-3054.0599999999977
TXN0001808,2026-04-02,D009,R001,HARDWARE,202540.27,154522.18,119098.34,107469.92,26,Pending,-48018.09,-11628.419999999998
TXN0001809,2024-03-28,D009,R001,SUPPORT,104867.84,97770.52,52268.51,48935.6,163,Completed,-7097.319999999992,-3332.9100000000035
TXN0001810,2024-01-17,D004,R001,SUBSCRIPTION,213241.5,249061.9,71169.95,75360.87,44,Completed,35820.399999999994,4190.919999999998
TXN0001811,2026-03-28,D005,R002,SUBSCRIPTION,132107.67,137225.49,70102.52,69507.03,23,Completed,5117.819999999978,-595.4900000000052
TXN0001812,2024-07-10,D007,R001,SUPPORT,50177.66,45754.28,46369.27,63798.12,94,Pending,-4423.380000000005,17428.850000000006
TXN0001813,2024-11-08,D008,R004,CONSULTING,140145.51,135962.11,79709.84,78725.89,26,Completed,-4183.400000000023,-983.9499999999971
TXN0001814,2026-06-06,D002,R002,CONSULTING,77691.48,80506.04,67809.76,59345.95,56,Pending,2814.5599999999977,-8463.809999999998
TXN0001815,2026-09-22,D006,R006,SUBSCRIPTION,157786.28,162957.08,108914.01,107056.85,59,Pending,5170.799999999988,-1857.159999999989
TXN0001816,2024-11-14,D002,R002,SOFTWARE,170889.0,191099.91,112172.18,124057.18,125,Completed,20210.910000000003,11885.0
TXN0001817,2026-02-17,D004,R001,SOFTWARE,261102.77,259089.55,101481.88,105996.29,20,Completed,-2013.2200000000012,4514.409999999989
TXN0001818,2024-04-20,D007,R004,SERVICES,151914.94,141578.08,47974.62,46849.84,59,Completed,-10336.860000000015,-1124.780000000006
TXN0001819,2024-12-26,D007,R004,SUPPORT,76141.18,71845.03,52592.08,42248.05,26,Completed,-4296.149999999994,-10344.029999999999
TXN0001820,2025-02-09,D002,R002,SOFTWARE,212981.81,240501.48,87189.54,81815.02,120,Pending,27519.670000000013,-5374.5199999999895
TXN0001821,2025-11-01,D009,R001,HARDWARE,228959.03,213713.08,170936.06,148143.17,18,Completed,-15245.950000000012,-22792.889999999985
TXN0001822,2024-02-12,D007,R004,HARDWARE,221354.51,204324.44,125172.71,128792.28,55,Completed,-17030.070000000007,3619.5699999999924
TXN0001823,2024-11-25,D007,R004,SUBSCRIPTION,128402.26,138106.18,81033.53,84477.58,116,Completed,9703.919999999998,3444.050000000003
TXN0001824,2025-10-02,D010,R002,SOFTWARE,189173.44,200112.66,108203.81,106553.04,24,Cancelled,10939.220000000001,-1650.770000000004
TXN0001825,2025-10-10,D010,R002,SUPPORT,73296.08,79997.94,50484.48,95606.0,8,Completed,6701.860000000001,45121.52
TXN0001826,2025-10-10,D008,R004,CONSULTING,110124.41,148503.85,73561.05,75489.58,34,Pending,38379.44,1928.5299999999988
TXN0001827,2025-02-28,D005,R002,SOFTWARE,134011.95,137522.18,113942.31,143855.74,37,Pending,3510.2299999999814,29913.429999999993
TXN0001828,2025-01-19,D010,R002,SERVICES,107817.47,139314.49,70268.64,88006.06,112,Cancelled,31497.01999999999,17737.42
TXN0001829,2025-12-13,D003,R003,SERVICES,118927.89,117054.11,81384.73,95515.6,58,Completed,-1873.7799999999988,14130.87000000001
TXN0001830,2026-01-15,D010,R002,HARDWARE,230791.71,247206.46,168906.18,195483.95,9,Completed,16414.75,26577.77000000002
TXN0001831,2026-10-19,D005,R002,SOFTWARE,195847.83,250680.84,110971.0,102919.64,171,Pending,54833.01000000001,-8051.360000000001
TXN0001832,2026-05-22,D007,R004,HARDWARE,280038.2,226894.78,110024.77,117860.6,138,Completed,-53143.42000000001,7835.830000000002
TXN0001833,2026-05-27,D002,R002,CONSULTING,140062.36,144544.86,74636.54,64812.92,100,Completed,4482.5,-9823.619999999995
TXN0001834,2026-11-06,D009,R001,SUBSCRIPTION,194197.9,181004.91,97505.71,113680.87,102,Completed,-13192.98999999999,16175.159999999989
TXN0001835,2024-07-22,D007,R004,SUPPORT,110649.38,108731.17,63137.55,53758.66,27,Completed,-1918.2100000000064,-9378.89
TXN0001836,2026-04-22,D002,R002,SUBSCRIPTION,187515.19,129290.51,72755.53,79694.37,31,Pending,-58224.68000000001,6938.8399999999965
TXN0001837,2026-06-28,D010,R002,SOFTWARE,131715.98,159836.2,112576.89,98254.21,133,Cancelled,28120.22,-14322.679999999993
TXN0001838,2025-09-03,D001,R001,CONSULTING,91120.67,88727.9,92964.0,92092.02,62,Pending,-2392.770000000004,-871.9799999999959
TXN0001839,2026-08-19,D009,R001,SERVICES,180871.22,196198.27,77930.26,76392.5,36,Completed,15327.049999999988,-1537.7599999999948
TXN0001840,2026-03-21,D008,R004,SUPPORT,80958.24,105527.48,63750.53,65247.5,6,Completed,24569.23999999999,1496.9700000000012
TXN0001841,2025-06-25,D004,R001,HARDWARE,221944.15,188030.04,113640.39,146211.55,83,Pending,-33914.109999999986,32571.15999999999
TXN0001842,2024-01-02,D004,R006,SOFTWARE,165882.97,195021.27,109421.41,114204.28,11,Completed,29138.29999999999,4782.869999999995
TXN0001843,2025-12-10,D006,R003,SUBSCRIPTION,181993.64,181045.02,95770.62,70773.78,90,Completed,-948.6200000000244,-24996.839999999997
TXN0001844,2026-12-03,D010,R002,SERVICES,130751.03,134336.73,79690.44,85616.16,54,Cancelled,3585.7000000000116,5925.720000000001
TXN0001845,2026-05-28,D007,R004,SUBSCRIPTION,163408.48,190131.72,95638.34,100196.73,37,Pending,26723.23999999999,4558.389999999999
TXN0001846,2026-11-25,D003,R003,HARDWARE,261270.75,333602.8,150412.21,157986.34,45,Pending,72332.04999999999,7574.130000000005
TXN0001847,2026-10-29,D004,R001,SERVICES,125215.3,120288.88,74784.13,72695.94,35,Cancelled,-4926.419999999998,-2088.1900000000023
TXN0001848,2025-06-16,D007,R004,SUPPORT,91670.5,95581.83,52612.59,52541.01,146,Completed,3911.3300000000017,-71.57999999999447
TXN0001849,2024-02-22,D006,R003,SOFTWARE,241802.7,323098.35,92798.39,102471.21,116,Completed,81295.64999999997,9672.820000000007
TXN0001850,2024-10-06,D010,R002,SUBSCRIPTION,166875.65,212610.82,71656.74,77809.54,151,Pending,45735.17000000001,6152.799999999988
TXN0001851,2026-07-18,D001,R001,SERVICES,142495.16,127921.4,77895.16,58841.62,167,Completed,-14573.76000000001,-19053.54
TXN0001852,2025-08-31,D003,R003,SERVICES,123525.7,120490.83,97449.48,121010.7,54,Cancelled,-3034.8699999999953,23561.22
TXN0001853,2025-06-17,D004,R001,CONSULTING,150490.84,178249.5,101054.74,105270.01,173,Completed,27758.660000000003,4215.2699999999895
TXN0001854,2024-02-17,D005,R002,SERVICES,144593.46,187970.14,67126.89,74105.67,168,Cancelled,43376.68000000002,6978.779999999999
TXN0001855,2024-08-09,D002,R002,SUBSCRIPTION,137685.7,138965.91,82330.46,86205.75,32,Completed,1280.2099999999919,3875.2899999999936
TXN0001856,2024-09-07,D005,R002,SERVICES,119293.64,107226.01,107080.0,98132.6,24,Pending,-12067.630000000005,-8947.399999999994
TXN0001857,2026-11-03,D006,R003,SERVICES,123587.56,118672.25,71833.45,87363.31,30,Pending,-4915.309999999998,15529.86
TXN0001858,2024-05-06,D001,R001,CONSULTING,142576.45,183203.42,73380.88,59939.22,58,Pending,40626.97,-13441.660000000003
TXN0001859,2026-12-07,D007,R004,SUPPORT,87832.77,94902.1,47428.14,45419.04,46,Completed,7069.330000000002,-2009.0999999999985
TXN0001860,2024-05-03,D005,R005,SUPPORT,84148.07,69884.47,56077.92,56148.31,35,Completed,-14263.600000000006,70.38999999999942
TXN0001861,2024-11-01,D006,R001,SUBSCRIPTION,132786.63,131989.26,99299.49,93736.92,45,Cancelled,-797.3699999999953,-5562.570000000007
TXN0001862,2024-01-03,D005,R002,SERVICES,120488.4,99603.56,81958.13,96208.07,142,Completed,-20884.839999999997,14249.940000000002
TXN0001863,2025-03-18,D009,R001,SERVICES,164207.45,155988.0,95764.37,95606.0,98,Completed,-8219.450000000012,-158.36999999999534
TXN0001864,2024-06-19,D004,R005,SERVICES,199197.54,197320.73,97918.49,85708.14,37,Completed,-1876.8099999999977,-12210.350000000006
TXN0001865,2025-12-14,D005,R002,SOFTWARE,140164.36,130637.86,102750.15,113241.24,146,Completed,-9526.499999999985,10491.090000000011
TXN0001866,2026-12-06,D008,R004,CONSULTING,149516.66,135204.05,71631.09,86931.34,136,Pending,-14312.610000000015,15300.25
TXN0001867,2025-07-29,D004,R001,SERVICES,133152.4,108830.47,59571.65,42624.39,105,Completed,-24321.929999999993,-16947.260000000002
TXN0001868,2025-09-30,D010,R002,SUBSCRIPTION,194513.01,176253.85,90206.44,121030.58,47,Completed,-18259.160000000003,30824.14
TXN0001869,2026-05-17,D008,R004,CONSULTING,127717.78,127732.41,66879.72,77452.52,157,Completed,14.630000000004657,10572.800000000003
TXN0001870,2026-02-23,D006,R001,SUBSCRIPTION,129164.75,101142.16,82401.79,87304.54,114,Completed,-28022.589999999997,4902.75
TXN0001871,2024-11-05,D010,R002,SUPPORT,103849.44,110128.72,55082.68,63315.86,120,Completed,6279.279999999999,8233.18
TXN0001872,2026-04-19,D001,R001,HARDWARE,182204.23,167274.09,156760.44,200877.02,80,Cancelled,-14930.140000000014,44116.57999999999
TXN0001873,2024-08-22,D009,R001,SOFTWARE,215849.36,250498.53,87996.2,86025.69,51,Completed,34649.17000000001,-1970.5099999999948
TXN0001874,2025-05-17,D007,R004,HARDWARE,229939.74,244165.13,149162.41,142355.08,23,Completed,14225.390000000014,-6807.330000000016
TXN0001875,2024-07-09,D006,R003,HARDWARE,207395.28,174347.45,132434.4,95606.0,7,Completed,-33047.82999999999,-36828.399999999994
TXN0001876,2026-11-08,D001,R001,SERVICES,159493.4,202245.65,70707.2,91151.9,150,Completed,42752.25,20444.699999999997
TXN0001877,2025-03-08,D004,R001,CONSULTING,135252.06,138422.82,66354.43,68179.9,159,Completed,3170.7600000000093,1825.4700000000012
TXN0001878,2025-07-23,D009,R001,SUBSCRIPTION,144680.37,145254.75,127906.36,121785.49,160,Completed,574.3800000000047,-6120.869999999995
TXN0001879,2026-10-06,D010,R002,CONSULTING,109551.4,85735.44,65716.42,67923.84,86,Completed,-23815.959999999992,2207.4199999999983
TXN0001880,2026-10-18,D004,R001,CONSULTING,152535.36,159202.32,87543.45,110908.88,16,Completed,6666.960000000021,23365.430000000008
TXN0001881,2024-12-16,D007,R004,CONSULTING,133167.4,150660.69,92964.0,61689.7,158,Completed,17493.290000000008,-31274.300000000003
TXN0001882,2024-02-13,D010,R002,SUBSCRIPTION,191865.97,212084.75,86459.78,78288.43,77,Completed,20218.78,-8171.350000000006
TXN0001883,2025-05-08,D010,R002,CONSULTING,137809.01,153551.7,76871.49,72981.77,38,Pending,15742.690000000002,-3889.720000000001
TXN0001884,2024-03-21,D001,R001,SUBSCRIPTION,130966.53,124004.02,91223.61,63217.73,91,Completed,-6962.509999999995,-28005.879999999997
TXN0001885,2025-08-09,D002,R002,CONSULTING,109120.5,115357.02,72831.0,71786.28,75,Completed,6236.520000000004,-1044.7200000000012
TXN0001886,2025-03-10,D006,R003,SUBSCRIPTION,204390.05,204534.05,109209.57,144722.13,131,Cancelled,144.0,35512.56
TXN0001887,2026-07-19,D001,R001,SUPPORT,83654.94,73498.83,38433.82,40356.0,131,Completed,-10156.11,1922.1800000000003
TXN0001888,2024-02-29,D006,R003,SOFTWARE,176917.95,195331.59,85147.47,95003.77,62,Completed,18413.639999999985,9856.300000000003
TXN0001889,2026-11-06,D001,R001,HARDWARE,158217.24,151060.37,194121.92,170466.9,62,Completed,-7156.869999999995,-23655.02000000002
TXN0001890,2024-11-01,D002,R002,HARDWARE,229047.89,220672.7,143001.04,140319.7,18,Completed,-8375.190000000002,-2681.3399999999965
TXN0001891,2024-02-06,D001,R001,HARDWARE,281013.79,308883.68,132785.61,123091.81,72,Completed,27869.890000000014,-9693.799999999988
TXN0001892,2025-06-07,D010,R002,CONSULTING,149693.41,151705.93,61749.28,61074.02,48,Completed,2012.5199999999895,-675.260000000002
TXN0001893,2025-10-15,D010,R002,SERVICES,141740.95,164986.22,46775.45,48911.92,42,Cancelled,23245.26999999999,2136.470000000001
TXN0001894,2024-07-09,D007,R004,SUPPORT,83722.64,72353.01,61270.04,56828.0,138,Cancelled,-11369.630000000005,-4442.040000000001
TXN0001895,2026-09-30,D004,R001,SUPPORT,106355.29,97477.33,41671.75,50922.45,76,Completed,-8877.959999999992,9250.699999999997
TXN0001896,2025-08-29,D008,R004,HARDWARE,202638.28,166139.29,159189.16,158788.83,26,Completed,-36498.98999999999,-400.3300000000163
TXN0001897,2025-02-25,D009,R001,SERVICES,172486.12,138753.28,93927.13,88195.56,24,Completed,-33732.84,-5731.570000000007
TXN0001898,2025-03-18,D008,R005,SUPPORT,60060.62,59657.22,50408.45,45312.18,124,Pending,-403.40000000000146,-5096.269999999997
TXN0001899,2025-03-03,D004,R001,HARDWARE,212617.12,186027.76,133878.99,170208.8,156,Cancelled,-26589.359999999986,36329.81
TXN0001900,2026-07-18,D009,R001,HARDWARE,200708.18,191921.61,93551.47,93546.03,172,Completed,-8786.570000000007,-5.440000000002328
TXN0001901,2025-03-24,D009,R001,SERVICES,150047.56,137589.08,79967.69,81208.47,98,Pending,-12458.48000000001,1240.7799999999988
TXN0001902,2025-02-19,D008,R004,SUBSCRIPTION,169678.97,220386.26,97201.62,98441.59,107,Completed,50707.29000000001,1239.9700000000012
TXN0001903,2025-09-21,D002,R002,SERVICES,147261.38,142469.22,89880.33,99330.25,152,Completed,-4792.1600000000035,9449.919999999998
TXN0001904,2024-08-13,D003,R003,SOFTWARE,185926.43,194095.84,77374.31,97630.17,66,Completed,8169.4100000000035,20255.86
TXN0001905,2026-02-09,D008,R004,SOFTWARE,173412.49,174721.31,129750.78,150508.84,174,Cancelled,1308.820000000007,20758.059999999998
TXN0001906,2024-06-21,D008,R004,SOFTWARE,192106.37,189074.23,105378.67,112618.5,95,Pending,-3032.139999999985,7239.830000000002
TXN0001907,2026-01-06,D004,R001,SUBSCRIPTION,173168.07,206811.93,109479.73,95314.21,135,Completed,33643.859999999986,-14165.51999999999
TXN0001908,2024-07-19,D001,R001,HARDWARE,271474.9,298454.9,128434.23,135469.41,17,Pending,26980.0,7035.180000000008
TXN0001909,2026-04-04,D007,R004,SERVICES,131639.17,116666.49,64211.16,63373.18,50,Cancelled,-14972.680000000008,-837.9800000000032
TXN0001910,2026-11-28,D005,R002,CONSULTING,114641.17,99352.18,75659.89,78809.94,115,Completed,-15288.990000000005,3150.050000000003
TXN0001911,2025-03-25,D001,R001,SOFTWARE,154477.79,191787.04,113982.74,149652.27,34,Completed,37309.25,35669.529999999984
TXN0001912,2024-05-14,D001,R001,SERVICES,130856.04,148313.99,64226.53,50857.03,141,Completed,17457.949999999997,-13369.5
TXN0001913,2026-08-04,D005,R002,SUBSCRIPTION,135503.72,182622.36,110945.35,94440.01,105,Pending,47118.639999999985,-16505.34000000001
TXN0001914,2025-03-07,D002,R002,SUPPORT,100898.66,97882.31,44628.56,39812.65,131,Completed,-3016.350000000006,-4815.909999999996
TXN0001915,2025-12-08,D003,R003,HARDWARE,257605.8,265102.78,105209.83,142079.02,157,Completed,7496.98000000004,36869.18999999999
TXN0001916,2026-03-09,D001,R001,SUBSCRIPTION,161894.6,156308.78,81348.05,102439.92,83,Completed,-5585.820000000007,21091.869999999995
TXN0001917,2024-07-12,D003,R003,SOFTWARE,132139.87,129508.07,101018.88,116954.16,52,Completed,-2631.7999999999884,15935.279999999999
TXN0001918,2026-08-29,D008,R004,SOFTWARE,162835.53,161542.19,124165.46,112693.78,114,Completed,-1293.3399999999965,-11471.680000000008
TXN0001919,2024-06-06,D001,R001,HARDWARE,157541.76,168202.32,125275.41,119838.31,48,Completed,10660.559999999998,-5437.100000000006
TXN0001920,2024-03-01,D010,R002,CONSULTING,113509.61,116933.19,86600.17,96316.25,130,Completed,3423.5800000000017,9716.080000000002
TXN0001921,2025-08-18,D008,R004,SOFTWARE,224646.37,262096.08,147817.23,120908.1,63,Cancelled,37449.70999999999,-26909.130000000005
TXN0001922,2024-11-07,D009,R001,SERVICES,125932.6,148116.17,93334.42,89065.72,30,Completed,22183.570000000007,-4268.699999999997
TXN0001923,2025-12-19,D006,R003,SUPPORT,90522.69,78457.75,47134.27,50846.81,144,Completed,-12064.940000000002,3712.540000000001
TXN0001924,2024-01-28,D008,R004,CONSULTING,92798.26,85605.46,52613.69,53838.18,95,Completed,-7192.799999999988,1224.489999999998
TXN0001925,2026-09-18,D006,R003,SUPPORT,114205.1,114299.37,56772.27,55793.66,33,Completed,94.26999999998952,-978.6099999999933
TXN0001926,2024-10-29,D009,R001,SOFTWARE,200702.2,197569.82,97530.61,63718.83,110,Completed,-3132.3800000000047,-33811.78
TXN0001927,2025-05-15,D003,R003,SOFTWARE,105762.11,102031.55,90490.45,86312.4,152,Pending,-3730.5599999999977,-4178.050000000003
TXN0001928,2025-01-31,D006,R003,SOFTWARE,148105.02,117495.45,53106.85,42332.84,101,Completed,-30609.569999999992,-10774.010000000002
TXN0001929,2026-09-07,D005,R002,SUPPORT,83318.79,80343.88,42196.95,47663.59,139,Completed,-2974.909999999989,5466.639999999999
TXN0001930,2025-09-11,D005,R002,HARDWARE,286455.92,218221.54,143307.11,139512.74,105,Cancelled,-68234.37999999998,-3794.3699999999953
TXN0001931,2025-09-25,D007,R004,HARDWARE,232889.21,227778.69,170510.36,167079.96,53,Completed,-5110.5199999999895,-3430.399999999994
TXN0001932,2024-08-09,D010,R002,HARDWARE,214256.67,205336.58,142176.82,151799.69,115,Pending,-8920.090000000026,9622.869999999995
TXN0001933,2025-08-13,D010,R002,HARDWARE,207334.64,193211.42,182141.07,200406.0,33,Completed,-14123.220000000001,18264.929999999993
TXN0001934,2026-08-13,D008,R004,SERVICES,160027.91,174550.06,112287.16,122487.07,179,Completed,14522.149999999994,10199.910000000003
TXN0001935,2024-11-29,D009,R001,SUBSCRIPTION,217430.76,219926.42,93118.39,91525.62,82,Pending,2495.6600000000035,-1592.770000000004
TXN0001936,2026-07-18,D005,R001,SOFTWARE,139611.39,123106.11,81293.21,75092.08,15,Completed,-16505.280000000013,-6201.130000000005
TXN0001937,2024-04-18,D005,R002,SOFTWARE,231203.01,218660.01,126131.59,143048.36,130,Completed,-12543.0,16916.76999999999
TXN0001938,2024-02-01,D001,R001,SUPPORT,85808.02,112905.12,50625.94,52545.37,17,Completed,27097.09999999999,1919.4300000000003
TXN0001939,2026-10-25,D003,R003,HARDWARE,144611.13,185486.89,133797.24,160959.11,175,Cancelled,40875.76000000001,27161.869999999995
TXN0001940,2025-08-07,D003,R003,SUPPORT,80801.51,88999.52,59510.38,75909.65,41,Completed,8198.01000000001,16399.269999999997
TXN0001941,2025-08-18,D007,R004,SOFTWARE,161363.96,180433.57,109790.55,97611.42,61,Completed,19069.610000000015,-12179.130000000005
TXN0001942,2026-02-03,D008,R004,SERVICES,137475.65,127015.25,87922.99,78059.29,113,Pending,-10460.399999999994,-9863.700000000012
TXN0001943,2025-09-28,D002,R002,HARDWARE,219833.6,205985.67,184564.41,164574.75,96,Cancelled,-13847.929999999993,-19989.660000000003
TXN0001944,2024-12-10,D007,R004,HARDWARE,175836.24,197347.11,138543.2,118465.24,179,Completed,21510.869999999995,-20077.960000000006
TXN0001945,2025-12-02,D005,R002,SUBSCRIPTION,201352.67,211882.94,94097.76,81959.44,82,Completed,10530.26999999999,-12138.319999999992
TXN0001946,2026-02-08,D002,R002,SUPPORT,78833.72,98930.3,48972.03,62355.75,144,Completed,20096.58,13383.720000000001
TXN0001947,2024-07-15,D007,R004,CONSULTING,96207.92,118999.54,62329.73,73477.56,40,Cancelled,22791.619999999995,11147.829999999994
TXN0001948,2026-02-01,D008,R004,SUBSCRIPTION,149020.37,155988.0,87016.87,89096.61,124,Completed,6967.630000000005,2079.7400000000052
TXN0001949,2026-02-08,D007,R004,CONSULTING,105550.32,82482.94,84424.15,80395.88,12,Cancelled,-23067.380000000005,-4028.2699999999895
TXN0001950,2024-06-30,D001,R001,CONSULTING,132201.31,131453.13,60004.27,64940.5,40,Cancelled,-748.179999999993,4936.230000000003
TXN0001951,2026-11-14,D005,R002,SUBSCRIPTION,159643.86,155988.0,85272.18,116151.98,100,Completed,-3655.859999999986,30879.800000000003
TXN0001952,2025-08-23,D010,R002,SUBSCRIPTION,165117.7,183336.4,78556.91,70144.98,18,Pending,18218.699999999983,-8411.930000000008
TXN0001953,2026-05-08,D003,R003,SOFTWARE,152493.62404958677,242878.7,120731.38,148372.6,137,Pending,90385.07595041324,27641.22
TXN0001954,2024-07-08,D001,R001,HARDWARE,246421.87,155988.0,167822.68,115695.45,90,Cancelled,-90433.87,-52127.229999999996
TXN0001955,2026-09-13,D002,R002,SUBSCRIPTION,135497.46,149167.62,79505.42,73857.51,89,Completed,13670.160000000003,-5647.9100000000035
TXN0001956,2026-12-11,D002,R002,SUPPORT,76427.27,81311.22,47566.61,55742.95,18,Completed,4883.949999999997,8176.3399999999965
TXN0001957,2026-11-10,D009,R001,SUPPORT,89517.18,97506.79,59616.35,50949.26,39,Completed,7989.610000000001,-8667.089999999997
TXN0001958,2024-01-14,D003,R003,HARDWARE,193190.36,214015.59,136314.15,95051.64,129,Cancelled,20825.23000000001,-41262.509999999995
TXN0001959,2024-09-11,D004,R001,SOFTWARE,130932.98,114447.57,119657.13,118745.03,159,Completed,-16485.40999999999,-912.1000000000058
TXN0001960,2024-07-31,D009,R001,SERVICES,126315.85,153640.71,75521.6,75881.6,126,Completed,27324.859999999986,360.0
TXN0001961,2024-06-09,D009,R001,SOFTWARE,154070.5,103560.41,109684.47,106233.76,81,Pending,-50510.09,-3450.7100000000064
TXN0001962,2025-06-17,D008,R004,SERVICES,180958.32,241103.61,66481.22,75570.35,161,Pending,60145.28999999998,9089.130000000005
TXN0001963,2024-02-14,D010,R002,SERVICES,140891.36,123764.16,70220.73,61083.92,52,Completed,-17127.199999999983,-9136.809999999998
TXN0001964,2025-02-14,D004,R001,SUPPORT,83406.34,84298.59,71286.87,60377.74,126,Pending,892.25,-10909.129999999997
TXN0001965,2026-06-10,D005,R002,SOFTWARE,202253.21,147902.43,102989.44,121341.2,99,Completed,-54350.78,18351.759999999995
TXN0001966,2026-08-08,D007,R004,SOFTWARE,143811.12,150419.07,91559.16,110617.77,111,Pending,6607.950000000012,19058.61
TXN0001967,2026-08-03,D003,R006,SOFTWARE,159104.32,163661.29,123961.42,125996.98,7,Cancelled,4556.970000000001,2035.5599999999977
TXN0001968,2025-12-27,D005,R006,SOFTWARE,207338.8,191832.96,115563.15,95606.0,40,Pending,-15505.839999999997,-19957.149999999994
TXN0001969,2026-02-01,D008,R004,SERVICES,148810.31,144621.0,92964.0,86070.92,133,Cancelled,-4189.309999999998,-6893.080000000002
TXN0001970,2026-11-12,D004,R001,SUPPORT,94687.29,102655.41,53502.03,36263.73,104,Cancelled,7968.12000000001,-17238.299999999996
TXN0001971,2025-12-21,D002,R002,SERVICES,155377.92,165630.09,91456.49,120570.31,172,Cancelled,10252.169999999984,29113.819999999992
TXN0001972,2025-07-24,D006,R003,SERVICES,115597.94,152179.27,88376.95,75772.15,173,Completed,36581.32999999999,-12604.800000000003
TXN0001973,2026-08-24,D007,R006,CONSULTING,149508.63,147478.48,80645.53,80665.65,160,Completed,-2030.1499999999942,20.119999999995343
TXN0001974,2026-12-12,D010,R002,SUBSCRIPTION,187193.39,191192.22,92810.33,109629.68,71,Completed,3998.829999999987,16819.34999999999
TXN0001975,2025-12-13,D006,R003,SUBSCRIPTION,157196.44,140814.81,101214.35,71353.09,154,Cancelled,-16381.630000000005,-29861.26000000001
TXN0001976,2024-11-21,D007,R005,SUPPORT,68737.68,50662.04,57124.4,43723.95,64,Completed,-18075.639999999992,-13400.450000000004
TXN0001977,2026-02-09,D002,R002,SUPPORT,102816.47,80068.06,52493.8,69194.21,87,Completed,-22748.410000000003,16700.410000000003
TXN0001978,2026-02-25,D004,R001,SERVICES,167990.98,165377.91,95270.52,107055.63,112,Completed,-2613.070000000007,11785.11
TXN0001979,2024-03-17,D001,R001,SOFTWARE,178188.95,162971.72,108616.8,121491.87,23,Pending,-15217.23000000001,12875.069999999992
TXN0001980,2024-12-22,D006,R003,SOFTWARE,210508.46,268194.83,111346.72,124760.04,87,Completed,57686.370000000024,13413.319999999992
TXN0001981,2025-02-13,D008,R004,SUPPORT,68423.01,65696.48,66510.08,71865.05,55,Completed,-2726.529999999999,5354.970000000001
TXN0001982,2025-06-04,D008,R004,HARDWARE,224925.29,210144.76,182076.17,192600.39,56,Completed,-14780.529999999999,10524.220000000001
TXN0001983,2024-06-25,D007,R004,SERVICES,124796.92,127367.25,92800.4,87595.58,154,Completed,2570.3300000000017,-5204.819999999992
TXN0001984,2024-11-01,D002,R002,SERVICES,137131.62,99652.74,90888.43,86545.62,97,Pending,-37478.87999999999,-4342.809999999998
TXN0001985,2025-11-28,D010,R002,SOFTWARE,163602.71,188112.42,90058.45,92038.71,52,Cancelled,24509.71000000002,1980.2600000000093
TXN0001986,2026-08-28,D008,R004,SERVICES,176676.11,143829.6,77002.95,75144.65,133,Completed,-32846.50999999998,-1858.300000000003
TXN0001987,2024-09-10,D006,R003,SUBSCRIPTION,201597.09,206886.39,65917.37,83010.66,22,Pending,5289.3000000000175,17093.290000000008
TXN0001988,2024-09-06,D007,R004,SOFTWARE,152796.69,191461.88,98101.16,74220.26,37,Cancelled,38665.19,-23880.90000000001
TXN0001989,2025-04-17,D005,R002,SUBSCRIPTION,98422.97,110683.5,68429.01,66066.13,18,Cancelled,12260.529999999999,-2362.87999999999
TXN0001990,2025-08-16,D009,R001,SERVICES,132491.68,136534.94,91163.82,99334.39,69,Pending,4043.2600000000093,8170.569999999992
TXN0001991,2024-02-06,D006,R005,HARDWARE,175841.0,120838.64,146698.69,130225.66,141,Cancelled,-55002.36,-16473.03
TXN0001992,2026-10-21,D004,R001,SUBSCRIPTION,144075.79,110609.14,74762.69,71415.64,84,Pending,-33466.65000000001,-3347.050000000003
TXN0001993,2026-08-22,D010,R005,SUBSCRIPTION,185602.85,179224.0,114919.46,132038.33,72,Completed,-6378.850000000006,17118.86999999998
TXN0001994,2025-02-14,D001,R001,HARDWARE,228745.33,237124.38,144006.47,196515.88,90,Completed,8379.050000000017,52509.41
TXN0001995,2025-06-11,D003,R003,SUPPORT,97954.26,123231.25,57902.44,58100.87,174,Completed,25276.990000000005,198.4300000000003
TXN0001996,2024-03-13,D004,R001,SUBSCRIPTION,122355.57,124729.12,92679.39,116914.4,93,Completed,2373.5499999999884,24235.009999999995
TXN0001997,2024-06-14,D007,R004,SUBSCRIPTION,132184.19,135525.12,93408.73,96123.64,146,Pending,3340.929999999993,2714.9100000000035
TXN0001998,2024-01-08,D003,R003,SOFTWARE,173753.08,184414.88,86424.48,83011.77,14,Pending,10661.800000000017,-3412.709999999992
TXN0001999,2026-02-06,D009,R001,HARDWARE,215387.06,225005.1,156349.71,208883.31,127,Completed,9618.040000000008,52533.600000000006
TXN0002000,2025-05-02,D004,R005,SOFTWARE,193393.25,212634.61,110961.17,131563.41,141,Cancelled,19241.359999999986,20602.240000000005
TXN0002001,2024-07-02,D007,R004,SUPPORT,73504.29,155988.0,45443.52,45403.12,146,Pending,82483.71,-40.39999999999418
TXN0002002,2024-09-13,D001,R001,CONSULTING,133157.22,117707.87,90137.8,91051.42,115,Pending,-15449.350000000006,913.6199999999953
TXN0002003,2024-08-29,D009,R001,CONSULTING,112896.26,138680.01,73775.92,57589.47,162,Completed,25783.750000000015,-16186.449999999997
TXN0002004,2024-04-28,D006,R003,CONSULTING,95181.17,97423.21,92368.62,107264.96,65,Completed,2242.040000000008,14896.340000000011
TXN0002005,2026-04-25,D002,R002,SERVICES,107810.25,70770.41,97388.34,87017.05,142,Cancelled,-37039.84,-10371.289999999994
TXN0002006,2025-05-26,D001,R001,SOFTWARE,146351.28,151071.27,129585.25,95606.0,19,Completed,4719.989999999991,-33979.25
TXN0002007,2025-01-08,D001,R001,SERVICES,173390.12,186096.47,71776.24,70981.46,16,Completed,12706.350000000006,-794.7799999999988
TXN0002008,2025-08-21,D006,R003,SERVICES,107983.7,104353.97,92964.0,87464.77,38,Cancelled,-3629.729999999996,-5499.229999999996
TXN0002009,2024-06-06,D007,R004,SOFTWARE,141579.6,151960.89,104284.54,124034.28,24,Completed,10381.290000000008,19749.740000000005
TXN0002010,2026-01-01,D009,R001,SUPPORT,84140.18,86890.24,56572.29,54581.98,61,Pending,2750.060000000012,-1990.3099999999977
TXN0002011,2025-08-22,D005,R002,SUBSCRIPTION,146572.65,174980.09,75003.08,55976.68,172,Completed,28407.440000000002,-19026.4
TXN0002012,2026-10-28,D009,R001,HARDWARE,252686.42,204733.83,104951.84,99279.84,31,Completed,-47952.590000000026,-5672.0
TXN0002013,2026-09-22,D006,R003,SUPPORT,84393.11,91198.53,62476.87,61134.21,76,Completed,6805.419999999998,-1342.6600000000035
TXN0002014,2025-04-17,D004,R001,SUBSCRIPTION,186116.82,194856.41,69093.58,60634.96,83,Cancelled,8739.589999999997,-8458.620000000003
TXN0002015,2024-10-17,D004,R001,SUPPORT,97290.89,106712.23,49811.7,52123.09,14,Completed,9421.339999999997,2311.3899999999994
TXN0002016,2024-08-21,D008,R004,CONSULTING,140198.54,166750.71,83022.61,86787.17,10,Pending,26552.169999999984,3764.5599999999977
TXN0002017,2025-02-28,D001,R001,SUBSCRIPTION,178486.12,177997.94,84483.43,68363.73,81,Completed,-488.179999999993,-16119.699999999997
TXN0002018,2026-02-25,D001,R001,SUBSCRIPTION,184777.58,183107.12,50150.51,52691.97,131,Completed,-1670.4599999999919,2541.459999999999
TXN0002019,2025-04-04,D007,R004,SOFTWARE,189816.29,173952.22,99630.78,115373.82,57,Pending,-15864.070000000007,15743.040000000008
TXN0002020,2024-04-17,D003,R003,SUBSCRIPTION,122170.4,139114.64,90569.8,108251.56,174,Completed,16944.24000000002,17681.759999999995
TXN0002021,2024-02-23,D001,R001,HARDWARE,205995.36,180332.41,150273.96,172354.67,160,Completed,-25662.949999999983,22080.71000000002
TXN0002022,2025-03-19,D005,R002,SUBSCRIPTION,166176.54,160801.59,88612.06,77050.81,12,Completed,-5374.950000000012,-11561.25
TXN0002023,2024-04-26,D010,R002,CONSULTING,153875.48,161584.67,74740.37,75131.89,32,Cancelled,7709.190000000002,391.5200000000041
TXN0002024,2025-11-08,D007,R004,SUPPORT,45783.65,40129.29,55045.81,52682.74,141,Pending,-5654.360000000001,-2363.0699999999997
TXN0002026,2024-09-27,D007,R004,SERVICES,167582.97,155988.0,101816.26,109570.85,8,Completed,-11594.970000000001,7754.590000000011
TXN0002027,2025-08-28,D005,R002,SERVICES,157848.31,192105.54,95549.18,68834.07,91,Cancelled,34257.23000000001,-26715.109999999986
TXN0002028,2025-04-07,D007,R006,HARDWARE,236875.8,213028.98,122254.99,105632.43,173,Completed,-23846.819999999978,-16622.560000000012
TXN0002029,2025-10-19,D010,R006,SUBSCRIPTION,151123.38,135681.8,85006.8,78389.8,72,Completed,-15441.580000000016,-6617.0
TXN0002030,2024-01-19,D008,R004,CONSULTING,107330.35,129315.94,99699.39,110260.13,124,Completed,21985.589999999997,10560.740000000005
TXN0002031,2025-03-22,D006,R003,SUBSCRIPTION,108983.03,107059.39,72289.68,62005.8,109,Completed,-1923.6399999999994,-10283.87999999999
TXN0002032,2025-05-10,D010,R002,HARDWARE,228684.63,219947.39,145818.85,139716.89,21,Pending,-8737.23999999999,-6101.959999999992
TXN0002033,2025-06-15,D003,R003,HARDWARE,210215.65,192291.19,118791.71,110191.95,131,Completed,-17924.459999999992,-8599.76000000001
TXN0002034,2024-11-04,D004,R001,SERVICES,118607.6,102336.23,67201.9,67237.75,64,Completed,-16271.37000000001,35.85000000000582
TXN0002035,2026-06-20,D001,R001,SUBSCRIPTION,157988.27,204660.31,78516.21,92780.16,153,Completed,46672.04000000001,14263.949999999997
TXN0002036,2024-04-05,D001,R001,SERVICES,143595.75,186376.53,106810.35,125938.16,71,Completed,42780.78,19127.809999999998
TXN0002037,2024-01-04,D001,R001,HARDWARE,225289.19,228363.59,160675.42,143378.54,158,Completed,3074.399999999994,-17296.880000000005
TXN0002038,2026-06-27,D006,R003,SUBSCRIPTION,174619.22,176088.49,105845.66,101121.04,33,Cancelled,1469.2699999999895,-4724.62000000001
TXN0002039,2026-01-30,D002,R002,HARDWARE,353759.62,452123.01,156964.7,110024.86,179,Pending,98363.39000000001,-46939.84000000001
TXN0002040,2024-10-20,D002,R001,HARDWARE,200985.57,162404.43,145699.26,160781.08,11,Completed,-38581.140000000014,15081.819999999978
TXN0002041,2026-04-15,D010,R002,HARDWARE,274826.4,304993.67,150847.19,155774.97,171,Completed,30167.26999999996,4927.779999999999
TXN0002042,2024-04-03,D008,R004,HARDWARE,249083.26,319296.36,178000.21,160283.18,46,Completed,70213.09999999998,-17717.03
TXN0002043,2024-02-22,D001,R001,SERVICES,122844.46,118020.37,88974.81,102652.49,32,Cancelled,-4824.090000000011,13677.680000000008
TXN0002044,2026-06-11,D004,R001,SUBSCRIPTION,153472.13,154426.53,99347.73,101874.22,153,Completed,954.3999999999942,2526.4900000000052
TXN0002045,2024-07-03,D004,R001,SUBSCRIPTION,137972.34,119833.05,64137.85,67705.57,173,Completed,-18139.289999999994,3567.7200000000084
TXN0002046,2024-09-06,D007,R004,SUPPORT,89864.56,91588.41,63587.36,95606.0,24,Completed,1723.8500000000058,32018.64
TXN0002047,2026-06-05,D010,R002,SUBSCRIPTION,118823.94,114764.32,69539.13,63920.73,142,Completed,-4059.6199999999953,-5618.4000000000015
TXN0002048,2026-08-25,D009,R001,SUBSCRIPTION,177427.83,191434.58,85963.93,75645.94,173,Cancelled,14006.75,-10317.98999999999
TXN0002049,2025-03-02,D009,R001,HARDWARE,186960.21,152971.79,128967.54,134194.81,152,Completed,-33988.419999999984,5227.270000000004
TXN0002050,2025-04-17,D004,R001,HARDWARE,213697.68,148239.26,128379.65,141371.05,121,Completed,-65458.419999999984,12991.399999999994
TXN0002051,2026-04-19,D002,R002,CONSULTING,133551.52,119014.31,82944.61,77614.0,97,Completed,-14537.209999999992,-5330.610000000001
TXN0002052,2026-11-01,D006,R003,SOFTWARE,169806.91,172702.74,136931.27,135286.24,172,Pending,2895.829999999987,-1645.0299999999988
TXN0002053,2025-04-15,D010,R002,CONSULTING,125773.86,89045.43,68190.45,69385.21,150,Completed,-36728.43000000001,1194.7600000000093
TXN0002054,2024-09-10,D009,R001,CONSULTING,152493.62404958677,164146.11,83417.01,94889.83,160,Completed,11652.485950413218,11472.820000000007
TXN0002055,2024-06-15,D005,R002,SOFTWARE,142627.17,142037.67,103487.36,103897.77,109,Pending,-589.5,410.4100000000035
TXN0002056,2026-09-10,D009,R001,SUBSCRIPTION,152262.08,141513.26,95006.5,88756.48,166,Completed,-10748.819999999978,-6250.020000000004
TXN0002057,2024-07-12,D003,R003,SOFTWARE,173935.84,173795.22,132462.25,169060.95,35,Pending,-140.61999999999534,36598.70000000001
TXN0002058,2026-08-20,D005,R002,SUPPORT,81187.47,84660.09,58760.91,59401.92,30,Completed,3472.6199999999953,641.0099999999948
TXN0002059,2024-07-12,D001,R001,SOFTWARE,211139.43,181196.63,80553.72,74399.5,23,Completed,-29942.79999999999,-6154.220000000001
TXN0002060,2026-05-14,D009,R001,CONSULTING,179928.26,187014.74,83411.64,86421.64,95,Completed,7086.479999999981,3010.0
TXN0002061,2025-08-23,D007,R004,SERVICES,154828.59,160853.77,90950.08,88651.17,35,Completed,6025.179999999993,-2298.9100000000035
TXN0002062,2024-08-08,D006,R003,SUBSCRIPTION,150618.72,167892.31,91632.02,80187.8,16,Completed,17273.589999999997,-11444.220000000001
TXN0002063,2026-10-07,D006,R003,CONSULTING,98839.02,124191.93,74034.41,89468.23,116,Completed,25352.90999999999,15433.819999999992
TXN0002064,2025-10-01,D008,R004,SUPPORT,108972.13,109026.57,55946.22,55567.21,155,Cancelled,54.44000000000233,-379.01000000000204
TXN0002065,2026-01-27,D002,R002,SOFTWARE,167862.22,150706.33,101549.02,68269.45,177,Pending,-17155.890000000014,-33279.57000000001
TXN0002066,2026-07-11,D007,R004,SERVICES,124198.32,154416.49,101422.04,89864.99,155,Completed,30218.169999999984,-11557.049999999988
TXN0002067,2025-11-29,D002,R002,CONSULTING,130097.21,127719.79,91782.66,103532.01,17,Cancelled,-2377.420000000013,11749.349999999991
TXN0002068,2026-06-11,D009,R001,SUBSCRIPTION,153057.38,179803.51,83749.92,100845.83,114,Completed,26746.130000000005,17095.910000000003
TXN0002069,2024-10-20,D006,R003,SERVICES,186944.3,193580.34,86695.42,95606.0,15,Completed,6636.040000000008,8910.580000000002
TXN0002070,2025-05-10,D007,R004,SUBSCRIPTION,189042.38,173662.75,91354.61,95046.36,30,Completed,-15379.630000000005,3691.75
TXN0002071,2025-07-14,D005,R002,HARDWARE,207730.14,219313.98,163214.94,170826.94,129,Pending,11583.839999999997,7612.0
TXN0002072,2025-06-15,D004,R001,HARDWARE,171579.09,184426.17,123757.33,111191.6,160,Completed,12847.080000000016,-12565.729999999996
TXN0002073,2024-07-15,D004,R001,SERVICES,155021.25,160793.23,72078.58,58089.53,57,Cancelled,5771.9800000000105,-13989.050000000003
TXN0002074,2024-03-22,D009,R001,SOFTWARE,211471.55,215978.27,134553.79,160764.28,143,Cancelled,4506.720000000001,26210.48999999999
TXN0002075,2025-02-20,D004,R005,HARDWARE,194599.93,225427.54,170767.72,186824.4,77,Cancelled,30827.610000000015,16056.679999999993
TXN0002076,2024-09-15,D007,R004,SUBSCRIPTION,166437.48,174457.06,68630.7,71737.36,121,Completed,8019.579999999987,3106.6600000000035
TXN0002077,2026-06-29,D002,R002,SOFTWARE,218102.76,203751.56,129971.93,171201.06,115,Pending,-14351.200000000012,41229.130000000005
TXN0002078,2025-07-24,D005,R002,SERVICES,150650.24,139556.87,57611.98,56606.58,176,Completed,-11093.369999999995,-1005.4000000000015
TXN0002079,2025-03-31,D006,R003,SUPPORT,70803.78,71468.95,69123.42,78946.52,24,Completed,665.1699999999983,9823.100000000006
TXN0002080,2026-07-17,D003,R003,HARDWARE,242567.1,238872.45,129315.54,148838.81,166,Cancelled,-3694.649999999994,19523.270000000004
TXN0002082,2024-03-13,D009,R001,SUBSCRIPTION,156239.43,183229.89,96643.16,88945.73,167,Completed,26990.46000000002,-7697.430000000008
TXN0002083,2025-03-26,D004,R001,CONSULTING,111365.22,105278.5,64535.85,59713.41,177,Completed,-6086.720000000001,-4822.439999999995
TXN0002084,2025-01-18,D005,R002,CONSULTING,177492.87,195932.79,91758.48,104017.46,132,Completed,18439.920000000013,12258.98000000001
TXN0002085,2026-11-23,D003,R003,SOFTWARE,160877.05,152911.37,107879.25,106168.95,59,Completed,-7965.679999999993,-1710.300000000003
TXN0002086,2024-12-30,D007,R005,SUPPORT,81182.75,81440.35,45515.85,38406.57,14,Pending,257.6000000000058,-7109.279999999999
TXN0002087,2025-04-25,D005,R002,SUPPORT,100745.03,130672.96,77901.82,99254.39,168,Completed,29927.930000000008,21352.569999999992
TXN0002088,2025-06-09,D008,R004,SERVICES,130748.72,105257.17,85429.61,101314.45,64,Completed,-25491.550000000003,15884.839999999997
TXN0002089,2026-03-14,D008,R004,SUPPORT,93523.07,106952.18,62989.1,59592.7,158,Completed,13429.109999999986,-3396.4000000000015
TXN0002090,2025-03-24,D009,R001,SOFTWARE,250545.18,200128.13,77880.39,98485.59,33,Completed,-50417.04999999999,20605.199999999997
TXN0002091,2025-05-21,D007,R004,HARDWARE,319328.93,340679.29,186919.13,217093.44,174,Pending,21350.359999999986,30174.309999999998
TXN0002092,2024-08-20,D002,R002,HARDWARE,258699.63,184418.9,149168.93,149714.81,93,Pending,-74280.73000000001,545.8800000000047
TXN0002093,2026-09-28,D003,R001,CONSULTING,133262.0,130148.66,75617.31,57524.3,158,Pending,-3113.3399999999965,-18093.009999999995
TXN0002094,2025-03-16,D004,R006,SUBSCRIPTION,174684.75,168050.53,100335.44,72007.98,109,Completed,-6634.220000000001,-28327.460000000006
TXN0002095,2025-12-10,D009,R001,HARDWARE,228233.63,230583.02,167874.0,202790.83,110,Pending,2349.389999999985,34916.82999999999
TXN0002096,2024-04-21,D008,R004,HARDWARE,135888.53,148639.36,128991.71,132839.43,73,Pending,12750.829999999987,3847.7199999999866
TXN0002097,2025-09-23,D004,R001,SOFTWARE,151429.08,152159.33,99594.61,111217.48,119,Pending,730.25,11622.869999999995
TXN0002098,2025-02-26,D004,R001,SERVICES,161237.91,170365.65,77673.32,95251.82,165,Completed,9127.73999999999,17578.5
TXN0002099,2024-10-02,D010,R002,SERVICES,99343.12,93759.18,85104.36,80681.67,10,Pending,-5583.940000000002,-4422.690000000002
TXN0002100,2025-12-23,D002,R002,HARDWARE,220661.35,210944.87,136528.92,92744.84,146,Completed,-9716.48000000001,-43784.080000000016
TXN0002101,2025-10-02,D001,R001,HARDWARE,180770.1,191179.62,138348.06,148205.92,45,Cancelled,10409.51999999999,9857.860000000015
TXN0002102,2025-08-17,D007,R004,SERVICES,168069.33,190078.01,46920.49,51974.48,46,Completed,22008.680000000022,5053.990000000005
TXN0002103,2025-05-24,D006,R003,SUBSCRIPTION,202736.04,182487.75,83244.52,77142.31,8,Completed,-20248.290000000008,-6102.210000000006
TXN0002104,2024-07-28,D001,R001,SUBSCRIPTION,172349.76,187570.52,69032.93,84967.22,133,Pending,15220.75999999998,15934.290000000008
TXN0002105,2024-02-19,D008,R006,HARDWARE,240338.93,264671.53,162392.99,142333.91,63,Completed,24332.600000000035,-20059.079999999987
TXN0002106,2026-12-02,D001,R001,SOFTWARE,244862.29,263769.78,110775.54,120038.01,172,Pending,18907.49000000002,9262.470000000001
TXN0002107,2024-06-22,D003,R003,HARDWARE,234693.73,241327.05,127948.58,102238.77,24,Completed,6633.319999999978,-25709.809999999998
TXN0002108,2026-04-30,D009,R001,SUPPORT,86536.92,84775.95,46170.94,43717.03,10,Completed,-1760.9700000000012,-2453.9100000000035
TXN0002109,2024-07-14,D009,R001,SERVICES,153338.36,107602.76,103443.05,136284.84,155,Pending,-45735.59999999999,32841.78999999999
TXN0002110,2025-10-24,D004,R001,HARDWARE,179208.59,172407.66,201741.85,231341.95,113,Cancelled,-6800.929999999993,29600.100000000006
TXN0002111,2025-02-19,D001,R001,CONSULTING,117350.37,155988.0,99747.81,115119.77,30,Completed,38637.630000000005,15371.960000000006
TXN0002112,2026-05-29,D010,R002,HARDWARE,219273.81,209414.89,142276.08,95606.0,28,Completed,-9858.919999999984,-46670.07999999999
TXN0002113,2025-05-08,D007,R004,CONSULTING,152493.62404958677,98285.34,39106.69,29380.74,141,Cancelled,-54208.28404958677,-9725.95
TXN0002114,2026-03-17,D004,R001,CONSULTING,139542.2,136545.43,93929.89,86414.01,100,Cancelled,-2996.7700000000186,-7515.880000000005
TXN0002115,2024-02-20,D002,R002,SUBSCRIPTION,162736.8,172937.53,114887.94,135065.91,106,Completed,10200.73000000001,20177.97
TXN0002116,2024-11-08,D008,R004,SUBSCRIPTION,109954.64,139540.65,91228.95,85664.93,169,Completed,29586.009999999995,-5564.020000000004
TXN0002117,2024-06-20,D006,R003,SUPPORT,90119.08,97610.85,45471.0,45589.18,29,Cancelled,7491.770000000004,118.18000000000029
TXN0002118,2025-05-26,D003,R003,CONSULTING,154315.89,152578.39,67913.21,63994.37,26,Completed,-1737.5,-3918.840000000004
TXN0002119,2026-07-12,D007,R004,CONSULTING,123203.39,117521.52,68562.88,67895.83,150,Completed,-5681.869999999995,-667.0500000000029
TXN0002120,2026-04-23,D001,R001,HARDWARE,194021.02,192013.25,170789.85,95606.0,84,Completed,-2007.7699999999895,-75183.85
TXN0002121,2025-03-07,D003,R006,SOFTWARE,152493.62404958677,275236.41,110330.71,94663.66,58,Cancelled,122742.7859504132,-15667.050000000003
TXN0002122,2025-04-27,D008,R004,HARDWARE,146096.66,146092.45,127361.4,133927.51,87,Pending,-4.209999999991851,6566.110000000015
TXN0002123,2024-06-15,D008,R004,SUPPORT,81689.82,61866.24,51097.01,54124.93,31,Pending,-19823.58000000001,3027.9199999999983
TXN0002124,2025-02-28,D002,R002,SOFTWARE,214777.08,195548.76,125304.48,129696.67,138,Completed,-19228.319999999978,4392.190000000002
TXN0002125,2024-03-20,D003,R003,SOFTWARE,200917.38,213840.8,122389.78,143662.4,113,Pending,12923.419999999984,21272.619999999995
TXN0002126,2026-09-24,D003,R003,SUBSCRIPTION,144270.42,145769.96,69631.73,76072.24,40,Cancelled,1499.539999999979,6440.510000000009
TXN0002127,2024-08-28,D007,R004,HARDWARE,286558.32,298907.12,144947.89,123977.11,116,Completed,12348.799999999988,-20970.780000000013
TXN0002128,2026-01-31,D005,R002,SUBSCRIPTION,172475.7,172332.93,66906.3,66804.97,149,Completed,-142.77000000001863,-101.33000000000175
TXN0002129,2025-02-22,D003,R003,SUPPORT,120378.65,113512.93,55919.72,57557.65,162,Completed,-6865.720000000001,1637.9300000000003
TXN0002130,2026-08-05,D009,R001,CONSULTING,126606.97,108982.59,74676.4,81895.53,58,Completed,-17624.380000000005,7219.130000000005
TXN0002131,2026-08-28,D003,R003,SUPPORT,53011.53,60628.16,53121.79,70020.55,92,Completed,7616.630000000005,16898.760000000002
TXN0002132,2024-05-17,D007,R004,CONSULTING,112313.41,127200.19,47722.89,46854.53,6,Completed,14886.779999999999,-868.3600000000006
TXN0002133,2026-07-28,D004,R001,SOFTWARE,193652.07,204026.94,92130.85,91769.51,89,Completed,10374.869999999995,-361.34000000001106
TXN0002134,2024-11-16,D001,R001,SUBSCRIPTION,158081.89,192518.25,57968.87,65965.82,22,Completed,34436.359999999986,7996.950000000004
TXN0002135,2024-01-29,D009,R001,HARDWARE,236176.02,215567.79,125018.12,120746.96,54,Completed,-20608.22999999998,-4271.159999999989
TXN0002136,2025-09-18,D005,R002,CONSULTING,131731.99,93189.54,68417.06,72082.22,99,Cancelled,-38542.45,3665.1600000000035
TXN0002137,2025-02-18,D007,R004,SUBSCRIPTION,161167.06,130999.82,100960.91,96368.9,24,Cancelled,-30167.23999999999,-4592.010000000009
TXN0002138,2025-07-27,D003,R003,SERVICES,130930.24,128760.3,112623.76,98268.52,50,Completed,-2169.9400000000023,-14355.23999999999
TXN0002139,2026-02-23,D010,R002,SUBSCRIPTION,150460.31,163536.46,94021.06,87666.3,89,Cancelled,13076.149999999994,-6354.759999999995
TXN0002140,2026-08-27,D010,R002,SUPPORT,53240.95,58391.13,46401.77,41497.03,58,Completed,5150.18,-4904.739999999998
TXN0002141,2024-06-07,D001,R001,SERVICES,122620.68,112055.08,84276.31,86050.15,162,Completed,-10565.599999999991,1773.8399999999965
TXN0002142,2025-10-24,D003,R003,SOFTWARE,144238.22,170009.54,114568.88,129565.79,24,Completed,25771.320000000007,14996.909999999989
TXN0002143,2026-05-21,D003,R003,CONSULTING,141077.37,113199.06,79758.1,83970.62,175,Pending,-27878.309999999998,4212.5199999999895
TXN0002144,2025-08-05,D006,R003,SOFTWARE,259051.93,234787.06,115301.87,122575.92,148,Pending,-24264.869999999995,7274.050000000003
TXN0002145,2026-08-29,D007,R004,SUPPORT,83532.04,75496.14,62980.46,82449.2,95,Completed,-8035.899999999994,19468.739999999998
TXN0002146,2025-03-14,D009,R001,SOFTWARE,205652.55,213375.7,99934.51,137213.89,47,Completed,7723.150000000023,37279.38000000002
TXN0002147,2026-06-23,D003,R003,SUBSCRIPTION,188356.28,246134.6,101385.68,90873.87,130,Completed,57778.32000000001,-10511.809999999998
TXN0002148,2025-12-14,D002,R002,CONSULTING,170399.96,152643.16,76533.92,76710.13,50,Completed,-17756.79999999999,176.2100000000064
TXN0002149,2025-09-12,D006,R001,SUPPORT,110639.83,107647.19,32537.65,30806.81,113,Completed,-2992.6399999999994,-1730.8400000000001
TXN0002150,2026-02-22,D010,R002,SERVICES,174898.75,156241.26,90394.14,83171.12,100,Completed,-18657.48999999999,-7223.020000000004
TXN0002151,2026-12-13,D001,R001,HARDWARE,220706.16,213445.3,145871.55,143223.6,54,Completed,-7260.860000000015,-2647.9499999999825
TXN0002152,2026-01-25,D010,R002,SOFTWARE,182523.5,134189.32,137176.03,132121.54,69,Cancelled,-48334.17999999999,-5054.489999999991
TXN0002153,2025-07-17,D001,R001,SOFTWARE,188509.6,234337.3,84479.71,70768.6,169,Pending,45827.69999999998,-13711.11
TXN0002154,2024-04-27,D007,R006,HARDWARE,193731.8,224582.21,113096.53,121878.36,151,Completed,30850.410000000003,8781.830000000002
TXN0002155,2026-07-19,D008,R004,SUPPORT,95778.02,86693.57,74685.35,65061.05,130,Completed,-9084.449999999997,-9624.300000000003
TXN0002156,2024-07-31,D008,R004,SUPPORT,100412.02,92657.57,61341.63,55937.01,14,Completed,-7754.449999999997,-5404.619999999995
TXN0002157,2024-09-11,D001,R001,SUPPORT,131246.08,149051.92,70068.28,58467.66,50,Completed,17805.840000000026,-11600.619999999995
TXN0002158,2024-04-24,D002,R002,SOFTWARE,166840.69,195116.5,93333.1,102135.82,118,Completed,28275.809999999998,8802.720000000001
TXN0002159,2025-07-22,D006,R003,SUBSCRIPTION,157902.71,136999.04,102067.4,93261.72,54,Cancelled,-20903.669999999984,-8805.679999999993
TXN0002160,2025-10-10,D001,R001,SUPPORT,84689.72,110600.43,54633.39,57287.17,48,Cancelled,25910.709999999992,2653.779999999999
TXN0002161,2026-05-04,D006,R003,SUPPORT,84037.46,94315.57,51413.21,52247.85,111,Completed,10278.11,834.6399999999994
TXN0002162,2024-10-29,D002,R002,SUBSCRIPTION,160547.17,151787.78,82493.93,95633.83,73,Completed,-8759.390000000014,13139.900000000009
TXN0002163,2025-10-02,D003,R003,HARDWARE,196385.54,234345.47,157264.33,167976.93,134,Pending,37959.92999999999,10712.600000000006
TXN0002164,2025-09-29,D003,R003,SOFTWARE,143466.05,155179.26,153095.13,144867.0,75,Cancelled,11713.210000000021,-8228.130000000005
TXN0002165,2024-06-25,D006,R003,CONSULTING,122203.23,94514.24,75042.36,76626.02,149,Pending,-27688.98999999999,1583.6600000000035
TXN0002166,2025-08-01,D002,R002,SOFTWARE,171512.98,173866.74,68885.17,71883.24,27,Completed,2353.75999999998,2998.070000000007
TXN0002167,2024-12-12,D006,R003,SOFTWARE,176824.77,181541.33,124253.57,144338.73,7,Completed,4716.559999999998,20085.160000000003
TXN0002168,2025-05-20,D006,R003,SUPPORT,106484.01,116770.18,50926.34,52020.33,83,Completed,10286.169999999998,1093.9900000000052
TXN0002169,2025-10-08,D003,R003,CONSULTING,121212.4,128423.76,78911.92,78196.82,50,Completed,7211.360000000001,-715.0999999999913
TXN0002170,2025-07-04,D003,R003,CONSULTING,112017.4,122105.59,59865.17,53173.19,53,Completed,10088.190000000002,-6691.979999999996
TXN0002171,2025-06-15,D004,R001,HARDWARE,233730.27,172652.78,137180.99,143037.8,117,Completed,-61077.48999999999,5856.809999999998
TXN0002172,2025-02-28,D002,R002,SUBSCRIPTION,180297.94,149726.01,101657.4,111494.66,94,Cancelled,-30571.929999999993,9837.26000000001
TXN0002173,2024-12-15,D008,R004,SUPPORT,73076.4,99572.92,59002.91,59420.13,14,Cancelled,26496.520000000004,417.2199999999939
TXN0002174,2025-07-03,D007,R004,SUBSCRIPTION,196255.92,136138.08,91363.41,89327.83,116,Completed,-60117.840000000026,-2035.5800000000017
TXN0002175,2026-10-28,D005,R002,SUPPORT,76963.02,73651.39,68713.0,50618.48,146,Completed,-3311.6300000000047,-18094.519999999997
TXN0002176,2025-12-06,D002,R002,SERVICES,171145.77,157413.48,57527.23,59343.79,60,Pending,-13732.289999999979,1816.5599999999977
TXN0002177,2025-01-16,D005,R005,SUBSCRIPTION,179058.01,183596.35,93285.9,107862.79,126,Completed,4538.3399999999965,14576.89
TXN0002178,2026-12-02,D008,R004,HARDWARE,155242.51,177209.95,123688.1,95506.73,173,Cancelled,21967.440000000002,-28181.37000000001
TXN0002179,2026-04-01,D001,R001,SOFTWARE,195024.63,207526.91,89451.99,86222.71,7,Completed,12502.279999999999,-3229.279999999999
TXN0002180,2024-07-24,D007,R004,HARDWARE,239472.89,272499.6,162710.72,163628.61,52,Completed,33026.70999999996,917.8899999999849
TXN0002181,2025-01-16,D005,R002,SUBSCRIPTION,164887.16,157747.37,96940.34,94715.7,10,Pending,-7139.790000000008,-2224.6399999999994
TXN0002182,2026-09-06,D010,R002,SUBSCRIPTION,168209.0,167341.15,85587.91,101255.67,107,Pending,-867.8500000000058,15667.759999999995
TXN0002183,2025-02-28,D004,R001,HARDWARE,266449.52,257271.75,132848.78,141631.73,128,Pending,-9177.770000000019,8782.950000000012
TXN0002184,2024-08-08,D005,R005,SUBSCRIPTION,148969.62,184846.92,96250.59,97889.79,112,Pending,35877.30000000002,1639.199999999997
TXN0002185,2024-02-28,D005,R002,CONSULTING,98987.13,103163.4,62517.42,67774.25,46,Cancelled,4176.2699999999895,5256.830000000002
TXN0002186,2026-09-12,D003,R003,SUBSCRIPTION,190912.2,161510.92,101731.46,98750.6,55,Cancelled,-29401.28,-2980.8600000000006
TXN0002187,2024-04-20,D003,R003,HARDWARE,266652.26,246253.52,118919.35,128970.51,28,Completed,-20398.74000000002,10051.159999999989
TXN0002188,2026-03-21,D003,R003,CONSULTING,110161.35,127862.14,78073.09,76683.42,47,Pending,17700.789999999994,-1389.6699999999983
TXN0002189,2024-12-18,D001,R001,SERVICES,179270.42,178845.39,94007.36,82999.57,82,Completed,-425.02999999999884,-11007.789999999994
TXN0002190,2026-06-13,D002,R002,SERVICES,203617.63,192796.35,90043.59,87121.4,28,Completed,-10821.279999999999,-2922.1900000000023
TXN0002191,2024-11-01,D003,R003,HARDWARE,141302.51,149785.41,124779.1,124040.7,127,Completed,8482.899999999994,-738.4000000000087
TXN0002192,2026-03-18,D006,R003,SUBSCRIPTION,156988.92,183823.79,69922.11,57263.93,59,Pending,26834.869999999995,-12658.18
TXN0002193,2025-12-05,D007,R004,SUPPORT,96629.24,98260.19,51251.86,52587.69,29,Pending,1630.949999999997,1335.8300000000017
TXN0002194,2026-03-29,D003,R003,SERVICES,146573.83,151680.81,95878.47,110851.58,88,Completed,5106.9800000000105,14973.11
TXN0002195,2024-05-26,D007,R004,SUBSCRIPTION,135566.72,135318.44,90250.98,96496.95,93,Pending,-248.27999999999884,6245.970000000001
TXN0002196,2026-01-25,D010,R005,SERVICES,177327.16,195237.46,95320.33,105920.95,97,Completed,17910.29999999999,10600.619999999995
TXN0002197,2026-03-26,D009,R001,SUBSCRIPTION,120085.31,127897.89,89908.79,86550.55,24,Completed,7812.580000000002,-3358.2399999999907
TXN0002198,2025-08-03,D003,R003,SOFTWARE,167987.03,138123.92,108726.68,125595.25,82,Pending,-29863.109999999986,16868.570000000007
TXN0002199,2025-03-01,D002,R002,SUPPORT,99043.36,102800.89,53480.89,64440.27,113,Completed,3757.529999999999,10959.379999999997
TXN0002200,2026-11-09,D005,R002,SUPPORT,67996.24,69110.64,54188.94,63512.63,13,Completed,1114.3999999999942,9323.689999999995
TXN0002201,2026-11-25,D007,R004,CONSULTING,105638.21,98131.71,75118.67,71296.45,32,Pending,-7506.5,-3822.220000000001
TXN0002202,2024-07-26,D002,R002,SUPPORT,106279.87,108616.61,51543.35,47383.27,172,Pending,2336.7400000000052,-4160.080000000002
TXN0002203,2026-04-11,D001,R001,SERVICES,179369.08,149618.74,125055.35,130402.99,103,Pending,-29750.339999999997,5347.639999999999
TXN0002204,2026-02-04,D001,R001,SUPPORT,105000.65,98938.24,43584.95,44204.34,113,Completed,-6062.409999999989,619.3899999999994
TXN0002205,2024-08-25,D005,R002,SUPPORT,103220.51,102403.32,65351.83,63848.25,159,Pending,-817.1899999999878,-1503.5800000000017
TXN0002206,2025-11-17,D009,R001,CONSULTING,150021.05,164989.6,69293.57,80132.1,141,Completed,14968.550000000017,10838.529999999999
TXN0002207,2026-12-24,D002,R002,CONSULTING,111393.83,92377.31,83655.43,82498.95,103,Completed,-19016.520000000004,-1156.479999999996
TXN0002208,2026-11-20,D003,R006,SERVICES,135945.2,155129.79,68837.97,73191.63,162,Pending,19184.589999999997,4353.6600000000035
TXN0002209,2024-05-09,D007,R006,SOFTWARE,188855.28,193579.32,88803.8,96628.53,130,Pending,4724.040000000008,7824.729999999996
TXN0002210,2026-05-21,D006,R006,HARDWARE,214472.03,194390.27,159077.64,163478.73,91,Completed,-20081.76000000001,4401.0899999999965
TXN0002211,2025-08-23,D001,R001,SERVICES,128364.02,111566.53,67265.56,53877.98,96,Pending,-16797.490000000005,-13387.579999999994
TXN0002212,2024-03-13,D001,R001,HARDWARE,258728.92,205306.15,174476.28,174722.33,157,Completed,-53422.77000000002,246.04999999998836
TXN0002213,2026-03-22,D006,R003,SUBSCRIPTION,166539.42,171164.37,88888.01,99769.94,68,Completed,4624.9499999999825,10881.930000000008
TXN0002214,2024-10-23,D002,R002,SERVICES,157186.23,175773.45,99167.57,105625.47,167,Pending,18587.22,6457.899999999994
TXN0002215,2026-07-27,D007,R004,HARDWARE,186792.21,230885.53,114608.29,114737.32,163,Completed,44093.32000000001,129.0300000000134
TXN0002216,2024-05-06,D009,R001,SOFTWARE,217866.62,236293.53,105682.59,119715.85,88,Completed,18426.910000000003,14033.26000000001
TXN0002217,2024-07-26,D001,R001,SUPPORT,105385.15,116885.46,57415.32,45179.21,102,Cancelled,11500.310000000012,-12236.11
TXN0002218,2025-10-09,D002,R002,SUPPORT,84074.35,90941.81,54370.05,49321.15,113,Pending,6867.459999999992,-5048.9000000000015
TXN0002219,2025-10-06,D001,R001,SUPPORT,51834.11,61370.47,43434.29,43603.72,172,Completed,9536.36,169.4300000000003
TXN0002220,2025-06-18,D007,R004,SERVICES,130337.87,89764.62,80544.19,81545.16,82,Cancelled,-40573.25,1000.9700000000012
TXN0002221,2024-10-04,D009,R001,SERVICES,116803.68,113126.1,96560.49,120919.8,100,Cancelled,-3677.579999999987,24359.309999999998
TXN0002222,2025-07-16,D008,R004,CONSULTING,110427.81,115049.6,71987.12,72271.72,52,Completed,4621.790000000008,284.6000000000058
TXN0002223,2026-03-27,D009,R001,SUBSCRIPTION,145709.27,164308.52,90675.88,83281.37,51,Completed,18599.25,-7394.510000000009
TXN0002224,2026-04-28,D005,R005,SOFTWARE,196873.74,231804.35,101325.23,109101.75,173,Completed,34930.610000000015,7776.520000000004
TXN0002225,2025-10-13,D005,R002,SUBSCRIPTION,152732.22,180380.75,98405.44,73263.5,29,Completed,27648.53,-25141.940000000002
TXN0002226,2024-10-05,D004,R006,SERVICES,147429.73,130905.16,82338.14,86664.95,161,Completed,-16524.570000000007,4326.809999999998
TXN0002227,2026-11-05,D010,R002,SUBSCRIPTION,164988.09,189241.68,63711.14,75444.78,167,Cancelled,24253.589999999997,11733.64
TXN0002228,2024-01-26,D006,R003,CONSULTING,109633.96,107990.34,71609.18,47281.91,92,Completed,-1643.62000000001,-24327.26999999999
TXN0002229,2024-06-11,D006,R003,CONSULTING,112702.66,126142.19,74812.93,76196.43,123,Pending,13439.529999999999,1383.5
TXN0002230,2026-09-03,D004,R001,SERVICES,122465.6,150828.97,82833.13,72330.71,70,Pending,28363.369999999995,-10502.419999999998
TXN0002231,2024-09-06,D001,R001,SUBSCRIPTION,121767.78,127792.46,82783.05,97660.8,166,Pending,6024.680000000008,14877.75
TXN0002232,2025-01-03,D009,R001,SOFTWARE,106349.22,91819.65,111827.39,95606.0,140,Completed,-14529.570000000007,-16221.39
TXN0002233,2026-07-13,D005,R002,HARDWARE,282959.87,338710.04,128292.43,133814.44,177,Pending,55750.169999999984,5522.010000000009
TXN0002234,2024-07-12,D001,R001,SUBSCRIPTION,144464.42,126678.94,92492.17,65981.74,164,Completed,-17785.48000000001,-26510.429999999993
TXN0002235,2025-04-08,D010,R002,SOFTWARE,149062.24,162628.24,82882.66,99118.38,147,Pending,13566.0,16235.720000000001
TXN0002236,2024-09-26,D004,R001,SUBSCRIPTION,150766.02,149233.5,81251.7,70518.22,101,Cancelled,-1532.5199999999895,-10733.479999999996
TXN0002237,2025-08-03,D002,R002,SERVICES,174002.96,169652.54,105917.02,102954.63,33,Cancelled,-4350.419999999984,-2962.3899999999994
TXN0002238,2026-01-04,D005,R002,SERVICES,147793.82,190466.66,82107.01,88500.46,145,Pending,42672.84,6393.450000000012
TXN0002239,2025-07-25,D006,R003,CONSULTING,131627.98,116828.14,68134.47,72736.47,86,Completed,-14799.840000000011,4602.0
TXN0002240,2025-12-10,D002,R002,SUPPORT,77169.54,76465.41,44498.27,95606.0,133,Cancelled,-704.1299999999901,51107.73
TXN0002241,2026-10-10,D009,R001,CONSULTING,137355.35,130740.62,69555.29,67227.41,123,Completed,-6614.7300000000105,-2327.87999999999
TXN0002242,2026-03-30,D008,R004,SERVICES,94812.53,155988.0,84342.85,95606.0,78,Completed,61175.47,11263.149999999994
TXN0002243,2024-12-18,D009,R001,CONSULTING,130809.56,158062.08,72489.92,73373.35,179,Completed,27252.51999999999,883.4300000000076
TXN0002244,2026-06-05,D007,R004,CONSULTING,158266.56,169518.01,63273.11,86438.79,110,Completed,11251.450000000012,23165.679999999993
TXN0002245,2026-10-27,D001,R001,SERVICES,134436.11,133109.74,79485.15,83003.14,25,Cancelled,-1326.3699999999953,3517.9900000000052
TXN0002246,2025-10-27,D010,R002,SOFTWARE,152493.62404958677,152291.11,128604.24,119126.92,161,Completed,-202.51404958678177,-9477.320000000007
TXN0002247,2024-05-07,D003,R003,CONSULTING,124762.48,163198.95,87383.63,100866.48,99,Completed,38436.470000000016,13482.849999999991
TXN0002248,2026-08-03,D010,R002,SUPPORT,72349.88,62636.24,42375.69,46135.36,146,Cancelled,-9713.640000000007,3759.6699999999983
TXN0002249,2026-07-26,D004,R001,SERVICES,135347.8,120272.58,69255.1,69387.85,99,Completed,-15075.219999999987,132.75
TXN0002250,2025-02-13,D003,R003,SUPPORT,87756.28,57692.31,65297.69,65206.41,87,Completed,-30063.97,-91.27999999999884
TXN0002251,2026-02-08,D005,R005,SERVICES,120333.8,136400.25,86598.24,115427.51,122,Completed,16066.449999999997,28829.26999999999
TXN0002252,2024-12-28,D010,R002,SERVICES,136037.64,149175.2,84198.6,88107.27,123,Cancelled,13137.559999999998,3908.6699999999983
TXN0002253,2024-11-22,D002,R002,HARDWARE,220126.64,213331.73,132823.26,120674.01,67,Pending,-6794.9100000000035,-12149.250000000015
TXN0002254,2026-12-04,D007,R005,SUPPORT,72646.64,72647.79,66732.25,85525.91,138,Pending,1.1499999999941792,18793.660000000003
TXN0002255,2024-04-09,D007,R006,HARDWARE,230695.34,218428.04,170243.75,95606.0,160,Cancelled,-12267.299999999988,-74637.75
TXN0002256,2024-02-05,D001,R001,SUPPORT,71852.78,64939.3,48546.16,46988.83,79,Pending,-6913.479999999996,-1557.3300000000017
TXN0002257,2026-11-13,D001,R001,SUPPORT,79457.14,100881.52,48328.16,55946.3,166,Pending,21424.380000000005,7618.139999999999
TXN0002258,2024-10-25,D007,R004,SOFTWARE,169751.99,159942.67,130392.54,139576.56,72,Cancelled,-9809.319999999978,9184.020000000004
TXN0002259,2026-04-25,D002,R002,HARDWARE,202784.5,146075.82,110311.42,126813.42,173,Completed,-56708.67999999999,16502.0
TXN0002260,2025-06-03,D003,R003,CONSULTING,99762.96,69743.0,58353.17,56932.54,72,Completed,-30019.960000000006,-1420.6299999999974
TXN0002261,2026-07-27,D006,R003,SOFTWARE,144270.05,120690.24,102347.16,115619.38,130,Completed,-23579.809999999983,13272.220000000001
TXN0002262,2026-06-29,D005,R002,SUPPORT,72663.43,69582.8,57350.8,57771.53,89,Pending,-3080.62999999999,420.7299999999959
TXN0002263,2024-03-14,D005,R002,SUBSCRIPTION,204904.45,254300.78,89297.62,74470.76,40,Completed,49396.32999999999,-14826.86
TXN0002264,2026-01-29,D009,R001,SERVICES,148772.0,153782.55,79678.32,78288.63,149,Completed,5010.549999999988,-1389.6900000000023
TXN0002265,2024-11-20,D005,R002,SUPPORT,113001.48,115594.76,57380.52,59327.88,150,Completed,2593.279999999999,1947.3600000000006
TXN0002266,2025-08-26,D008,R004,SUPPORT,76669.54,76741.59,81131.68,86846.29,44,Completed,72.05000000000291,5714.610000000001
TXN0002267,2025-10-06,D003,R003,CONSULTING,142632.36,140798.77,81378.81,92531.16,168,Completed,-1833.5899999999965,11152.350000000006
TXN0002268,2025-12-09,D001,R001,SUBSCRIPTION,184721.15,199302.59,95258.61,101137.79,42,Cancelled,14581.440000000002,5879.179999999993
TXN0002269,2026-07-11,D001,R001,SUBSCRIPTION,93540.82,99424.74,69685.51,69367.58,137,Pending,5883.919999999998,-317.929999999993
TXN0002270,2025-05-12,D008,R004,SERVICES,182233.15,190459.67,92626.35,106423.44,169,Completed,8226.520000000019,13797.089999999997
TXN0002271,2026-07-12,D010,R002,HARDWARE,191665.69,190594.41,143966.05,139136.75,100,Pending,-1071.2799999999988,-4829.299999999988
TXN0002272,2026-09-14,D008,R004,SUBSCRIPTION,166329.03,225248.49,69356.68,95606.0,49,Pending,58919.45999999999,26249.320000000007
TXN0002273,2025-05-04,D007,R005,HARDWARE,214224.56,255474.31,122602.81,133688.69,84,Completed,41249.75,11085.880000000005
TXN0002274,2024-01-09,D004,R001,SUBSCRIPTION,175736.29,174226.71,84836.99,86915.91,171,Completed,-1509.5800000000163,2078.9199999999983
TXN0002275,2024-01-25,D006,R003,SUBSCRIPTION,168910.44,157421.62,113217.29,135187.95,139,Completed,-11488.820000000007,21970.660000000018
TXN0002276,2026-03-27,D004,R001,SOFTWARE,224044.08,297642.95,85954.68,77321.43,165,Completed,73598.87000000002,-8633.25
TXN0002277,2026-12-31,D006,R003,HARDWARE,226363.15,244109.24,182462.97,213407.5,142,Completed,17746.089999999997,30944.53
TXN0002278,2025-05-22,D001,R001,SUBSCRIPTION,148478.35,146131.89,89206.54,76214.66,67,Completed,-2346.459999999992,-12991.87999999999
TXN0002279,2025-05-16,D003,R003,SUPPORT,92215.29,77424.59,52148.97,47536.88,63,Pending,-14790.699999999997,-4612.090000000004
TXN0002280,2025-07-22,D003,R006,SUBSCRIPTION,156735.38,134050.98,91894.34,82150.34,28,Completed,-22684.399999999994,-9744.0
TXN0002281,2026-06-12,D002,R001,SERVICES,156319.67,168379.47,91712.11,105999.63,82,Completed,12059.799999999988,14287.520000000004
TXN0002282,2026-04-09,D004,R001,SUBSCRIPTION,179801.46,174842.76,67287.89,65437.49,123,Completed,-4958.6999999999825,-1850.4000000000015
TXN0002283,2025-10-15,D009,R001,SOFTWARE,217981.71,228518.15,108358.61,78153.94,167,Completed,10536.440000000002,-30204.67
TXN0002284,2024-06-19,D004,R001,CONSULTING,109623.93,102691.48,89481.48,101311.22,126,Completed,-6932.449999999997,11829.740000000005
TXN0002285,2026-09-24,D002,R002,SERVICES,135363.49,138223.27,91875.33,93230.11,81,Cancelled,2859.779999999999,1354.7799999999988
TXN0002286,2026-06-25,D001,R001,SOFTWARE,159860.35,155988.0,86535.38,94685.89,169,Completed,-3872.350000000006,8150.509999999995
TXN0002287,2026-07-23,D010,R002,SUBSCRIPTION,156415.65,165073.66,102487.06,128022.6,5,Completed,8658.01000000001,25535.540000000008
TXN0002288,2024-12-27,D007,R004,CONSULTING,168607.14,209017.02,64550.95,56157.74,89,Cancelled,40409.879999999976,-8393.21
TXN0002289,2025-05-09,D008,R004,SUPPORT,74424.16,88520.81,54544.93,56599.78,72,Cancelled,14096.649999999994,2054.8499999999985
TXN0002290,2026-10-27,D004,R001,SUPPORT,90803.39,91005.31,58589.34,61906.31,84,Pending,201.91999999999825,3316.970000000001
TXN0002291,2026-09-25,D002,R002,SERVICES,129806.22,132156.65,82485.7,75784.67,6,Completed,2350.429999999993,-6701.029999999999
TXN0002292,2025-01-01,D009,R001,SERVICES,100960.1,102677.6,105457.3,121225.08,21,Pending,1717.5,15767.779999999999
TXN0002293,2025-02-12,D005,R002,CONSULTING,169383.05,131728.9,66317.11,76295.55,168,Cancelled,-37654.149999999994,9978.440000000002
TXN0002294,2025-04-19,D003,R003,SUBSCRIPTION,141717.24,150441.78,113874.27,129199.5,59,Completed,8724.540000000008,15325.229999999996
TXN0002295,2026-08-24,D009,R001,SUBSCRIPTION,172152.7,179577.23,78123.83,94744.74,31,Completed,7424.529999999999,16620.910000000003
TXN0002296,2024-12-11,D010,R002,SUPPORT,80494.73,103085.04,55675.25,58877.48,87,Completed,22590.309999999998,3202.230000000003
TXN0002297,2024-11-19,D004,R001,SERVICES,133866.16,145825.16,86567.26,102010.79,161,Completed,11959.0,15443.529999999999
TXN0002298,2026-03-05,D006,R003,CONSULTING,121539.3,114916.86,79876.94,78014.47,73,Completed,-6622.440000000002,-1862.4700000000012
TXN0002299,2026-01-29,D005,R002,HARDWARE,265179.48,240719.65,113358.26,124512.63,42,Completed,-24459.829999999987,11154.37000000001
TXN0002300,2025-07-10,D006,R003,SUPPORT,93208.52,72915.86,37097.67,50372.71,120,Completed,-20292.660000000003,13275.04
TXN0002301,2024-12-01,D007,R004,CONSULTING,135101.21,119196.23,97257.33,125394.1,108,Completed,-15904.979999999996,28136.770000000004
TXN0002302,2026-07-24,D007,R004,SERVICES,203081.59,190443.93,85332.92,89090.13,75,Completed,-12637.660000000003,3757.2100000000064
TXN0002303,2025-08-06,D004,R001,SUPPORT,115835.14,119327.98,46063.53,29304.52,80,Completed,3492.8399999999965,-16759.01
TXN0002304,2025-10-29,D001,R001,CONSULTING,120266.95,96676.85,72095.67,94401.43,147,Cancelled,-23590.09999999999,22305.759999999995
TXN0002305,2026-10-27,D004,R001,SUBSCRIPTION,152493.62404958677,261044.33,85635.46,87705.31,117,Completed,108550.70595041322,2069.8499999999913
TXN0002306,2026-09-09,D002,R005,HARDWARE,223816.53,249843.51,157702.92,150356.74,156,Pending,26026.98000000001,-7346.180000000022
TXN0002307,2026-09-24,D001,R001,CONSULTING,129357.58,149577.49,83810.1,69290.42,68,Completed,20219.90999999999,-14519.680000000008
TXN0002308,2024-07-26,D010,R002,SOFTWARE,194876.83,193715.57,90637.49,110271.14,19,Completed,-1161.2599999999802,19633.649999999994
TXN0002309,2025-05-08,D005,R002,CONSULTING,136168.59,169221.21,62873.6,64195.4,33,Pending,33052.619999999995,1321.800000000003
TXN0002310,2025-10-26,D003,R003,SOFTWARE,192786.47,179390.95,116306.08,113179.77,110,Completed,-13395.51999999999,-3126.3099999999977
TXN0002311,2025-02-13,D003,R003,SUBSCRIPTION,222127.82,212059.25,90527.09,91021.14,148,Completed,-10068.570000000007,494.0500000000029
TXN0002312,2025-02-28,D008,R004,SUBSCRIPTION,194246.94,186765.46,115287.86,94931.42,147,Cancelled,-7481.4800000000105,-20356.440000000002
TXN0002313,2024-05-19,D005,R002,SERVICES,158103.97,113893.59,88033.08,81512.22,85,Completed,-44210.380000000005,-6520.860000000001
TXN0002314,2025-12-01,D008,R004,SERVICES,181326.91,165753.81,78154.35,83052.74,87,Pending,-15573.100000000006,4898.389999999999
TXN0002315,2025-11-02,D004,R001,HARDWARE,232952.18,216052.88,148587.85,156677.03,178,Completed,-16899.29999999999,8089.179999999993
TXN0002316,2024-10-14,D005,R002,SOFTWARE,187506.19,171563.46,111273.28,112644.96,35,Pending,-15942.73000000001,1371.6800000000076
TXN0002317,2024-08-04,D007,R004,CONSULTING,143622.29,138488.74,86257.57,91088.51,140,Completed,-5133.5500000000175,4830.939999999988
TXN0002318,2026-06-14,D009,R001,SUBSCRIPTION,163902.92,120371.17,86792.43,112872.1,13,Cancelled,-43531.750000000015,26079.670000000013
TXN0002319,2025-01-08,D006,R003,CONSULTING,127717.34,121064.09,68228.97,76119.47,152,Completed,-6653.25,7890.5
TXN0002320,2024-07-07,D002,R002,SUBSCRIPTION,149964.17,99982.76,104313.64,105055.1,147,Completed,-49981.41000000002,741.4600000000064
TXN0002321,2024-06-28,D009,R001,SUBSCRIPTION,141223.78,139276.38,88559.6,95473.3,151,Pending,-1947.3999999999942,6913.699999999997
TXN0002322,2024-05-29,D007,R002,SERVICES,138379.38,139305.53,68506.73,86655.82,180,Pending,926.1499999999942,18149.09000000001
TXN0002323,2024-07-11,D005,R002,SUPPORT,118210.42,136292.68,80014.82,77843.22,171,Completed,18082.259999999995,-2171.600000000006
TXN0002324,2025-11-26,D002,R002,SUBSCRIPTION,136036.37,140872.64,74376.46,56169.43,121,Cancelled,4836.270000000019,-18207.030000000006
TXN0002325,2025-08-24,D007,R004,CONSULTING,135009.31,117441.0,75534.74,99329.46,6,Cancelled,-17568.309999999998,23794.72
TXN0002326,2026-05-24,D007,R005,HARDWARE,161444.53,179329.85,93271.5,103636.6,43,Completed,17885.320000000007,10365.100000000006
TXN0002327,2026-12-26,D004,R001,HARDWARE,257349.1,265843.43,144794.19,156215.64,122,Completed,8494.329999999987,11421.450000000012
TXN0002328,2024-08-11,D010,R002,SUPPORT,57304.61,70236.27,66639.04,72776.53,53,Completed,12931.660000000003,6137.490000000005
TXN0002329,2024-02-23,D004,R001,SOFTWARE,141578.38,144532.4,124644.82,131895.79,141,Cancelled,2954.0199999999895,7250.970000000001
TXN0002330,2025-12-14,D001,R001,SUBSCRIPTION,178832.11,185391.38,68009.46,95606.0,22,Completed,6559.270000000019,27596.539999999994
TXN0002331,2025-03-03,D006,R003,SUPPORT,79972.38,83898.08,61941.04,67337.04,56,Completed,3925.699999999997,5395.999999999993
TXN0002332,2025-04-22,D003,R003,HARDWARE,182857.05,187072.27,182088.62,173496.17,60,Completed,4215.220000000001,-8592.449999999983
TXN0002333,2024-09-09,D001,R001,CONSULTING,130935.93,149434.51,78931.49,78056.74,101,Completed,18498.580000000016,-874.75
TXN0002334,2025-03-03,D008,R004,SUPPORT,108572.84,101776.27,61958.04,63123.24,102,Completed,-6796.569999999992,1165.199999999997
TXN0002335,2025-02-25,D008,R004,SERVICES,107708.34,118732.24,84024.79,75875.37,102,Cancelled,11023.900000000009,-8149.419999999998
TXN0002336,2026-03-11,D002,R002,SERVICES,119126.78,135638.98,65146.9,55324.09,153,Cancelled,16512.20000000001,-9822.810000000005
TXN0002337,2024-03-09,D002,R002,SERVICES,172764.45,172327.04,53653.94,59909.0,130,Cancelled,-437.4100000000035,6255.059999999998
TXN0002338,2026-04-30,D006,R003,HARDWARE,281098.37,345629.09,116441.3,116927.95,53,Completed,64530.72000000003,486.6499999999942
TXN0002339,2026-05-09,D002,R002,HARDWARE,214132.13,219848.45,124429.37,107510.08,70,Cancelled,5716.320000000007,-16919.289999999994
TXN0002340,2024-01-15,D002,R002,SOFTWARE,214941.01,223100.17,92439.46,84822.66,102,Pending,8159.1600000000035,-7616.800000000003
TXN0002341,2025-12-27,D007,R004,SOFTWARE,152493.62404958677,112526.6,128921.82,117908.15,97,Completed,-39967.02404958676,-11013.670000000013
TXN0002342,2025-07-09,D002,R002,SUPPORT,87091.62,103054.22,75627.67,79328.87,63,Completed,15962.600000000006,3701.199999999997
TXN0002343,2025-07-16,D007,R004,SOFTWARE,160982.14,149301.21,115842.57,138658.25,170,Completed,-11680.930000000022,22815.679999999993
TXN0002344,2024-12-29,D001,R001,SERVICES,192162.68,196093.22,96619.42,106001.36,149,Completed,3930.540000000008,9381.940000000002
TXN0002345,2026-08-20,D003,R003,SERVICES,117412.4,109902.07,78395.97,87510.91,14,Completed,-7510.329999999987,9114.940000000002
TXN0002346,2025-08-23,D010,R002,SUPPORT,109387.56,79774.06,92964.0,61102.18,100,Cancelled,-29613.5,-31861.82
TXN0002347,2024-12-19,D007,R004,CONSULTING,130367.74,162380.99,102350.22,90008.37,49,Cancelled,32013.249999999985,-12341.850000000006
TXN0002348,2025-06-01,D003,R003,SUPPORT,83956.45,76688.83,45450.75,60004.11,98,Completed,-7267.619999999995,14553.36
TXN0002349,2026-06-04,D003,R005,HARDWARE,240759.52,277455.07,195354.49,214854.94,165,Completed,36695.55000000002,19500.45000000001
TXN0002350,2024-02-22,D005,R002,SOFTWARE,257709.76,322721.34,119347.1,114545.41,89,Completed,65011.580000000016,-4801.690000000002
TXN0002351,2024-05-04,D008,R005,CONSULTING,131343.52,111193.81,81551.02,107415.32,143,Pending,-20149.709999999992,25864.300000000003
TXN0002352,2024-11-19,D010,R001,SERVICES,140176.02,155988.0,76347.7,81983.08,30,Completed,15811.98000000001,5635.380000000005
TXN0002353,2026-09-05,D006,R003,SOFTWARE,213357.97,195387.27,103469.27,99543.06,21,Completed,-17970.70000000001,-3926.2100000000064
TXN0002354,2026-06-20,D008,R004,CONSULTING,152186.18,159060.48,70220.07,69282.39,39,Cancelled,6874.3000000000175,-937.6800000000076
TXN0002355,2025-10-06,D001,R001,CONSULTING,135154.76,151055.97,62177.81,69439.65,37,Completed,15901.209999999992,7261.8399999999965
TXN0002356,2024-07-16,D009,R001,SUBSCRIPTION,162854.82,150535.79,90566.72,89959.79,127,Pending,-12319.029999999999,-606.9300000000076
TXN0002357,2026-11-20,D010,R002,SERVICES,149030.02,126738.73,56050.37,43139.33,38,Completed,-22291.289999999994,-12911.04
TXN0002358,2024-07-13,D004,R001,SUPPORT,81141.22,71110.84,46306.85,60919.68,108,Completed,-10030.380000000005,14612.830000000002
TXN0002359,2025-05-28,D010,R002,SERVICES,161976.67,171745.85,82739.11,86667.42,52,Completed,9769.179999999993,3928.3099999999977
TXN0002360,2026-11-30,D006,R003,CONSULTING,87773.52,76140.54,81871.44,85889.93,137,Cancelled,-11632.98000000001,4018.4899999999907
TXN0002361,2025-02-11,D005,R002,SERVICES,148813.64,177033.17,51398.98,95606.0,113,Completed,28219.53,44207.02
TXN0002362,2026-02-27,D003,R003,SOFTWARE,136851.38,160532.35,126562.77,124024.85,166,Completed,23680.97,-2537.9199999999983
TXN0002363,2024-10-19,D004,R001,SOFTWARE,175051.55,165438.77,118495.74,115490.08,167,Completed,-9612.779999999999,-3005.6600000000035
TXN0002364,2024-01-24,D004,R001,HARDWARE,221329.28,229332.12,170273.61,125095.29,151,Pending,8002.8399999999965,-45178.31999999999
TXN0002365,2026-10-04,D008,R004,SERVICES,148815.66,141346.38,97250.54,86438.0,120,Completed,-7469.279999999999,-10812.539999999994
TXN0002366,2026-06-19,D008,R004,SUBSCRIPTION,133900.92,133837.62,108814.38,113426.93,35,Completed,-63.30000000001746,4612.549999999988
TXN0002367,2025-01-16,D009,R001,HARDWARE,158833.85,115991.86,171732.22,171962.59,70,Completed,-42841.990000000005,230.36999999999534
TXN0002368,2024-07-16,D008,R004,CONSULTING,104650.99,101729.84,66080.02,78627.71,176,Completed,-2921.1500000000087,12547.690000000002
TXN0002369,2026-05-23,D009,R001,HARDWARE,181666.69,214675.02,171629.02,157581.49,169,Completed,33008.32999999999,-14047.529999999999
TXN0002370,2026-07-25,D009,R001,SERVICES,134953.6,144424.37,112048.83,94788.28,33,Completed,9470.76999999999,-17260.550000000003
TXN0002371,2025-12-12,D009,R001,SERVICES,132796.02,167559.03,87196.58,121654.7,83,Pending,34763.01000000001,34458.119999999995
TXN0002372,2026-10-30,D007,R004,SOFTWARE,152828.59,146599.09,130757.87,146991.23,51,Pending,-6229.5,16233.360000000015
TXN0002373,2025-03-30,D009,R001,SUPPORT,81608.93,86454.08,39285.48,39860.38,9,Completed,4845.150000000009,574.8999999999942
TXN0002374,2026-12-22,D006,R003,SERVICES,159806.55,115995.73,93008.11,71932.16,139,Completed,-43810.81999999999,-21075.949999999997
TXN0002375,2026-12-23,D009,R001,SERVICES,124608.78,131980.98,86450.71,90870.37,47,Completed,7372.200000000012,4419.659999999989
TXN0002376,2025-08-04,D003,R003,SERVICES,143578.13,144306.86,102093.54,112293.47,43,Cancelled,728.7299999999814,10199.930000000008
TXN0002377,2025-07-24,D010,R002,SERVICES,125977.06,144198.82,92034.06,91918.99,17,Pending,18221.76000000001,-115.06999999999243
TXN0002378,2026-12-05,D005,R002,SUBSCRIPTION,190433.84,197117.91,110679.69,139625.72,126,Pending,6684.070000000007,28946.03
TXN0002379,2024-01-01,D006,R003,HARDWARE,224560.03,244121.76,114567.71,113258.89,24,Completed,19561.73000000001,-1308.820000000007
TXN0002380,2024-05-16,D009,R001,SERVICES,149584.48,179359.25,105877.66,124698.89,20,Pending,29774.76999999999,18821.229999999996
TXN0002381,2025-11-05,D003,R003,SERVICES,85500.49,80941.27,97526.32,109514.24,105,Completed,-4559.220000000001,11987.919999999998
TXN0002382,2025-05-24,D007,R004,SERVICES,110596.07,105390.49,57595.89,55870.14,94,Completed,-5205.580000000002,-1725.75
TXN0002383,2024-10-14,D004,R001,HARDWARE,271232.62,307252.73,92964.0,141737.98,107,Completed,36020.109999999986,48773.98000000001
TXN0002384,2025-02-25,D010,R002,SERVICES,117114.52,118134.02,79258.07,71033.07,118,Completed,1019.5,-8225.0
TXN0002385,2024-08-28,D005,R002,SOFTWARE,195536.14,229277.47,119497.92,154982.6,138,Completed,33741.32999999999,35484.68000000001
TXN0002386,2026-08-22,D009,R001,SUPPORT,84803.91,89026.71,56467.98,60980.64,64,Pending,4222.800000000003,4512.659999999996
TXN0002387,2026-07-19,D005,R002,SUBSCRIPTION,154395.96,162980.47,90487.74,79961.92,44,Completed,8584.51000000001,-10525.820000000007
TXN0002388,2026-02-20,D006,R003,SOFTWARE,184383.15,163662.67,84528.97,74480.82,70,Completed,-20720.47999999998,-10048.149999999994
TXN0002389,2026-09-24,D008,R004,SERVICES,129184.61,103698.65,86087.94,90655.41,79,Completed,-25485.960000000006,4567.470000000001
TXN0002390,2026-12-01,D009,R001,SUPPORT,109185.65,121883.97,57259.13,52404.79,66,Pending,12698.320000000007,-4854.3399999999965
TXN0002391,2024-03-08,D007,R004,SUPPORT,98869.93,106842.46,61385.19,66805.47,76,Completed,7972.530000000013,5420.279999999999
TXN0002392,2026-09-05,D005,R002,HARDWARE,177166.62,205124.08,110147.45,79704.51,175,Completed,27957.459999999992,-30442.940000000002
TXN0002393,2026-09-21,D006,R003,SOFTWARE,162377.31,158885.63,124535.01,114844.58,67,Cancelled,-3491.679999999993,-9690.429999999993
TXN0002394,2025-06-28,D008,R004,CONSULTING,158631.45,185656.39,59472.11,54913.82,31,Pending,27024.940000000002,-4558.290000000001
TXN0002395,2026-08-02,D009,R001,SUBSCRIPTION,179655.69,144283.52,94172.9,109753.02,160,Cancelled,-35372.17000000001,15580.12000000001
TXN0002396,2024-07-20,D007,R005,SUBSCRIPTION,155932.24,152232.69,77666.37,76177.74,152,Completed,-3699.5499999999884,-1488.62999999999
TXN0002397,2026-08-01,D002,R002,SERVICES,154244.23,154554.45,105593.77,104961.06,153,Cancelled,310.22000000000116,-632.7100000000064
TXN0002398,2024-03-22,D007,R004,SUPPORT,76579.87,84786.59,48354.91,53556.8,93,Pending,8206.720000000001,5201.889999999999
TXN0002399,2024-03-17,D008,R004,SUBSCRIPTION,154470.36,192724.91,81357.06,91802.83,107,Pending,38254.55000000002,10445.770000000004
TXN0002400,2024-02-19,D001,R001,SERVICES,88269.88,90428.1,75141.1,97087.21,166,Completed,2158.220000000001,21946.11
TXN0002401,2024-02-28,D002,R002,CONSULTING,127964.38,163719.78,80407.4,68990.93,121,Completed,35755.399999999994,-11416.470000000001
TXN0002402,2025-12-22,D006,R003,HARDWARE,142251.0,173523.71,131652.84,154103.95,68,Completed,31272.709999999992,22451.110000000015
TXN0002403,2026-07-27,D008,R004,HARDWARE,256007.78,251414.57,166774.85,212474.11,167,Completed,-4593.209999999992,45699.25999999998
TXN0002404,2025-10-21,D003,R003,SUBSCRIPTION,116584.03,106139.16,104282.69,70596.71,107,Completed,-10444.869999999995,-33685.979999999996
TXN0002405,2025-11-14,D003,R003,SOFTWARE,153221.68,173699.41,94741.27,89567.18,95,Cancelled,20477.73000000001,-5174.090000000011
TXN0002406,2025-10-10,D009,R001,SERVICES,135232.66,154258.0,82875.76,105605.12,83,Completed,19025.339999999997,22729.36
TXN0002407,2026-10-15,D002,R002,HARDWARE,228610.59,288839.02,146534.47,140781.59,168,Completed,60228.43000000002,-5752.880000000005
TXN0002408,2026-09-21,D007,R004,SUPPORT,112358.0,120992.88,59922.33,95606.0,94,Completed,8634.880000000005,35683.67
TXN0002409,2024-11-12,D008,R004,SERVICES,100200.5,111407.35,87776.49,83877.45,87,Completed,11206.850000000006,-3899.040000000008
TXN0002410,2026-02-11,D002,R002,HARDWARE,234762.65,219149.78,148890.21,155011.44,169,Cancelled,-15612.869999999995,6121.2300000000105
TXN0002411,2024-12-30,D005,R002,SUBSCRIPTION,168134.55,186624.83,79568.85,74457.56,106,Cancelled,18490.28,-5111.290000000008
TXN0002412,2026-08-04,D002,R002,SOFTWARE,178328.77,167492.29,96414.73,80409.93,72,Completed,-10836.479999999981,-16004.800000000003
TXN0002413,2024-09-29,D006,R003,CONSULTING,171217.15,184326.83,81587.22,74819.77,103,Completed,13109.679999999993,-6767.449999999997
TXN0002414,2025-10-25,D005,R002,SOFTWARE,175880.14,187585.35,127186.36,141616.56,62,Pending,11705.209999999992,14430.199999999997
TXN0002415,2025-07-14,D001,R001,SERVICES,144129.56,179379.86,89483.02,103787.5,11,Pending,35250.29999999999,14304.479999999996
TXN0002416,2025-05-17,D004,R001,SERVICES,124279.23,126152.44,81233.36,89823.7,62,Pending,1873.2100000000064,8590.339999999997
TXN0002417,2025-05-14,D004,R001,HARDWARE,203717.53,237332.19,144379.49,143847.19,10,Cancelled,33614.66,-532.2999999999884
TXN0002418,2025-01-28,D008,R001,CONSULTING,96502.88,101174.44,90194.26,87075.87,110,Completed,4671.559999999998,-3118.3899999999994
TXN0002419,2026-03-03,D009,R001,SUPPORT,110621.15,90934.09,54444.74,48658.34,71,Completed,-19687.059999999998,-5786.4000000000015
TXN0002420,2025-04-25,D005,R002,HARDWARE,346188.37,319756.89,176190.87,180284.29,86,Cancelled,-26431.47999999998,4093.420000000013
TXN0002421,2025-05-20,D006,R005,HARDWARE,252555.59,245080.72,148258.83,131344.83,142,Cancelled,-7474.869999999995,-16914.0
TXN0002422,2026-01-09,D003,R003,SUBSCRIPTION,135258.57,132756.89,90395.82,118246.36,142,Completed,-2501.679999999993,27850.539999999994
TXN0002423,2025-11-04,D002,R002,SUBSCRIPTION,180078.86,208758.89,74056.56,58063.87,94,Cancelled,28680.030000000028,-15992.689999999995
TXN0002424,2024-04-18,D004,R001,SUBSCRIPTION,176521.32,191935.65,90831.66,97170.25,122,Cancelled,15414.329999999987,6338.5899999999965
TXN0002425,2024-12-05,D008,R004,CONSULTING,152493.62404958677,93689.82,88218.72,83425.93,48,Completed,-58803.80404958676,-4792.790000000008
TXN0002426,2024-04-27,D009,R001,SUPPORT,95664.33,100848.72,56769.09,60382.88,93,Pending,5184.389999999999,3613.790000000001
TXN0002427,2025-07-19,D003,R006,SOFTWARE,158582.89,160500.22,124066.74,158660.02,150,Completed,1917.3299999999872,34593.279999999984
TXN0002428,2026-01-06,D001,R001,CONSULTING,106419.79,107818.9,85234.82,62175.54,39,Pending,1399.1100000000006,-23059.280000000006
TXN0002429,2025-09-15,D004,R001,HARDWARE,163398.67,155988.0,174841.05,95606.0,89,Completed,-7410.670000000013,-79235.04999999999
TXN0002430,2026-04-13,D010,R002,SUBSCRIPTION,182091.41,198672.09,97746.96,102056.56,41,Cancelled,16580.679999999993,4309.599999999991
TXN0002431,2024-04-18,D010,R002,SOFTWARE,143618.0,105262.33,139353.24,138055.46,96,Cancelled,-38355.67,-1297.7799999999988
TXN0002432,2024-10-05,D002,R002,SOFTWARE,184823.93,189408.28,83333.98,93328.88,140,Pending,4584.350000000006,9994.900000000009
TXN0002433,2025-02-01,D003,R003,SERVICES,129033.13,124973.61,73103.04,86472.15,51,Completed,-4059.520000000004,13369.11
TXN0002434,2024-01-07,D008,R004,HARDWARE,165338.02,227308.99,159502.56,210639.66,29,Pending,61970.97,51137.100000000006
TXN0002435,2026-04-03,D010,R002,SUPPORT,100333.95,112508.94,62656.53,84115.26,109,Pending,12174.990000000005,21458.729999999996
TXN0002436,2025-09-01,D008,R004,HARDWARE,237410.92,242806.68,165970.28,160522.14,29,Completed,5395.75999999998,-5448.139999999985
TXN0002437,2025-05-31,D006,R003,CONSULTING,55642.35,68002.85,80881.38,88303.34,132,Completed,12360.500000000007,7421.959999999992
TXN0002438,2025-09-04,D003,R003,SERVICES,149832.85,170615.62,100287.7,100880.09,94,Completed,20782.76999999999,592.3899999999994
TXN0002439,2026-08-12,D006,R003,SOFTWARE,205607.31,232670.79,112984.92,150229.64,70,Completed,27063.48000000001,37244.720000000016
TXN0002440,2026-03-02,D010,R005,SUPPORT,65601.46,40857.24,51323.75,43616.86,29,Completed,-24744.22000000001,-7706.889999999999
TXN0002441,2024-01-26,D001,R001,SUBSCRIPTION,178490.9,216398.82,97277.66,100800.32,6,Completed,37907.92000000001,3522.6600000000035
TXN0002442,2026-06-02,D007,R004,SUBSCRIPTION,140377.07,144214.38,80509.54,101564.58,22,Completed,3837.3099999999977,21055.040000000008
TXN0002443,2025-07-01,D004,R001,CONSULTING,111394.68,102879.12,50621.24,46717.44,142,Completed,-8515.559999999998,-3903.7999999999956
TXN0002444,2024-12-11,D006,R003,SUPPORT,91693.58,90572.5,53726.77,59003.02,158,Completed,-1121.0800000000017,5276.25
TXN0002445,2024-12-29,D010,R002,CONSULTING,126242.18,129843.3,64693.05,64982.96,134,Completed,3601.12000000001,289.9099999999962
TXN0002446,2024-03-09,D008,R005,SUBSCRIPTION,142509.1,145167.91,96158.55,90078.16,84,Completed,2658.8099999999977,-6080.389999999999
TXN0002447,2026-11-27,D002,R002,SUBSCRIPTION,100430.04,73244.84,101759.06,109340.4,47,Completed,-27185.199999999997,7581.3399999999965
TXN0002448,2025-11-21,D008,R004,SERVICES,174442.02,184616.06,89258.75,83129.8,121,Cancelled,10174.040000000008,-6128.949999999997
TXN0002449,2024-05-14,D007,R004,SOFTWARE,209443.94,237572.8,124004.09,124241.92,91,Completed,28128.859999999986,237.83000000000175
TXN0002450,2025-01-20,D006,R003,CONSULTING,126552.58,138979.15,66058.21,65150.86,108,Completed,12426.569999999992,-907.3500000000058
TXN0002451,2024-07-21,D006,R006,SUPPORT,95862.91,101040.41,44243.21,44093.75,138,Completed,5177.5,-149.45999999999913
TXN0002452,2026-12-25,D006,R003,SUBSCRIPTION,177239.54,199775.5,100635.35,103685.08,138,Pending,22535.959999999992,3049.729999999996
TXN0002453,2025-10-18,D009,R001,HARDWARE,237515.17,247752.05,103494.15,101280.8,39,Pending,10236.879999999976,-2213.3499999999913
TXN0002454,2026-05-23,D004,R001,SUPPORT,53900.85,55629.46,58306.57,57376.47,108,Pending,1728.6100000000006,-930.0999999999985
TXN0002455,2026-03-10,D007,R004,SOFTWARE,170492.82,179744.22,102970.12,98825.64,31,Completed,9251.399999999994,-4144.479999999996
TXN0002456,2025-09-18,D009,R001,CONSULTING,125496.52,134914.87,51140.94,55448.38,132,Completed,9418.349999999991,4307.439999999995
TXN0002457,2025-01-20,D001,R001,SOFTWARE,223511.79,220425.47,105939.49,126886.07,27,Completed,-3086.320000000007,20946.58
TXN0002458,2024-12-21,D010,R002,SUBSCRIPTION,164886.93,184755.37,92885.68,98921.41,169,Completed,19868.440000000002,6035.7300000000105
TXN0002459,2025-12-09,D001,R001,SOFTWARE,194943.8,153005.45,100928.35,105713.93,103,Completed,-41938.34999999998,4785.579999999987
TXN0002460,2026-07-06,D006,R003,SOFTWARE,181063.88,198861.8,137027.11,157443.27,135,Cancelled,17797.919999999984,20416.160000000003
TXN0002461,2024-01-04,D003,R003,SUPPORT,86524.76,85251.11,62619.68,45273.92,59,Completed,-1273.6499999999942,-17345.760000000002
TXN0002462,2025-10-17,D008,R004,SERVICES,175517.75,171618.5,85261.38,86498.07,23,Completed,-3899.25,1236.6900000000023
TXN0002463,2024-01-02,D008,R004,SUPPORT,101278.27,96443.13,67948.32,80539.11,16,Pending,-4835.139999999999,12590.789999999994
TXN0002464,2025-08-17,D004,R001,SOFTWARE,158321.26,171279.38,124150.16,127940.53,6,Completed,12958.119999999995,3790.3699999999953
TXN0002465,2025-12-04,D006,R003,CONSULTING,105830.65,116896.43,79601.8,92863.07,100,Pending,11065.779999999999,13261.270000000004
TXN0002466,2025-05-19,D001,R001,SUBSCRIPTION,140256.03,132373.76,68559.52,71336.3,164,Completed,-7882.2699999999895,2776.779999999999
TXN0002467,2025-09-26,D007,R004,SUPPORT,66134.05,71818.05,58097.26,52509.57,57,Completed,5684.0,-5587.690000000002
TXN0002468,2026-04-27,D007,R004,CONSULTING,110988.56,83910.09,63215.84,64592.39,101,Completed,-27078.47,1376.550000000003
TXN0002469,2025-03-06,D004,R001,CONSULTING,117890.81,155633.0,49004.93,50520.4,158,Completed,37742.19,1515.4700000000012
TXN0002470,2025-01-04,D007,R006,SERVICES,140137.54,137598.76,64224.9,81719.58,23,Completed,-2538.779999999999,17494.68
TXN0002471,2024-05-16,D002,R002,CONSULTING,109168.18,117128.27,85025.27,98923.29,51,Cancelled,7960.090000000011,13898.01999999999
TXN0002472,2025-09-06,D006,R003,SUPPORT,94405.44,98082.69,54543.12,59079.43,179,Pending,3677.25,4536.309999999998
TXN0002473,2025-06-19,D005,R002,HARDWARE,247656.61,247020.43,170913.92,161746.72,32,Completed,-636.179999999993,-9167.200000000012
TXN0002474,2024-06-26,D007,R004,SERVICES,121557.15,98518.19,68103.09,69121.79,147,Pending,-23038.959999999992,1018.6999999999971
TXN0002475,2026-08-18,D004,R001,SOFTWARE,251938.43,321020.14,120669.77,105948.52,127,Completed,69081.71000000002,-14721.25
TXN0002476,2025-12-01,D002,R002,CONSULTING,115527.82,103147.25,77094.91,71032.06,26,Completed,-12380.570000000007,-6062.850000000006
TXN0002477,2026-06-16,D004,R001,HARDWARE,248445.93,245278.76,142652.22,148348.12,41,Pending,-3167.1699999999837,5695.899999999994
TXN0002478,2026-10-28,D010,R002,SUPPORT,90646.49,87323.77,44943.44,44251.17,53,Completed,-3322.720000000001,-692.2700000000041
TXN0002479,2025-11-30,D006,R005,SERVICES,147564.41,187970.14,58081.12,54764.61,69,Completed,40405.73000000001,-3316.510000000002
TXN0002480,2024-04-25,D006,R003,SUPPORT,83322.99,96630.05,50241.28,42576.19,105,Pending,13307.059999999998,-7665.0899999999965
TXN0002481,2024-10-05,D003,R003,SUBSCRIPTION,150837.49,188672.92,89255.55,91424.09,62,Completed,37835.43000000002,2168.5399999999936
TXN0002482,2026-06-17,D004,R001,SUPPORT,51591.66,54537.59,50326.68,35588.2,11,Pending,2945.929999999993,-14738.480000000003
TXN0002483,2026-12-18,D002,R002,SUBSCRIPTION,136359.84,139413.62,96346.9,112441.26,78,Cancelled,3053.779999999999,16094.36
TXN0002484,2024-04-26,D003,R003,HARDWARE,204078.85,205056.24,162288.34,160335.5,33,Completed,977.3899999999849,-1952.8399999999965
TXN0002485,2024-12-13,D007,R004,SOFTWARE,259113.95,253331.74,101761.01,128232.28,87,Completed,-5782.210000000021,26471.270000000004
TXN0002486,2025-04-23,D001,R001,SOFTWARE,231376.01,233449.03,126824.51,131990.09,6,Pending,2073.0199999999895,5165.580000000002
TXN0002487,2024-02-09,D001,R001,CONSULTING,118540.65,99412.88,63330.65,67014.02,62,Completed,-19127.76999999999,3683.3700000000026
TXN0002488,2026-02-09,D010,R002,SOFTWARE,189320.9,257101.62,139482.29,142441.76,151,Pending,67780.72,2959.470000000001
TXN0002489,2026-09-07,D005,R002,CONSULTING,150946.32,141365.18,72270.67,76718.56,65,Pending,-9581.140000000014,4447.889999999999
TXN0002490,2026-07-20,D010,R002,SUPPORT,90378.84,99047.92,64039.31,62603.13,127,Completed,8669.080000000002,-1436.1800000000003
TXN0002491,2025-03-04,D008,R004,HARDWARE,214110.31,215377.78,156150.18,179677.79,41,Completed,1267.4700000000012,23527.610000000015
TXN0002492,2025-10-06,D003,R003,CONSULTING,165095.54,190594.93,71514.38,73540.75,46,Completed,25499.389999999985,2026.3699999999953
TXN0002493,2024-10-21,D001,R001,HARDWARE,183913.31,182581.88,140237.21,162761.57,15,Pending,-1331.429999999993,22524.360000000015
TXN0002494,2025-09-04,D007,R004,SUBSCRIPTION,131512.35,147597.34,84041.13,114802.72,107,Completed,16084.98999999999,30761.589999999997
TXN0002495,2026-12-05,D006,R003,CONSULTING,105738.09,115674.83,77353.03,82105.05,111,Pending,9936.740000000005,4752.020000000004
TXN0002496,2026-07-08,D008,R004,CONSULTING,139997.21,174557.85,84193.03,110037.05,98,Completed,34560.640000000014,25844.020000000004
TXN0002497,2026-12-21,D006,R003,SERVICES,176770.86,127999.92,82179.95,71493.8,57,Completed,-48770.93999999999,-10686.149999999994
TXN0002498,2025-02-02,D004,R001,SUBSCRIPTION,93360.85,69166.22,90296.5,100670.79,173,Cancelled,-24194.630000000005,10374.289999999994
TXN0002499,2026-04-16,D006,R003,SUBSCRIPTION,182008.6,187478.22,118404.36,121937.19,100,Completed,5469.619999999995,3532.8300000000017
TXN0002500,2024-10-08,D004,R001,CONSULTING,111898.99,128193.68,70382.38,73655.04,143,Pending,16294.689999999988,3272.659999999989
TXN0002501,2026-04-24,D005,R002,SUBSCRIPTION,173370.8,173498.97,98179.12,99243.19,18,Completed,128.1700000000128,1064.070000000007
TXN0002502,2026-02-26,D004,R001,SERVICES,138716.25,105418.51,81924.02,73164.45,137,Pending,-33297.740000000005,-8759.570000000007
TXN0002503,2025-02-26,D003,R003,SOFTWARE,175749.76,180106.79,102414.38,106600.16,103,Cancelled,4357.029999999999,4185.779999999999
TXN0002504,2024-11-15,D003,R003,SUPPORT,116306.27,149204.6,37832.08,32412.89,169,Pending,32898.33,-5419.190000000002
TXN0002505,2024-04-11,D010,R002,SERVICES,152493.62404958677,75674.89,65352.88,69720.87,110,Completed,-76818.73404958677,4367.989999999998
TXN0002506,2024-09-24,D008,R004,SUPPORT,89654.42,82454.46,69807.43,68681.79,129,Completed,-7199.959999999992,-1125.6399999999994
TXN0002507,2026-12-22,D010,R002,SUBSCRIPTION,198070.17,177404.15,89322.36,92724.74,165,Completed,-20666.02000000002,3402.3800000000047
TXN0002508,2024-02-13,D002,R002,SOFTWARE,186733.96,179265.21,102984.78,130428.12,7,Completed,-7468.75,27443.339999999997
TXN0002509,2025-12-31,D006,R003,HARDWARE,267849.6,220427.99,150679.0,155178.95,56,Completed,-47421.609999999986,4499.950000000012
TXN0002510,2026-01-13,D004,R001,SOFTWARE,151923.11,171622.03,116142.62,124452.33,164,Completed,19698.920000000013,8309.710000000006
TXN0002511,2026-08-30,D010,R002,CONSULTING,110827.56,114600.53,80230.66,85011.87,91,Completed,3772.970000000001,4781.209999999992
TXN0002512,2024-11-23,D005,R002,SUBSCRIPTION,118837.11,114565.86,101875.23,118452.98,43,Completed,-4271.25,16577.75
TXN0002513,2026-04-19,D007,R004,SUBSCRIPTION,172022.82,164635.11,91168.47,107494.16,45,Cancelled,-7387.710000000021,16325.690000000002
TXN0002514,2025-07-29,D009,R001,SUPPORT,74073.73,85717.8,46106.8,43769.74,68,Completed,11644.070000000007,-2337.060000000005
TXN0002515,2024-03-21,D003,R003,SOFTWARE,188473.2,197511.59,104177.73,120823.08,39,Pending,9038.389999999985,16645.350000000006
TXN0002516,2024-10-02,D008,R004,SERVICES,173139.21,175530.32,77253.03,98203.42,155,Completed,2391.110000000015,20950.39
TXN0002517,2026-05-07,D008,R004,SERVICES,142780.45,135548.3,100066.4,94084.82,10,Pending,-7232.150000000023,-5981.579999999987
TXN0002518,2024-06-23,D010,R002,HARDWARE,243574.8,283777.62,112384.06,107900.13,99,Completed,40202.82000000001,-4483.929999999993
TXN0002519,2026-03-17,D003,R003,HARDWARE,227560.58,229027.49,147485.77,134481.48,43,Completed,1466.9100000000035,-13004.289999999979
TXN0002520,2025-08-21,D004,R001,HARDWARE,318233.78,285650.89,133470.46,141832.14,26,Completed,-32582.890000000014,8361.680000000022
TXN0002521,2024-02-02,D010,R002,CONSULTING,113254.23,111548.07,99338.46,97157.89,164,Cancelled,-1706.159999999989,-2180.570000000007
TXN0002522,2025-01-06,D007,R004,HARDWARE,256554.26,253746.5,155457.87,106624.68,54,Cancelled,-2807.7600000000093,-48833.19
TXN0002523,2026-09-29,D005,R002,SOFTWARE,151230.0,157834.24,128090.76,122129.9,86,Completed,6604.239999999991,-5960.860000000001
TXN0002524,2025-09-19,D001,R001,SUPPORT,101984.1,87650.44,68069.91,61005.59,72,Pending,-14333.660000000003,-7064.320000000007
TXN0002525,2026-07-27,D007,R004,HARDWARE,263039.79,252773.43,105177.26,100849.54,173,Completed,-10266.359999999986,-4327.720000000001
TXN0002526,2024-01-22,D006,R003,SERVICES,161304.25,168549.62,92287.65,78576.49,151,Completed,7245.369999999995,-13711.159999999989
TXN0002527,2026-02-17,D005,R002,CONSULTING,127809.52,123895.19,66484.3,44948.94,104,Completed,-3914.3300000000017,-21535.36
TXN0002528,2026-01-21,D005,R002,HARDWARE,231336.42,212143.92,125402.09,128367.52,136,Pending,-19192.5,2965.4300000000076
TXN0002529,2025-10-12,D007,R004,SERVICES,177964.52,216700.94,75127.51,50675.81,71,Cancelled,38736.42000000001,-24451.699999999997
TXN0002530,2024-06-19,D004,R001,HARDWARE,262908.52,328858.78,128256.64,162414.05,120,Completed,65950.26000000001,34157.40999999999
TXN0002531,2024-02-17,D006,R003,SOFTWARE,178300.69,156911.09,120207.51,122184.68,37,Completed,-21389.600000000006,1977.1699999999983
TXN0002532,2024-11-11,D004,R006,SOFTWARE,176392.12,203266.14,106301.26,91324.36,151,Completed,26874.02000000002,-14976.899999999994
TXN0002533,2024-01-28,D002,R002,SOFTWARE,165954.22,185673.84,119850.04,125514.37,92,Cancelled,19719.619999999995,5664.330000000002
TXN0002534,2026-01-08,D002,R002,SUPPORT,95585.35,92880.42,49543.8,40807.29,166,Completed,-2704.9300000000076,-8736.510000000002
TXN0002535,2024-11-10,D002,R002,SOFTWARE,158358.69,103281.42,100114.77,96353.26,56,Completed,-55077.270000000004,-3761.5100000000093
TXN0002536,2024-08-01,D003,R003,SOFTWARE,176774.56,202726.36,98945.48,104907.13,115,Completed,25951.79999999999,5961.650000000009
TXN0002537,2025-10-18,D004,R005,CONSULTING,76376.24,72689.93,70879.39,88435.47,165,Cancelled,-3686.310000000012,17556.08
TXN0002538,2026-11-10,D004,R001,SERVICES,185840.75,181430.46,91359.02,94329.11,159,Completed,-4410.290000000008,2970.0899999999965
TXN0002539,2024-05-05,D008,R004,SUPPORT,86177.12,88134.28,50688.49,53198.9,118,Completed,1957.1600000000035,2510.4100000000035
TXN0002540,2025-06-23,D009,R005,SERVICES,120134.61,125180.83,73165.78,69622.45,41,Cancelled,5046.220000000001,-3543.3300000000017
TXN0002541,2024-10-09,D010,R002,SUPPORT,124723.81,115779.89,52741.97,51024.56,24,Completed,-8943.919999999998,-1717.4100000000035
TXN0002542,2024-11-28,D003,R003,SERVICES,157481.19,158380.34,94852.22,101511.81,106,Cancelled,899.1499999999942,6659.5899999999965
TXN0002543,2025-07-08,D005,R002,SUBSCRIPTION,172737.71,126336.24,77539.69,90419.7,60,Pending,-46401.46999999999,12880.009999999995
TXN0002544,2025-08-05,D005,R002,SUPPORT,87529.51,103409.13,50013.3,95606.0,140,Completed,15879.62000000001,45592.7
TXN0002545,2024-12-05,D005,R002,SERVICES,106756.28,117209.21,58732.25,58198.89,20,Completed,10452.930000000008,-533.3600000000006
TXN0002546,2024-03-05,D008,R004,SUPPORT,87057.09,89134.01,52822.94,59979.84,163,Pending,2076.9199999999983,7156.899999999994
TXN0002547,2026-02-07,D002,R002,SUPPORT,121430.54,125239.83,61532.14,70074.29,8,Completed,3809.290000000008,8542.149999999994
TXN0002548,2024-05-14,D006,R003,HARDWARE,224357.38,241673.27,182933.11,163997.16,150,Completed,17315.889999999985,-18935.949999999983
TXN0002549,2026-10-09,D006,R003,SUPPORT,82697.29,101190.78,73359.12,87572.54,99,Pending,18493.490000000005,14213.419999999998
TXN0002550,2025-01-24,D005,R002,HARDWARE,268116.6,281245.7,189100.62,174431.78,63,Cancelled,13129.100000000035,-14668.839999999997
TXN0002551,2026-10-08,D003,R006,CONSULTING,88854.67,101256.55,70062.18,71716.24,123,Completed,12401.880000000005,1654.0600000000122
TXN0002552,2026-07-15,D007,R004,CONSULTING,132006.27,122230.84,81710.29,103433.83,44,Completed,-9775.429999999993,21723.540000000008
TXN0002553,2024-12-10,D007,R004,SOFTWARE,226016.78,251782.46,113292.41,110035.03,86,Pending,25765.679999999993,-3257.3800000000047
TXN0002554,2026-08-06,D003,R003,SOFTWARE,184463.37,141184.7,102231.76,118365.02,174,Completed,-43278.669999999984,16133.26000000001
TXN0002555,2025-03-20,D003,R003,SERVICES,106525.53,99965.23,87252.37,99908.46,29,Completed,-6560.300000000003,12656.090000000011
TXN0002556,2025-11-21,D007,R004,HARDWARE,187053.94,208511.49,158792.61,154728.89,55,Completed,21457.54999999999,-4063.719999999972
TXN0002557,2025-07-22,D008,R004,HARDWARE,248338.12,185548.26,135876.92,150982.09,63,Completed,-62789.859999999986,15105.169999999984
TXN0002558,2026-05-06,D008,R004,CONSULTING,142969.58,145851.33,87210.75,105463.31,116,Completed,2881.75,18252.559999999998
TXN0002559,2025-12-24,D008,R004,SOFTWARE,238462.91,278198.2,105883.72,102877.48,32,Completed,39735.29000000001,-3006.2400000000052
TXN0002560,2025-08-15,D006,R003,SUBSCRIPTION,123999.26,134968.41,94402.1,125335.68,41,Completed,10969.150000000009,30933.579999999987
TXN0002561,2026-02-05,D009,R001,SERVICES,148802.18,146198.61,81312.83,92895.54,130,Completed,-2603.570000000007,11582.709999999992
TXN0002562,2025-09-28,D005,R002,HARDWARE,150859.63,165969.45,140771.99,184974.33,180,Cancelled,15109.820000000007,44202.34
TXN0002563,2024-09-22,D007,R004,SUBSCRIPTION,203795.13,249358.68,86213.16,91044.98,140,Completed,45563.54999999999,4831.819999999992
TXN0002564,2024-09-19,D006,R003,SUPPORT,73084.17,90763.41,62461.77,80490.7,99,Cancelled,17679.240000000005,18028.93
TXN0002565,2026-04-05,D008,R006,HARDWARE,253306.83,247160.26,173506.49,199061.04,68,Completed,-6146.569999999978,25554.550000000017
TXN0002566,2026-02-09,D006,R003,HARDWARE,238160.58,276823.38,166070.76,143938.8,76,Cancelled,38662.80000000002,-22131.96000000002
TXN0002567,2025-02-02,D006,R003,HARDWARE,241993.03,221037.22,164953.97,178699.03,37,Completed,-20955.809999999998,13745.059999999998
TXN0002568,2025-04-30,D010,R002,SERVICES,105147.95,94666.58,56532.78,66751.51,68,Pending,-10481.369999999995,10218.729999999996
TXN0002569,2025-03-10,D010,R002,SOFTWARE,199658.05,200230.38,91048.02,110972.07,135,Completed,572.3300000000163,19924.050000000003
TXN0002570,2025-10-20,D007,R004,SUBSCRIPTION,164570.08,168367.43,84296.39,83553.15,25,Cancelled,3797.350000000006,-743.2400000000052
TXN0002571,2025-06-28,D008,R004,SUPPORT,86855.9,83795.87,66250.67,64312.31,22,Pending,-3060.029999999999,-1938.3600000000006
TXN0002572,2024-10-20,D007,R004,HARDWARE,222671.81,219694.93,154976.31,165864.3,98,Completed,-2976.8800000000047,10887.98999999999
TXN0002573,2024-07-01,D008,R004,SUPPORT,92321.24,90247.18,48340.33,31622.17,88,Completed,-2074.060000000012,-16718.160000000003
TXN0002574,2025-12-07,D010,R002,SERVICES,131563.71,126724.35,75532.81,95606.0,86,Pending,-4839.359999999986,20073.190000000002
TXN0002575,2025-02-13,D006,R003,SUBSCRIPTION,160782.7,153103.1,81052.82,70792.14,170,Completed,-7679.600000000006,-10260.680000000008
TXN0002576,2024-04-05,D010,R002,HARDWARE,252658.19,295586.39,158590.86,214217.63,54,Cancelled,42928.20000000001,55626.77000000002
TXN0002577,2026-05-16,D009,R001,CONSULTING,99813.71,114619.02,70246.09,90537.68,7,Completed,14805.309999999998,20291.589999999997
TXN0002578,2024-02-21,D005,R002,HARDWARE,108521.1,120259.74,140291.13,143166.16,12,Pending,11738.64,2875.029999999999
TXN0002579,2026-03-07,D002,R002,SERVICES,148279.79,143043.33,92964.0,83979.4,165,Pending,-5236.460000000021,-8984.600000000006
TXN0002580,2025-05-10,D009,R001,CONSULTING,121680.39,136302.22,69654.12,71862.65,32,Completed,14621.830000000002,2208.529999999999
TXN0002581,2026-07-17,D008,R004,SUPPORT,97977.48,95515.59,57550.5,46628.32,77,Completed,-2461.8899999999994,-10922.18
TXN0002582,2024-10-09,D010,R002,SOFTWARE,214248.21,231111.47,97753.39,115113.09,18,Completed,16863.26000000001,17359.699999999997
TXN0002583,2025-07-10,D009,R001,SERVICES,124494.09,155717.61,110266.76,112614.14,101,Cancelled,31223.51999999999,2347.3800000000047
TXN0002584,2025-10-25,D001,R001,SUPPORT,97732.2,87071.95,56914.12,46919.89,106,Completed,-10660.25,-9994.230000000003
TXN0002585,2025-02-08,D006,R003,SOFTWARE,138854.49,155267.24,131051.95,113834.52,87,Cancelled,16412.75,-17217.429999999993
TXN0002586,2024-09-27,D010,R005,SUPPORT,113495.51,110240.92,45125.08,48608.02,132,Completed,-3254.5899999999965,3482.939999999995
TXN0002587,2026-06-12,D002,R002,SOFTWARE,204350.65,218539.1,123787.57,125065.5,46,Completed,14188.450000000012,1277.929999999993
TXN0002588,2025-11-23,D007,R002,HARDWARE,215821.21,241542.59,138781.64,161079.79,25,Pending,25721.380000000005,22298.149999999994
TXN0002589,2026-03-31,D006,R003,CONSULTING,105911.75,81310.33,68906.55,76004.19,144,Completed,-24601.42,7097.639999999999
TXN0002590,2024-11-13,D009,R001,CONSULTING,112740.42,99701.14,77680.42,78168.33,145,Completed,-13039.279999999999,487.9100000000035
TXN0002591,2025-06-18,D004,R001,SOFTWARE,188476.66,179668.41,114331.67,115316.49,63,Completed,-8808.25,984.820000000007
TXN0002592,2024-02-19,D001,R001,SUBSCRIPTION,140543.63,123834.99,100187.82,109295.02,18,Completed,-16708.64,9107.199999999997
TXN0002593,2024-08-11,D007,R005,SERVICES,147797.29,145308.2,77325.48,65170.15,40,Cancelled,-2489.0899999999965,-12155.329999999994
TXN0002594,2026-03-21,D006,R003,SUPPORT,61783.42,47978.34,65032.12,54427.1,9,Cancelled,-13805.080000000002,-10605.020000000004
TXN0002595,2026-04-29,D005,R002,SUPPORT,92208.24,74070.56,47060.3,50525.58,145,Completed,-18137.680000000008,3465.279999999999
TXN0002596,2025-03-03,D001,R001,SOFTWARE,165733.45,178698.33,95774.56,90503.52,63,Cancelled,12964.879999999976,-5271.039999999994
TXN0002597,2026-01-23,D008,R005,SUBSCRIPTION,201668.5,215345.23,93513.4,95639.6,135,Completed,13676.73000000001,2126.2000000000116
TXN0002598,2024-01-16,D007,R004,SUBSCRIPTION,151876.18,168185.0,73649.77,89063.98,165,Cancelled,16308.820000000007,15414.209999999992
TXN0002599,2026-12-11,D005,R002,HARDWARE,203597.25,166494.67,123081.73,124173.81,104,Completed,-37102.57999999999,1092.0800000000017
TXN0002600,2025-11-16,D004,R001,HARDWARE,226532.29,184276.85,171264.65,223514.01,55,Completed,-42255.44,52249.360000000015
TXN0002601,2025-07-08,D005,R002,SUPPORT,88479.7,90174.83,62064.0,62995.96,120,Completed,1695.1300000000047,931.9599999999991
TXN0002602,2026-11-14,D008,R004,SUPPORT,97231.26,155988.0,49365.97,43165.31,108,Completed,58756.740000000005,-6200.6600000000035
TXN0002603,2024-06-08,D003,R003,CONSULTING,166005.43,156827.57,64486.91,73615.17,57,Completed,-9177.859999999986,9128.259999999995
TXN0002604,2025-03-14,D010,R002,HARDWARE,257996.04,250452.93,136530.72,136652.63,156,Completed,-7543.110000000015,121.91000000000349
TXN0002605,2025-04-15,D006,R003,SUPPORT,102529.08,114816.6,45704.82,42409.98,150,Completed,12287.520000000004,-3294.8399999999965
TXN0002606,2024-01-26,D004,R001,HARDWARE,173323.83,142170.29,153167.3,169683.03,60,Completed,-31153.53999999998,16515.73000000001
TXN0002607,2026-06-03,D006,R003,SUPPORT,74220.23,71664.14,37824.67,50606.64,88,Pending,-2556.0899999999965,12781.970000000001
TXN0002608,2026-03-10,D007,R004,SERVICES,161148.47,174084.45,54967.42,56166.82,127,Cancelled,12935.98000000001,1199.4000000000015
TXN0002609,2025-05-23,D010,R002,SUPPORT,109000.89,117481.49,55150.21,62714.31,24,Cancelled,8480.600000000006,7564.0999999999985
TXN0002610,2024-12-04,D002,R002,SOFTWARE,185574.71,165036.24,99644.84,95606.0,7,Completed,-20538.47,-4038.8399999999965
TXN0002611,2024-11-22,D001,R001,CONSULTING,103766.63,137567.57,69858.99,67051.91,29,Completed,33800.94,-2807.0800000000017
TXN0002612,2026-05-16,D006,R003,SERVICES,173644.64,185850.39,97765.11,131130.62,100,Completed,12205.75,33365.509999999995
TXN0002613,2025-01-09,D005,R002,SOFTWARE,219643.98,180405.62,133495.06,133267.02,13,Completed,-39238.360000000015,-228.04000000000815
TXN0002614,2025-02-23,D005,R002,CONSULTING,155229.8,159727.79,68415.61,52041.36,35,Completed,4497.99000000002,-16374.25
TXN0002615,2024-06-25,D008,R004,SOFTWARE,172520.0,130738.86,83448.47,82059.86,65,Pending,-41781.14,-1388.6100000000006
TXN0002616,2025-07-07,D010,R002,HARDWARE,232924.69,308553.08,176576.07,176447.03,10,Cancelled,75628.39000000001,-129.04000000000815
TXN0002617,2024-05-13,D008,R005,SERVICES,153108.45,199148.73,84842.38,108651.25,106,Pending,46040.28,23808.869999999995
TXN0002618,2026-04-24,D001,R006,CONSULTING,106596.41,110453.73,77708.59,77517.46,49,Completed,3857.3199999999924,-191.1299999999901
TXN0002619,2024-09-05,D010,R002,SUPPORT,62750.51,67506.87,66581.68,55041.29,76,Completed,4756.359999999993,-11540.389999999992
TXN0002620,2024-02-19,D008,R004,HARDWARE,279093.67,272734.82,139115.54,124978.43,176,Completed,-6358.849999999977,-14137.110000000015
TXN0002621,2024-04-01,D004,R001,CONSULTING,110417.02,102605.26,52754.43,48090.47,171,Completed,-7811.760000000009,-4663.959999999999
TXN0002622,2026-09-27,D010,R002,CONSULTING,114019.71,134524.1,78220.27,65313.72,64,Completed,20504.39,-12906.550000000003
TXN0002623,2026-01-22,D005,R002,SUBSCRIPTION,158145.35,139199.64,42055.15,49500.01,121,Pending,-18945.709999999992,7444.860000000001
TXN0002624,2026-01-30,D009,R001,SUBSCRIPTION,108997.7,110729.38,50811.04,43260.88,146,Cancelled,1731.6800000000076,-7550.1600000000035
TXN0002625,2025-11-12,D003,R003,SUPPORT,109802.92,110386.42,55547.18,56333.49,109,Completed,583.5,786.3099999999977
TXN0002626,2025-12-12,D010,R002,CONSULTING,88603.52,95575.84,81468.51,87082.61,79,Completed,6972.319999999992,5614.100000000006
TXN0002627,2026-07-01,D008,R004,CONSULTING,77003.35,69567.05,101532.99,104097.82,115,Completed,-7436.300000000003,2564.8300000000017
TXN0002628,2025-12-11,D010,R002,SERVICES,195642.76,189831.11,86705.56,104732.32,96,Pending,-5811.650000000023,18026.76000000001
TXN0002629,2024-02-12,D008,R004,SUPPORT,79921.53,91301.14,68512.67,83700.73,15,Completed,11379.61,15188.059999999998
TXN0002630,2024-10-24,D009,R001,SUPPORT,87161.06,85578.2,47882.61,49422.04,158,Completed,-1582.8600000000006,1539.4300000000003
TXN0002631,2024-11-22,D009,R001,SUPPORT,77991.66,71001.71,68536.74,65996.1,151,Completed,-6989.949999999997,-2540.6399999999994
TXN0002632,2024-06-16,D004,R001,CONSULTING,138416.75,155988.0,75375.04,84907.27,112,Completed,17571.25,9532.23000000001
TXN0002633,2024-07-31,D009,R001,SUBSCRIPTION,218894.24,166797.2,93242.46,89504.86,152,Completed,-52097.03999999998,-3737.600000000006
TXN0002634,2024-03-12,D005,R002,SUPPORT,91569.23,87947.01,71239.52,79897.67,63,Completed,-3622.220000000001,8658.149999999994
TXN0002635,2026-03-02,D008,R004,SUPPORT,129177.36,120543.98,54725.79,54363.53,145,Pending,-8633.380000000005,-362.26000000000204
TXN0002636,2025-03-24,D009,R001,CONSULTING,51867.5,52940.16,101683.01,129376.99,152,Completed,1072.6600000000035,27693.98000000001
TXN0002637,2025-07-04,D007,R004,SOFTWARE,194665.02,221777.34,113332.28,115127.6,168,Pending,27112.320000000007,1795.320000000007
TXN0002638,2024-02-01,D003,R003,SERVICES,160859.94,168059.73,95911.73,97647.79,134,Completed,7199.790000000008,1736.0599999999977
TXN0002639,2025-09-19,D008,R004,SOFTWARE,193546.16,175180.72,98121.09,111346.85,66,Pending,-18365.440000000002,13225.76000000001
TXN0002640,2024-07-16,D005,R002,SUBSCRIPTION,148319.08,143884.25,78496.54,84496.98,53,Completed,-4434.829999999987,6000.440000000002
TXN0002641,2025-01-15,D001,R005,SERVICES,163647.97,170856.64,101598.48,87347.43,179,Completed,7208.670000000013,-14251.050000000003
TXN0002642,2026-05-14,D002,R002,SOFTWARE,218984.09,224413.71,100327.84,134677.0,96,Pending,5429.619999999995,34349.16
TXN0002643,2025-03-12,D001,R001,HARDWARE,242187.12,208247.7,98918.06,95480.64,104,Completed,-33939.419999999984,-3437.4199999999983
TXN0002644,2026-06-09,D004,R001,SUBSCRIPTION,149733.46,181940.93,95213.15,95606.0,167,Cancelled,32207.47,392.8500000000058
TXN0002645,2026-10-20,D010,R006,SOFTWARE,197014.69,187768.46,133931.04,151541.06,86,Completed,-9246.23000000001,17610.01999999999
TXN0002646,2026-02-24,D001,R001,CONSULTING,160765.17,159701.73,92846.92,90115.37,142,Completed,-1063.4400000000023,-2731.550000000003
TXN0002647,2025-12-19,D007,R004,SUBSCRIPTION,152806.55,164827.48,97610.96,96008.74,180,Pending,12020.930000000022,-1602.2200000000012
TXN0002648,2024-06-26,D001,R001,CONSULTING,117323.01,136718.89,104017.73,120883.15,126,Completed,19395.88000000002,16865.42
TXN0002649,2024-11-07,D009,R001,SERVICES,79945.57,92204.38,81742.47,74509.48,121,Pending,12258.809999999998,-7232.990000000005
TXN0002650,2024-11-03,D006,R003,CONSULTING,134677.01,137389.53,66225.49,68727.62,87,Completed,2712.5199999999895,2502.12999999999
TXN0002651,2025-03-19,D009,R001,CONSULTING,135865.92,147502.53,83685.4,101437.95,162,Pending,11636.609999999986,17752.550000000003
TXN0002652,2024-02-27,D002,R005,SUBSCRIPTION,163199.34,180433.88,74953.08,96909.24,134,Pending,17234.540000000008,21956.160000000003
TXN0002653,2025-07-16,D002,R002,CONSULTING,125696.33,165975.46,57698.33,76914.9,149,Pending,40279.12999999999,19216.569999999992
TXN0002654,2025-02-06,D009,R001,SOFTWARE,198045.11,204927.43,95690.8,86121.43,154,Completed,6882.320000000007,-9569.37000000001
TXN0002655,2025-08-23,D009,R001,CONSULTING,76379.47,77213.43,70071.46,79610.12,46,Completed,833.9599999999919,9538.659999999989
TXN0002656,2024-12-08,D005,R002,CONSULTING,72441.04,87685.48,66085.82,62131.44,180,Completed,15244.440000000002,-3954.3800000000047
TXN0002657,2025-05-25,D002,R002,CONSULTING,147453.97,146837.41,71095.69,73160.37,6,Pending,-616.5599999999977,2064.679999999993
TXN0002658,2025-11-09,D003,R003,SOFTWARE,152493.62404958677,278121.55,100799.05,102685.66,51,Completed,125627.92595041322,1886.6100000000006
TXN0002659,2026-07-10,D006,R003,SUBSCRIPTION,166080.39,167677.79,83977.22,59933.78,63,Pending,1597.3999999999942,-24043.440000000002
TXN0002660,2024-09-27,D002,R002,SERVICES,140483.93,165293.7,64365.35,74635.93,159,Cancelled,24809.77000000002,10270.579999999994
TXN0002661,2026-05-30,D001,R001,HARDWARE,259674.07,257914.69,145003.72,146412.49,10,Cancelled,-1759.3800000000047,1408.7699999999895
TXN0002662,2026-07-05,D006,R003,SOFTWARE,112923.14,123396.99,110724.76,141031.64,126,Completed,10473.850000000006,30306.88000000002
TXN0002663,2026-05-14,D005,R002,SUPPORT,91208.97,88650.48,49482.08,45048.19,22,Completed,-2558.4900000000052,-4433.889999999999
TXN0002664,2026-02-01,D002,R002,SUPPORT,78093.78,76077.96,47054.39,47724.62,126,Pending,-2015.8199999999924,670.2300000000032
TXN0002665,2024-04-09,D009,R001,SERVICES,146110.07,159497.93,89403.07,89253.47,11,Completed,13387.859999999986,-149.60000000000582
TXN0002666,2025-06-02,D002,R002,SUPPORT,111979.0,122662.13,58980.15,60077.84,119,Cancelled,10683.130000000005,1097.689999999995
TXN0002667,2024-05-16,D006,R003,CONSULTING,139246.89,153216.59,67922.5,77740.47,173,Completed,13969.699999999983,9817.970000000001
TXN0002668,2024-03-22,D010,R002,SUBSCRIPTION,167639.4,192589.52,83717.42,88711.85,64,Completed,24950.119999999995,4994.430000000008
TXN0002669,2026-11-03,D003,R003,SUPPORT,152493.62404958677,119879.13,59164.13,74805.59,7,Completed,-32614.494049586763,15641.46
TXN0002670,2024-08-18,D001,R001,SOFTWARE,201741.24,241245.35,115810.64,150760.1,139,Completed,39504.110000000015,34949.46000000001
TXN0002671,2024-07-10,D010,R002,HARDWARE,148075.85,140073.34,105557.2,122053.32,86,Completed,-8002.510000000009,16496.12000000001
TXN0002672,2026-08-30,D008,R004,SERVICES,135795.64,132522.48,83689.49,72381.08,127,Pending,-3273.1600000000035,-11308.410000000003
TXN0002673,2024-05-25,D004,R001,CONSULTING,117717.9,155289.77,73243.41,71383.98,42,Completed,37571.869999999995,-1859.4300000000076
TXN0002674,2026-05-09,D009,R001,SOFTWARE,213167.96,228311.22,137066.25,161433.76,136,Completed,15143.26000000001,24367.51000000001
TXN0002675,2026-04-26,D010,R002,SUPPORT,91447.64,87356.9,63664.21,73415.1,165,Completed,-4090.7400000000052,9750.890000000007
TXN0002676,2024-02-05,D004,R001,CONSULTING,122612.03,157773.49,70209.42,71834.48,115,Completed,35161.45999999999,1625.0599999999977
TXN0002677,2025-01-29,D006,R003,SOFTWARE,208801.66,239042.15,116219.73,117122.87,176,Completed,30240.48999999999,903.1399999999994
TXN0002678,2024-09-17,D007,R004,SERVICES,172788.47,155099.5,77795.02,95026.45,127,Cancelled,-17688.97,17231.429999999993
TXN0002679,2024-11-18,D009,R001,SUPPORT,99254.79,78687.99,40731.22,37137.59,66,Cancelled,-20566.79999999999,-3593.6300000000047
TXN0002680,2026-05-06,D009,R001,SOFTWARE,203390.25,162831.55,98530.01,97730.75,158,Completed,-40558.70000000001,-799.2599999999948
TXN0002681,2024-10-25,D007,R005,SUPPORT,81873.32,53675.85,52850.91,54286.39,169,Completed,-28197.47000000001,1435.479999999996
TXN0002682,2026-09-08,D006,R003,HARDWARE,240198.64,237044.77,163395.4,176914.68,171,Completed,-3153.8700000000244,13519.279999999999
TXN0002683,2025-10-31,D005,R002,SUBSCRIPTION,250444.18,256821.07,87845.97,98925.6,83,Pending,6376.890000000014,11079.630000000005
TXN0002684,2024-08-10,D009,R001,SUPPORT,89023.45,88887.06,46104.24,46988.29,125,Completed,-136.38999999999942,884.0500000000029
TXN0002685,2026-12-27,D002,R002,HARDWARE,218584.0,236764.43,138407.96,159684.33,137,Cancelled,18180.429999999993,21276.369999999995
TXN0002686,2025-09-07,D002,R002,HARDWARE,316465.01,404323.53,114027.62,130991.13,78,Cancelled,87858.52000000002,16963.51000000001
TXN0002687,2025-05-05,D009,R001,HARDWARE,263725.34,257142.3,133089.2,172585.29,149,Completed,-6583.040000000037,39496.09
TXN0002688,2025-11-17,D006,R003,SERVICES,132944.85,122078.09,86533.39,90634.12,137,Pending,-10866.76000000001,4100.729999999996
TXN0002689,2025-01-20,D005,R002,CONSULTING,126849.57,136189.73,71967.82,93546.27,161,Completed,9340.160000000003,21578.449999999997
TXN0002690,2026-10-01,D005,R002,SUPPORT,101348.05,107225.51,48359.48,54509.54,143,Cancelled,5877.459999999992,6150.059999999998
TXN0002691,2026-01-12,D006,R003,CONSULTING,152493.62404958677,112080.66,79433.41,103148.17,49,Completed,-40412.964049586764,23714.759999999995
TXN0002692,2025-11-21,D005,R002,SERVICES,142482.86,152776.98,82273.95,88581.66,51,Pending,10294.120000000024,6307.710000000006
TXN0002693,2025-08-07,D006,R003,CONSULTING,134855.53,140130.8,72804.15,82708.78,150,Pending,5275.2699999999895,9904.630000000005
TXN0002694,2024-05-27,D009,R001,HARDWARE,181985.09,182395.6,153477.19,133209.68,69,Completed,410.5100000000093,-20267.51000000001
TXN0002695,2024-07-01,D007,R004,CONSULTING,92786.08,98502.6,110341.87,111285.65,22,Completed,5716.520000000004,943.7799999999988
TXN0002696,2025-07-21,D005,R002,CONSULTING,144155.2,153866.01,72142.5,76480.99,135,Cancelled,9710.809999999998,4338.490000000005
TXN0002697,2026-05-25,D007,R004,SOFTWARE,170152.91,173996.49,93990.12,98012.98,165,Pending,3843.579999999987,4022.8600000000006
TXN0002698,2026-03-03,D010,R002,CONSULTING,121772.98,136302.84,75602.9,76810.15,85,Completed,14529.86,1207.25
TXN0002699,2024-04-21,D003,R003,HARDWARE,268970.14,266065.68,134266.64,140600.09,15,Completed,-2904.460000000021,6333.4499999999825
TXN0002700,2025-03-07,D005,R002,SUBSCRIPTION,186634.99,176952.03,106524.3,97147.86,37,Completed,-9682.959999999992,-9376.440000000002
TXN0002701,2024-02-05,D007,R004,SUPPORT,78853.07,53210.51,53252.3,51724.18,7,Completed,-25642.560000000005,-1528.1200000000026
TXN0002702,2025-07-21,D006,R003,SUPPORT,101082.5,102883.36,56184.33,56247.28,77,Pending,1800.8600000000006,62.94999999999709
TXN0002703,2025-06-30,D004,R001,SUBSCRIPTION,162712.28,202129.43,100660.8,92658.3,146,Completed,39417.149999999994,-8002.5
TXN0002704,2025-10-10,D004,R001,SUBSCRIPTION,176042.45,218959.65,115113.75,87281.8,61,Completed,42917.19999999998,-27831.949999999997
TXN0002705,2024-05-02,D007,R004,SUBSCRIPTION,161250.59,158662.04,70766.04,57547.63,46,Completed,-2588.5499999999884,-13218.409999999996
TXN0002706,2026-09-22,D010,R002,HARDWARE,152916.04,142388.28,125356.11,90219.28,36,Completed,-10527.76000000001,-35136.83
TXN0002707,2025-10-05,D004,R001,SERVICES,127368.8,110266.57,87745.67,102247.55,122,Cancelled,-17102.229999999996,14501.880000000005
TXN0002708,2025-07-26,D003,R003,SERVICES,136943.02,106918.12,97621.78,85142.44,32,Completed,-30024.899999999994,-12479.339999999997
TXN0002709,2026-02-03,D004,R001,CONSULTING,120475.52,130036.41,60958.65,56889.74,119,Completed,9560.89,-4068.9100000000035
TXN0002710,2026-04-16,D004,R001,SOFTWARE,231390.1,214375.98,110670.29,130132.98,118,Pending,-17014.119999999995,19462.690000000002
TXN0002711,2026-02-17,D003,R003,CONSULTING,139952.43,98924.09,85421.24,96774.14,10,Cancelled,-41028.34,11352.899999999994
TXN0002712,2026-03-10,D005,R002,SUPPORT,64174.34,69123.43,59604.33,60898.29,116,Cancelled,4949.0899999999965,1293.9599999999991
TXN0002713,2026-05-11,D006,R003,CONSULTING,86815.34,85693.8,88666.67,86682.19,162,Pending,-1121.5399999999936,-1984.479999999996
TXN0002714,2024-10-22,D008,R004,HARDWARE,221417.78,201797.52,148205.02,149487.79,24,Cancelled,-19620.26000000001,1282.7700000000186
TXN0002715,2025-02-28,D007,R004,CONSULTING,112509.68,109462.41,49770.43,44395.76,60,Completed,-3047.2699999999895,-5374.669999999998
TXN0002716,2025-08-18,D006,R003,SERVICES,148680.01,194140.04,101064.61,94669.33,64,Pending,45460.03,-6395.279999999999
TXN0002717,2025-05-14,D010,R002,SOFTWARE,227724.67,232053.57,85002.69,97445.25,170,Completed,4328.899999999994,12442.559999999998
TXN0002718,2026-07-03,D008,R004,SOFTWARE,173099.49,186191.1,105488.14,122157.01,151,Completed,13091.610000000015,16668.869999999995
TXN0002719,2026-12-06,D006,R003,CONSULTING,117796.19,146114.38,69430.13,66133.15,119,Pending,28318.190000000002,-3296.9800000000105
TXN0002720,2025-04-13,D002,R002,HARDWARE,206113.33,209415.3,133686.77,131863.51,73,Completed,3301.970000000001,-1823.2599999999802
TXN0002721,2025-03-24,D005,R002,SERVICES,154931.53,114079.37,93569.47,92604.25,154,Cancelled,-40852.16,-965.2200000000012
TXN0002722,2024-03-15,D010,R002,SERVICES,133474.24,119060.2,63758.45,62596.24,102,Completed,-14414.039999999994,-1162.2099999999991
TXN0002723,2024-11-21,D001,R001,SOFTWARE,191623.05,222569.42,141335.97,144211.64,28,Cancelled,30946.370000000024,2875.670000000013
TXN0002724,2025-06-06,D009,R005,SUBSCRIPTION,176595.39,176163.62,75477.87,99241.77,120,Completed,-431.7700000000186,23763.90000000001
TXN0002725,2025-07-24,D005,R002,CONSULTING,113109.85,120648.39,64079.38,55147.49,52,Completed,7538.539999999994,-8931.89
TXN0002726,2024-05-16,D007,R004,SUBSCRIPTION,176999.78,119187.8,88527.36,104451.79,64,Completed,-57811.979999999996,15924.429999999993
TXN0002727,2026-08-21,D010,R005,HARDWARE,176650.2,193836.0,145501.74,144858.75,113,Completed,17185.79999999999,-642.9899999999907
TXN0002728,2024-06-06,D004,R005,SUBSCRIPTION,135813.83,139337.4,82640.08,78224.83,22,Completed,3523.570000000007,-4415.25
TXN0002729,2026-12-29,D005,R002,SERVICES,111658.68,110865.8,78259.18,88192.32,36,Pending,-792.8799999999901,9933.140000000014
TXN0002730,2025-01-01,D009,R001,SUPPORT,71630.07,90306.5,55707.39,73810.34,44,Cancelled,18676.429999999993,18102.949999999997
TXN0002731,2025-10-28,D003,R003,SOFTWARE,184079.93,208816.75,118916.8,107918.07,48,Completed,24736.820000000007,-10998.729999999996
TXN0002732,2026-10-30,D009,R001,SUBSCRIPTION,148730.47,169240.4,76079.02,53844.19,19,Pending,20509.929999999993,-22234.83
TXN0002733,2024-11-15,D003,R003,CONSULTING,151942.02,146647.73,84454.76,103160.41,38,Completed,-5294.289999999979,18705.65000000001
TXN0002734,2025-07-25,D010,R002,SUBSCRIPTION,163259.01,136845.2,101442.83,99113.98,123,Completed,-26413.809999999998,-2328.850000000006
TXN0002735,2025-05-23,D008,R004,SOFTWARE,234618.11,155988.0,131696.02,154367.59,46,Cancelled,-78630.10999999999,22671.570000000007
TXN0002736,2024-02-01,D001,R006,SERVICES,149483.41,161211.03,93247.38,122760.98,78,Pending,11727.619999999995,29513.59999999999
TXN0002737,2026-03-19,D009,R001,SUPPORT,133754.04,136600.35,54329.57,64545.5,145,Cancelled,2846.3099999999977,10215.93
TXN0002738,2026-11-30,D007,R004,CONSULTING,133199.59,134261.49,96298.04,87419.93,95,Cancelled,1061.8999999999942,-8878.11
TXN0002739,2026-09-04,D010,R002,SUPPORT,92906.76,86583.48,66314.68,64818.59,69,Cancelled,-6323.279999999999,-1496.0899999999965
TXN0002740,2024-09-15,D007,R004,CONSULTING,137214.43,137358.68,75666.79,53552.94,14,Completed,144.25,-22113.84999999999
TXN0002741,2025-03-09,D002,R002,HARDWARE,211955.97,155988.0,135636.63,157107.45,34,Cancelled,-55967.97,21470.820000000007
TXN0002742,2026-04-02,D007,R004,HARDWARE,309367.4,155988.0,148728.35,151496.5,11,Completed,-153379.40000000002,2768.149999999994
TXN0002743,2025-03-17,D008,R004,SOFTWARE,152493.62404958677,185895.61,120964.99,121183.85,116,Completed,33401.98595041322,218.86000000000058
TXN0002744,2024-10-13,D008,R004,SUPPORT,87175.32,101983.75,48614.57,56538.8,171,Completed,14808.429999999993,7924.230000000003
TXN0002745,2025-10-04,D007,R004,SOFTWARE,160338.86,138104.72,105406.34,125915.86,117,Completed,-22234.139999999985,20509.520000000004
TXN0002746,2026-10-08,D008,R004,SUPPORT,71422.11,88803.5,41527.84,38843.95,100,Completed,17381.39,-2683.8899999999994
TXN0002747,2025-05-17,D008,R004,SOFTWARE,219362.24,235514.22,93725.07,104665.94,42,Completed,16151.98000000001,10940.869999999995
TXN0002748,2026-10-08,D005,R002,HARDWARE,259549.57,276038.92,123883.39,94510.75,103,Pending,16489.349999999977,-29372.64
TXN0002749,2026-11-15,D002,R002,HARDWARE,152493.62404958677,237727.13,76880.14,76737.36,146,Pending,85233.50595041324,-142.77999999999884
TXN0002750,2024-05-18,D007,R001,CONSULTING,131372.56,171527.6,64339.43,69733.84,95,Completed,40155.04000000001,5394.409999999996
TXN0002751,2024-05-12,D004,R001,SUBSCRIPTION,123851.71,142161.16,68889.05,69539.52,7,Completed,18309.449999999997,650.4700000000012
TXN0002752,2025-06-07,D003,R003,SUBSCRIPTION,138976.1,114136.62,102770.53,101083.7,20,Completed,-24839.48000000001,-1686.8300000000017
TXN0002753,2026-01-30,D009,R001,SUBSCRIPTION,141859.82,126300.64,91388.6,93477.41,11,Pending,-15559.180000000008,2088.8099999999977
TXN0002754,2026-07-31,D007,R004,SUBSCRIPTION,175030.47,161491.23,85987.23,95606.0,93,Cancelled,-13539.23999999999,9618.770000000004
TXN0002755,2026-11-24,D006,R003,SOFTWARE,79745.03,67907.55,102128.85,95141.11,154,Completed,-11837.479999999996,-6987.740000000005
TXN0002756,2026-11-18,D008,R004,CONSULTING,111023.92,108831.87,52703.03,60448.94,14,Cancelled,-2192.050000000003,7745.9100000000035
TXN0002757,2026-12-02,D010,R002,SERVICES,156033.14,153427.77,89724.14,92301.74,89,Pending,-2605.3700000000244,2577.600000000006
TXN0002758,2024-09-07,D005,R002,SERVICES,130102.47,163096.33,64575.02,65058.68,162,Pending,32993.859999999986,483.6600000000035
TXN0002759,2024-03-31,D005,R002,SOFTWARE,229116.62,218025.51,84893.9,84895.41,82,Completed,-11091.109999999986,1.5100000000093132
TXN0002760,2025-01-31,D003,R003,SUBSCRIPTION,149611.71,154572.28,86836.51,95606.0,111,Completed,4960.570000000007,8769.490000000005
TXN0002761,2025-07-03,D007,R004,HARDWARE,201955.77,155988.0,162098.93,149312.98,5,Completed,-45967.76999999999,-12785.949999999983
TXN0002762,2026-09-15,D003,R003,HARDWARE,204505.8,210841.92,124376.94,107087.28,21,Completed,6336.120000000024,-17289.660000000003
TXN0002763,2026-07-10,D008,R004,SERVICES,119238.69,122085.8,80219.42,101109.62,34,Completed,2847.1100000000006,20890.199999999997
TXN0002764,2026-01-02,D008,R004,HARDWARE,156124.53,194834.79,146611.89,196199.88,125,Completed,38710.26000000001,49587.98999999999
TXN0002765,2025-08-11,D010,R002,SUPPORT,66552.18,83061.48,50229.66,55696.97,166,Completed,16509.300000000003,5467.309999999998
TXN0002766,2026-01-12,D009,R001,SUPPORT,86168.16,91953.99,44300.57,43708.65,179,Completed,5785.830000000002,-591.9199999999983
TXN0002767,2025-02-28,D010,R002,SERVICES,97252.83,130965.19,89878.88,98281.05,10,Pending,33712.36,8402.169999999998
TXN0002768,2025-07-09,D008,R004,SUBSCRIPTION,179248.0,194650.76,73735.41,73385.57,132,Pending,15402.76000000001,-349.8399999999965
TXN0002769,2025-11-06,D001,R001,HARDWARE,255171.03,271319.96,165324.26,166547.63,32,Completed,16148.930000000022,1223.3699999999953
TXN0002770,2025-05-24,D009,R001,SERVICES,124010.06,124109.48,93774.5,105635.7,123,Completed,99.41999999999825,11861.199999999997
TXN0002771,2026-01-13,D002,R002,SUBSCRIPTION,207567.2,208378.53,88268.08,89214.71,110,Pending,811.3299999999872,946.6300000000047
TXN0002772,2024-06-15,D007,R004,HARDWARE,167101.26,191311.18,187865.71,216157.27,67,Completed,24209.919999999984,28291.559999999998
TXN0002773,2024-05-15,D010,R002,SUPPORT,87597.81,110563.35,63956.6,63107.88,85,Completed,22965.540000000008,-848.7200000000012
TXN0002774,2024-11-11,D007,R004,CONSULTING,106911.79,105336.99,90792.98,78821.81,111,Pending,-1574.7999999999884,-11971.169999999998
TXN0002775,2024-08-30,D001,R001,HARDWARE,248610.83,250101.35,137653.54,153802.01,83,Completed,1490.5200000000186,16148.470000000001
TXN0002776,2026-03-22,D008,R004,CONSULTING,134471.89,151370.96,75806.05,76072.94,155,Completed,16899.069999999978,266.8899999999994
TXN0002777,2025-09-08,D007,R004,SERVICES,120622.21,120162.21,86532.52,90971.68,67,Cancelled,-460.0,4439.159999999989
TXN0002778,2025-10-31,D003,R003,SUBSCRIPTION,162903.15,143432.47,113827.22,132474.57,156,Pending,-19470.679999999993,18647.350000000006
TXN0002779,2024-01-18,D002,R002,SOFTWARE,159175.82,144335.07,118282.06,95336.46,43,Cancelled,-14840.75,-22945.59999999999
TXN0002780,2024-07-11,D007,R004,SOFTWARE,210325.53,206732.67,129270.84,115615.77,18,Completed,-3592.859999999986,-13655.069999999992
TXN0002781,2025-08-19,D008,R004,SERVICES,133732.17,141506.19,96355.86,100610.68,98,Completed,7774.0199999999895,4254.819999999992
TXN0002782,2025-09-26,D010,R002,SERVICES,121968.28,132578.25,92309.48,92452.53,89,Completed,10609.970000000001,143.0500000000029
TXN0002783,2024-03-21,D001,R001,SOFTWARE,184478.5,180236.41,136980.42,153656.91,162,Completed,-4242.0899999999965,16676.48999999999
TXN0002784,2026-01-10,D004,R001,CONSULTING,137403.87,141253.03,63838.31,66466.16,32,Completed,3849.1600000000035,2627.850000000006
TXN0002785,2024-05-26,D010,R002,SUBSCRIPTION,160478.68,158442.33,102729.36,106908.17,161,Completed,-2036.3500000000058,4178.809999999998
TXN0002786,2026-11-20,D003,R006,SERVICES,104703.12,87676.99,78402.5,99934.76,29,Pending,-17026.12999999999,21532.259999999995
TXN0002787,2024-06-03,D010,R002,HARDWARE,230540.64,179381.58,147591.3,171242.1,105,Completed,-51159.06000000003,23650.800000000017
TXN0002788,2026-04-01,D003,R003,CONSULTING,121305.19,138303.59,53035.56,53091.03,135,Completed,16998.399999999994,55.470000000001164
TXN0002789,2026-06-05,D005,R002,CONSULTING,149819.37,180606.17,74106.02,76579.23,65,Completed,30786.800000000017,2473.209999999992
TXN0002790,2024-10-31,D006,R003,CONSULTING,101006.83,94865.57,75185.78,88958.2,44,Completed,-6141.259999999995,13772.419999999998
TXN0002791,2024-08-08,D002,R005,SERVICES,165270.81,154055.26,107927.83,112174.23,119,Completed,-11215.549999999988,4246.399999999994
TXN0002792,2025-12-11,D003,R003,HARDWARE,201111.76,213239.4,160934.85,203859.42,86,Cancelled,12127.639999999985,42924.57000000001
TXN0002793,2026-04-19,D004,R001,CONSULTING,73662.6,84196.35,92964.0,59652.46,36,Cancelled,10533.75,-33311.54
TXN0002794,2025-05-03,D010,R002,SUPPORT,75566.04,82282.14,60779.89,60572.54,126,Completed,6716.100000000006,-207.34999999999854
TXN0002795,2025-07-12,D006,R003,SERVICES,131137.81,130826.5,111483.34,118292.04,21,Completed,-311.3099999999977,6808.699999999997
TXN0002796,2026-08-03,D001,R001,HARDWARE,189818.52,148753.38,91426.47,93940.64,52,Pending,-41065.139999999985,2514.1699999999983
TXN0002797,2025-10-24,D008,R004,CONSULTING,121992.29,113205.18,75889.55,67728.37,120,Completed,-8787.11,-8161.180000000008
TXN0002798,2026-05-14,D006,R003,SUPPORT,43728.34,42809.22,52452.49,57617.72,173,Completed,-919.1199999999953,5165.230000000003
TXN0002799,2024-01-16,D010,R002,SERVICES,56640.92,56600.76,82941.46,72841.99,47,Completed,-40.15999999999622,-10099.470000000001
TXN0002800,2024-10-30,D007,R004,HARDWARE,296223.6,298195.62,151635.57,141473.66,15,Completed,1972.0200000000186,-10161.910000000003
TXN0002801,2025-07-23,D004,R001,CONSULTING,73262.25,85756.59,97900.71,104540.0,56,Completed,12494.339999999997,6639.289999999994
TXN0002802,2026-08-01,D007,R005,SUPPORT,91264.86,117206.39,57384.11,49159.11,92,Cancelled,25941.53,-8225.0
TXN0002803,2026-09-15,D006,R003,SOFTWARE,178489.36,154526.3,114815.26,125320.53,133,Completed,-23963.059999999998,10505.270000000004
TXN0002804,2026-10-31,D004,R001,SUPPORT,85026.7,81989.75,60145.58,58453.03,75,Cancelled,-3036.949999999997,-1692.550000000003
TXN0002805,2025-06-02,D007,R004,SUBSCRIPTION,140843.96,163119.5,108632.64,147878.61,116,Completed,22275.540000000008,39245.96999999999
TXN0002806,2025-08-17,D008,R004,SUBSCRIPTION,171646.95,173122.37,55259.27,55233.37,142,Pending,1475.4199999999837,-25.89999999999418
TXN0002807,2026-04-14,D001,R001,SOFTWARE,249423.84,251184.94,135336.92,122895.51,155,Completed,1761.1000000000058,-12441.410000000018
TXN0002808,2026-07-08,D008,R004,CONSULTING,125655.92,131828.2,63537.28,57213.43,160,Cancelled,6172.280000000013,-6323.8499999999985
TXN0002809,2025-01-04,D004,R001,SUBSCRIPTION,137725.65,174557.36,99336.57,96058.06,120,Completed,36831.70999999999,-3278.5100000000093
TXN0002810,2025-04-14,D005,R002,SOFTWARE,205972.01,216935.81,96881.08,80591.64,176,Cancelled,10963.799999999988,-16289.440000000002
TXN0002811,2026-12-22,D005,R002,SOFTWARE,170066.38,178289.18,120328.59,115600.59,63,Completed,8222.799999999988,-4728.0
TXN0002812,2025-04-05,D004,R001,CONSULTING,68520.0,97760.12,75529.99,78151.13,106,Completed,29240.119999999995,2621.1399999999994
TXN0002813,2026-03-05,D007,R005,HARDWARE,186090.99,233394.7,117927.51,128340.24,9,Cancelled,47303.71000000002,10412.73000000001
TXN0002814,2024-04-14,D005,R002,SUPPORT,97539.22,88792.1,55380.44,49253.52,132,Cancelled,-8747.119999999995,-6126.9200000000055
TXN0002815,2025-11-08,D004,R001,SUBSCRIPTION,160758.63,184165.97,92714.1,106796.42,34,Completed,23407.339999999997,14082.319999999992
TXN0002816,2024-12-28,D007,R004,HARDWARE,164389.07,142368.36,131457.68,134210.5,144,Completed,-22020.71000000002,2752.820000000007
TXN0002817,2025-04-11,D001,R001,SOFTWARE,187008.3,177420.83,112051.56,149630.5,170,Completed,-9587.470000000001,37578.94
TXN0002818,2025-12-06,D008,R005,SUPPORT,101243.33,105582.28,36467.15,38811.13,48,Completed,4338.949999999997,2343.979999999996
TXN0002819,2025-02-21,D005,R002,CONSULTING,104956.29,94785.53,52307.72,43115.69,46,Completed,-10170.759999999995,-9192.029999999999
TXN0002820,2025-09-25,D002,R002,HARDWARE,190956.36,237646.15,144744.65,169608.79,143,Cancelled,46689.79000000001,24864.140000000014
TXN0002821,2024-07-01,D002,R005,SOFTWARE,202085.81,266774.73,151894.82,175748.7,66,Completed,64688.919999999984,23853.880000000005
TXN0002822,2026-07-13,D005,R002,SOFTWARE,159903.44,136763.68,115169.95,126293.82,91,Completed,-23139.76000000001,11123.87000000001
TXN0002823,2026-10-08,D009,R001,SUBSCRIPTION,152961.28,139842.55,98004.36,83235.67,135,Completed,-13118.73000000001,-14768.690000000002
TXN0002824,2024-06-19,D008,R004,HARDWARE,266486.48,298111.58,121381.53,140012.76,96,Completed,31625.100000000035,18631.23000000001
TXN0002825,2025-05-27,D006,R003,SERVICES,117077.27,89626.18,103918.18,117282.65,9,Cancelled,-27451.09000000001,13364.470000000001
TXN0002826,2024-10-25,D002,R002,SERVICES,109149.53,116484.14,66535.3,74283.23,92,Completed,7334.610000000001,7747.929999999993
TXN0002827,2025-01-02,D009,R001,SUBSCRIPTION,186139.22,167123.23,78131.2,95606.0,127,Completed,-19015.98999999999,17474.800000000003
TXN0002828,2026-04-06,D001,R001,CONSULTING,144436.12,155988.0,83265.27,70691.62,31,Cancelled,11551.880000000005,-12573.650000000009
TXN0002829,2026-09-17,D007,R004,SERVICES,174548.26,144658.32,52333.52,41306.32,155,Completed,-29889.940000000002,-11027.199999999997
TXN0002830,2026-07-26,D004,R001,CONSULTING,139069.01,149578.39,76368.25,81138.91,104,Completed,10509.380000000005,4770.6600000000035
TXN0002831,2024-03-15,D006,R003,SOFTWARE,182136.17,186571.55,63270.56,56952.64,120,Completed,4435.379999999976,-6317.919999999998
TXN0002832,2026-01-02,D001,R001,SOFTWARE,151084.14,167274.3,126498.35,130362.67,171,Completed,16190.159999999974,3864.3199999999924
TXN0002833,2025-07-10,D007,R004,SOFTWARE,214860.27,246214.6,112565.35,125666.14,123,Completed,31354.330000000016,13100.789999999994
TXN0002834,2026-02-12,D003,R003,SUBSCRIPTION,157634.46,185996.89,104209.37,101049.01,148,Completed,28362.430000000022,-3160.3600000000006
TXN0002835,2025-11-28,D010,R002,CONSULTING,152493.62404958677,151295.9,71676.55,94499.26,35,Cancelled,-1197.7240495867736,22822.709999999992
TXN0002836,2025-11-10,D001,R001,SUPPORT,89742.97,102886.68,47187.35,53817.18,67,Completed,13143.709999999992,6629.830000000002
TXN0002837,2024-03-20,D009,R001,HARDWARE,170171.46,191877.02,139951.32,116041.05,32,Completed,21705.559999999998,-23910.270000000004
TXN0002838,2025-12-06,D005,R002,SERVICES,183150.15,228972.08,83251.71,75837.87,102,Completed,45821.92999999999,-7413.840000000011
TXN0002839,2024-01-06,D005,R002,CONSULTING,114954.77,109378.38,75006.08,72635.6,140,Completed,-5576.389999999999,-2370.479999999996
TXN0002840,2025-06-09,D002,R002,SUPPORT,66726.24,71019.62,59849.33,56020.39,109,Completed,4293.37999999999,-3828.9400000000023
TXN0002841,2025-01-13,D001,R001,HARDWARE,128268.78,115333.28,159450.39,113541.88,28,Completed,-12935.5,-45908.51000000001
TXN0002842,2026-12-01,D009,R001,SOFTWARE,169810.19,169369.94,114077.39,113753.29,34,Completed,-440.25,-324.1000000000058
TXN0002843,2024-10-09,D005,R002,HARDWARE,245427.99,251434.1,127376.08,121309.91,51,Cancelled,6006.110000000015,-6066.169999999998
TXN0002844,2025-04-19,D004,R001,SOFTWARE,208748.81,158234.59,110611.45,134890.22,17,Completed,-50514.22,24278.770000000004
TXN0002845,2024-12-06,D005,R002,SUBSCRIPTION,144735.69,178997.11,84200.3,82434.06,145,Cancelled,34261.419999999984,-1766.2400000000052
TXN0002846,2025-01-09,D009,R001,SUBSCRIPTION,183787.42,217334.89,100699.34,93710.29,30,Pending,33547.47,-6989.050000000003
TXN0002847,2024-09-07,D001,R001,CONSULTING,164369.75,173994.45,57045.45,49262.9,173,Completed,9624.700000000012,-7782.549999999996
TXN0002848,2024-05-20,D005,R002,SERVICES,139195.27,125723.13,104476.27,107047.44,29,Cancelled,-13472.139999999985,2571.1699999999983
TXN0002849,2024-03-28,D001,R001,CONSULTING,126594.46,116722.29,99476.8,111804.54,125,Completed,-9872.170000000013,12327.73999999999
TXN0002850,2024-11-21,D007,R004,HARDWARE,193530.05,199657.87,248914.75,295355.56,156,Cancelled,6127.820000000007,46440.81
TXN0002851,2025-01-14,D004,R001,SERVICES,167705.27,161490.17,110590.05,112706.67,171,Cancelled,-6215.099999999977,2116.6199999999953
TXN0002852,2026-08-21,D002,R002,SOFTWARE,149416.32,167747.79,115692.76,142166.11,60,Completed,18331.47,26473.34999999999
TXN0002853,2026-09-11,D003,R003,SUPPORT,120855.81,126484.62,54943.14,53270.02,66,Pending,5628.809999999998,-1673.1200000000026
TXN0002854,2025-01-19,D001,R001,HARDWARE,211368.45,224605.11,130044.77,172095.57,131,Cancelled,13236.659999999974,42050.8
TXN0002855,2026-06-03,D004,R005,SUBSCRIPTION,125079.37,138711.55,95923.59,80004.92,54,Cancelled,13632.179999999993,-15918.669999999998
TXN0002856,2026-04-22,D005,R002,CONSULTING,118670.89,132869.58,74558.62,71379.03,153,Completed,14198.689999999988,-3179.5899999999965
TXN0002857,2026-10-05,D005,R002,SOFTWARE,156998.62,194773.49,129220.18,113384.55,70,Cancelled,37774.869999999995,-15835.62999999999
TXN0002858,2025-01-26,D008,R005,CONSULTING,150021.37,197163.31,96323.67,94346.12,69,Completed,47141.94,-1977.550000000003
TXN0002859,2024-02-09,D010,R002,SUPPORT,100402.15,100436.18,43671.07,36642.85,176,Completed,34.029999999998836,-7028.220000000001
TXN0002860,2025-05-26,D003,R003,SERVICES,119147.59,132382.29,70802.67,94325.76,16,Completed,13234.700000000012,23523.089999999997
TXN0002861,2025-07-20,D007,R004,SERVICES,105214.18,111864.69,74021.02,84615.26,33,Cancelled,6650.510000000009,10594.23999999999
TXN0002862,2024-08-14,D001,R001,SUPPORT,74323.97,81987.58,52331.31,95606.0,8,Pending,7663.610000000001,43274.69
TXN0002863,2024-10-22,D002,R002,CONSULTING,129520.83,140998.0,82221.12,106834.65,42,Completed,11477.169999999998,24613.53
TXN0002864,2026-02-14,D006,R003,CONSULTING,111801.15,119172.64,68115.28,47369.62,173,Cancelled,7371.490000000005,-20745.659999999996
TXN0002865,2024-10-25,D005,R002,SERVICES,174829.88,169439.88,101157.64,116610.19,57,Pending,-5390.0,15452.550000000003
TXN0002866,2025-12-05,D006,R003,SUPPORT,87564.36,86109.71,49642.36,45199.64,130,Pending,-1454.6499999999942,-4442.720000000001
TXN0002867,2024-07-01,D005,R002,HARDWARE,246338.2,254716.79,170538.56,142995.53,115,Pending,8378.589999999997,-27543.03
TXN0002868,2026-07-28,D003,R005,SUPPORT,83056.64,90016.01,64404.6,62249.51,139,Completed,6959.369999999995,-2155.0899999999965
TXN0002869,2024-10-15,D004,R001,HARDWARE,265937.92,284177.61,155333.21,152335.56,77,Completed,18239.690000000002,-2997.649999999994
TXN0002870,2026-08-27,D003,R003,SOFTWARE,152280.74,171468.63,130759.87,154043.9,140,Completed,19187.890000000014,23284.03
TXN0002871,2025-04-04,D010,R002,HARDWARE,256107.82,315348.49,129484.34,152278.96,120,Completed,59240.669999999984,22794.619999999995
TXN0002872,2025-06-07,D005,R002,CONSULTING,89599.69,101075.43,77848.51,79657.65,46,Pending,11475.73999999999,1809.1399999999994
TXN0002873,2024-05-02,D004,R001,SERVICES,127041.92,128677.32,98599.88,112875.73,65,Pending,1635.4000000000087,14275.849999999991
TXN0002874,2026-09-11,D007,R004,SUBSCRIPTION,161917.76,150991.51,90889.75,122232.91,169,Completed,-10926.25,31343.160000000003
TXN0002875,2026-05-12,D002,R002,HARDWARE,140683.24,134578.71,135330.43,160729.73,70,Completed,-6104.529999999999,25399.300000000017
TXN0002876,2025-09-27,D005,R002,SUBSCRIPTION,135487.89,155988.0,72399.95,51469.44,92,Completed,20500.109999999986,-20930.509999999995
TXN0002877,2025-09-05,D002,R002,SOFTWARE,139704.99,126431.0,121210.36,141461.65,77,Completed,-13273.98999999999,20251.289999999994
TXN0002878,2026-12-21,D004,R001,SUPPORT,109283.85,128841.94,52511.42,60474.61,51,Pending,19558.089999999997,7963.190000000002
TXN0002879,2026-09-05,D009,R005,HARDWARE,183871.91,190644.85,134270.02,145651.29,150,Completed,6772.940000000002,11381.270000000019
TXN0002880,2024-10-08,D001,R001,SERVICES,131732.98,132685.68,86502.38,88881.08,83,Pending,952.6999999999825,2378.699999999997
TXN0002881,2025-12-02,D005,R002,HARDWARE,269746.37,275937.11,148291.57,151093.32,165,Pending,6190.739999999991,2801.75
TXN0002882,2024-07-15,D010,R002,HARDWARE,220707.07,213528.86,202427.28,227137.04,102,Pending,-7178.210000000021,24709.76000000001
TXN0002883,2025-10-27,D007,R002,SERVICES,148452.62,160904.95,78352.63,78261.68,16,Completed,12452.330000000016,-90.95000000001164
TXN0002884,2026-12-26,D006,R003,SERVICES,123060.08,144176.88,102077.21,100211.51,90,Pending,21116.800000000003,-1865.7000000000116
TXN0002885,2024-03-02,D004,R001,SUBSCRIPTION,139758.41,155053.47,88642.89,92128.89,24,Completed,15295.059999999998,3486.0
TXN0002886,2026-04-21,D010,R002,SERVICES,141129.54,144903.75,94012.43,86971.15,16,Completed,3774.209999999992,-7041.279999999999
TXN0002887,2024-05-28,D008,R004,SUPPORT,110816.67,112181.52,53627.85,51383.35,31,Cancelled,1364.8500000000058,-2244.5
TXN0002888,2025-03-15,D008,R004,SERVICES,140504.75,100031.15,95065.07,89977.77,60,Completed,-40473.600000000006,-5087.300000000003
TXN0002889,2026-04-17,D002,R005,SUBSCRIPTION,151389.26,158371.84,110373.7,116792.91,35,Completed,6982.579999999987,6419.210000000006
TXN0002890,2024-10-07,D010,R002,SERVICES,163284.36,167811.95,77513.36,71242.9,92,Completed,4527.590000000026,-6270.460000000006
TXN0002891,2025-08-05,D010,R002,HARDWARE,167791.31,220660.73,158941.2,164446.85,16,Pending,52869.42000000001,5505.649999999994
TXN0002892,2024-01-14,D005,R002,SUPPORT,88858.33,74269.57,50499.35,51854.63,130,Completed,-14588.759999999995,1355.2799999999988
TXN0002893,2024-06-30,D007,R004,SOFTWARE,153541.74,184297.53,132550.35,131225.91,133,Cancelled,30755.790000000008,-1324.4400000000023
TXN0002894,2024-01-01,D004,R001,HARDWARE,225707.01,245716.87,163321.79,154786.97,114,Completed,20009.859999999986,-8534.820000000007
TXN0002895,2024-02-12,D006,R003,SUBSCRIPTION,160888.44,168476.18,125667.78,125699.25,11,Completed,7587.739999999991,31.470000000001164
TXN0002896,2024-12-18,D010,R006,SERVICES,171935.3,182622.55,79747.18,86403.16,45,Completed,10687.25,6655.9800000000105
TXN0002897,2025-04-03,D001,R001,SERVICES,125120.89,101609.75,85261.93,64098.17,55,Completed,-23511.14,-21163.759999999995
TXN0002898,2026-09-07,D005,R002,SUPPORT,109515.75,119135.37,54035.04,55601.53,62,Cancelled,9619.619999999995,1566.489999999998
TXN0002899,2025-05-09,D003,R005,HARDWARE,195771.58,201727.75,126152.75,126189.96,180,Pending,5956.170000000013,37.2100000000064
TXN0002900,2026-08-28,D003,R003,SERVICES,160753.36,192334.74,85234.19,114685.39,101,Completed,31581.380000000005,29451.199999999997
TXN0002901,2024-12-24,D003,R003,SUBSCRIPTION,201329.88,178487.35,111035.79,109074.92,180,Pending,-22842.53,-1960.8699999999953
TXN0002902,2025-09-03,D002,R002,SERVICES,112691.62,115450.83,85936.0,74589.86,23,Completed,2759.2100000000064,-11346.14
TXN0002903,2024-06-12,D007,R004,SERVICES,111729.91,119249.47,84276.02,73243.18,73,Cancelled,7519.559999999998,-11032.840000000011
TXN0002904,2025-06-11,D009,R001,SUBSCRIPTION,211003.58,193786.94,110615.56,112555.23,120,Completed,-17216.639999999985,1939.6699999999983
TXN0002905,2025-03-17,D010,R002,SUBSCRIPTION,145882.5,141555.77,103076.5,121103.56,119,Pending,-4326.7300000000105,18027.059999999998
TXN0002906,2025-07-25,D003,R003,CONSULTING,128416.57,134360.66,67657.49,87740.36,85,Completed,5944.0899999999965,20082.869999999995
TXN0002907,2024-11-02,D010,R002,SUPPORT,64649.36,64563.42,61737.66,58871.45,55,Pending,-85.94000000000233,-2866.2100000000064
TXN0002908,2026-10-08,D005,R002,SUBSCRIPTION,208638.08,216929.5,81569.59,68975.2,28,Cancelled,8291.420000000013,-12594.39
TXN0002909,2024-04-20,D002,R002,SERVICES,152839.43,155988.0,70849.64,80260.52,63,Cancelled,3148.570000000007,9410.880000000005
TXN0002910,2024-03-10,D002,R002,CONSULTING,138038.72,181556.25,72787.22,69033.31,18,Cancelled,43517.53,-3753.9100000000035
TXN0002911,2024-09-15,D003,R003,SERVICES,149226.89,171573.53,78108.82,71236.69,66,Completed,22346.639999999985,-6872.130000000005
TXN0002912,2024-05-31,D009,R001,SUBSCRIPTION,174028.09,185731.29,68282.36,63850.99,66,Cancelled,11703.200000000012,-4431.370000000003
TXN0002913,2024-10-07,D009,R001,SUBSCRIPTION,154003.19,107336.41,82276.62,95259.77,71,Completed,-46666.78,12983.150000000009
TXN0002914,2024-03-31,D006,R003,SERVICES,175299.59,197094.75,91201.17,75025.82,114,Pending,21795.160000000003,-16175.349999999991
TXN0002915,2024-02-07,D004,R001,SERVICES,141980.05,151292.36,77149.79,85762.08,137,Completed,9312.309999999998,8612.290000000008
TXN0002916,2024-06-13,D010,R002,CONSULTING,157175.68,160943.19,78444.74,86245.32,87,Pending,3767.5100000000093,7800.580000000002
TXN0002917,2024-02-03,D003,R003,HARDWARE,164207.41,174350.39,120705.32,105251.29,13,Completed,10142.98000000001,-15454.030000000013
TXN0002918,2024-02-19,D001,R001,SUPPORT,92369.01,112776.49,60203.35,63166.52,12,Completed,20407.48000000001,2963.1699999999983
TXN0002919,2024-06-15,D006,R003,SUPPORT,81558.36,85156.13,60399.12,58918.05,26,Completed,3597.770000000004,-1481.0699999999997
TXN0002920,2026-06-18,D008,R004,SOFTWARE,140854.56,170108.28,83779.47,88456.31,142,Completed,29253.72,4676.8399999999965
TXN0002921,2024-02-22,D001,R001,SUPPORT,122544.33,99987.51,54077.58,41939.91,43,Completed,-22556.820000000007,-12137.669999999998
TXN0002922,2026-10-29,D006,R003,SOFTWARE,165505.44,223107.49,124995.46,127592.21,170,Completed,57602.04999999999,2596.75
TXN0002923,2024-10-29,D005,R002,SOFTWARE,194976.98,196757.46,128425.07,138196.62,158,Cancelled,1780.4799999999814,9771.549999999988
TXN0002924,2026-05-12,D009,R001,CONSULTING,103682.98,97905.5,72909.48,86969.08,24,Completed,-5777.479999999996,14059.600000000006
TXN0002925,2026-10-23,D003,R003,HARDWARE,260669.37,273192.49,144913.03,151676.24,164,Completed,12523.119999999995,6763.209999999992
TXN0002926,2026-04-11,D006,R003,SOFTWARE,198344.15,225959.75,127017.15,128980.57,116,Pending,27615.600000000006,1963.4200000000128
TXN0002927,2025-06-19,D001,R005,SOFTWARE,177900.18,195934.15,113611.25,94096.33,67,Pending,18033.97,-19514.92
TXN0002928,2026-10-01,D006,R003,SOFTWARE,194495.32,170434.49,102848.12,106342.91,137,Completed,-24060.830000000016,3494.790000000008
TXN0002929,2024-08-09,D009,R001,CONSULTING,97159.54,102781.82,69521.23,76491.12,65,Pending,5622.280000000013,6969.889999999999
TXN0002930,2025-11-04,D003,R003,SUBSCRIPTION,140342.85,144367.38,82558.55,82992.75,87,Completed,4024.529999999999,434.1999999999971
TXN0002931,2026-07-02,D001,R001,SERVICES,137263.62,144536.06,99031.65,94554.33,15,Cancelled,7272.440000000002,-4477.319999999992
TXN0002932,2026-12-04,D001,R001,SOFTWARE,128153.87,140891.1,122434.77,106338.57,58,Completed,12737.23000000001,-16096.199999999997
TXN0002933,2026-07-31,D007,R004,SUBSCRIPTION,145986.46,151769.94,88551.46,81872.17,163,Completed,5783.4800000000105,-6679.290000000008
TXN0002934,2026-12-12,D001,R001,SUPPORT,92939.64,93567.36,39406.16,41393.33,52,Completed,627.7200000000012,1987.1699999999983
TXN0002935,2026-03-13,D002,R005,SOFTWARE,192945.32,215049.99,107363.33,146167.98,69,Cancelled,22104.669999999984,38804.65000000001
TXN0002936,2024-11-01,D002,R002,SUBSCRIPTION,186750.92,236828.99,72052.86,78434.16,71,Completed,50078.06999999998,6381.300000000003
TXN0002937,2026-10-17,D007,R003,CONSULTING,143714.0,150932.49,73683.69,100345.64,68,Cancelled,7218.489999999991,26661.949999999997
TXN0002938,2026-12-18,D004,R001,SERVICES,163507.54,167416.81,85984.1,74899.05,170,Completed,3909.2699999999895,-11085.050000000003
TXN0002939,2024-05-14,D007,R004,SERVICES,146347.11,119174.77,79332.99,82479.1,41,Pending,-27172.339999999982,3146.1100000000006
TXN0002940,2024-12-15,D010,R002,SUPPORT,82768.34,103040.69,63497.05,63896.37,138,Cancelled,20272.350000000006,399.3199999999997
TXN0002941,2024-12-02,D005,R002,SERVICES,140041.73,164874.93,89787.54,89449.51,67,Pending,24833.199999999983,-338.02999999999884
TXN0002942,2026-12-18,D003,R003,SUPPORT,96756.7,93775.4,92964.0,25130.71,115,Completed,-2981.300000000003,-67833.29000000001
TXN0002943,2024-06-17,D002,R002,HARDWARE,230754.66,256933.5,168415.64,215605.0,123,Completed,26178.839999999997,47189.359999999986
TXN0002944,2026-09-03,D007,R004,SUPPORT,78153.57,93536.52,33691.86,33460.77,45,Completed,15382.949999999997,-231.09000000000378
TXN0002945,2025-01-17,D006,R003,SOFTWARE,139444.98,149894.68,110380.26,131961.35,108,Completed,10449.699999999983,21581.09000000001
TXN0002946,2025-01-17,D006,R003,SUPPORT,78025.99,73463.57,53064.26,59551.32,80,Completed,-4562.419999999998,6487.059999999998
TXN0002947,2026-11-02,D001,R001,CONSULTING,103890.95,91099.94,80343.1,71525.87,83,Pending,-12791.009999999995,-8817.23000000001
TXN0002948,2026-12-22,D005,R002,SUBSCRIPTION,138801.32,150443.05,59423.35,74827.6,134,Completed,11641.729999999981,15404.250000000007
TXN0002949,2025-09-05,D004,R001,HARDWARE,189130.04,192866.39,154314.03,175595.93,147,Cancelled,3736.350000000006,21281.899999999994
TXN0002950,2025-10-11,D009,R001,HARDWARE,158872.23,166803.45,167444.36,196023.94,39,Pending,7931.220000000001,28579.580000000016
TXN0002951,2025-11-27,D010,R002,SOFTWARE,208957.88,199538.46,138514.79,159976.91,14,Completed,-9419.420000000013,21462.119999999995
TXN0002952,2025-04-05,D001,R001,HARDWARE,230160.46,248649.15,161449.49,175463.05,57,Completed,18488.690000000002,14013.559999999998
TXN0002953,2025-01-02,D004,R001,HARDWARE,236605.94,223782.82,92964.0,123008.56,139,Completed,-12823.119999999995,30044.559999999998
TXN0002954,2024-07-09,D010,R002,SUPPORT,90563.26,96350.15,64843.16,65809.77,106,Completed,5786.889999999999,966.6100000000006
TXN0002955,2024-12-07,D003,R003,SOFTWARE,166011.26,169451.52,86552.5,91319.9,158,Pending,3440.25999999998,4767.399999999994
TXN0002956,2024-08-04,D009,R001,SOFTWARE,161695.57,166509.22,121072.78,112279.58,160,Completed,4813.649999999994,-8793.199999999997
TXN0002957,2025-09-02,D004,R001,SUPPORT,86697.09,87970.33,61300.07,61650.87,131,Completed,1273.2400000000052,350.8000000000029
TXN0002958,2025-07-04,D003,R003,HARDWARE,203656.32,203938.93,105032.84,142850.81,15,Pending,282.60999999998603,37817.97
TXN0002959,2026-10-31,D001,R001,SOFTWARE,204690.87,166489.91,143813.78,152833.39,132,Completed,-38200.95999999999,9019.610000000015
TXN0002960,2026-04-13,D007,R004,SUBSCRIPTION,189256.67,216107.83,68874.71,75670.09,146,Cancelled,26851.159999999974,6795.37999999999
TXN0002961,2024-02-24,D001,R005,SERVICES,152426.56,135697.78,97999.7,109961.29,12,Cancelled,-16728.78,11961.589999999997
TXN0002962,2024-08-17,D002,R002,CONSULTING,125456.12,153197.71,57368.18,51708.26,145,Completed,27741.589999999997,-5659.919999999998
TXN0002963,2025-05-15,D010,R002,SOFTWARE,200257.4,217720.37,130494.77,95606.0,101,Completed,17462.97,-34888.770000000004
TXN0002964,2025-06-24,D008,R004,CONSULTING,150119.69,150853.43,87719.05,86967.75,77,Cancelled,733.7399999999907,-751.3000000000029
TXN0002965,2024-07-01,D002,R002,CONSULTING,108032.47,135901.51,92964.0,71483.7,163,Completed,27869.040000000008,-21480.300000000003
TXN0002966,2024-01-10,D007,R004,HARDWARE,266925.38,274102.71,187161.61,194148.09,19,Completed,7177.330000000016,6986.4800000000105
TXN0002967,2026-12-13,D005,R002,SOFTWARE,186801.6,218683.13,98869.07,118210.03,168,Cancelled,31881.53,19340.959999999992
TXN0002968,2025-07-04,D005,R002,HARDWARE,184178.19,229626.4,166641.63,141187.2,64,Pending,45448.20999999999,-25454.429999999993
TXN0002969,2024-12-10,D009,R001,SOFTWARE,197240.56,199473.67,131399.37,171419.47,109,Completed,2233.110000000015,40020.100000000006
TXN0002970,2025-03-17,D003,R003,SERVICES,111626.04,128433.4,68100.37,62227.07,160,Cancelled,16807.36,-5873.299999999996
TXN0002971,2026-07-13,D009,R001,SERVICES,134569.99,143096.18,92656.52,98761.84,75,Completed,8526.190000000002,6105.319999999992
TXN0002972,2025-06-06,D006,R003,SOFTWARE,191405.18,184266.79,106239.28,100244.23,14,Completed,-7138.389999999985,-5995.050000000003
TXN0002973,2024-03-28,D003,R003,CONSULTING,133883.45,154900.6,69601.83,65146.82,98,Completed,21017.149999999994,-4455.010000000002
TXN0002974,2026-05-27,D006,R003,CONSULTING,123024.31,124526.72,101282.55,72465.66,116,Completed,1502.4100000000035,-28816.89
TXN0002975,2024-09-20,D009,R001,SOFTWARE,162526.26,161753.36,126482.52,130778.93,114,Completed,-772.9000000000233,4296.409999999989
TXN0002976,2026-01-12,D001,R001,SOFTWARE,187317.28,231146.51,86212.76,83228.39,57,Completed,43829.23000000001,-2984.3699999999953
TXN0002977,2024-06-30,D007,R004,SUBSCRIPTION,142111.32,158791.98,76421.33,76822.24,11,Pending,16680.660000000003,400.9100000000035
TXN0002978,2025-10-18,D003,R003,SOFTWARE,130586.58,160817.49,112343.73,121566.71,59,Completed,30230.90999999999,9222.98000000001
TXN0002979,2025-11-28,D003,R003,HARDWARE,254043.92,246880.97,119558.3,133954.61,96,Completed,-7162.950000000012,14396.309999999983
TXN0002980,2026-12-06,D007,R004,SERVICES,103570.62,122690.53,85549.83,89578.57,151,Completed,19119.910000000003,4028.7400000000052
TXN0002981,2026-05-19,D008,R004,CONSULTING,133242.37,125801.08,82331.44,95289.44,148,Completed,-7441.289999999994,12958.0
TXN0002982,2025-06-24,D010,R002,SUBSCRIPTION,119028.16,126569.51,125336.72,133585.62,79,Completed,7541.349999999991,8248.899999999994
TXN0002983,2024-11-01,D002,R002,SUBSCRIPTION,146767.11,141706.56,102714.12,95420.13,140,Pending,-5060.549999999988,-7293.989999999991
TXN0002984,2026-03-09,D004,R001,SERVICES,177243.75,193206.13,109693.21,102162.11,175,Cancelled,15962.380000000005,-7531.100000000006
TXN0002985,2025-10-03,D009,R001,SOFTWARE,167355.33,142616.94,99789.12,82407.8,64,Completed,-24738.389999999985,-17381.319999999992
TXN0002986,2024-07-28,D010,R002,SOFTWARE,176796.53,206724.06,97927.55,111662.8,175,Completed,29927.53,13735.25
TXN0002987,2024-07-04,D008,R004,SOFTWARE,162658.04,222861.8,106245.98,120348.52,134,Completed,60203.75999999998,14102.540000000008
TXN0002988,2025-08-15,D010,R002,SOFTWARE,146271.43,150636.49,120268.43,116312.15,78,Cancelled,4365.059999999998,-3956.279999999999
TXN0002989,2026-07-16,D003,R003,SUPPORT,83878.51,84872.06,56406.55,63818.88,70,Cancelled,993.5500000000029,7412.3299999999945
TXN0002990,2026-11-05,D003,R003,SUBSCRIPTION,163707.39,184305.75,72211.19,52736.83,164,Cancelled,20598.359999999986,-19474.36
TXN0002991,2025-08-30,D007,R004,SUPPORT,111559.02,106361.64,52013.84,53552.38,146,Cancelled,-5197.380000000005,1538.5400000000009
TXN0002992,2026-07-23,D010,R002,SUPPORT,113296.07,134283.62,55606.1,62604.53,27,Cancelled,20987.54999999999,6998.43
TXN0002993,2026-02-25,D005,R002,HARDWARE,247256.09,333940.59,125723.52,85878.67,168,Cancelled,86684.50000000003,-39844.850000000006
TXN0002994,2024-07-29,D004,R001,SUBSCRIPTION,134587.19,173726.41,97915.25,98885.6,80,Completed,39139.22,970.3500000000058
TXN0002995,2025-02-02,D009,R001,SUBSCRIPTION,206464.74,209130.49,102867.01,119007.59,49,Completed,2665.75,16140.580000000002
TXN0002996,2025-08-25,D002,R002,SERVICES,168425.67,164917.72,100779.37,107708.7,41,Pending,-3507.9500000000116,6929.330000000002
TXN0002997,2026-04-15,D007,R004,SOFTWARE,160286.64,159311.11,117155.14,113840.37,164,Completed,-975.5300000000279,-3314.770000000004
TXN0002998,2024-08-29,D009,R001,CONSULTING,130500.23,166899.45,88632.29,92966.06,122,Pending,36399.220000000016,4333.770000000004
TXN0002999,2025-03-18,D001,R001,SERVICES,142154.03,143524.77,82428.81,79933.22,84,Cancelled,1370.7399999999907,-2495.5899999999965
TXN0003000,2025-10-29,D004,R001,SERVICES,136073.61,134355.35,80602.39,70947.59,176,Cancelled,-1718.2599999999802,-9654.800000000003
TXN0003001,2024-10-10,D006,R003,SUBSCRIPTION,171329.3,187952.89,87400.08,81584.74,173,Cancelled,16623.590000000026,-5815.3399999999965
TXN0003002,2024-07-01,D001,R001,HARDWARE,199462.45,225485.91,156994.41,181927.2,93,Pending,26023.459999999992,24932.790000000008
TXN0003003,2026-08-06,D002,R002,SUPPORT,90993.77,104562.91,52253.24,54831.7,92,Completed,13569.14,2578.459999999999
TXN0003004,2026-11-04,D009,R001,SERVICES,166917.66,162434.29,98074.5,64642.46,156,Completed,-4483.369999999995,-33432.04
TXN0003005,2025-06-28,D009,R001,CONSULTING,145365.18,159342.7,83315.21,70796.74,28,Cancelled,13977.520000000019,-12518.470000000001
TXN0003006,2026-04-13,D007,R004,HARDWARE,152493.62404958677,209098.46,165215.41,213954.77,166,Completed,56604.835950413224,48739.359999999986
TXN0003007,2024-07-20,D004,R006,CONSULTING,131771.79,135779.99,66319.04,60317.71,177,Completed,4008.1999999999825,-6001.3299999999945
TXN0003008,2025-11-20,D004,R001,HARDWARE,185888.06,189685.07,160130.29,105954.83,35,Completed,3797.0100000000093,-54175.46000000001
TXN0003009,2024-01-11,D004,R001,CONSULTING,116739.27,87332.08,89655.31,87857.42,66,Cancelled,-29407.190000000002,-1797.8899999999994
TXN0003010,2024-03-24,D005,R002,HARDWARE,203498.46,234980.54,135957.52,91692.48,12,Completed,31482.080000000016,-44265.03999999999
TXN0003011,2024-01-14,D008,R004,SOFTWARE,168721.32,171676.97,106205.98,104123.71,175,Cancelled,2955.649999999994,-2082.2699999999895
TXN0003012,2024-08-05,D007,R004,CONSULTING,118052.86,158991.91,64917.04,72107.14,19,Completed,40939.05,7190.0999999999985
TXN0003013,2024-06-15,D007,R004,SOFTWARE,188151.61,230968.21,101413.5,106455.07,176,Completed,42816.600000000006,5041.570000000007
TXN0003014,2024-08-04,D010,R002,SOFTWARE,218579.61,247615.98,141002.43,106515.42,21,Pending,29036.370000000024,-34487.009999999995
TXN0003015,2025-08-23,D009,R006,SOFTWARE,159999.98,155031.61,99105.89,105532.11,166,Cancelled,-4968.370000000024,6426.220000000001
TXN0003016,2024-04-21,D002,R002,HARDWARE,240501.74,252760.56,139043.78,133879.48,121,Pending,12258.820000000007,-5164.299999999988
TXN0003017,2025-05-02,D003,R003,SUBSCRIPTION,157692.05,153736.65,92779.52,84688.99,154,Pending,-3955.399999999994,-8090.529999999999
TXN0003018,2026-01-24,D007,R004,SOFTWARE,151294.81,161097.89,79098.49,77587.83,61,Completed,9803.080000000016,-1510.6600000000035
TXN0003019,2026-06-25,D005,R006,CONSULTING,136278.1,116970.68,82523.69,95346.07,158,Completed,-19307.420000000013,12822.380000000005
TXN0003020,2026-08-07,D007,R004,SUPPORT,112665.38,101033.28,60463.3,55886.31,40,Pending,-11632.100000000006,-4576.990000000005
TXN0003021,2024-07-10,D007,R004,SUBSCRIPTION,148334.53,150219.77,78501.99,108855.92,93,Completed,1885.2399999999907,30353.929999999993
TXN0003022,2026-04-10,D009,R001,SUPPORT,104791.75,107351.51,55237.69,51556.65,165,Pending,2559.7599999999948,-3681.040000000001
TXN0003023,2024-05-16,D007,R004,SERVICES,193952.45,205863.15,85196.07,59074.57,72,Completed,11910.699999999983,-26121.500000000007
TXN0003024,2026-12-28,D007,R004,SUPPORT,98047.15,101590.62,44809.58,43991.12,72,Completed,3543.470000000001,-818.4599999999991
TXN0003025,2025-04-20,D004,R001,CONSULTING,129621.8,116001.59,90702.49,93863.73,27,Completed,-13620.210000000006,3161.2399999999907
TXN0003026,2025-02-18,D006,R003,SERVICES,124793.37,91572.89,105791.39,123890.23,93,Pending,-33220.479999999996,18098.839999999997
TXN0003027,2026-08-08,D002,R002,SOFTWARE,138129.37,149006.64,93081.97,92385.56,7,Completed,10877.270000000019,-696.4100000000035
TXN0003028,2024-11-30,D003,R003,SOFTWARE,141173.09,155823.28,127901.8,150701.95,5,Pending,14650.190000000002,22800.15000000001
TXN0003029,2025-02-05,D002,R002,CONSULTING,140359.68,151380.41,66230.91,84019.05,136,Completed,11020.73000000001,17788.14
TXN0003030,2025-07-12,D003,R003,SUBSCRIPTION,163689.25,154073.96,78237.19,77058.32,101,Completed,-9615.290000000008,-1178.8699999999953
TXN0003031,2025-08-30,D004,R001,SOFTWARE,190789.27,222798.62,115747.51,105091.65,83,Completed,32009.350000000006,-10655.86
TXN0003032,2025-10-23,D010,R005,SUBSCRIPTION,209923.11,174927.01,93372.4,100443.59,17,Completed,-34996.09999999998,7071.190000000002
TXN0003033,2024-12-07,D007,R004,SOFTWARE,173769.38,206405.52,119585.18,121147.44,115,Completed,32636.139999999985,1562.2600000000093
TXN0003034,2026-07-14,D005,R002,SERVICES,142969.68,178128.48,70856.43,68280.85,57,Completed,35158.80000000002,-2575.579999999987
TXN0003035,2024-09-08,D002,R002,SUBSCRIPTION,173128.13,159800.3,81992.84,85225.35,41,Pending,-13327.830000000016,3232.5100000000093
TXN0003036,2025-01-17,D008,R004,SERVICES,83800.72,91509.24,81411.94,80467.33,24,Completed,7708.520000000004,-944.6100000000006
TXN0003037,2025-08-01,D003,R003,CONSULTING,103278.59,104143.04,68831.47,66334.24,31,Completed,864.4499999999971,-2497.229999999996
TXN0003038,2024-12-17,D005,R002,CONSULTING,81883.23,92587.88,75576.68,69384.99,151,Cancelled,10704.650000000009,-6191.689999999988
TXN0003039,2026-06-15,D006,R003,CONSULTING,132983.41,110771.83,83178.8,92822.37,64,Pending,-22211.58,9643.569999999992
TXN0003040,2025-12-05,D004,R001,SUBSCRIPTION,194884.45,209250.63,101498.47,111904.97,34,Cancelled,14366.179999999993,10406.5
TXN0003041,2026-04-16,D003,R003,HARDWARE,234954.53,164596.62,139917.84,146584.44,12,Completed,-70357.91,6666.600000000006
TXN0003042,2024-02-16,D004,R001,CONSULTING,131666.65,126008.02,77152.02,78440.7,131,Cancelled,-5658.62999999999,1288.679999999993
TXN0003043,2026-04-04,D009,R001,CONSULTING,93937.15,74329.83,73171.59,77263.08,179,Completed,-19607.319999999992,4091.4900000000052
TXN0003044,2026-04-04,D008,R004,SOFTWARE,163731.71,179898.9,115459.09,137556.0,132,Completed,16167.190000000002,22096.910000000003
TXN0003045,2024-01-02,D007,R004,SERVICES,147127.27,131032.47,82842.48,93938.85,98,Completed,-16094.799999999988,11096.37000000001
TXN0003046,2024-12-16,D007,R004,SOFTWARE,163032.59,179133.05,122877.43,135321.0,51,Completed,16100.459999999992,12443.570000000007
TXN0003047,2024-06-25,D006,R003,SERVICES,129240.09,134823.29,70039.77,67533.65,105,Completed,5583.200000000012,-2506.12000000001
TXN0003048,2026-05-07,D001,R001,SUBSCRIPTION,154467.39,170619.24,87859.87,78448.12,31,Completed,16151.849999999977,-9411.75
TXN0003049,2024-05-29,D007,R004,SUPPORT,71999.12,64253.69,51969.76,59881.69,138,Completed,-7745.429999999993,7911.93
TXN0003050,2025-01-11,D002,R002,SERVICES,173527.38,188845.78,82975.19,95606.0,150,Pending,15318.399999999994,12630.809999999998
TXN0003051,2026-12-30,D008,R004,SOFTWARE,243443.46,246587.61,118620.68,118237.09,179,Completed,3144.149999999994,-383.5899999999965
TXN0003052,2025-08-14,D004,R001,SUBSCRIPTION,110644.19,99560.0,83277.28,85328.96,144,Completed,-11084.190000000002,2051.6800000000076
TXN0003053,2025-08-11,D003,R003,SOFTWARE,156867.93,159199.57,119594.48,100858.42,13,Cancelled,2331.640000000014,-18736.059999999998
TXN0003054,2026-06-06,D004,R001,SUBSCRIPTION,122222.45,119295.65,97083.05,112205.93,158,Completed,-2926.800000000003,15122.87999999999
TXN0003055,2024-09-23,D009,R001,SUPPORT,90898.77,87855.95,57137.54,56326.7,81,Cancelled,-3042.820000000007,-810.8400000000038
TXN0003056,2026-11-14,D006,R003,SUBSCRIPTION,165353.28,161385.85,99161.0,108697.95,146,Completed,-3967.429999999993,9536.949999999997
TXN0003057,2026-05-11,D002,R002,CONSULTING,96690.56,107758.55,80045.7,76915.73,122,Completed,11067.990000000005,-3129.970000000001
TXN0003058,2025-04-26,D008,R004,SERVICES,158932.2,180869.03,89011.11,116333.7,144,Pending,21936.829999999987,27322.589999999997
TXN0003059,2025-01-17,D008,R004,SERVICES,174266.25,177139.32,84391.96,83544.9,11,Cancelled,2873.070000000007,-847.0600000000122
TXN0003060,2024-10-05,D008,R004,SOFTWARE,159072.58,158952.59,128057.85,90657.46,165,Pending,-119.98999999999069,-37400.39
TXN0003061,2026-02-26,D008,R004,CONSULTING,130306.96,138986.18,90002.42,79669.58,143,Completed,8679.219999999987,-10332.839999999997
TXN0003062,2026-01-11,D010,R002,CONSULTING,144616.5,163787.15,76599.46,88998.89,132,Completed,19170.649999999994,12399.429999999993
TXN0003063,2025-05-02,D003,R003,SUBSCRIPTION,152777.32,107938.48,88089.38,79214.55,131,Completed,-44838.84000000001,-8874.830000000002
TXN0003064,2024-02-01,D009,R001,SUBSCRIPTION,162351.37,149564.02,95681.43,93996.54,107,Completed,-12787.350000000006,-1684.8899999999994
TXN0003065,2025-05-07,D004,R001,SUPPORT,93930.05,155988.0,49775.18,49156.42,12,Completed,62057.95,-618.760000000002
TXN0003066,2025-10-11,D007,R004,SUBSCRIPTION,151893.95,191548.83,89912.71,99914.52,180,Pending,39654.879999999976,10001.809999999998
TXN0003067,2025-07-26,D010,R005,SERVICES,151938.04,125507.32,76797.57,95606.0,143,Completed,-26430.72,18808.429999999993
TXN0003068,2025-05-29,D006,R003,HARDWARE,196762.22,202248.29,117069.85,134172.23,51,Cancelled,5486.070000000007,17102.380000000005
TXN0003069,2025-05-02,D007,R004,CONSULTING,142772.92,121482.28,72346.62,72621.15,40,Completed,-21290.640000000014,274.52999999999884
TXN0003070,2025-05-20,D010,R002,SUPPORT,81666.3,70376.56,45828.86,61747.85,167,Completed,-11289.740000000005,15918.989999999998
TXN0003071,2026-12-03,D009,R001,HARDWARE,224766.78,233237.78,149987.64,147231.71,61,Completed,8471.0,-2755.930000000022
TXN0003072,2024-07-30,D009,R001,SUBSCRIPTION,186128.36,151109.62,84442.56,112343.21,92,Pending,-35018.73999999999,27900.65000000001
TXN0003073,2025-02-11,D003,R003,SUPPORT,101864.04,121136.4,62018.58,60547.71,52,Cancelled,19272.36,-1470.8700000000026
TXN0003074,2024-12-30,D006,R003,CONSULTING,113446.51,127191.26,92327.81,68389.63,92,Pending,13744.75,-23938.179999999993
TXN0003075,2026-06-04,D003,R003,SERVICES,138527.76,127416.64,59954.71,64745.37,155,Completed,-11111.12000000001,4790.6600000000035
TXN0003076,2026-01-27,D004,R001,SUBSCRIPTION,175179.65,179704.29,80818.85,85758.8,31,Completed,4524.640000000014,4939.949999999997
TXN0003077,2026-12-03,D009,R001,SUPPORT,89260.59,104425.39,55183.41,71674.84,99,Completed,15164.800000000003,16491.429999999993
TXN0003078,2026-11-28,D001,R001,CONSULTING,82833.75,81108.07,102707.4,107125.23,72,Pending,-1725.679999999993,4417.830000000002
TXN0003079,2025-10-18,D009,R001,SUBSCRIPTION,191070.87,187877.21,58906.53,70240.19,129,Completed,-3193.6600000000035,11333.660000000003
TXN0003080,2025-09-19,D005,R002,SERVICES,132815.59,104703.06,78573.99,84609.52,165,Cancelled,-28112.53,6035.529999999999
TXN0003081,2024-01-06,D002,R001,SUBSCRIPTION,173094.57,141176.9,97940.14,97785.52,33,Pending,-31917.670000000013,-154.61999999999534
TXN0003082,2025-11-02,D010,R002,SOFTWARE,109472.34,114965.62,116936.37,140726.36,138,Completed,5493.279999999999,23789.98999999999
TXN0003083,2024-06-25,D010,R002,SOFTWARE,165748.75,119460.83,141494.12,150129.83,98,Completed,-46287.92,8635.709999999992
TXN0003084,2025-08-24,D007,R004,HARDWARE,246089.28,318733.57,139689.98,191321.55,121,Completed,72644.29000000001,51631.56999999998
TXN0003085,2024-07-08,D006,R003,SERVICES,165357.52,170851.2,116828.08,115693.65,60,Completed,5493.680000000022,-1134.4300000000076
TXN0003086,2026-09-05,D006,R003,SERVICES,158458.41,178249.65,78053.43,87632.01,126,Cancelled,19791.23999999999,9578.580000000002
TXN0003087,2026-05-07,D002,R002,CONSULTING,93846.58,91833.23,99586.65,112983.28,86,Completed,-2013.3500000000058,13396.630000000005
TXN0003088,2024-02-11,D001,R001,HARDWARE,214622.49,229254.39,143874.9,146164.0,169,Completed,14631.900000000023,2289.100000000006
TXN0003089,2024-03-13,D005,R002,SOFTWARE,162318.48,177417.79,106777.6,105973.55,95,Completed,15099.309999999998,-804.0500000000029
TXN0003090,2024-06-09,D008,R004,SUBSCRIPTION,136005.77,130866.29,101759.09,105680.16,156,Cancelled,-5139.479999999996,3921.070000000007
TXN0003091,2024-09-26,D008,R004,SUBSCRIPTION,152717.05,140880.84,54839.42,61925.27,127,Completed,-11836.209999999992,7085.8499999999985
TXN0003092,2026-11-19,D005,R002,SERVICES,153129.3,153390.93,90495.07,92641.29,139,Cancelled,261.63000000000466,2146.2199999999866
TXN0003093,2025-08-11,D006,R003,SERVICES,101136.74,109594.97,97043.17,109269.04,147,Pending,8458.229999999996,12225.869999999995
TXN0003094,2026-03-11,D007,R006,SUBSCRIPTION,131035.98,143988.91,90542.12,95174.26,111,Pending,12952.930000000008,4632.139999999999
TXN0003095,2024-09-12,D009,R001,HARDWARE,230683.44,218936.97,145268.98,127117.05,40,Pending,-11746.470000000001,-18151.930000000008
TXN0003096,2025-07-26,D006,R003,SUPPORT,116504.9,113501.15,62241.16,54634.69,143,Completed,-3003.75,-7606.470000000001
TXN0003097,2025-11-10,D010,R002,HARDWARE,261227.87,356232.14,160149.78,147848.18,162,Completed,95004.27000000002,-12301.600000000006
TXN0003098,2024-08-31,D003,R003,HARDWARE,228078.42,221322.98,160709.88,163347.83,26,Pending,-6755.440000000002,2637.9499999999825
TXN0003099,2024-03-28,D006,R005,SOFTWARE,172189.84,229337.76,114821.27,104766.66,44,Completed,57147.92000000001,-10054.61
TXN0003100,2025-04-20,D006,R003,SUBSCRIPTION,117862.68,142140.76,93508.13,96384.95,23,Completed,24278.080000000016,2876.8199999999924
TXN0003101,2025-10-29,D003,R003,SOFTWARE,143780.22,132825.91,96199.64,112973.01,86,Completed,-10954.309999999998,16773.369999999995
TXN0003102,2024-10-03,D004,R006,CONSULTING,112687.59,117602.62,97763.86,95606.0,138,Completed,4915.029999999999,-2157.8600000000006
TXN0003103,2024-07-24,D007,R004,SERVICES,149035.57,143560.75,79444.41,73409.26,77,Completed,-5474.820000000007,-6035.150000000009
TXN0003104,2026-02-23,D005,R002,SUBSCRIPTION,107919.75,109804.32,87991.0,103566.58,103,Cancelled,1884.570000000007,15575.580000000002
TXN0003105,2024-10-22,D010,R002,CONSULTING,105064.11,107992.77,75727.8,90727.36,132,Completed,2928.6600000000035,14999.559999999998
TXN0003106,2026-06-22,D007,R004,SUPPORT,91404.45,100921.19,61538.36,65039.17,79,Pending,9516.740000000005,3500.8099999999977
TXN0003107,2026-01-20,D003,R003,SERVICES,160007.17,171043.22,87904.91,79341.0,136,Completed,11036.049999999988,-8563.910000000003
TXN0003108,2026-12-12,D006,R003,SOFTWARE,175852.9,172288.16,96598.38,100410.06,60,Completed,-3564.7399999999907,3811.679999999993
TXN0003109,2024-09-30,D009,R001,SOFTWARE,187955.11,178852.13,119830.62,127156.03,53,Completed,-9102.979999999981,7325.4100000000035
TXN0003110,2024-01-15,D003,R003,SERVICES,123991.41,156838.31,74804.53,61412.26,165,Completed,32846.899999999994,-13392.269999999997
TXN0003111,2024-01-17,D010,R002,CONSULTING,163751.02,162765.48,94071.6,124597.6,28,Cancelled,-985.539999999979,30526.0
TXN0003112,2024-11-23,D004,R001,CONSULTING,164551.11,165488.48,69063.98,64616.76,57,Cancelled,937.3700000000244,-4447.219999999994
TXN0003113,2024-04-12,D008,R004,SUBSCRIPTION,152890.49,158385.25,67529.76,82265.83,125,Pending,5494.760000000009,14736.070000000007
TXN0003114,2026-07-22,D009,R001,SUPPORT,113478.54,122883.43,54004.1,53487.93,50,Completed,9404.89,-516.1699999999983
TXN0003115,2025-06-17,D006,R003,HARDWARE,273996.42,346265.96,152004.79,160069.96,97,Cancelled,72269.54000000004,8065.169999999984
TXN0003116,2024-12-11,D005,R002,CONSULTING,148369.72,168065.84,51775.02,55439.69,151,Completed,19696.119999999995,3664.6700000000055
TXN0003117,2026-12-11,D006,R003,SOFTWARE,225837.7,245022.92,108846.69,104032.55,176,Pending,19185.22,-4814.139999999999
TXN0003118,2025-08-05,D007,R004,SUBSCRIPTION,163611.26,174177.0,81242.59,106493.14,31,Pending,10565.73999999999,25250.550000000003
TXN0003119,2026-06-19,D001,R001,SERVICES,108667.36,113296.23,86088.56,95067.3,35,Pending,4628.869999999995,8978.740000000005
TXN0003120,2026-06-26,D003,R005,SERVICES,125873.95,131708.47,108040.79,94032.11,60,Cancelled,5834.520000000004,-14008.679999999993
TXN0003121,2025-10-29,D010,R002,SOFTWARE,159999.51,150207.74,122294.93,142413.12,51,Completed,-9791.770000000019,20118.190000000002
TXN0003122,2025-03-14,D003,R003,SUBSCRIPTION,172154.01,157963.4,86879.3,88592.26,110,Completed,-14190.610000000015,1712.9599999999919
TXN0003123,2024-03-06,D002,R002,HARDWARE,248132.81,267091.2,120504.4,120281.27,168,Completed,18958.390000000014,-223.1299999999901
TXN0003124,2025-04-29,D004,R001,SERVICES,159692.01,144794.34,79217.38,59789.76,47,Completed,-14897.670000000013,-19427.620000000003
TXN0003125,2025-02-20,D006,R003,SERVICES,106108.85,123456.32,55859.01,95606.0,86,Cancelled,17347.47,39746.99
TXN0003126,2026-09-28,D005,R002,SOFTWARE,114672.06,111705.11,115552.74,120839.7,170,Pending,-2966.949999999997,5286.959999999992
TXN0003127,2025-08-16,D008,R004,CONSULTING,194105.08,186019.32,49524.81,55351.59,68,Completed,-8085.75999999998,5826.779999999999
TXN0003128,2026-10-17,D010,R002,HARDWARE,230988.18,236352.11,169069.23,184077.64,161,Completed,5363.929999999993,15008.410000000003
TXN0003129,2026-06-17,D003,R003,SUBSCRIPTION,171269.01,140677.98,80573.72,76335.47,5,Completed,-30591.03,-4238.25
TXN0003130,2024-11-27,D010,R002,SOFTWARE,146692.99,155988.0,118432.5,152816.35,19,Completed,9295.01000000001,34383.850000000006
TXN0003131,2026-08-17,D004,R001,SUBSCRIPTION,151280.09,192791.0,99511.04,114742.97,139,Pending,41510.91,15231.930000000008
TXN0003132,2025-10-31,D002,R002,SUPPORT,49168.9,49966.33,55147.02,45843.29,40,Cancelled,797.4300000000003,-9303.729999999996
TXN0003133,2025-12-05,D009,R001,SUBSCRIPTION,121542.71,116070.66,74986.8,66788.98,38,Completed,-5472.050000000003,-8197.820000000007
TXN0003134,2024-02-10,D001,R001,SOFTWARE,118405.19,108494.39,111465.99,129023.25,98,Pending,-9910.800000000003,17557.259999999995
TXN0003135,2024-03-18,D001,R001,SERVICES,159267.91,191091.4,63581.63,65203.19,16,Completed,31823.48999999999,1621.560000000005
TXN0003136,2026-11-08,D009,R001,SUPPORT,98696.56,95206.6,69560.79,72444.18,137,Cancelled,-3489.959999999992,2883.3899999999994
TXN0003137,2025-12-16,D009,R001,CONSULTING,194675.65,176748.9,56916.63,69697.03,180,Completed,-17926.75,12780.400000000001
TXN0003138,2025-01-13,D006,R003,HARDWARE,224940.65,230375.71,117097.57,121845.22,65,Cancelled,5435.059999999998,4747.649999999994
TXN0003139,2025-02-17,D007,R004,SOFTWARE,167560.23,192419.44,107621.71,98086.82,9,Completed,24859.209999999992,-9534.89
TXN0003140,2024-06-16,D005,R002,CONSULTING,152743.38,168546.54,66100.89,58787.88,151,Cancelled,15803.160000000003,-7313.010000000002
TXN0003141,2025-11-12,D006,R003,SOFTWARE,187332.64,166872.64,118735.7,100672.94,46,Completed,-20460.0,-18062.759999999995
TXN0003142,2024-02-16,D010,R002,SOFTWARE,202469.26,155988.0,89223.23,91267.55,43,Cancelled,-46481.26000000001,2044.320000000007
TXN0003143,2025-12-14,D003,R003,SUBSCRIPTION,81578.83,84300.75,56658.27,61217.1,174,Completed,2721.9199999999983,4558.830000000002
TXN0003144,2025-07-21,D002,R002,CONSULTING,80535.14,78339.94,73554.53,81952.84,172,Cancelled,-2195.199999999997,8398.309999999998
TXN0003145,2026-01-05,D004,R005,SOFTWARE,184984.66,182451.17,100811.53,120094.3,125,Completed,-2533.4899999999907,19282.770000000004
TXN0003146,2024-09-07,D004,R001,CONSULTING,101869.13,103779.79,76836.0,72287.56,160,Completed,1910.659999999989,-4548.440000000002
TXN0003147,2024-05-11,D003,R003,SUPPORT,81177.92,94130.99,59339.16,59110.88,43,Completed,12953.070000000007,-228.2800000000061
TXN0003148,2026-07-31,D004,R001,SUPPORT,110103.64,132159.04,92964.0,43631.18,109,Pending,22055.40000000001,-49332.82
TXN0003149,2024-08-18,D003,R005,SOFTWARE,163040.14,135697.29,132759.41,157567.56,102,Pending,-27342.850000000006,24808.149999999994
TXN0003150,2024-03-26,D002,R002,SERVICES,151467.14,154809.18,109784.54,125641.13,35,Cancelled,3342.039999999979,15856.590000000011
TXN0003151,2025-03-12,D007,R001,SUPPORT,91160.96,97063.88,61130.36,81054.47,174,Cancelled,5902.919999999998,19924.11
TXN0003152,2025-03-14,D008,R004,SERVICES,118363.63,118110.59,108059.02,109306.61,14,Completed,-253.04000000000815,1247.5899999999965
TXN0003153,2025-11-21,D010,R002,CONSULTING,133186.41,151520.22,80207.78,95384.73,58,Cancelled,18333.809999999998,15176.949999999997
TXN0003154,2025-09-09,D001,R001,CONSULTING,100599.41,86671.37,75935.18,69847.81,138,Completed,-13928.040000000008,-6087.369999999995
TXN0003155,2024-12-26,D003,R003,HARDWARE,238247.24,253659.64,135873.3,155763.2,30,Completed,15412.400000000023,19889.900000000023
TXN0003156,2026-10-12,D005,R006,SUPPORT,65058.06,74973.89,44486.79,32338.1,40,Completed,9915.830000000002,-12148.690000000002
TXN0003157,2024-02-10,D001,R001,HARDWARE,297998.4,269823.17,120906.82,136719.19,43,Cancelled,-28175.23000000004,15812.369999999995
TXN0003158,2025-01-31,D005,R002,SOFTWARE,143182.71,146922.65,120331.95,151327.44,98,Completed,3739.9400000000023,30995.490000000005
TXN0003159,2024-03-01,D007,R004,SOFTWARE,233664.85,244811.74,143877.28,152833.05,59,Cancelled,11146.889999999985,8955.76999999999
TXN0003160,2026-10-13,D010,R002,SUPPORT,113196.6,139918.08,50960.76,62703.21,9,Completed,26721.47999999998,11742.449999999997
TXN0003161,2024-10-17,D004,R001,SOFTWARE,246770.78,225691.81,100689.17,67600.04,75,Completed,-21078.97,-33089.130000000005
TXN0003162,2025-10-30,D007,R004,SUBSCRIPTION,187312.17,150451.9,78745.54,91635.64,143,Completed,-36860.27000000002,12890.100000000006
TXN0003163,2025-10-03,D007,R004,SERVICES,113186.04,152730.51,82571.28,82375.92,11,Completed,39544.470000000016,-195.36000000000058
TXN0003164,2024-02-22,D002,R002,SERVICES,143289.67,147338.97,87922.16,86880.87,41,Pending,4049.2999999999884,-1041.2900000000081
TXN0003165,2024-11-27,D001,R001,HARDWARE,224555.01,193843.04,168403.29,193478.07,127,Completed,-30711.97,25074.78
TXN0003166,2024-06-12,D009,R001,SOFTWARE,189417.59,138963.01,115782.21,106475.01,158,Cancelled,-50454.57999999999,-9307.200000000012
TXN0003167,2024-06-23,D001,R001,SUPPORT,80197.97,85017.47,50057.93,48584.45,115,Pending,4819.5,-1473.4800000000032
TXN0003168,2024-09-16,D010,R001,SERVICES,108344.89,108698.72,84394.19,83528.82,77,Cancelled,353.83000000000175,-865.3699999999953
TXN0003169,2024-11-20,D002,R002,HARDWARE,158061.57,164379.37,92964.0,158893.29,180,Completed,6317.799999999988,65929.29000000001
TXN0003170,2024-07-03,D004,R001,HARDWARE,222033.81,256999.18,126043.39,116364.55,68,Completed,34965.369999999995,-9678.839999999997
TXN0003171,2026-10-13,D002,R006,CONSULTING,138972.45,96483.47,109356.25,142929.91,149,Pending,-42488.98000000001,33573.66
TXN0003172,2024-12-05,D006,R003,HARDWARE,281337.15,294400.93,179478.89,192655.05,99,Pending,13063.77999999997,13176.159999999974
TXN0003173,2026-01-31,D010,R002,HARDWARE,247870.32,269155.46,136465.57,128817.47,77,Pending,21285.140000000014,-7648.100000000006
TXN0003174,2026-09-09,D003,R003,HARDWARE,211955.01,189593.73,152196.33,150219.12,32,Completed,-22361.28,-1977.2099999999919
TXN0003175,2024-08-14,D005,R002,SOFTWARE,213688.3,247324.61,103987.51,108689.82,16,Cancelled,33636.31,4702.310000000012
TXN0003176,2024-08-09,D001,R001,SUBSCRIPTION,165584.94,172035.87,90909.99,108318.74,14,Completed,6450.929999999993,17408.75
TXN0003177,2026-04-24,D001,R001,SUPPORT,109933.85,117549.65,43222.69,51920.67,146,Completed,7615.799999999988,8697.979999999996
TXN0003178,2024-03-07,D002,R002,HARDWARE,197547.73,172963.66,167136.62,167082.61,130,Completed,-24584.070000000007,-54.01000000000931
TXN0003179,2024-01-27,D007,R004,SUBSCRIPTION,132770.51,160297.5,113185.1,86293.65,137,Completed,27526.98999999999,-26891.45000000001
TXN0003180,2024-03-03,D006,R003,SERVICES,143144.42,157931.3,88506.92,105168.62,32,Completed,14786.879999999976,16661.699999999997
TXN0003181,2026-07-11,D001,R001,SERVICES,149571.8,148865.41,92715.36,98461.81,15,Pending,-706.3899999999849,5746.449999999997
TXN0003182,2026-04-08,D008,R004,SOFTWARE,149691.89,147141.27,106698.26,116054.93,63,Completed,-2550.6200000000244,9356.669999999998
TXN0003183,2026-09-01,D002,R002,HARDWARE,264461.74,224998.31,160339.5,152520.7,140,Completed,-39463.42999999999,-7818.799999999988
TXN0003184,2024-12-24,D008,R004,CONSULTING,148561.47,152097.01,75318.0,84434.5,34,Completed,3535.540000000008,9116.5
TXN0003185,2025-12-15,D001,R006,SERVICES,115667.51,105393.15,83543.07,82234.09,141,Cancelled,-10274.36,-1308.9800000000105
TXN0003186,2026-05-29,D006,R003,SUPPORT,110547.41,118377.66,63243.89,70026.79,157,Completed,7830.25,6782.899999999994
TXN0003187,2024-12-01,D008,R005,SUBSCRIPTION,164316.32,182113.75,98593.83,109667.71,90,Completed,17797.429999999993,11073.880000000005
TXN0003188,2026-06-19,D004,R001,SERVICES,131774.28,131312.58,90839.17,106801.32,70,Pending,-461.70000000001164,15962.150000000009
TXN0003189,2024-10-06,D007,R004,SERVICES,111628.06,111684.43,106860.7,110498.25,95,Cancelled,56.36999999999534,3637.550000000003
TXN0003190,2026-08-30,D002,R001,SERVICES,154778.62,102789.11,95214.83,92293.66,9,Completed,-51989.509999999995,-2921.1699999999983
TXN0003191,2026-04-29,D001,R001,CONSULTING,129416.13,156747.13,91960.6,97558.08,113,Completed,27331.0,5597.479999999996
TXN0003192,2024-02-21,D005,R001,SUPPORT,88012.99,155988.0,47796.98,63294.48,22,Completed,67975.01,15497.5
TXN0003193,2026-08-15,D001,R001,CONSULTING,103768.96,113038.13,61758.6,56466.88,36,Completed,9269.169999999998,-5291.720000000001
TXN0003194,2025-04-28,D001,R006,SUBSCRIPTION,200970.74,176896.68,97011.29,114108.39,144,Cancelled,-24074.059999999998,17097.100000000006
TXN0003195,2025-06-07,D002,R002,SUBSCRIPTION,133987.74,124403.42,65247.7,84818.15,151,Completed,-9584.319999999992,19570.449999999997
TXN0003196,2024-05-14,D006,R003,SUPPORT,65378.14,67991.46,54512.54,42532.77,86,Completed,2613.320000000007,-11979.770000000004
TXN0003197,2026-10-24,D001,R001,SUBSCRIPTION,186176.0,188820.94,79611.25,104928.27,14,Cancelled,2644.9400000000023,25317.020000000004
TXN0003198,2026-10-14,D005,R002,SUBSCRIPTION,213472.16,235290.22,90466.94,65245.17,106,Cancelled,21818.059999999998,-25221.770000000004
TXN0003199,2025-03-04,D009,R001,SUPPORT,70337.86,69145.67,62599.73,95606.0,170,Completed,-1192.1900000000023,33006.27
TXN0003200,2024-03-09,D004,R001,CONSULTING,125186.18,130770.34,66609.62,65785.24,111,Pending,5584.1600000000035,-824.3799999999901
TXN0003201,2024-07-28,D010,R002,HARDWARE,231297.17,285730.77,152470.88,188492.26,110,Pending,54433.600000000006,36021.380000000005
TXN0003202,2025-10-08,D002,R002,CONSULTING,111754.42,122390.91,80811.85,65504.34,17,Pending,10636.490000000005,-15307.51000000001
TXN0003203,2025-04-22,D008,R004,SERVICES,120973.14,105743.08,110793.82,108765.72,49,Completed,-15230.059999999998,-2028.1000000000058
TXN0003204,2026-11-21,D007,R004,SUPPORT,84357.4,77199.86,56692.85,53334.8,176,Cancelled,-7157.539999999994,-3358.0499999999956
TXN0003205,2024-08-21,D010,R002,SUBSCRIPTION,160307.97,167329.73,95103.45,101656.52,161,Pending,7021.760000000009,6553.070000000007
TXN0003206,2026-01-06,D001,R006,SERVICES,152411.59,143029.87,89458.33,81865.84,174,Completed,-9381.720000000001,-7592.490000000005
TXN0003207,2026-11-21,D001,R001,SOFTWARE,171322.0,179218.42,65056.09,66782.65,122,Cancelled,7896.420000000013,1726.5599999999977
TXN0003208,2024-04-22,D003,R003,CONSULTING,112536.47,105614.58,84869.14,96967.45,45,Completed,-6921.889999999999,12098.309999999998
TXN0003209,2024-06-20,D005,R002,SUBSCRIPTION,157180.7,183106.9,72252.66,94935.78,65,Completed,25926.199999999983,22683.119999999995
TXN0003210,2026-10-30,D010,R002,SUBSCRIPTION,172817.23,146381.12,94016.49,121575.86,154,Pending,-26436.110000000015,27559.369999999995
TXN0003211,2026-06-29,D003,R003,SOFTWARE,152493.62404958677,193521.71,102999.77,139788.0,10,Cancelled,41028.085950413224,36788.229999999996
TXN0003212,2026-06-11,D009,R001,HARDWARE,139066.76,130243.3,165340.83,153394.28,12,Completed,-8823.460000000006,-11946.549999999988
TXN0003213,2025-09-14,D009,R001,HARDWARE,187685.49,167991.94,125299.96,133216.66,141,Completed,-19693.54999999999,7916.699999999997
TXN0003214,2025-12-30,D003,R003,CONSULTING,79505.15,80984.89,82618.96,94269.76,138,Cancelled,1479.7400000000052,11650.799999999988
TXN0003215,2026-04-11,D004,R001,CONSULTING,108163.82,100649.81,70889.59,61774.43,100,Pending,-7514.010000000009,-9115.159999999996
TXN0003216,2024-02-22,D001,R001,SOFTWARE,139545.95,95581.27,113639.97,131964.52,71,Cancelled,-43964.68000000001,18324.54999999999
TXN0003217,2026-08-27,D001,R001,HARDWARE,262830.6,260163.44,181875.17,180907.57,175,Completed,-2667.1599999999744,-967.6000000000058
TXN0003218,2024-06-23,D003,R003,CONSULTING,87867.02,102935.17,64057.76,95606.0,81,Cancelled,15068.149999999994,31548.239999999998
TXN0003219,2024-06-21,D007,R004,SUPPORT,95485.23,110008.68,56704.17,66672.27,45,Cancelled,14523.449999999997,9968.100000000006
TXN0003220,2025-07-07,D008,R004,SUBSCRIPTION,95507.51,94056.24,112238.4,112415.04,47,Cancelled,-1451.2699999999895,176.63999999999942
TXN0003221,2024-04-11,D007,R004,SUBSCRIPTION,73736.31,80333.85,89595.01,92991.75,123,Pending,6597.540000000008,3396.7400000000052
TXN0003222,2026-04-09,D010,R002,SUPPORT,80018.4,81582.16,51544.46,95606.0,175,Completed,1563.7600000000093,44061.54
TXN0003223,2024-08-29,D005,R006,SERVICES,152387.98,165492.56,87910.6,98192.53,71,Completed,13104.579999999987,10281.929999999993
TXN0003224,2026-05-24,D010,R002,HARDWARE,210837.51,259886.68,144473.88,142664.14,16,Pending,49049.169999999984,-1809.7399999999907
TXN0003225,2026-09-25,D009,R001,SERVICES,142125.39,147607.99,96552.61,92434.83,77,Cancelled,5482.599999999977,-4117.779999999999
TXN0003226,2026-11-02,D009,R001,SUPPORT,70129.72,65052.55,53364.91,51244.48,95,Completed,-5077.169999999998,-2120.4300000000003
TXN0003227,2026-03-26,D008,R004,SUPPORT,71310.72,73058.86,54176.13,60385.23,51,Completed,1748.1399999999994,6209.100000000006
TXN0003228,2025-02-08,D001,R001,CONSULTING,158472.99,151033.66,82830.41,108789.62,161,Pending,-7439.329999999987,25959.209999999992
TXN0003229,2025-06-26,D007,R004,SUPPORT,103363.12,124482.66,47317.14,95606.0,161,Pending,21119.540000000008,48288.86
TXN0003230,2025-01-10,D001,R001,SUBSCRIPTION,167192.4,132636.77,83794.41,74764.5,43,Completed,-34555.630000000005,-9029.910000000003
TXN0003231,2026-01-03,D008,R006,SOFTWARE,216967.2,246920.45,117949.26,117403.58,41,Completed,29953.25,-545.679999999993
TXN0003232,2026-12-04,D006,R003,SERVICES,175190.94,190167.0,56750.63,35627.67,75,Cancelled,14976.059999999998,-21122.96
TXN0003233,2025-03-30,D009,R001,SUBSCRIPTION,195375.84,209429.08,80826.83,75613.22,73,Cancelled,14053.23999999999,-5213.610000000001
TXN0003234,2025-11-04,D007,R004,SUBSCRIPTION,123913.61,124653.58,87300.27,82077.12,162,Completed,739.9700000000012,-5223.150000000009
TXN0003235,2026-03-20,D007,R004,HARDWARE,236890.96,290183.85,179571.33,151134.69,127,Completed,53292.889999999985,-28436.639999999985
TXN0003236,2024-05-19,D009,R001,SUBSCRIPTION,194307.57,207761.71,105420.35,108592.82,113,Completed,13454.139999999985,3172.470000000001
TXN0003237,2025-06-09,D010,R002,SOFTWARE,215464.17,210307.57,129938.02,150270.72,23,Completed,-5156.600000000006,20332.699999999997
TXN0003238,2025-05-23,D002,R002,SUPPORT,105264.13,116342.14,64014.3,58499.47,96,Cancelled,11078.009999999995,-5514.830000000002
TXN0003239,2026-04-14,D003,R003,SERVICES,120260.62,129278.53,95679.47,91109.27,32,Completed,9017.910000000003,-4570.199999999997
TXN0003240,2024-01-01,D004,R001,CONSULTING,140555.52,131950.28,68821.2,76157.84,92,Completed,-8605.23999999999,7336.639999999999
TXN0003241,2026-12-11,D004,R006,HARDWARE,202955.58,229684.9,176741.99,182477.53,29,Pending,26729.320000000007,5735.540000000008
TXN0003242,2024-02-14,D006,R003,SUPPORT,86946.51,86893.42,51380.74,47524.88,47,Completed,-53.08999999999651,-3855.8600000000006
TXN0003243,2024-10-23,D005,R002,CONSULTING,124231.13,136218.24,101727.77,90372.53,72,Completed,11987.109999999986,-11355.240000000005
TXN0003244,2024-05-03,D010,R002,HARDWARE,231582.37,197342.74,136592.26,123759.77,54,Completed,-34239.630000000005,-12832.490000000005
TXN0003245,2024-09-05,D005,R006,CONSULTING,146849.49,140690.14,58931.03,95606.0,125,Pending,-6159.349999999977,36674.97
TXN0003246,2025-06-13,D002,R002,SERVICES,163404.94,156009.6,79042.13,87388.43,157,Cancelled,-7395.3399999999965,8346.299999999988
TXN0003247,2024-03-26,D010,R002,SUPPORT,86376.56,78868.97,38612.52,37024.62,144,Cancelled,-7507.5899999999965,-1587.8999999999942
TXN0003248,2024-10-24,D001,R001,CONSULTING,129025.96,139055.88,75155.29,89970.66,29,Completed,10029.919999999998,14815.37000000001
TXN0003249,2026-11-24,D002,R002,CONSULTING,116252.7,116949.46,60655.57,67828.58,31,Completed,696.7600000000093,7173.010000000002
TXN0003250,2026-10-02,D006,R003,CONSULTING,111120.76,121752.81,86296.14,100970.41,72,Cancelled,10632.050000000003,14674.270000000004
TXN0003251,2025-05-24,D007,R004,SUBSCRIPTION,163787.85,158430.9,87474.53,75632.19,153,Pending,-5356.950000000012,-11842.339999999997
TXN0003252,2026-03-11,D010,R002,HARDWARE,234651.18,163147.02,126346.9,109815.57,102,Cancelled,-71504.16,-16531.329999999987
TXN0003253,2025-01-11,D005,R002,SOFTWARE,153952.4,154906.45,124042.19,101189.61,92,Cancelled,954.0500000000175,-22852.58
TXN0003254,2024-10-04,D005,R002,SUPPORT,82855.41,85292.21,57250.16,74184.71,33,Completed,2436.800000000003,16934.550000000003
TXN0003255,2025-04-01,D010,R002,SUBSCRIPTION,160393.2,157277.54,93623.82,105259.36,19,Pending,-3115.6600000000035,11635.539999999994
TXN0003256,2024-01-04,D006,R003,CONSULTING,117525.55,105121.27,93343.01,99143.37,94,Completed,-12404.279999999999,5800.360000000001
TXN0003257,2024-06-05,D002,R002,CONSULTING,104603.57,109376.91,67179.87,81073.03,63,Cancelled,4773.3399999999965,13893.160000000003
TXN0003258,2026-03-19,D009,R001,SUBSCRIPTION,138876.29,128540.81,77184.54,74900.5,58,Pending,-10335.48000000001,-2284.0399999999936
TXN0003259,2024-09-14,D006,R003,SUBSCRIPTION,95841.4,81532.89,67293.1,78463.4,30,Cancelled,-14308.509999999995,11170.299999999988
TXN0003260,2024-04-24,D010,R002,HARDWARE,142144.48,148211.05,155286.32,162126.36,102,Pending,6066.569999999978,6840.039999999979
TXN0003261,2025-03-09,D001,R006,SERVICES,118585.17,123621.6,95895.35,97482.32,140,Cancelled,5036.430000000008,1586.9700000000012
TXN0003262,2026-09-02,D005,R002,HARDWARE,225727.25,232502.68,165257.53,151682.81,101,Completed,6775.429999999993,-13574.720000000001
TXN0003263,2026-10-15,D009,R001,CONSULTING,150877.9,120183.93,58242.92,51480.8,110,Completed,-30693.97,-6762.119999999995
TXN0003264,2024-11-27,D006,R003,HARDWARE,180354.95,196053.44,182129.22,209423.94,8,Completed,15698.48999999999,27294.72
TXN0003266,2026-11-07,D009,R001,SUBSCRIPTION,155935.16,158191.7,97403.51,79303.92,83,Completed,2256.540000000008,-18099.589999999997
TXN0003267,2024-02-29,D004,R001,SUBSCRIPTION,161452.29,177064.58,108176.8,77592.41,113,Completed,15612.289999999979,-30584.39
TXN0003268,2025-12-06,D004,R001,HARDWARE,289180.79,278786.31,131797.78,133898.24,108,Pending,-10394.479999999981,2100.459999999992
TXN0003269,2026-07-05,D003,R003,SERVICES,124002.97,126682.57,91269.04,97664.96,91,Completed,2679.600000000006,6395.920000000013
TXN0003270,2025-11-15,D001,R001,SUBSCRIPTION,76056.04,77573.37,66917.06,66728.8,159,Cancelled,1517.3300000000017,-188.25999999999476
TXN0003271,2024-01-19,D006,R003,SOFTWARE,209979.41,237862.69,133846.12,128772.85,177,Pending,27883.28,-5073.2699999999895
TXN0003272,2024-12-24,D003,R003,SOFTWARE,171187.2,177921.62,99051.66,116877.23,43,Completed,6734.419999999984,17825.569999999992
TXN0003273,2026-05-26,D003,R003,CONSULTING,118808.4,154023.98,72010.66,74506.92,127,Pending,35215.580000000016,2496.2599999999948
TXN0003274,2024-05-17,D005,R002,HARDWARE,253545.6,241913.93,139840.46,137115.51,104,Completed,-11631.670000000013,-2724.9499999999825
TXN0003275,2024-07-23,D002,R006,SUPPORT,93416.13,86194.05,64203.07,63596.52,28,Completed,-7222.080000000002,-606.5500000000029
TXN0003276,2026-12-28,D009,R001,HARDWARE,209591.18,216553.33,179190.71,178256.17,137,Pending,6962.149999999994,-934.539999999979
TXN0003277,2026-08-29,D001,R005,SOFTWARE,71916.79,70688.52,132596.44,118477.51,155,Cancelled,-1228.2699999999895,-14118.930000000008
TXN0003278,2024-09-18,D007,R004,CONSULTING,139387.13,164374.47,86856.94,113682.92,55,Completed,24987.339999999997,26825.979999999996
TXN0003279,2026-06-28,D003,R003,HARDWARE,236470.54,279308.56,119694.51,121498.66,8,Completed,42838.01999999999,1804.1500000000087
TXN0003280,2026-04-16,D008,R004,SUPPORT,81666.45,85627.3,63012.33,65457.26,72,Completed,3960.850000000006,2444.9300000000003
TXN0003281,2024-04-19,D007,R005,SERVICES,101659.66,94617.98,108982.3,93534.35,57,Cancelled,-7041.680000000008,-15447.949999999997
TXN0003282,2025-01-12,D005,R002,CONSULTING,123372.6,126267.13,67030.46,56651.5,63,Pending,2894.529999999999,-10378.960000000006
TXN0003283,2026-01-03,D006,R003,SUPPORT,67760.78,65126.9,50565.41,58576.85,141,Completed,-2633.8799999999974,8011.439999999995
TXN0003284,2024-11-12,D008,R004,SUPPORT,152493.62404958677,110908.73,74607.76,75149.68,99,Completed,-41584.89404958677,541.9199999999983
TXN0003285,2024-09-09,D007,R001,SERVICES,152493.62404958677,143405.38,82808.67,84753.21,176,Cancelled,-9088.244049586763,1944.5400000000081
TXN0003286,2026-11-01,D004,R001,HARDWARE,151618.59,149815.82,164061.49,173772.05,73,Completed,-1802.7699999999895,9710.559999999998
TXN0003287,2025-05-06,D001,R001,CONSULTING,83787.85,65958.31,65042.58,63495.53,83,Completed,-17829.540000000008,-1547.050000000003
TXN0003288,2024-10-25,D005,R002,HARDWARE,170121.32,164838.18,153286.87,156115.61,55,Completed,-5283.140000000014,2828.7399999999907
TXN0003289,2024-11-11,D002,R002,SERVICES,184233.84,178823.53,80497.69,98508.42,119,Completed,-5410.309999999998,18010.729999999996
TXN0003290,2026-03-10,D009,R001,SUPPORT,98436.58,104093.58,55039.06,60376.76,179,Cancelled,5657.0,5337.700000000004
TXN0003291,2025-02-26,D002,R002,CONSULTING,118912.92,155988.0,83578.79,76292.4,67,Completed,37075.08,-7286.389999999999
TXN0003292,2025-02-28,D003,R003,SOFTWARE,192430.42,236812.9,94544.8,82507.84,147,Cancelled,44382.47999999998,-12036.960000000006
TXN0003293,2026-08-30,D007,R004,SOFTWARE,163015.0,157555.9,115919.26,102661.05,95,Completed,-5459.100000000006,-13258.209999999992
TXN0003294,2026-03-03,D009,R005,SUBSCRIPTION,139761.46,151942.03,90254.04,101084.1,68,Completed,12180.570000000007,10830.060000000012
TXN0003295,2025-02-02,D005,R002,SUPPORT,106627.99,98729.71,75399.3,75817.43,13,Pending,-7898.279999999999,418.1299999999901
TXN0003296,2025-10-27,D010,R002,SERVICES,137696.98,173972.76,70676.39,71327.53,144,Cancelled,36275.78,651.1399999999994
TXN0003297,2025-08-11,D003,R003,SERVICES,169350.71,211974.75,88267.14,83255.78,63,Completed,42624.04000000001,-5011.360000000001
TXN0003298,2024-05-21,D001,R005,SUBSCRIPTION,152322.72,147181.33,82916.94,114381.7,106,Pending,-5141.390000000014,31464.759999999995
TXN0003299,2024-05-17,D008,R004,SUBSCRIPTION,222553.4,189581.79,84906.65,93852.3,113,Completed,-32971.609999999986,8945.650000000009
TXN0003300,2026-06-01,D003,R003,HARDWARE,149620.35,162471.76,156043.45,148147.15,71,Completed,12851.410000000003,-7896.3000000000175
TXN0003301,2026-10-01,D007,R005,SUBSCRIPTION,153049.94,168658.91,85838.73,96750.18,21,Pending,15608.970000000001,10911.449999999997
TXN0003302,2024-07-08,D010,R002,CONSULTING,161128.03,176960.3,65356.07,67600.17,8,Completed,15832.26999999999,2244.0999999999985
TXN0003303,2024-10-28,D004,R001,SOFTWARE,206384.61,170476.8,162750.69,171973.05,142,Pending,-35907.81,9222.359999999986
TXN0003304,2026-01-03,D009,R001,HARDWARE,199228.35,205900.9,155245.7,141962.54,164,Cancelled,6672.549999999988,-13283.160000000003
TXN0003305,2026-12-16,D010,R002,SUBSCRIPTION,186011.23,187847.16,61027.47,64577.87,136,Completed,1835.929999999993,3550.4000000000015
TXN0003306,2024-09-29,D010,R006,CONSULTING,126296.51,93831.4,73001.91,92254.95,127,Completed,-32465.11,19253.039999999994
TXN0003307,2024-08-10,D005,R002,SUPPORT,92258.53,72756.63,44444.87,51474.69,69,Pending,-19501.899999999994,7029.82
TXN0003308,2026-02-19,D004,R005,SUPPORT,92568.5,112707.41,65344.0,74978.29,69,Completed,20138.910000000003,9634.289999999994
TXN0003309,2025-08-04,D005,R002,SERVICES,120841.39,124150.4,96828.76,114363.68,156,Pending,3309.0099999999948,17534.92
TXN0003310,2024-07-30,D003,R003,SERVICES,101440.7,105221.62,61399.77,43913.29,43,Completed,3780.9199999999983,-17486.479999999996
TXN0003311,2024-11-17,D009,R001,CONSULTING,154761.71,160224.34,77594.32,77864.74,150,Completed,5462.630000000005,270.41999999999825
TXN0003312,2024-11-04,D003,R003,SUBSCRIPTION,191653.3,187313.55,70326.05,71221.23,152,Cancelled,-4339.75,895.179999999993
TXN0003313,2024-01-04,D004,R001,SOFTWARE,272243.11,282167.28,101770.07,87946.74,34,Completed,9924.170000000042,-13823.330000000002
TXN0003314,2024-03-02,D003,R003,SOFTWARE,184031.78,149917.56,111701.76,116494.39,21,Cancelled,-34114.22,4792.630000000005
TXN0003315,2024-08-22,D007,R004,CONSULTING,124829.8,141122.72,87473.16,74421.46,16,Completed,16292.919999999998,-13051.699999999997
TXN0003316,2026-11-09,D009,R001,SUBSCRIPTION,148710.58,123477.38,78119.83,85998.88,103,Completed,-25233.199999999983,7879.050000000003
TXN0003317,2025-01-22,D001,R001,HARDWARE,119977.07,130084.69,156409.29,144578.49,100,Pending,10107.619999999995,-11830.800000000017
TXN0003318,2025-04-26,D002,R002,SUPPORT,104795.15,94180.89,60001.5,70657.08,146,Completed,-10614.259999999995,10655.580000000002
TXN0003319,2024-06-23,D006,R003,SUPPORT,77562.79,96754.5,67721.59,64813.47,155,Cancelled,19191.710000000006,-2908.1199999999953
TXN0003320,2026-12-05,D001,R001,HARDWARE,222722.97,218175.74,169457.05,193523.42,145,Completed,-4547.2300000000105,24066.370000000024
TXN0003321,2025-09-10,D004,R001,CONSULTING,157576.8,116983.04,72606.07,76709.17,178,Completed,-40593.759999999995,4103.099999999991
TXN0003322,2026-07-04,D001,R005,CONSULTING,102422.74,106392.47,64219.1,66958.95,51,Completed,3969.729999999996,2739.8499999999985
TXN0003323,2025-05-11,D006,R003,HARDWARE,247148.11,318868.83,157867.47,165175.92,155,Pending,71720.72000000003,7308.450000000012
TXN0003324,2024-10-02,D008,R004,HARDWARE,216101.57,256209.0,176157.79,233270.69,16,Pending,40107.42999999999,57112.899999999994
TXN0003325,2026-09-03,D007,R004,SUPPORT,57413.84,41740.86,63176.87,61901.04,113,Completed,-15672.979999999996,-1275.8300000000017
TXN0003326,2025-04-09,D002,R006,HARDWARE,152493.62404958677,242279.37,114770.36,113578.59,27,Completed,89785.74595041323,-1191.770000000004
TXN0003327,2026-04-07,D004,R001,SOFTWARE,217287.04,277736.09,108479.62,91427.15,143,Completed,60449.05000000002,-17052.47
TXN0003328,2025-04-07,D007,R002,SUBSCRIPTION,115065.03,116061.84,116707.13,122182.32,163,Pending,996.8099999999977,5475.190000000002
TXN0003329,2026-01-22,D001,R001,SOFTWARE,171122.64,160177.97,102801.29,137241.64,148,Completed,-10944.670000000013,34440.35000000002
TXN0003330,2025-08-25,D007,R004,SERVICES,150140.26,175256.59,83360.95,81940.88,146,Completed,25116.329999999987,-1420.0699999999924
TXN0003331,2026-09-04,D007,R004,SUBSCRIPTION,158966.04,175925.45,94971.9,91591.21,45,Pending,16959.410000000003,-3380.689999999988
TXN0003332,2026-12-17,D010,R002,SOFTWARE,199799.84,187585.34,90061.26,82545.3,64,Cancelled,-12214.5,-7515.959999999992
TXN0003333,2024-08-30,D007,R004,SUBSCRIPTION,181789.91,181188.62,87051.09,92842.15,125,Cancelled,-601.2900000000081,5791.059999999998
TXN0003334,2026-01-15,D008,R004,SOFTWARE,142075.32,130437.55,128159.01,136265.17,12,Completed,-11637.770000000004,8106.160000000018
TXN0003335,2026-07-17,D007,R002,HARDWARE,196633.76,205026.32,110667.13,125302.09,24,Cancelled,8392.559999999998,14634.959999999992
TXN0003336,2025-04-29,D008,R004,SOFTWARE,155625.84,153482.15,113793.6,151126.65,37,Completed,-2143.6900000000023,37333.04999999999
TXN0003337,2026-04-01,D002,R002,SUPPORT,120641.57,129712.52,57645.16,51024.54,121,Cancelled,9070.949999999997,-6620.620000000003
TXN0003338,2026-02-17,D010,R002,SERVICES,125020.77,128686.77,69427.08,66689.77,8,Completed,3666.0,-2737.3099999999977
TXN0003339,2026-01-24,D002,R002,SOFTWARE,179514.96,225925.96,89399.87,101307.86,40,Completed,46411.0,11907.990000000005
TXN0003340,2025-05-10,D008,R004,SUBSCRIPTION,135891.34,134685.09,94082.06,103050.45,35,Pending,-1206.25,8968.39
TXN0003341,2024-03-07,D008,R004,SUPPORT,111988.93,126525.4,53504.94,61096.12,176,Completed,14536.470000000001,7591.18
TXN0003342,2025-01-13,D008,R004,SUBSCRIPTION,198433.09,223957.75,73912.35,93404.52,24,Completed,25524.660000000003,19492.17
TXN0003343,2024-10-23,D009,R001,SUPPORT,70891.82,155988.0,56164.32,60020.32,76,Completed,85096.18,3856.0
TXN0003344,2024-09-10,D010,R002,CONSULTING,125757.12,114954.44,80644.17,67532.01,116,Completed,-10802.679999999993,-13112.160000000003
TXN0003345,2026-04-09,D003,R003,SUBSCRIPTION,158713.03,200144.39,84402.07,89775.99,90,Cancelled,41431.360000000015,5373.919999999998
TXN0003346,2025-06-25,D010,R005,SUPPORT,60505.32,77923.59,52984.01,44236.48,98,Completed,17418.269999999997,-8747.529999999999
TXN0003347,2025-10-12,D003,R003,SUBSCRIPTION,197022.41,182154.59,90787.05,94203.54,179,Completed,-14867.820000000007,3416.4899999999907
TXN0003348,2025-10-15,D006,R003,SOFTWARE,167389.56,184707.6,108575.08,142647.43,116,Cancelled,17318.040000000008,34072.34999999999
TXN0003349,2026-01-21,D003,R005,SERVICES,100378.65,80741.14,86344.87,90536.51,132,Completed,-19637.509999999995,4191.639999999999
TXN0003350,2026-03-28,D010,R005,SOFTWARE,91175.74,79085.44,116832.58,118786.4,61,Completed,-12090.300000000003,1953.8199999999924
TXN0003351,2026-07-29,D007,R004,SOFTWARE,156270.8,128862.41,94028.06,91255.53,48,Completed,-27408.389999999985,-2772.529999999999
TXN0003352,2024-12-29,D003,R003,CONSULTING,98000.1,97590.39,69783.83,96608.63,133,Completed,-409.7100000000064,26824.800000000003
TXN0003353,2025-07-27,D009,R001,SUPPORT,101842.81,115567.27,62501.48,62962.06,6,Completed,13724.460000000006,460.57999999999447
TXN0003354,2026-11-24,D002,R002,SUPPORT,88211.52,155988.0,56956.92,74004.03,51,Completed,67776.48,17047.11
TXN0003355,2024-03-07,D005,R002,SERVICES,214042.34,223100.9,75933.98,101074.1,39,Pending,9058.559999999998,25140.12000000001
TXN0003356,2026-03-02,D002,R002,SUBSCRIPTION,142859.13,154657.93,85803.75,74372.61,6,Pending,11798.799999999988,-11431.14
TXN0003357,2024-04-30,D002,R006,SUBSCRIPTION,180586.72,173084.11,63243.0,49358.47,28,Completed,-7502.610000000015,-13884.529999999999
TXN0003358,2024-12-30,D010,R002,SOFTWARE,152493.62404958677,175303.32,122214.75,143347.75,123,Completed,22809.69595041324,21133.0
TXN0003359,2024-06-14,D002,R002,CONSULTING,152418.68,147349.72,71741.68,68107.39,16,Completed,-5068.959999999992,-3634.2899999999936
TXN0003360,2024-04-19,D004,R001,CONSULTING,118222.57,97650.3,71878.64,84798.03,150,Completed,-20572.270000000004,12919.39
TXN0003361,2026-05-31,D004,R006,SOFTWARE,168085.37,191940.31,116964.28,122465.21,156,Completed,23854.940000000002,5500.930000000008
TXN0003362,2024-06-26,D001,R006,HARDWARE,205173.74,195586.58,141235.83,132128.55,134,Cancelled,-9587.160000000003,-9107.279999999999
TXN0003363,2025-08-23,D005,R002,HARDWARE,207362.92,233266.16,168555.95,159088.08,63,Completed,25903.23999999999,-9467.870000000024
TXN0003364,2025-12-03,D010,R002,CONSULTING,89116.42,89463.67,91962.72,94128.32,110,Completed,347.25,2165.600000000006
TXN0003365,2026-08-25,D003,R003,HARDWARE,307388.6,330346.69,105872.5,108261.2,34,Pending,22958.090000000026,2388.699999999997
TXN0003366,2026-11-20,D002,R002,SUPPORT,80705.16,73337.41,72490.3,73466.97,41,Pending,-7367.75,976.6699999999983
TXN0003367,2024-06-18,D004,R001,SUBSCRIPTION,205819.11,185415.1,80491.23,85688.0,59,Completed,-20404.00999999998,5196.770000000004
TXN0003368,2024-10-11,D001,R001,SOFTWARE,199380.86,205164.73,132865.59,122964.82,95,Cancelled,5783.870000000024,-9900.76999999999
TXN0003369,2025-10-01,D010,R001,SUPPORT,109756.43,112604.52,47041.32,39840.72,22,Pending,2848.090000000011,-7200.5999999999985
TXN0003370,2026-07-01,D005,R002,SUPPORT,95734.51,91079.83,33623.81,36429.44,117,Completed,-4654.679999999993,2805.6300000000047
TXN0003371,2025-11-21,D009,R001,SERVICES,164989.49,166650.36,93174.32,108600.8,43,Pending,1660.8699999999953,15426.479999999996
TXN0003372,2026-10-06,D009,R006,SUBSCRIPTION,180023.7,202436.77,106232.85,137691.69,14,Pending,22413.069999999978,31458.839999999997
TXN0003373,2025-03-24,D008,R004,SUBSCRIPTION,142427.69,149527.67,89242.39,89603.45,96,Completed,7099.9800000000105,361.0599999999977
TXN0003374,2025-09-13,D009,R001,SUBSCRIPTION,151147.73,175919.16,107912.76,96185.54,50,Completed,24771.429999999993,-11727.220000000001
TXN0003375,2025-02-09,D004,R001,SUPPORT,70873.86,69092.18,45812.04,54804.54,108,Completed,-1781.6800000000076,8992.5
TXN0003376,2026-01-07,D009,R006,SOFTWARE,145982.8,142250.06,114738.54,146608.74,118,Completed,-3732.7399999999907,31870.199999999997
TXN0003377,2025-11-18,D001,R001,CONSULTING,100736.81,114724.55,81869.21,77014.13,95,Completed,13987.740000000005,-4855.080000000002
TXN0003378,2025-02-25,D006,R003,SERVICES,134007.09,132460.31,79412.34,96123.45,149,Completed,-1546.7799999999988,16711.11
TXN0003379,2025-11-13,D001,R001,SUBSCRIPTION,174638.1,180973.78,113942.97,136525.5,88,Completed,6335.679999999993,22582.53
TXN0003381,2024-06-19,D002,R002,SOFTWARE,126060.84,136103.16,133633.2,135724.08,30,Pending,10042.320000000007,2090.8799999999756
TXN0003382,2024-09-02,D009,R001,SOFTWARE,163965.87,175328.72,87395.1,91914.18,41,Completed,11362.850000000006,4519.079999999987
TXN0003383,2026-07-03,D005,R002,CONSULTING,134888.98,106647.58,78366.68,67710.04,18,Completed,-28241.40000000001,-10656.64
TXN0003384,2026-01-29,D003,R003,CONSULTING,169116.15,177574.38,108493.43,122340.95,64,Completed,8458.23000000001,13847.520000000004
TXN0003385,2024-12-28,D005,R002,SOFTWARE,156274.05,161647.25,100262.49,101048.92,5,Completed,5373.200000000012,786.429999999993
TXN0003386,2026-01-01,D003,R003,HARDWARE,255365.01,247956.18,139464.08,131988.09,20,Completed,-7408.830000000016,-7475.989999999991
TXN0003387,2024-04-13,D003,R003,SUPPORT,85943.39,70350.26,50614.76,58025.84,25,Completed,-15593.130000000005,7411.0799999999945
TXN0003388,2025-09-01,D002,R001,SUPPORT,59611.89,58429.1,68378.45,66772.54,93,Cancelled,-1182.7900000000009,-1605.9100000000035
TXN0003389,2025-11-26,D005,R002,SUBSCRIPTION,202018.62,215621.09,93879.7,109076.68,13,Pending,13602.470000000001,15196.979999999996
TXN0003390,2026-06-26,D005,R006,SOFTWARE,117379.41,108708.39,105601.43,112743.06,53,Completed,-8671.020000000004,7141.630000000005
TXN0003391,2025-12-25,D008,R004,SOFTWARE,161498.09,161056.06,146038.67,141716.21,156,Completed,-442.02999999999884,-4322.460000000021
TXN0003392,2024-05-14,D001,R001,SUPPORT,89444.12,78410.79,64413.29,47837.01,17,Completed,-11033.330000000002,-16576.28
TXN0003393,2025-03-18,D007,R004,SUBSCRIPTION,90304.2,93222.34,57400.58,59019.02,82,Completed,2918.1399999999994,1618.439999999995
TXN0003394,2024-08-30,D004,R001,SUBSCRIPTION,191561.16,162349.24,94817.63,97460.7,5,Completed,-29211.920000000013,2643.0699999999924
TXN0003395,2025-03-15,D006,R003,SOFTWARE,162735.61,140317.07,90059.08,89886.16,114,Completed,-22418.53999999998,-172.91999999999825
TXN0003396,2024-11-05,D009,R001,HARDWARE,203548.16,170202.87,113997.1,141610.65,23,Cancelled,-33345.29000000001,27613.54999999999
TXN0003397,2025-03-29,D005,R002,SOFTWARE,200816.17,212511.09,87620.82,87375.54,172,Completed,11694.919999999984,-245.2800000000134
TXN0003398,2026-05-01,D010,R002,SERVICES,116159.79,123535.32,114423.26,100074.57,93,Completed,7375.530000000013,-14348.689999999988
TXN0003399,2024-10-27,D006,R003,HARDWARE,221896.4,260046.76,138464.83,131964.69,16,Completed,38150.360000000015,-6500.139999999985
TXN0003400,2026-09-24,D007,R005,CONSULTING,107763.19,109249.03,68592.91,70074.38,150,Cancelled,1485.8399999999965,1481.4700000000012
TXN0003401,2026-05-27,D001,R001,CONSULTING,144598.52,183860.78,47034.99,38040.43,145,Completed,39262.26000000001,-8994.559999999998
TXN0003402,2026-06-18,D002,R002,SUPPORT,92328.55,77840.29,51323.15,45122.24,127,Completed,-14488.26000000001,-6200.9100000000035
TXN0003403,2026-07-09,D001,R001,SERVICES,92220.75,110170.77,71847.63,70216.05,133,Completed,17950.020000000004,-1631.5800000000017
TXN0003404,2025-01-31,D003,R003,SERVICES,141417.38,138682.08,65910.12,61605.36,150,Completed,-2735.3000000000175,-4304.759999999995
TXN0003405,2025-05-04,D005,R002,HARDWARE,192132.02,170424.02,145320.99,189327.33,10,Completed,-21708.0,44006.34
TXN0003406,2024-11-17,D007,R004,CONSULTING,116439.46,129866.88,78038.63,92292.39,90,Completed,13427.419999999998,14253.759999999995
TXN0003407,2025-12-13,D001,R001,SUPPORT,93864.63,86371.77,51185.8,51696.34,7,Completed,-7492.860000000001,510.5399999999936
TXN0003408,2025-03-10,D008,R004,CONSULTING,108672.48,112445.91,75547.43,64233.63,70,Completed,3773.4300000000076,-11313.799999999996
TXN0003409,2026-07-29,D007,R004,SOFTWARE,157969.08,180967.85,118858.59,102710.5,142,Completed,22998.77000000002,-16148.089999999997
TXN0003410,2025-01-17,D003,R003,SUPPORT,94234.75,93561.66,51352.26,50829.39,174,Cancelled,-673.0899999999965,-522.8700000000026
TXN0003411,2025-09-22,D003,R003,SERVICES,131258.77,155338.93,62156.96,71578.67,89,Completed,24080.160000000003,9421.71
TXN0003412,2024-03-22,D002,R005,SUBSCRIPTION,134659.73,143523.67,78475.09,80542.57,169,Pending,8863.940000000002,2067.4800000000105
TXN0003413,2026-04-27,D001,R001,SOFTWARE,224343.4,251973.27,97776.74,106314.17,135,Completed,27629.869999999995,8537.429999999993
TXN0003414,2026-02-25,D004,R005,SOFTWARE,196866.17,198950.22,109304.51,100855.74,105,Pending,2084.0499999999884,-8448.76999999999
TXN0003415,2024-01-14,D004,R001,SUBSCRIPTION,163765.42,172189.41,97791.13,108784.0,77,Completed,8423.98999999999,10992.869999999995
TXN0003416,2026-12-07,D008,R004,SUBSCRIPTION,171812.37,173543.33,75052.1,54116.65,87,Cancelled,1730.9599999999919,-20935.450000000004
TXN0003417,2026-05-17,D003,R003,SUBSCRIPTION,168097.56,135675.6,88693.25,99923.54,84,Completed,-32421.959999999992,11230.289999999994
TXN0003418,2025-01-01,D007,R005,CONSULTING,168138.34,197351.4,93801.03,99042.15,7,Completed,29213.059999999998,5241.119999999995
TXN0003419,2025-01-17,D008,R004,SUBSCRIPTION,116639.55,97796.94,86224.84,86274.13,24,Completed,-18842.61,49.29000000000815
TXN0003420,2024-09-15,D008,R004,SOFTWARE,190513.94,212771.62,89453.81,88416.25,5,Pending,22257.679999999993,-1037.5599999999977
TXN0003421,2024-11-27,D002,R002,HARDWARE,212484.78,264446.77,156747.63,204294.41,62,Cancelled,51961.99000000002,47546.78
TXN0003422,2024-10-12,D001,R001,CONSULTING,128796.26,175818.06,78799.0,90525.29,30,Cancelled,47021.8,11726.289999999994
TXN0003423,2026-09-28,D003,R005,SUBSCRIPTION,141590.58,156876.68,56617.3,74628.08,6,Completed,15286.100000000006,18010.78
TXN0003424,2024-08-17,D010,R002,SOFTWARE,181898.77,176019.2,129868.76,135897.58,133,Pending,-5879.569999999978,6028.819999999992
TXN0003425,2024-06-16,D004,R001,HARDWARE,223898.13,272642.69,139757.19,150102.74,155,Completed,48744.56,10345.549999999988
TXN0003426,2026-08-21,D010,R002,SUPPORT,76192.19,98923.41,53703.09,57139.9,47,Completed,22731.22,3436.810000000005
TXN0003427,2024-04-13,D007,R004,SOFTWARE,165046.97,228214.05,116771.61,131712.44,91,Completed,63167.07999999999,14940.830000000002
TXN0003428,2025-03-18,D008,R004,SUPPORT,92351.41,79496.64,92964.0,49343.41,22,Cancelled,-12854.770000000004,-43620.59
TXN0003429,2026-07-11,D007,R004,SERVICES,116427.99,127465.28,96431.72,102507.31,153,Pending,11037.289999999994,6075.5899999999965
TXN0003430,2025-10-11,D003,R003,HARDWARE,250624.33,261431.75,135177.64,125486.72,84,Completed,10807.420000000013,-9690.920000000013
TXN0003431,2024-10-12,D002,R002,SERVICES,129203.6,121367.42,67550.04,59087.03,127,Completed,-7836.180000000008,-8463.009999999995
TXN0003432,2025-08-26,D001,R005,SUBSCRIPTION,138305.99,165991.76,105901.39,102469.1,142,Completed,27685.77000000002,-3432.2899999999936
TXN0003433,2024-01-05,D004,R001,SERVICES,103773.85,112693.82,78464.61,82967.76,69,Completed,8919.970000000001,4503.149999999994
TXN0003434,2025-08-03,D005,R002,HARDWARE,273867.68,297495.38,124445.49,160423.15,38,Cancelled,23627.70000000001,35977.65999999999
TXN0003435,2025-05-02,D002,R006,SUBSCRIPTION,173628.6,171964.0,105871.61,95696.03,7,Completed,-1664.6000000000058,-10175.580000000002
TXN0003436,2025-01-03,D001,R001,SUBSCRIPTION,121665.53,140028.47,44048.96,43531.2,17,Completed,18362.940000000002,-517.760000000002
TXN0003437,2024-09-24,D003,R003,SERVICES,130146.81,131339.55,79177.13,69451.4,117,Pending,1192.7399999999907,-9725.73000000001
TXN0003438,2024-07-30,D006,R003,SERVICES,179527.06,175525.22,79299.78,65233.44,67,Completed,-4001.8399999999965,-14066.339999999997
TXN0003439,2024-10-07,D004,R005,SUBSCRIPTION,164008.05,164036.22,79771.94,63929.66,111,Completed,28.170000000012806,-15842.279999999999
TXN0003440,2025-07-02,D001,R001,CONSULTING,140094.62,137663.94,52521.06,52771.94,5,Completed,-2430.679999999993,250.88000000000466
TXN0003441,2025-04-17,D006,R003,SUBSCRIPTION,163235.33,155574.18,124442.98,152853.5,117,Pending,-7661.149999999994,28410.520000000004
TXN0003442,2024-07-15,D008,R004,SUBSCRIPTION,190602.07,234485.39,98486.92,103976.61,161,Cancelled,43883.32000000001,5489.690000000002
TXN0003443,2024-02-16,D004,R001,SOFTWARE,182307.9,192345.11,94087.16,101318.57,171,Completed,10037.209999999992,7231.4100000000035
TXN0003444,2024-05-31,D010,R002,SUPPORT,61800.99,58819.45,50405.25,50090.83,125,Completed,-2981.540000000001,-314.41999999999825
TXN0003445,2024-11-21,D007,R004,SOFTWARE,188645.17,186587.66,98044.49,91171.92,154,Cancelled,-2057.5100000000093,-6872.570000000007
TXN0003446,2025-06-23,D004,R001,SOFTWARE,188907.76,191926.01,113598.24,103310.06,68,Cancelled,3018.25,-10288.180000000008
TXN0003447,2024-11-28,D005,R006,CONSULTING,102570.49,125884.94,68636.27,75277.71,43,Cancelled,23314.449999999997,6641.440000000002
TXN0003448,2024-08-30,D002,R002,SERVICES,131833.38,135980.32,64041.95,70376.09,112,Pending,4146.940000000002,6334.139999999999
TXN0003449,2026-11-04,D001,R001,HARDWARE,206845.76,226174.37,179829.62,186658.79,147,Completed,19328.609999999986,6829.170000000013
TXN0003450,2026-01-08,D007,R004,CONSULTING,114564.56,100553.0,80925.16,107768.44,15,Pending,-14011.559999999998,26843.28
TXN0003451,2024-06-21,D004,R001,SERVICES,162655.85,184417.57,117599.53,137080.14,151,Cancelled,21761.72,19480.610000000015
TXN0003452,2025-12-09,D007,R004,SOFTWARE,167691.52,137960.26,112039.15,115989.81,153,Completed,-29731.25999999998,3950.6600000000035
TXN0003453,2026-06-22,D005,R002,SOFTWARE,167696.71,138774.28,128949.3,136923.85,115,Pending,-28922.429999999993,7974.550000000003
TXN0003454,2025-01-21,D004,R001,SUBSCRIPTION,118029.62,88376.04,96097.8,99468.67,62,Cancelled,-29653.58,3370.8699999999953
TXN0003455,2026-10-02,D007,R004,HARDWARE,302567.18,325487.14,91889.93,106695.45,47,Pending,22919.96000000002,14805.520000000004
TXN0003456,2026-02-28,D004,R001,SERVICES,153877.12,162083.17,96807.19,81471.51,39,Pending,8206.050000000017,-15335.680000000008
TXN0003457,2025-07-06,D002,R002,SERVICES,158072.68,173395.58,77324.7,98689.13,60,Pending,15322.899999999994,21364.430000000008
TXN0003458,2025-04-12,D003,R003,SUPPORT,77057.84,86216.91,64050.62,69176.32,172,Cancelled,9159.070000000007,5125.700000000004
TXN0003459,2024-07-26,D006,R003,SERVICES,211558.5,275620.11,89842.04,90403.16,178,Cancelled,64061.609999999986,561.1200000000099
TXN0003460,2026-12-29,D009,R001,SUBSCRIPTION,133924.76,116845.72,120310.38,141410.47,131,Cancelled,-17079.040000000008,21100.089999999997
TXN0003461,2026-04-14,D010,R002,SUBSCRIPTION,131994.77,118145.61,120724.5,125759.44,42,Completed,-13849.159999999989,5034.940000000002
TXN0003462,2024-06-22,D005,R002,SUPPORT,129080.5,107643.34,47215.62,45123.16,173,Cancelled,-21437.160000000003,-2092.459999999999
TXN0003463,2025-03-27,D010,R002,HARDWARE,174893.36,138671.02,140469.17,144531.02,56,Cancelled,-36222.34,4061.8499999999767
TXN0003464,2025-07-30,D006,R003,SERVICES,131942.55,124459.44,69575.86,55622.95,122,Completed,-7483.109999999986,-13952.910000000003
TXN0003465,2026-12-24,D006,R003,HARDWARE,254356.15,267867.08,178180.01,182080.31,65,Completed,13510.930000000022,3900.2999999999884
TXN0003466,2024-12-03,D004,R001,SERVICES,120288.89,132581.4,87126.02,90422.11,66,Completed,12292.509999999995,3296.0899999999965
TXN0003467,2026-12-19,D002,R002,HARDWARE,207026.74,245385.79,153025.89,153395.15,132,Pending,38359.05000000002,369.2599999999802
TXN0003468,2025-06-30,D001,R001,SUPPORT,49079.43,53725.77,56126.3,52089.24,99,Pending,4646.3399999999965,-4037.060000000005
TXN0003469,2025-04-07,D007,R004,SUBSCRIPTION,173338.39,163149.35,84869.26,107914.75,132,Completed,-10189.040000000008,23045.490000000005
TXN0003470,2025-03-07,D008,R004,SUPPORT,112937.75,106971.4,63809.37,74244.38,167,Completed,-5966.350000000006,10435.010000000002
TXN0003471,2026-06-13,D004,R001,SERVICES,146012.32,140130.17,99182.97,101489.23,99,Cancelled,-5882.149999999994,2306.2599999999948
TXN0003472,2026-03-15,D008,R004,HARDWARE,160503.99,155803.72,143544.23,193140.96,103,Cancelled,-4700.2699999999895,49596.72999999998
TXN0003473,2026-01-06,D009,R001,SOFTWARE,184554.03,178100.2,116036.5,83004.02,58,Completed,-6453.829999999987,-33032.479999999996
TXN0003474,2026-01-27,D003,R006,HARDWARE,301584.48,234722.77,134610.69,126265.01,10,Cancelled,-66861.70999999999,-8345.680000000008
TXN0003475,2025-09-19,D001,R001,SUBSCRIPTION,174903.57,176765.14,80747.54,90517.72,135,Completed,1861.570000000007,9770.180000000008
TXN0003476,2024-10-19,D006,R003,CONSULTING,146087.57,139359.43,68026.06,74320.09,87,Completed,-6728.140000000014,6294.029999999999
TXN0003477,2026-03-07,D010,R002,HARDWARE,196570.91,180167.69,144832.09,149271.96,51,Completed,-16403.22,4439.869999999995
TXN0003478,2025-05-05,D004,R006,SERVICES,165279.05,163456.51,88152.38,93905.74,99,Cancelled,-1822.539999999979,5753.360000000001
TXN0003479,2024-07-09,D002,R002,CONSULTING,122065.67,126155.0,72998.63,72278.05,78,Completed,4089.3300000000017,-720.5800000000017
TXN0003480,2025-04-02,D005,R002,SUBSCRIPTION,185977.55,147939.82,83703.8,60290.31,68,Completed,-38037.72999999998,-23413.490000000005
TXN0003481,2025-10-10,D007,R004,HARDWARE,152493.62404958677,232099.47,139630.31,146205.16,84,Completed,79605.84595041323,6574.850000000006
TXN0003482,2025-03-26,D007,R001,CONSULTING,152593.77,153243.37,78524.75,82996.36,173,Pending,649.6000000000058,4471.610000000001
TXN0003483,2024-07-02,D004,R001,SUPPORT,100045.51,96132.07,47842.43,54983.54,12,Cancelled,-3913.439999999988,7141.110000000001
TXN0003484,2025-12-30,D002,R002,SUBSCRIPTION,150980.95,150264.68,130078.59,153014.18,47,Completed,-716.2700000000186,22935.589999999997
TXN0003485,2025-07-29,D002,R006,SOFTWARE,212363.13,202922.9,58756.72,80256.68,86,Completed,-9440.23000000001,21499.959999999992
TXN0003486,2025-07-26,D004,R001,SUPPORT,126388.25,130982.6,59899.8,58808.14,50,Pending,4594.350000000006,-1091.6600000000035
TXN0003487,2025-06-30,D009,R001,HARDWARE,246011.9,214238.22,139255.41,122091.38,179,Pending,-31773.679999999993,-17164.03
TXN0003488,2024-01-12,D001,R001,SERVICES,158334.19,158225.13,82973.99,66456.87,170,Completed,-109.05999999999767,-16517.12000000001
TXN0003489,2024-10-29,D009,R001,HARDWARE,214346.11,252297.46,113811.3,121828.95,61,Pending,37951.350000000006,8017.649999999994
TXN0003490,2026-05-30,D008,R004,SUBSCRIPTION,189165.54,194972.85,84108.02,75018.54,107,Completed,5807.309999999998,-9089.48000000001
TXN0003491,2024-07-01,D007,R004,CONSULTING,108527.55,93523.66,69230.11,73446.22,33,Completed,-15003.89,4216.110000000001
TXN0003492,2026-01-01,D001,R001,SOFTWARE,179128.44,149244.33,112968.99,99665.17,44,Pending,-29884.110000000015,-13303.820000000007
TXN0003493,2026-11-29,D009,R006,HARDWARE,244080.47,261046.42,147260.52,144315.73,173,Completed,16965.95000000001,-2944.789999999979
TXN0003494,2024-12-30,D001,R005,CONSULTING,146380.44,117723.55,71796.24,71130.17,37,Completed,-28656.89,-666.070000000007
TXN0003495,2025-03-02,D005,R002,CONSULTING,112965.7,116686.84,55917.28,61315.37,35,Pending,3721.1399999999994,5398.090000000004
TXN0003496,2024-09-09,D001,R001,SERVICES,128336.67,124590.74,94145.36,91724.61,60,Pending,-3745.929999999993,-2420.75
TXN0003497,2024-06-26,D009,R001,SUPPORT,98399.91,88420.87,58616.1,60833.06,131,Completed,-9979.040000000008,2216.959999999999
TXN0003498,2026-02-13,D001,R001,SERVICES,119046.74,124290.0,90834.49,96368.9,164,Completed,5243.259999999995,5534.409999999989
TXN0003499,2026-11-03,D006,R003,SUBSCRIPTION,172834.53,189134.33,98946.09,100396.7,50,Completed,16299.799999999988,1450.6100000000006
TXN0003500,2026-09-19,D010,R002,SUBSCRIPTION,194659.65,184092.91,97691.56,87462.83,68,Completed,-10566.73999999999,-10228.729999999996
TXN0003501,2025-12-22,D003,R003,SUBSCRIPTION,155126.65,153513.06,89416.48,102908.05,173,Completed,-1613.5899999999965,13491.570000000007
TXN0003502,2026-06-25,D004,R001,SERVICES,93632.2,98421.25,81381.53,81274.61,63,Cancelled,4789.050000000003,-106.91999999999825
TXN0003503,2024-12-22,D004,R001,SUBSCRIPTION,142869.18,161623.22,90587.49,86361.88,5,Completed,18754.040000000008,-4225.610000000001
TXN0003504,2025-03-30,D006,R003,SUPPORT,90852.48,92156.34,56409.27,54126.32,95,Completed,1303.8600000000006,-2282.949999999997
TXN0003505,2024-06-27,D003,R003,CONSULTING,145343.37,120844.66,95087.38,109659.77,134,Completed,-24498.709999999992,14572.39
TXN0003506,2024-10-04,D001,R001,SOFTWARE,125542.74,132451.69,123157.94,112909.92,146,Pending,6908.949999999997,-10248.020000000004
TXN0003507,2025-02-28,D001,R001,CONSULTING,114503.58,90396.34,71027.59,78040.25,35,Cancelled,-24107.240000000005,7012.6600000000035
TXN0003508,2026-02-19,D003,R003,SERVICES,124003.15,134582.31,63061.43,69275.67,14,Completed,10579.160000000003,6214.239999999998
TXN0003509,2026-03-22,D001,R001,SERVICES,109884.22,88483.96,85727.79,95830.82,30,Completed,-21400.259999999995,10103.030000000013
TXN0003510,2025-09-01,D009,R001,SUBSCRIPTION,172269.52,175729.13,118377.77,126432.07,27,Pending,3459.610000000015,8054.300000000003
TXN0003511,2026-12-29,D007,R004,HARDWARE,202902.09,193617.19,106409.43,119966.37,71,Pending,-9284.899999999994,13556.940000000002
TXN0003512,2025-06-21,D008,R004,CONSULTING,107084.96,110178.47,67564.63,71257.52,38,Completed,3093.5099999999948,3692.8899999999994
TXN0003513,2024-08-11,D004,R001,SERVICES,161390.69,168592.57,90389.29,119433.81,41,Completed,7201.880000000005,29044.520000000004
TXN0003514,2025-08-21,D009,R005,SUBSCRIPTION,112057.62,112865.66,94266.03,106199.64,69,Completed,808.0400000000081,11933.61
TXN0003515,2024-11-11,D006,R003,SUPPORT,67682.46,72301.39,41356.68,49032.08,175,Completed,4618.929999999993,7675.4000000000015
TXN0003516,2026-09-04,D003,R003,HARDWARE,121384.84,105048.25,129537.67,116335.7,19,Pending,-16336.589999999997,-13201.970000000001
TXN0003517,2025-11-22,D003,R003,SUBSCRIPTION,123332.95,123357.1,106306.64,94429.11,59,Completed,24.15000000000873,-11877.529999999999
TXN0003518,2026-07-09,D001,R001,SERVICES,140932.76,157787.92,79191.3,92519.64,67,Completed,16855.160000000003,13328.339999999997
TXN0003519,2026-03-23,D002,R002,HARDWARE,152493.62404958677,274985.53,161376.75,180887.32,180,Pending,122491.90595041326,19510.570000000007
TXN0003520,2024-01-13,D005,R002,SERVICES,148061.18,122205.15,97821.59,99203.35,129,Completed,-25856.03,1381.7600000000093
TXN0003521,2024-06-09,D004,R001,HARDWARE,173650.74,219749.31,127199.28,110691.91,172,Cancelled,46098.57000000001,-16507.369999999995
TXN0003522,2024-05-26,D006,R003,SUPPORT,90769.74,93427.36,46548.33,51344.17,61,Pending,2657.6199999999953,4795.8399999999965
TXN0003523,2026-07-11,D003,R003,SOFTWARE,189953.41,180748.33,110778.03,146418.1,78,Pending,-9205.080000000016,35640.07000000001
TXN0003524,2026-08-27,D004,R001,SUPPORT,85715.42,69817.94,50214.55,49246.43,173,Completed,-15897.479999999996,-968.1200000000026
TXN0003525,2024-02-04,D007,R006,CONSULTING,104796.55,94654.79,83669.07,82732.15,97,Completed,-10141.76000000001,-936.9200000000128
TXN0003526,2024-05-17,D005,R002,SERVICES,142092.56,152216.84,90740.81,91641.88,99,Completed,10124.279999999999,901.070000000007
TXN0003527,2024-05-27,D007,R004,HARDWARE,209343.21,227626.54,121699.81,132763.87,24,Cancelled,18283.330000000016,11064.059999999998
TXN0003528,2024-04-02,D006,R003,HARDWARE,229937.35,280262.21,153492.5,149993.84,150,Completed,50324.860000000015,-3498.6600000000035
TXN0003529,2025-09-03,D010,R002,SUBSCRIPTION,134622.79,123471.47,94051.53,89773.91,156,Completed,-11151.320000000007,-4277.619999999995
TXN0003530,2025-01-13,D008,R004,HARDWARE,256298.46,271412.76,151600.68,150492.37,20,Pending,15114.300000000017,-1108.3099999999977
TXN0003531,2025-03-06,D001,R001,SOFTWARE,181368.89,170225.4,102886.89,109569.61,48,Pending,-11143.49000000002,6682.720000000001
TXN0003532,2026-10-13,D003,R003,SOFTWARE,230809.67,217993.49,116128.69,111310.46,29,Completed,-12816.180000000022,-4818.229999999996
TXN0003533,2025-02-17,D002,R002,SOFTWARE,200840.83,188217.32,116861.63,102986.08,151,Completed,-12623.50999999998,-13875.550000000003
TXN0003534,2026-06-04,D007,R004,SUBSCRIPTION,171048.96,119089.29,88279.86,111295.22,123,Cancelled,-51959.67,23015.36
TXN0003535,2024-03-15,D010,R002,CONSULTING,71337.3,83214.43,73797.71,98156.46,149,Cancelled,11877.12999999999,24358.75
TXN0003536,2026-05-23,D008,R004,SERVICES,145738.27,154557.9,75017.53,82934.47,130,Pending,8819.630000000005,7916.940000000002
TXN0003537,2026-06-15,D004,R005,SERVICES,121100.77,121678.78,73477.13,69586.1,171,Pending,578.0099999999948,-3891.029999999999
TXN0003538,2026-12-22,D001,R001,HARDWARE,67287.54,71599.48,169923.14,178805.44,141,Cancelled,4311.940000000002,8882.299999999988
TXN0003539,2025-12-22,D008,R004,CONSULTING,147431.54,148898.08,69864.01,69047.0,65,Completed,1466.539999999979,-817.0099999999948
TXN0003540,2025-09-24,D010,R002,SUPPORT,152493.62404958677,94795.04,51979.61,67879.24,56,Completed,-57698.584049586774,15899.630000000005
TXN0003541,2025-04-11,D010,R002,CONSULTING,134397.83,130825.9,77135.32,65506.74,84,Completed,-3571.929999999993,-11628.580000000009
TXN0003542,2025-11-16,D001,R001,SUPPORT,84554.37,95443.05,53949.08,57079.6,51,Completed,10888.680000000008,3130.519999999997
TXN0003543,2024-04-09,D002,R002,SERVICES,142974.3,165464.88,76722.66,81329.17,155,Completed,22490.580000000016,4606.509999999995
TXN0003544,2026-09-22,D006,R003,HARDWARE,192069.0,155988.0,190677.53,186198.04,101,Completed,-36081.0,-4479.489999999991
TXN0003545,2025-04-08,D005,R002,CONSULTING,118181.56,120930.32,69366.07,73328.72,127,Completed,2748.7600000000093,3962.649999999994
TXN0003546,2026-08-08,D001,R006,SUBSCRIPTION,167777.43,159910.78,110140.19,109725.52,106,Completed,-7866.649999999994,-414.66999999999825
TXN0003547,2026-10-13,D005,R002,CONSULTING,127429.55,126771.04,81724.36,57043.41,107,Completed,-658.5100000000093,-24680.949999999997
TXN0003548,2025-09-25,D010,R002,CONSULTING,151756.39,142866.51,58826.94,61086.82,27,Pending,-8889.880000000005,2259.8799999999974
TXN0003549,2026-05-23,D004,R001,HARDWARE,213325.58,212259.73,154091.77,131322.57,13,Completed,-1065.8499999999767,-22769.199999999983
TXN0003550,2025-12-23,D006,R006,SERVICES,117905.84,129446.25,97495.74,94802.73,85,Completed,11540.410000000003,-2693.0100000000093
TXN0003551,2026-01-03,D008,R004,SUBSCRIPTION,161508.34,145416.58,106754.33,98138.98,74,Cancelled,-16091.76000000001,-8615.350000000006
TXN0003552,2026-06-22,D007,R004,CONSULTING,154076.61,202249.26,59025.97,79223.25,25,Completed,48172.65000000002,20197.28
TXN0003553,2026-02-17,D010,R002,SERVICES,179150.59,209937.04,90237.47,96065.37,62,Completed,30786.45000000001,5827.899999999994
TXN0003554,2026-12-08,D004,R006,SUBSCRIPTION,187610.79,178420.67,92211.09,89592.65,7,Completed,-9190.119999999995,-2618.4400000000023
TXN0003555,2026-12-19,D007,R003,SERVICES,163336.9,170879.8,84950.07,97990.51,46,Pending,7542.899999999994,13040.439999999988
TXN0003556,2025-05-09,D007,R004,CONSULTING,135622.18,109045.3,77692.96,88443.33,65,Completed,-26576.87999999999,10750.369999999995
TXN0003557,2025-11-17,D006,R003,SUBSCRIPTION,195379.83,145062.86,68776.69,79367.49,161,Pending,-50316.97,10590.800000000003
TXN0003558,2026-09-06,D006,R003,CONSULTING,145103.14,190840.31,69677.51,80310.48,68,Completed,45737.169999999984,10632.970000000001
TXN0003559,2025-03-29,D006,R003,HARDWARE,213542.77,219440.25,92964.0,142854.75,83,Completed,5897.4800000000105,49890.75
TXN0003560,2024-05-09,D002,R002,HARDWARE,295587.54,247915.34,161096.75,141478.01,106,Cancelled,-47672.19999999998,-19618.73999999999
TXN0003561,2025-11-05,D010,R002,SUBSCRIPTION,185192.93,177029.92,85354.45,90668.35,71,Completed,-8163.00999999998,5313.900000000009
TXN0003562,2025-06-07,D010,R002,SERVICES,189959.33,222727.82,117535.26,153028.48,109,Completed,32768.49000000002,35493.220000000016
TXN0003563,2024-12-16,D001,R001,SUPPORT,74673.75,101809.64,62961.8,64296.16,42,Completed,27135.89,1334.3600000000006
TXN0003564,2026-10-05,D001,R001,SUBSCRIPTION,133380.04,135650.44,86595.47,102308.38,37,Cancelled,2270.399999999994,15712.910000000003
TXN0003565,2026-12-27,D008,R004,SERVICES,109729.44,94961.35,73606.71,73108.27,169,Cancelled,-14768.089999999997,-498.4400000000023
TXN0003566,2024-07-23,D010,R002,HARDWARE,289916.22,332603.55,139265.3,145145.22,68,Completed,42687.330000000016,5879.920000000013
TXN0003567,2026-01-07,D002,R002,SUBSCRIPTION,175575.85,192198.93,56119.87,57658.33,38,Completed,16623.079999999987,1538.4599999999991
TXN0003568,2024-03-29,D003,R003,CONSULTING,110082.73,116628.85,68841.35,67353.38,127,Completed,6546.12000000001,-1487.9700000000012
TXN0003569,2025-12-13,D005,R002,SUBSCRIPTION,175897.84,166855.99,98197.94,97675.09,54,Completed,-9041.850000000006,-522.8500000000058
TXN0003570,2024-09-27,D007,R004,CONSULTING,118499.92,124075.57,76187.11,78948.1,37,Completed,5575.650000000009,2760.9900000000052
TXN0003571,2026-05-06,D004,R006,HARDWARE,248466.99,214825.67,114017.21,104534.35,82,Pending,-33641.31999999998,-9482.86
TXN0003572,2025-02-04,D002,R002,SUBSCRIPTION,156624.96,206582.95,60839.48,76959.52,150,Completed,49957.99000000002,16120.04
TXN0003573,2025-12-29,D001,R001,SUPPORT,95607.89,95553.48,55601.87,67415.1,32,Completed,-54.41000000000349,11813.230000000003
TXN0003574,2025-11-13,D002,R002,CONSULTING,110190.0,101380.6,85902.17,86286.91,105,Completed,-8809.399999999994,384.74000000000524
TXN0003575,2025-01-24,D009,R001,CONSULTING,155458.47,141428.1,93932.28,88461.78,89,Cancelled,-14030.369999999995,-5470.5
TXN0003576,2024-05-01,D006,R003,CONSULTING,120108.81,116440.77,71845.35,73232.04,147,Pending,-3668.0399999999936,1386.6899999999878
TXN0003577,2025-03-23,D002,R002,SUBSCRIPTION,194189.26,185329.6,73960.64,98293.83,22,Completed,-8859.660000000003,24333.190000000002
TXN0003578,2025-06-15,D006,R003,SERVICES,143055.34,146026.08,77456.53,70552.85,88,Pending,2970.7399999999907,-6903.679999999993
TXN0003579,2025-01-04,D007,R004,SOFTWARE,140028.31,124692.78,114441.01,112082.51,143,Cancelled,-15335.529999999999,-2358.5
TXN0003580,2025-10-01,D006,R005,HARDWARE,274539.65,285888.07,114842.91,144700.71,53,Pending,11348.419999999984,29857.79999999999
TXN0003581,2024-04-10,D003,R003,SUPPORT,90992.29,84566.2,40053.84,38750.69,13,Completed,-6426.0899999999965,-1303.1499999999942
TXN0003582,2025-10-01,D004,R001,HARDWARE,260047.3,264530.85,162323.09,166861.72,72,Pending,4483.549999999988,4538.630000000005
TXN0003583,2025-08-09,D004,R001,SOFTWARE,158543.49,191170.34,95861.69,88490.19,64,Pending,32626.850000000006,-7371.5
TXN0003584,2026-03-22,D010,R002,SUPPORT,65727.83,73096.06,75591.97,75158.05,143,Completed,7368.229999999996,-433.91999999999825
TXN0003585,2025-04-10,D001,R001,SUPPORT,105552.99,104606.61,57638.21,66793.03,41,Cancelled,-946.3800000000047,9154.82
TXN0003586,2024-12-04,D005,R002,SUBSCRIPTION,173390.9,181399.64,93282.44,79997.03,44,Completed,8008.74000000002,-13285.410000000003
TXN0003587,2024-11-05,D008,R004,HARDWARE,221286.29,171463.31,122692.67,105069.1,124,Completed,-49822.98000000001,-17623.569999999992
TXN0003588,2025-01-03,D004,R001,HARDWARE,289190.6,236108.77,92964.0,135075.92,86,Completed,-53081.82999999999,42111.92000000001
TXN0003589,2024-06-04,D003,R003,HARDWARE,106109.12,127677.66,128098.13,135421.71,46,Completed,21568.540000000008,7323.579999999987
TXN0003590,2026-05-14,D009,R001,HARDWARE,271633.42,263879.37,137377.94,152151.49,105,Completed,-7754.049999999988,14773.549999999988
TXN0003591,2024-11-22,D003,R003,HARDWARE,177845.94,169899.14,160290.38,158986.8,55,Completed,-7946.799999999988,-1303.5800000000163
TXN0003592,2025-04-23,D003,R003,SERVICES,164257.32,164958.06,91971.35,77809.65,7,Completed,700.7399999999907,-14161.700000000012
TXN0003593,2024-08-08,D001,R001,CONSULTING,100145.94,106310.27,67722.43,69683.82,60,Completed,6164.330000000002,1961.390000000014
TXN0003594,2025-08-02,D001,R001,SERVICES,162398.74,213204.89,97273.89,96647.02,69,Pending,50806.15000000002,-626.8699999999953
TXN0003595,2024-08-09,D008,R004,SUPPORT,112313.34,113567.17,58329.51,61869.3,176,Pending,1253.8300000000017,3539.790000000001
TXN0003596,2026-06-15,D008,R004,SOFTWARE,149656.76,97024.27,120200.68,135352.37,114,Completed,-52632.490000000005,15151.690000000002
TXN0003597,2025-07-10,D008,R004,HARDWARE,140836.12,156352.25,181160.14,180135.9,68,Completed,15516.130000000005,-1024.2400000000198
TXN0003598,2025-07-03,D003,R003,HARDWARE,196785.38,184999.8,120724.68,148144.3,19,Completed,-11785.580000000016,27419.619999999995
TXN0003599,2025-06-13,D003,R003,SUPPORT,74469.0,103288.12,71024.51,82129.16,129,Completed,28819.119999999995,11104.650000000009
TXN0003600,2024-09-26,D004,R006,SUPPORT,92412.87,104702.52,52040.38,49034.05,16,Completed,12289.650000000009,-3006.3299999999945
TXN0003601,2024-03-02,D009,R001,SOFTWARE,177316.04,194467.32,102082.35,102093.17,28,Pending,17151.28,10.819999999992433
TXN0003602,2024-09-28,D003,R003,SUPPORT,101797.46,112286.97,53749.07,58462.58,79,Completed,10489.509999999995,4713.510000000002
TXN0003603,2026-05-08,D006,R006,HARDWARE,206188.5,199028.83,143333.94,145966.85,31,Pending,-7159.670000000013,2632.9100000000035
TXN0003604,2026-04-27,D008,R004,HARDWARE,192009.0,173782.06,126020.57,130224.36,32,Cancelled,-18226.940000000002,4203.789999999994
TXN0003605,2025-06-24,D007,R002,SERVICES,103517.79,135714.0,65828.36,67490.11,17,Pending,32196.210000000006,1661.75
TXN0003606,2026-06-21,D006,R003,SERVICES,159879.38,162401.69,100079.36,103282.66,44,Pending,2522.3099999999977,3203.300000000003
TXN0003607,2025-03-01,D003,R003,SOFTWARE,155783.45,160345.18,119863.3,119612.29,44,Completed,4561.729999999981,-251.0100000000093
TXN0003608,2026-03-18,D010,R006,CONSULTING,128076.48,147714.48,65300.25,71516.23,141,Completed,19638.000000000015,6215.979999999996
TXN0003609,2024-10-28,D005,R002,SUPPORT,83110.98,82212.15,62372.94,71373.16,68,Pending,-898.8300000000017,9000.220000000001
TXN0003610,2024-05-06,D004,R001,CONSULTING,131185.09,106219.36,68934.22,93240.51,52,Completed,-24965.729999999996,24306.289999999994
TXN0003611,2024-01-09,D003,R003,SOFTWARE,238147.92,236797.89,99221.76,91695.43,140,Pending,-1350.0299999999988,-7526.330000000002
TXN0003612,2026-01-05,D009,R006,SUPPORT,90885.16,98496.51,48024.92,49397.65,162,Completed,7611.349999999991,1372.7300000000032
TXN0003613,2026-09-19,D002,R002,SOFTWARE,148630.75,177692.76,142356.49,142631.6,79,Completed,29062.01000000001,275.11000000001513
TXN0003614,2024-07-31,D004,R001,HARDWARE,144380.52,148236.61,126664.31,129988.27,155,Cancelled,3856.0899999999965,3323.9600000000064
TXN0003615,2024-12-30,D010,R002,HARDWARE,223984.64,209800.93,156928.07,181377.7,158,Completed,-14183.710000000021,24449.630000000005
TXN0003616,2024-12-25,D002,R002,SERVICES,128472.74,149410.6,67311.38,58509.43,41,Pending,20937.86,-8801.950000000004
TXN0003617,2025-03-27,D007,R004,SERVICES,147724.11,131270.88,72835.56,75651.43,147,Pending,-16453.22999999998,2815.8699999999953
TXN0003618,2025-08-15,D003,R003,HARDWARE,288976.01,338019.49,163207.95,171609.56,43,Completed,49043.47999999998,8401.609999999986
TXN0003619,2025-10-18,D002,R002,CONSULTING,156959.02,164280.0,88313.64,91213.32,180,Completed,7320.9800000000105,2899.6800000000076
TXN0003620,2025-01-28,D010,R002,CONSULTING,132194.72,137735.67,73778.37,76541.07,54,Completed,5540.950000000012,2762.7000000000116
TXN0003621,2025-08-16,D009,R001,SERVICES,144392.64,148241.93,81894.87,85144.63,80,Completed,3849.289999999979,3249.7600000000093
TXN0003622,2025-09-16,D008,R004,SOFTWARE,142590.36,139386.57,89596.63,86437.88,133,Cancelled,-3203.789999999979,-3158.75
TXN0003623,2025-08-11,D008,R004,SUBSCRIPTION,199428.97,207258.27,78921.63,79008.66,8,Completed,7829.299999999988,87.02999999999884
TXN0003624,2026-05-02,D008,R005,SOFTWARE,173729.12,186645.12,108158.22,137188.89,162,Pending,12916.0,29030.670000000013
TXN0003625,2025-03-10,D009,R001,SOFTWARE,204183.19,166099.05,114669.77,108782.01,53,Pending,-38084.140000000014,-5887.760000000009
TXN0003626,2025-07-01,D008,R004,SUPPORT,90946.71,95926.71,55751.86,60749.57,106,Pending,4980.0,4997.709999999999
TXN0003627,2025-10-10,D004,R001,SUBSCRIPTION,166612.12,155073.66,86569.28,72727.41,111,Completed,-11538.459999999992,-13841.869999999995
TXN0003628,2026-08-29,D005,R002,CONSULTING,92029.84,155988.0,83956.26,98882.06,86,Completed,63958.16,14925.800000000003
TXN0003629,2024-10-11,D003,R003,SUBSCRIPTION,180546.76,155988.0,101341.86,99252.44,9,Pending,-24558.76000000001,-2089.4199999999983
TXN0003630,2024-06-20,D002,R002,HARDWARE,210419.92,187695.23,101460.78,87696.02,41,Cancelled,-22724.690000000002,-13764.759999999995
TXN0003631,2024-11-18,D003,R006,SUBSCRIPTION,164973.89,162496.34,107921.51,104552.36,43,Cancelled,-2477.5500000000175,-3369.149999999994
TXN0003632,2026-04-20,D005,R002,HARDWARE,213129.93,245514.08,178573.53,179385.84,60,Completed,32384.149999999994,812.3099999999977
TXN0003633,2026-03-04,D003,R003,HARDWARE,137644.0,135794.56,109517.74,140235.32,64,Pending,-1849.4400000000023,30717.58
TXN0003634,2024-11-11,D004,R001,SUPPORT,122589.89,122370.51,47758.45,57510.82,170,Pending,-219.38000000000466,9752.370000000003
TXN0003635,2025-08-30,D003,R003,SUPPORT,113692.99,96105.38,52891.96,61626.32,175,Completed,-17587.61,8734.36
TXN0003636,2025-11-17,D001,R001,SOFTWARE,180240.96,142843.93,113594.89,98616.66,174,Completed,-37397.03,-14978.229999999996
TXN0003637,2025-11-26,D010,R002,SUPPORT,80593.71,102817.22,62932.12,63223.75,29,Completed,22223.509999999995,291.6299999999974
TXN0003638,2024-03-23,D004,R001,SERVICES,121769.38,121007.02,41490.0,36605.33,16,Completed,-762.3600000000006,-4884.669999999998
TXN0003639,2024-11-17,D010,R002,SERVICES,154487.63,132926.32,92214.15,65154.4,21,Completed,-21561.309999999998,-27059.749999999993
TXN0003640,2024-12-20,D003,R003,SOFTWARE,164232.13,155045.98,96164.97,98087.68,24,Completed,-9186.149999999994,1922.7099999999919
TXN0003641,2026-01-02,D005,R002,SOFTWARE,175369.56,201705.31,101087.32,101443.22,142,Completed,26335.75,355.8999999999942
TXN0003642,2026-10-19,D007,R004,SUBSCRIPTION,135617.78,152905.41,81091.73,87244.5,107,Completed,17287.630000000005,6152.770000000004
TXN0003643,2024-12-08,D001,R001,SUBSCRIPTION,164361.29,157616.13,110175.4,116901.47,140,Completed,-6745.1600000000035,6726.070000000007
TXN0003644,2026-08-03,D005,R002,SOFTWARE,122102.25,120032.75,94202.43,81626.01,84,Completed,-2069.5,-12576.419999999998
TXN0003645,2024-02-01,D003,R003,SUPPORT,103369.98,98788.03,52666.03,50135.41,15,Pending,-4581.949999999997,-2530.6199999999953
TXN0003646,2026-10-16,D003,R003,SUBSCRIPTION,128693.53,120052.19,93068.5,80724.95,118,Cancelled,-8641.339999999997,-12343.550000000003
TXN0003647,2026-02-12,D008,R004,HARDWARE,311539.73,303966.02,143263.98,144123.08,88,Pending,-7573.709999999963,859.0999999999767
TXN0003648,2025-09-28,D007,R004,CONSULTING,103526.46,108604.82,81052.94,91293.08,35,Cancelled,5078.360000000001,10240.14
TXN0003649,2025-08-29,D007,R004,SERVICES,168062.71,138567.74,113169.07,133338.27,173,Completed,-29494.97,20169.199999999983
TXN0003650,2026-12-06,D002,R002,SUPPORT,95562.6,96986.29,61648.44,56918.11,42,Completed,1423.6899999999878,-4730.330000000002
TXN0003651,2025-09-17,D002,R002,SOFTWARE,153492.45,165112.27,74213.94,67551.21,21,Completed,11619.819999999978,-6662.729999999996
TXN0003652,2026-12-25,D005,R002,HARDWARE,226174.38,205220.61,92964.0,156357.02,60,Completed,-20953.77000000002,63393.01999999999
TXN0003653,2024-08-17,D005,R002,SUBSCRIPTION,125644.59,130796.33,111267.54,104920.52,28,Pending,5151.740000000005,-6347.0199999999895
TXN0003654,2025-07-22,D010,R002,CONSULTING,113819.77,138071.44,82626.34,77377.4,152,Cancelled,24251.67,-5248.940000000002
TXN0003655,2025-11-02,D002,R002,SUBSCRIPTION,123819.45,134834.93,71210.97,67824.65,33,Cancelled,11015.479999999996,-3386.320000000007
TXN0003656,2026-04-19,D001,R006,CONSULTING,124750.19,111453.79,93076.35,98633.93,10,Completed,-13296.400000000009,5557.579999999987
TXN0003657,2024-11-26,D001,R006,SERVICES,163555.65,166454.98,88055.0,98250.04,143,Completed,2899.3300000000163,10195.039999999994
TXN0003658,2024-07-16,D004,R001,SERVICES,131906.96,141522.06,99489.64,92943.95,5,Completed,9615.100000000006,-6545.690000000002
TXN0003659,2025-07-07,D001,R001,SERVICES,138949.67,150909.12,61135.29,51286.79,67,Cancelled,11959.449999999983,-9848.5
TXN0003660,2025-12-28,D004,R001,SOFTWARE,203081.22,217505.07,96137.16,92774.17,146,Completed,14423.850000000006,-3362.9900000000052
TXN0003661,2024-12-16,D007,R004,SUBSCRIPTION,140915.87,142878.17,87718.51,90214.46,173,Cancelled,1962.3000000000175,2495.9500000000116
TXN0003662,2026-12-29,D010,R006,CONSULTING,127747.07,171429.35,90677.44,80053.93,115,Completed,43682.28,-10623.51000000001
TXN0003663,2025-10-04,D008,R004,SUBSCRIPTION,132060.4,168506.59,85900.03,78548.35,50,Cancelled,36446.19,-7351.679999999993
TXN0003664,2026-02-28,D004,R001,SUBSCRIPTION,204711.43,189814.8,93539.3,94442.25,177,Completed,-14896.630000000005,902.9499999999971
TXN0003665,2024-06-19,D004,R001,CONSULTING,111073.0,104919.79,70468.41,81328.27,134,Completed,-6153.210000000006,10859.86
TXN0003666,2026-04-04,D002,R002,SUBSCRIPTION,157577.07,196452.37,67352.39,79624.38,50,Pending,38875.29999999999,12271.990000000005
TXN0003667,2025-09-16,D008,R004,CONSULTING,109654.51,117118.67,90657.29,97381.17,32,Completed,7464.1600000000035,6723.880000000005
TXN0003668,2026-01-11,D002,R002,SUPPORT,81344.96,77603.38,56761.33,57104.17,45,Completed,-3741.5800000000017,342.8399999999965
TXN0003669,2024-07-22,D004,R001,SERVICES,134518.26,181557.88,71352.78,70661.34,177,Cancelled,47039.619999999995,-691.4400000000023
TXN0003670,2025-12-16,D009,R001,SERVICES,164487.5,112045.9,80938.15,66773.63,52,Pending,-52441.600000000006,-14164.51999999999
TXN0003671,2026-12-18,D010,R002,SOFTWARE,150581.07,162449.78,116116.45,133532.12,127,Completed,11868.709999999992,17415.67
TXN0003672,2026-06-10,D001,R001,CONSULTING,101913.61,98600.67,80881.83,92035.94,103,Completed,-3312.9400000000023,11154.11
TXN0003673,2026-01-28,D001,R001,SUPPORT,103524.34,92503.75,53567.06,47694.29,153,Completed,-11020.589999999997,-5872.769999999997
TXN0003674,2026-06-12,D001,R001,SUBSCRIPTION,127212.28,123556.79,62788.35,77007.15,30,Completed,-3655.4900000000052,14218.799999999996
TXN0003675,2024-09-17,D004,R001,SUBSCRIPTION,168344.63,182612.92,75741.48,69297.77,124,Cancelled,14268.290000000008,-6443.709999999992
TXN0003676,2026-01-08,D008,R004,SOFTWARE,138694.81,142527.89,112672.02,111830.69,133,Completed,3833.0800000000163,-841.3300000000017
TXN0003677,2026-12-28,D006,R003,CONSULTING,135138.46,113394.21,79198.51,82265.38,169,Completed,-21744.249999999985,3066.87000000001
TXN0003678,2026-10-15,D009,R001,HARDWARE,200151.33,201934.2,121318.83,106482.61,50,Completed,1782.8700000000244,-14836.220000000001
TXN0003679,2026-01-24,D003,R003,CONSULTING,134881.33,146123.14,83829.98,93427.77,107,Cancelled,11241.810000000027,9597.790000000008
TXN0003680,2025-12-25,D007,R004,SUBSCRIPTION,162294.81,170389.34,87934.04,113158.04,152,Completed,8094.529999999999,25224.0
TXN0003681,2025-09-22,D003,R003,SERVICES,115227.57,126259.85,70537.19,91799.06,162,Cancelled,11032.279999999999,21261.869999999995
TXN0003682,2025-04-12,D010,R002,SERVICES,155969.64,150254.14,93338.47,88697.08,88,Completed,-5715.5,-4641.389999999999
TXN0003683,2024-01-19,D010,R002,CONSULTING,115542.01,114285.6,88149.66,99227.59,118,Completed,-1256.409999999989,11077.929999999993
TXN0003684,2024-02-16,D003,R003,SUBSCRIPTION,162568.61,157589.17,92916.3,106304.58,118,Completed,-4979.439999999973,13388.279999999999
TXN0003685,2026-04-23,D008,R004,SUBSCRIPTION,199862.08,151191.85,83691.15,86772.48,113,Cancelled,-48670.22999999998,3081.3300000000017
TXN0003686,2026-03-22,D005,R006,SUBSCRIPTION,165037.8,180583.7,73628.77,72251.34,129,Completed,15545.900000000023,-1377.4300000000076
TXN0003687,2026-10-16,D009,R006,HARDWARE,171390.04,178886.41,146016.27,143689.85,70,Cancelled,7496.369999999995,-2326.4199999999837
TXN0003688,2025-05-08,D006,R003,SUBSCRIPTION,184202.47,189600.58,86026.13,99139.73,108,Completed,5398.109999999986,13113.599999999991
TXN0003689,2026-10-29,D002,R002,SERVICES,172970.13,153337.61,82971.51,67613.53,82,Completed,-19632.52000000002,-15357.979999999996
TXN0003690,2026-07-27,D007,R004,HARDWARE,189422.28,187941.51,135484.84,134503.6,137,Completed,-1480.7699999999895,-981.2399999999907
TXN0003691,2026-12-28,D004,R001,SUBSCRIPTION,227146.8,208620.34,114847.47,119197.21,32,Pending,-18526.459999999992,4349.740000000005
TXN0003692,2024-02-27,D005,R002,SUBSCRIPTION,123300.53,112132.94,94190.54,90237.06,72,Completed,-11167.589999999997,-3953.479999999996
TXN0003693,2026-11-20,D006,R005,SUPPORT,123666.14,132356.01,50285.71,66315.42,105,Completed,8689.87000000001,16029.71
TXN0003694,2024-05-03,D006,R003,SOFTWARE,208556.11,220072.87,114689.45,145084.38,46,Pending,11516.76000000001,30394.930000000008
TXN0003695,2026-03-23,D003,R003,SOFTWARE,178027.86,191605.12,114246.31,83050.59,107,Completed,13577.26000000001,-31195.72
TXN0003696,2024-07-02,D009,R001,SOFTWARE,172452.26,120179.37,108995.39,126722.89,144,Completed,-52272.890000000014,17727.5
TXN0003697,2026-04-01,D005,R002,HARDWARE,211243.32,216494.24,149189.01,171759.98,138,Completed,5250.919999999984,22570.97
TXN0003698,2024-03-25,D004,R005,SUPPORT,122743.34,117745.44,53096.56,67880.01,89,Pending,-4997.899999999994,14783.449999999997
TXN0003699,2025-04-30,D005,R002,SUBSCRIPTION,185357.57,178366.62,83769.2,82568.36,163,Cancelled,-6990.950000000012,-1200.8399999999965
TXN0003700,2024-05-08,D008,R004,SUPPORT,115128.58,137929.83,61771.22,79067.27,146,Completed,22801.249999999985,17296.050000000003
TXN0003701,2024-01-30,D007,R004,SERVICES,136392.21,118163.18,70795.67,74023.67,43,Pending,-18229.03,3228.0
TXN0003702,2024-02-01,D006,R003,SOFTWARE,112220.49,112214.47,134114.44,120219.8,59,Completed,-6.0200000000040745,-13894.64
TXN0003703,2026-05-04,D006,R003,SUPPORT,71944.98,82747.76,41076.86,37959.62,31,Cancelled,10802.779999999999,-3117.239999999998
TXN0003704,2024-05-02,D010,R002,SERVICES,168934.76,170621.29,107907.61,93549.78,96,Pending,1686.5299999999988,-14357.830000000002
TXN0003705,2025-01-27,D005,R002,HARDWARE,240213.42,236277.97,153232.67,133229.66,117,Cancelled,-3935.4500000000116,-20003.01000000001
TXN0003706,2024-04-16,D005,R002,SUBSCRIPTION,172189.16,216751.03,61667.47,58708.52,133,Pending,44561.869999999995,-2958.9500000000044
TXN0003707,2026-08-24,D001,R001,SUBSCRIPTION,147028.64,169120.59,83101.68,73593.89,46,Pending,22091.949999999983,-9507.789999999994
TXN0003708,2026-01-02,D001,R005,CONSULTING,77738.43,76444.49,83939.03,79623.61,36,Completed,-1293.9399999999878,-4315.419999999998
TXN0003709,2025-12-09,D004,R001,HARDWARE,211964.8,217168.42,154586.83,145995.97,69,Completed,5203.620000000024,-8590.859999999986
TXN0003710,2026-03-16,D010,R002,SOFTWARE,224388.85,249427.03,102011.65,91602.39,128,Completed,25038.179999999993,-10409.259999999995
TXN0003711,2026-03-31,D006,R003,SUBSCRIPTION,196300.37,202178.49,114143.55,103824.53,100,Completed,5878.119999999995,-10319.020000000004
TXN0003712,2024-10-17,D005,R002,CONSULTING,90721.91,110191.46,81166.81,81275.62,37,Completed,19469.550000000003,108.80999999999767
TXN0003713,2026-12-06,D006,R003,SUBSCRIPTION,168594.72,164339.65,97320.51,117544.99,127,Completed,-4255.070000000007,20224.48000000001
TXN0003714,2025-12-01,D006,R003,SERVICES,136430.19,123631.73,88231.86,98082.44,51,Completed,-12798.460000000006,9850.580000000002
TXN0003715,2025-08-26,D010,R005,SERVICES,121105.65,131512.71,113757.79,127702.96,117,Completed,10407.059999999998,13945.170000000013
TXN0003716,2026-07-03,D005,R002,CONSULTING,119032.35,115959.71,93527.41,70565.58,82,Cancelled,-3072.6399999999994,-22961.83
TXN0003717,2026-02-01,D005,R002,HARDWARE,165469.21,160730.41,117202.72,130966.76,157,Completed,-4738.799999999988,13764.039999999994
TXN0003718,2024-07-16,D010,R002,SERVICES,171394.7,173139.82,97522.26,88180.55,64,Cancelled,1745.1199999999953,-9341.709999999992
TXN0003719,2024-06-16,D004,R001,CONSULTING,113559.12,134365.32,78076.16,77399.29,40,Completed,20806.20000000001,-676.8700000000099
TXN0003720,2024-07-27,D006,R003,SERVICES,134616.52,155377.71,72368.55,75075.34,47,Cancelled,20761.190000000002,2706.7899999999936
TXN0003721,2024-09-18,D001,R005,CONSULTING,126556.32,106181.12,78540.46,80821.88,173,Completed,-20375.20000000001,2281.4199999999983
TXN0003722,2026-08-25,D002,R002,SOFTWARE,196082.27,183585.72,116380.19,123889.82,65,Completed,-12496.549999999988,7509.630000000005
TXN0003723,2025-08-07,D008,R004,CONSULTING,131598.61,117035.28,54947.31,62175.8,142,Cancelled,-14563.329999999987,7228.490000000005
TXN0003724,2025-10-19,D004,R001,SUBSCRIPTION,89683.98,90557.53,81484.21,107935.04,177,Completed,873.5500000000029,26450.829999999987
TXN0003725,2025-09-17,D009,R001,SERVICES,136012.6,139126.18,93688.62,90764.7,48,Completed,3113.579999999987,-2923.9199999999983
TXN0003726,2024-07-26,D003,R003,HARDWARE,253480.24,226723.28,103133.21,124351.27,108,Completed,-26756.959999999992,21218.059999999998
TXN0003727,2024-06-21,D009,R001,HARDWARE,266011.28,274972.12,169005.03,178276.79,119,Completed,8960.839999999967,9271.76000000001
TXN0003728,2026-12-19,D001,R001,SOFTWARE,168329.59,174650.54,145711.98,162147.11,168,Completed,6320.950000000012,16435.129999999976
TXN0003729,2025-06-13,D006,R003,SOFTWARE,188108.48,228620.99,93492.56,95074.67,119,Pending,40512.50999999998,1582.1100000000006
TXN0003730,2026-01-19,D005,R002,SERVICES,162896.5,143361.23,91218.09,86098.18,168,Completed,-19535.26999999999,-5119.9100000000035
TXN0003731,2026-06-16,D006,R003,HARDWARE,210746.54,204646.08,169967.35,174288.78,140,Completed,-6100.460000000021,4321.429999999993
TXN0003732,2024-08-31,D002,R002,CONSULTING,68039.38,74768.73,82884.03,73206.41,96,Cancelled,6729.349999999991,-9677.619999999995
TXN0003733,2026-07-29,D005,R002,SUBSCRIPTION,147594.96,160861.47,98237.92,112449.56,56,Completed,13266.51000000001,14211.64
TXN0003734,2025-02-20,D005,R002,SUBSCRIPTION,157642.5,153849.53,91627.5,87860.84,14,Completed,-3792.970000000001,-3766.6600000000035
TXN0003735,2024-03-03,D004,R001,SUBSCRIPTION,205855.3,254407.7,70945.09,58145.13,61,Completed,48552.40000000002,-12799.96
TXN0003736,2024-06-19,D002,R002,CONSULTING,128023.72,140617.33,41845.91,39461.34,22,Completed,12593.609999999986,-2384.570000000007
TXN0003737,2025-08-01,D004,R001,SUBSCRIPTION,147519.36,146019.42,98168.28,110855.89,114,Completed,-1499.9399999999732,12687.61
TXN0003738,2024-12-24,D009,R001,SUBSCRIPTION,121657.14,116059.48,86835.69,86838.93,147,Completed,-5597.6600000000035,3.2399999999906868
TXN0003739,2026-08-31,D006,R003,CONSULTING,140653.69,137333.13,66660.26,62619.43,55,Completed,-3320.5599999999977,-4040.8299999999945
TXN0003740,2025-11-01,D005,R002,CONSULTING,96716.31,131683.51,72652.08,62397.26,85,Completed,34967.20000000001,-10254.82
TXN0003741,2025-09-18,D006,R003,CONSULTING,100479.43,103791.16,83927.51,94594.43,109,Completed,3311.7300000000105,10666.919999999998
TXN0003742,2025-08-04,D004,R001,SUPPORT,47871.32,51436.71,44125.79,43475.37,128,Cancelled,3565.3899999999994,-650.4199999999983
TXN0003743,2024-07-08,D001,R001,SUBSCRIPTION,200089.48,209516.01,101959.92,107298.14,96,Pending,9426.529999999999,5338.220000000001
TXN0003744,2026-02-20,D008,R004,HARDWARE,185600.39,164004.15,139648.78,158681.12,132,Completed,-21596.24000000002,19032.339999999997
TXN0003745,2024-11-28,D008,R004,CONSULTING,104028.06,94699.88,65425.53,72732.41,156,Pending,-9328.179999999993,7306.880000000005
TXN0003746,2025-04-04,D010,R002,HARDWARE,231586.9,182358.47,143269.15,139271.72,58,Pending,-49228.42999999999,-3997.429999999993
TXN0003747,2025-10-06,D003,R003,SUBSCRIPTION,167812.66,203257.83,103653.36,111698.99,101,Pending,35445.169999999984,8045.630000000005
TXN0003748,2024-04-17,D005,R002,HARDWARE,268509.26,333578.91,122015.45,161624.33,161,Cancelled,65069.649999999965,39608.87999999999
TXN0003749,2024-03-16,D010,R002,SOFTWARE,136544.8,180329.93,104889.46,98521.56,33,Completed,43785.130000000005,-6367.900000000009
TXN0003750,2026-09-09,D009,R001,HARDWARE,209933.06,191613.56,129921.29,136370.96,63,Cancelled,-18319.5,6449.669999999998
TXN0003751,2025-11-28,D001,R001,SERVICES,139294.8,123967.37,86203.65,78971.25,46,Completed,-15327.429999999993,-7232.399999999994
TXN0003752,2026-05-12,D002,R002,CONSULTING,132691.18,128636.16,86879.03,102173.61,79,Completed,-4055.0199999999895,15294.580000000002
TXN0003753,2025-07-21,D003,R003,CONSULTING,139375.77,138091.32,78643.84,89224.97,136,Cancelled,-1284.4499999999825,10581.130000000005
TXN0003754,2026-07-26,D005,R002,SUPPORT,64713.78,89464.4,60819.79,58743.74,154,Completed,24750.619999999995,-2076.050000000003
TXN0003755,2026-01-10,D008,R004,HARDWARE,127414.85,107976.12,156160.83,168528.23,89,Cancelled,-19438.73000000001,12367.400000000023
TXN0003756,2026-11-27,D006,R003,SERVICES,116145.43,141837.07,80901.89,102718.94,33,Cancelled,25691.640000000014,21817.050000000003
TXN0003757,2026-06-22,D001,R001,SOFTWARE,182160.1,198814.83,63810.36,56846.2,154,Pending,16654.72999999998,-6964.1600000000035
TXN0003758,2024-05-31,D009,R001,SUPPORT,109893.4,82554.37,43014.14,42485.68,40,Completed,-27339.03,-528.4599999999991
TXN0003759,2026-07-14,D009,R001,SUPPORT,96967.26,101878.89,49247.52,65072.96,25,Pending,4911.630000000005,15825.440000000002
TXN0003760,2026-12-19,D001,R001,SUBSCRIPTION,161257.2,172353.71,88087.59,59862.15,81,Completed,11096.50999999998,-28225.439999999995
TXN0003761,2025-02-26,D006,R003,HARDWARE,206160.94,175834.86,120519.69,122011.11,113,Pending,-30326.080000000016,1491.4199999999983
TXN0003762,2026-07-12,D003,R003,CONSULTING,104238.16,100597.07,75971.94,95442.62,31,Completed,-3641.0899999999965,19470.679999999993
TXN0003763,2024-01-03,D003,R003,SUPPORT,103839.13,108740.25,62943.88,64605.62,58,Cancelled,4901.119999999995,1661.7400000000052
TXN0003764,2024-08-21,D009,R001,CONSULTING,121468.74,134385.4,77724.0,80651.88,25,Cancelled,12916.659999999989,2927.8800000000047
TXN0003765,2024-12-06,D004,R001,CONSULTING,133916.1,94773.57,83571.6,83773.19,75,Completed,-39142.53,201.5899999999965
TXN0003766,2024-07-12,D010,R005,SUPPORT,105074.27,103565.04,57740.39,69455.25,31,Pending,-1509.2300000000105,11714.86
TXN0003767,2025-08-10,D008,R004,HARDWARE,295711.01,206287.66,145216.85,171700.46,42,Cancelled,-89423.35,26483.609999999986
TXN0003768,2025-01-03,D007,R004,SUBSCRIPTION,152684.21,171110.11,98629.38,98386.7,61,Completed,18425.899999999994,-242.68000000000757
TXN0003769,2025-03-10,D002,R002,SUPPORT,82083.03,97701.59,52522.74,52699.31,134,Cancelled,15618.559999999998,176.5699999999997
TXN0003770,2024-01-25,D001,R001,CONSULTING,122570.37,116473.22,77704.59,88532.72,176,Completed,-6097.149999999994,10828.130000000005
TXN0003771,2024-10-02,D004,R001,CONSULTING,119954.18,148148.04,84138.11,83245.91,36,Completed,28193.860000000015,-892.1999999999971
TXN0003772,2024-12-06,D010,R002,SUBSCRIPTION,185925.92,213168.8,68768.89,53800.79,7,Completed,27242.879999999976,-14968.099999999999
TXN0003773,2026-08-29,D009,R001,SUBSCRIPTION,160038.98,172461.55,78070.92,74104.79,83,Completed,12422.569999999978,-3966.1300000000047
TXN0003774,2026-05-23,D006,R003,SERVICES,128002.32,139965.06,92652.85,80128.27,15,Cancelled,11962.73999999999,-12524.580000000002
TXN0003775,2026-12-31,D001,R001,HARDWARE,234917.99,162512.5,161037.29,113390.26,30,Cancelled,-72405.48999999999,-47647.03000000001
TXN0003776,2024-04-10,D002,R006,SOFTWARE,227322.03,292473.1,130449.59,159743.23,81,Completed,65151.06999999998,29293.640000000014
TXN0003777,2025-03-12,D008,R004,SOFTWARE,261360.69,332291.21,109649.2,123798.2,140,Pending,70930.52000000002,14149.0
TXN0003778,2024-10-13,D004,R001,CONSULTING,133468.26,121228.32,80700.84,98978.83,117,Completed,-12239.940000000002,18277.990000000005
TXN0003779,2026-01-04,D004,R001,SUBSCRIPTION,166468.21,183054.82,87515.65,80162.29,150,Completed,16586.610000000015,-7353.360000000001
TXN0003780,2024-03-05,D004,R001,SUBSCRIPTION,152546.54,205958.19,95202.03,87632.97,6,Completed,53411.649999999994,-7569.059999999998
TXN0003781,2024-04-07,D009,R001,CONSULTING,107356.34,118013.67,45040.58,47265.89,98,Completed,10657.330000000002,2225.3099999999977
TXN0003782,2025-11-15,D008,R004,SOFTWARE,171456.15,198239.95,111835.44,105731.06,103,Pending,26783.800000000017,-6104.380000000005
TXN0003783,2025-01-15,D004,R001,SUBSCRIPTION,186422.91,206502.85,71795.7,74815.8,96,Completed,20079.940000000002,3020.100000000006
TXN0003784,2025-05-19,D002,R002,HARDWARE,200353.89,229663.93,146949.3,125529.52,105,Cancelled,29310.03999999998,-21419.779999999984
TXN0003785,2025-06-05,D001,R001,SUBSCRIPTION,144055.65,152364.29,84724.23,81919.58,125,Pending,8308.640000000014,-2804.649999999994
TXN0003786,2026-05-13,D003,R003,SERVICES,112019.08,115438.03,69218.93,73232.83,171,Pending,3418.949999999997,4013.9000000000087
TXN0003787,2024-12-28,D007,R005,HARDWARE,110102.54,101044.71,186584.86,207907.32,138,Completed,-9057.829999999987,21322.46000000002
TXN0003788,2024-05-20,D007,R004,HARDWARE,292318.33,331562.94,123942.34,156893.59,179,Pending,39244.609999999986,32951.25
TXN0003789,2026-03-08,D002,R005,SUBSCRIPTION,162314.93,164735.78,109732.56,115514.04,87,Completed,2420.850000000006,5781.479999999996
TXN0003790,2025-05-09,D006,R003,SUPPORT,152493.62404958677,79792.68,76318.49,90432.9,109,Completed,-72700.94404958677,14114.409999999989
TXN0003791,2024-03-17,D001,R001,SOFTWARE,182652.31,194702.88,115736.96,120533.31,53,Cancelled,12050.570000000007,4796.349999999991
TXN0003792,2024-01-17,D009,R006,SERVICES,178421.85,175443.53,84928.92,109489.41,72,Completed,-2978.320000000007,24560.490000000005
TXN0003793,2024-02-10,D008,R004,CONSULTING,156030.01,150638.28,47859.77,51492.91,135,Completed,-5391.7300000000105,3633.1400000000067
TXN0003794,2025-08-07,D005,R002,SUPPORT,110374.37,121213.25,60209.88,63718.04,121,Completed,10838.880000000005,3508.1600000000035
TXN0003795,2025-11-10,D009,R001,SERVICES,122747.33,123708.18,81436.32,82489.84,59,Completed,960.8499999999913,1053.5199999999895
TXN0003796,2026-06-05,D010,R002,SOFTWARE,219381.25,282757.44,88463.42,87780.95,131,Pending,63376.19,-682.4700000000012
TXN0003797,2024-08-01,D005,R002,SUPPORT,107423.1,109607.1,56069.64,60339.25,150,Completed,2184.0,4269.610000000001
TXN0003798,2026-08-11,D003,R003,HARDWARE,179795.93,175572.31,148954.37,151413.17,121,Completed,-4223.619999999995,2458.8000000000175
TXN0003799,2024-08-17,D006,R003,HARDWARE,258993.2,208477.86,175752.12,180882.84,65,Completed,-50515.340000000026,5130.720000000001
TXN0003800,2024-05-10,D009,R001,CONSULTING,103011.45,134728.79,74759.22,67278.49,130,Completed,31717.34000000001,-7480.729999999996
TXN0003801,2024-02-13,D008,R004,SERVICES,139792.54,160304.74,85775.93,107098.19,169,Pending,20512.199999999983,21322.26000000001
TXN0003802,2024-04-08,D009,R001,SOFTWARE,185188.37,191895.22,99728.19,98735.74,103,Completed,6706.850000000006,-992.4499999999971
TXN0003803,2026-10-28,D001,R001,SERVICES,161360.47,169942.66,72076.75,71059.76,138,Completed,8582.190000000002,-1016.9900000000052
TXN0003804,2026-08-20,D009,R001,SUBSCRIPTION,145173.19,138123.01,109272.67,109573.13,118,Completed,-7050.179999999993,300.4600000000064
TXN0003805,2025-03-15,D009,R001,SERVICES,124043.7,156337.65,77861.0,55356.04,108,Completed,32293.949999999997,-22504.96
TXN0003806,2024-12-07,D008,R004,HARDWARE,145038.35,139903.6,140790.97,140965.53,64,Completed,-5134.75,174.55999999999767
TXN0003807,2025-01-30,D010,R005,HARDWARE,244241.61,248639.78,172914.18,189875.64,136,Pending,4398.170000000013,16961.46000000002
TXN0003808,2026-03-21,D001,R001,SERVICES,152843.51,168937.5,91506.37,81641.52,39,Completed,16093.98999999999,-9864.849999999991
TXN0003809,2025-06-20,D005,R002,SOFTWARE,139555.9,148786.5,101973.67,114832.05,22,Completed,9230.600000000006,12858.380000000005
TXN0003810,2024-12-03,D004,R001,SUBSCRIPTION,194231.66,203589.84,113938.74,117835.07,172,Completed,9358.179999999993,3896.3300000000017
TXN0003811,2025-03-07,D008,R004,SOFTWARE,174934.42,189307.46,110678.89,95606.0,76,Completed,14373.039999999979,-15072.89
TXN0003812,2025-11-07,D001,R006,SUPPORT,62654.05,69547.7,57116.07,63302.11,30,Cancelled,6893.649999999994,6186.040000000001
TXN0003813,2025-06-05,D004,R001,HARDWARE,172149.26,178767.15,129588.68,105060.56,146,Completed,6617.889999999985,-24528.119999999995
TXN0003814,2025-09-25,D001,R001,SUPPORT,104443.57,105189.21,39512.42,39131.48,30,Completed,745.6399999999994,-380.93999999999505
TXN0003815,2026-11-08,D003,R003,SUBSCRIPTION,215193.88,208941.52,103159.1,119094.16,12,Cancelled,-6252.360000000015,15935.059999999998
TXN0003816,2026-03-09,D009,R001,SUPPORT,99597.22,111177.9,61193.5,51555.07,70,Cancelled,11580.679999999993,-9638.43
TXN0003817,2026-03-02,D007,R004,SERVICES,111882.23,116938.56,85334.91,71595.68,25,Pending,5056.330000000002,-13739.23000000001
TXN0003818,2025-08-16,D005,R002,SERVICES,127291.34,108785.31,85974.19,92280.43,8,Completed,-18506.03,6306.239999999991
TXN0003819,2024-08-08,D004,R001,SOFTWARE,216931.35,201787.44,108563.81,104733.04,141,Cancelled,-15143.910000000003,-3830.770000000004
TXN0003820,2026-12-12,D001,R006,CONSULTING,112193.68,111862.38,70548.83,63004.14,115,Completed,-331.29999999998836,-7544.690000000002
TXN0003821,2024-01-25,D007,R004,CONSULTING,140222.35,132415.63,68936.51,71528.36,43,Cancelled,-7806.720000000001,2591.850000000006
TXN0003823,2026-11-03,D001,R006,SERVICES,125944.06,154066.78,69564.35,70741.63,111,Completed,28122.72,1177.2799999999988
TXN0003824,2026-04-18,D002,R002,SERVICES,172907.7,187947.69,98248.01,126573.91,144,Cancelled,15039.98999999999,28325.90000000001
TXN0003825,2025-03-10,D001,R006,CONSULTING,128170.49,104004.27,70885.27,81725.29,12,Completed,-24166.22,10840.01999999999
TXN0003826,2025-11-14,D002,R002,SERVICES,157981.87,169888.18,90757.2,67614.32,149,Completed,11906.309999999998,-23142.87999999999
TXN0003827,2026-03-08,D001,R001,SERVICES,101721.32,99346.49,70347.51,80003.74,27,Completed,-2374.8300000000017,9656.23000000001
TXN0003828,2024-11-24,D001,R001,SERVICES,133354.63,134732.89,92587.95,82824.71,28,Completed,1378.2600000000093,-9763.23999999999
TXN0003829,2024-03-25,D004,R001,CONSULTING,130014.44,131898.31,82273.42,79712.11,135,Pending,1883.8699999999953,-2561.3099999999977
TXN0003830,2024-10-18,D002,R002,CONSULTING,120849.77,136081.21,84242.54,107859.93,52,Completed,15231.439999999988,23617.39
TXN0003831,2025-09-10,D001,R001,HARDWARE,180446.92,143941.11,116182.04,145015.63,76,Pending,-36505.81000000003,28833.59000000001
TXN0003832,2024-08-12,D002,R002,SOFTWARE,179107.19,172355.12,92799.79,87900.63,145,Completed,-6752.070000000007,-4899.159999999989
TXN0003833,2025-09-06,D008,R004,CONSULTING,170137.36,179841.3,81166.74,92005.0,83,Completed,9703.940000000002,10838.259999999995
TXN0003834,2025-09-09,D007,R005,SERVICES,146273.15,151094.09,87290.93,76233.06,80,Completed,4820.940000000002,-11057.869999999995
TXN0003835,2026-03-24,D003,R003,SOFTWARE,169136.82,182126.37,92964.0,84551.89,8,Completed,12989.549999999988,-8412.11
TXN0003836,2025-06-07,D006,R003,SUBSCRIPTION,182347.88,181053.16,59407.99,66938.87,26,Completed,-1294.7200000000012,7530.879999999997
TXN0003837,2026-02-07,D001,R001,HARDWARE,238225.46,292203.94,184338.21,180017.11,126,Completed,53978.48000000001,-4321.100000000006
TXN0003838,2025-09-01,D007,R004,SERVICES,126410.53,145368.5,67077.77,43893.08,112,Completed,18957.97,-23184.690000000002
TXN0003839,2026-08-21,D006,R003,SERVICES,141503.48,113642.98,60325.41,60177.65,109,Completed,-27860.500000000015,-147.76000000000204
TXN0003840,2024-02-19,D008,R004,HARDWARE,240298.29,276745.54,158665.34,176387.51,178,Completed,36447.24999999997,17722.170000000013
TXN0003841,2026-05-01,D005,R002,SUPPORT,60003.16,68641.46,50189.15,48752.91,154,Cancelled,8638.300000000003,-1436.239999999998
TXN0003842,2024-09-26,D006,R003,SOFTWARE,192491.08,219814.2,105247.79,110937.16,32,Completed,27323.120000000024,5689.37000000001
TXN0003843,2024-05-07,D010,R002,HARDWARE,233340.94,297356.73,181629.46,240057.62,48,Pending,64015.78999999998,58428.16
TXN0003844,2025-07-08,D009,R001,SUPPORT,71610.41,71149.42,52264.62,56641.05,160,Cancelled,-460.99000000000524,4376.43
TXN0003845,2026-05-26,D007,R004,SUBSCRIPTION,217766.13,281274.39,108187.6,118580.51,136,Pending,63508.26000000001,10392.909999999989
TXN0003846,2024-04-30,D003,R003,SUBSCRIPTION,113327.0,109647.92,84904.37,114070.28,7,Cancelled,-3679.0800000000017,29165.910000000003
TXN0003847,2025-06-14,D009,R001,CONSULTING,74164.16,64084.0,68712.82,95606.0,11,Cancelled,-10080.160000000003,26893.179999999993
TXN0003848,2024-06-30,D004,R001,SUPPORT,125155.54,160725.92,60435.67,65651.62,149,Completed,35570.38000000002,5215.949999999997
TXN0003849,2024-09-24,D010,R006,SUBSCRIPTION,141785.61,138615.45,92687.25,95717.18,26,Pending,-3170.1599999999744,3029.929999999993
TXN0003850,2026-12-19,D005,R006,SUBSCRIPTION,152493.62404958677,252761.18,91654.74,76907.21,56,Pending,100267.55595041323,-14747.529999999999
TXN0003851,2024-09-18,D010,R002,SUPPORT,72426.91,83770.81,47029.88,64530.07,55,Completed,11343.899999999994,17500.190000000002
TXN0003852,2026-10-11,D004,R001,HARDWARE,283086.51,290082.79,91408.73,102464.55,116,Completed,6996.27999999997,11055.820000000007
TXN0003853,2026-10-29,D008,R004,SOFTWARE,178696.09,147060.99,111478.08,124748.24,45,Completed,-31635.100000000006,13270.160000000003
TXN0003854,2026-04-20,D004,R001,SUBSCRIPTION,172433.13,166922.58,86667.72,94138.77,86,Completed,-5510.5500000000175,7471.050000000003
TXN0003855,2024-01-20,D007,R004,SUPPORT,59802.15,75192.1,66550.08,57325.9,48,Completed,15389.950000000004,-9224.18
TXN0003856,2026-03-10,D003,R003,SUPPORT,79834.86,90261.91,53836.98,57894.75,180,Completed,10427.050000000003,4057.769999999997
TXN0003857,2024-04-01,D001,R001,HARDWARE,277396.79,243849.8,140865.32,168977.59,58,Completed,-33546.98999999999,28112.26999999999
TXN0003858,2026-11-28,D001,R005,SUBSCRIPTION,175312.92,155032.05,90260.26,95606.0,101,Completed,-20280.870000000024,5345.740000000005
TXN0003859,2026-07-17,D005,R002,CONSULTING,113094.96,129535.93,73352.61,93283.69,66,Cancelled,16440.969999999987,19931.08
TXN0003860,2026-11-23,D002,R002,SOFTWARE,148639.45,178424.33,81622.51,79884.25,138,Cancelled,29784.879999999976,-1738.2599999999948
TXN0003861,2025-05-31,D010,R002,SOFTWARE,189109.04,252298.99,92583.38,79776.23,35,Pending,63189.94999999998,-12807.150000000009
TXN0003862,2024-07-11,D001,R005,CONSULTING,122721.66,104050.05,74038.96,88211.41,65,Completed,-18671.61,14172.449999999997
TXN0003863,2026-12-25,D008,R004,CONSULTING,103500.83,104311.22,73123.91,75422.8,152,Pending,810.3899999999994,2298.8899999999994
TXN0003864,2025-11-20,D010,R005,SUBSCRIPTION,199813.66,155988.0,96677.48,65823.71,81,Cancelled,-43825.66,-30853.76999999999
TXN0003865,2026-05-20,D002,R002,SUBSCRIPTION,149078.77,145811.57,87583.17,90706.94,127,Completed,-3267.1999999999825,3123.770000000004
TXN0003866,2024-02-17,D007,R004,SOFTWARE,181917.22,132269.35,134187.52,171079.06,157,Cancelled,-49647.869999999995,36891.54000000001
TXN0003867,2025-05-25,D009,R001,SERVICES,172196.0,225797.18,87887.64,97438.47,116,Completed,53601.17999999999,9550.830000000002
TXN0003868,2026-01-07,D002,R002,SERVICES,166176.66,192725.85,99536.89,84848.93,26,Completed,26549.190000000002,-14687.960000000006
TXN0003869,2024-08-07,D009,R001,HARDWARE,218178.05,281332.12,159181.95,210422.82,174,Cancelled,63154.07000000001,51240.869999999995
TXN0003870,2025-06-14,D009,R001,SUPPORT,106398.38,105211.31,49293.67,45107.29,89,Cancelled,-1187.070000000007,-4186.379999999997
TXN0003871,2024-03-11,D003,R003,HARDWARE,177449.86,177984.34,168672.86,189522.02,9,Completed,534.4800000000105,20849.160000000003
TXN0003872,2024-01-25,D005,R002,SUPPORT,81208.89,91276.01,51406.64,36854.66,22,Completed,10067.119999999995,-14551.979999999996
TXN0003873,2025-07-22,D004,R001,SERVICES,106681.24,114908.84,88472.82,117658.19,110,Pending,8227.599999999991,29185.369999999995
TXN0003874,2025-05-27,D001,R001,CONSULTING,101394.6,94964.82,69294.58,67404.1,77,Cancelled,-6429.779999999999,-1890.479999999996
TXN0003875,2026-06-23,D005,R002,CONSULTING,148027.25,137036.09,87032.45,98526.65,42,Completed,-10991.160000000003,11494.199999999997
TXN0003876,2024-02-02,D002,R005,HARDWARE,179179.72,153072.1,137141.16,120938.34,40,Cancelled,-26107.619999999995,-16202.820000000007
TXN0003877,2024-09-10,D002,R002,SERVICES,176557.89,174961.0,95414.62,96566.48,172,Completed,-1596.890000000014,1151.8600000000006
TXN0003878,2024-03-01,D009,R001,HARDWARE,212753.09,248848.25,128915.99,132178.94,43,Pending,36095.16,3262.949999999997
TXN0003879,2024-05-23,D003,R006,SUBSCRIPTION,113900.33,151979.33,90834.84,85357.32,132,Completed,38078.999999999985,-5477.5199999999895
TXN0003880,2025-10-04,D006,R003,CONSULTING,90168.01,85615.92,71725.96,77772.86,96,Completed,-4552.0899999999965,6046.899999999994
TXN0003881,2025-06-12,D007,R004,SERVICES,116092.72,126445.17,62030.94,66008.77,121,Completed,10352.449999999997,3977.8300000000017
TXN0003882,2024-12-07,D001,R001,SERVICES,161300.83,160994.81,84963.17,82731.79,148,Completed,-306.0199999999895,-2231.3800000000047
TXN0003883,2024-08-25,D009,R001,SOFTWARE,162282.47,172828.21,92964.0,123752.85,180,Pending,10545.73999999999,30788.850000000006
TXN0003884,2025-01-11,D002,R002,SUPPORT,95795.63,89233.08,54124.15,52447.82,93,Cancelled,-6562.550000000003,-1676.3300000000017
TXN0003885,2024-08-22,D001,R001,CONSULTING,105590.01,110742.67,77335.69,81675.86,13,Completed,5152.6600000000035,4340.169999999998
TXN0003886,2024-04-23,D008,R004,SERVICES,164805.93,150659.24,66918.89,68704.15,72,Pending,-14146.690000000002,1785.2599999999948
TXN0003887,2025-11-05,D007,R005,SERVICES,150971.02,160990.55,92484.13,112660.43,138,Completed,10019.529999999999,20176.29999999999
TXN0003888,2024-12-25,D008,R004,SOFTWARE,130610.77,147857.63,139842.73,133954.7,56,Completed,17246.86,-5888.029999999999
TXN0003889,2026-05-24,D010,R002,SUPPORT,97850.15,103023.0,64170.73,76433.2,22,Completed,5172.850000000006,12262.469999999994
TXN0003890,2025-06-25,D002,R002,SUPPORT,105120.15,109013.21,51893.91,43487.32,141,Completed,3893.060000000012,-8406.590000000004
TXN0003891,2026-10-06,D001,R001,CONSULTING,100965.41,77335.62,82560.9,91060.15,88,Completed,-23629.790000000008,8499.25
TXN0003892,2024-04-04,D005,R002,SUPPORT,95783.47,64307.05,43000.88,44355.6,83,Completed,-31476.42,1354.7200000000012
TXN0003893,2025-03-24,D003,R003,CONSULTING,141488.94,121679.32,83235.31,55398.76,167,Completed,-19809.619999999995,-27836.549999999996
TXN0003894,2024-07-08,D007,R004,SOFTWARE,187252.63,215393.52,135096.02,158041.28,164,Completed,28140.889999999985,22945.26000000001
TXN0003895,2026-10-19,D006,R003,HARDWARE,261292.77,241987.56,146031.19,141883.86,165,Completed,-19305.209999999992,-4147.330000000016
TXN0003896,2025-06-15,D005,R002,SERVICES,95431.64,120369.44,71049.21,94836.72,65,Completed,24937.800000000003,23787.509999999995
TXN0003897,2026-02-10,D009,R001,SOFTWARE,179479.21,188976.73,108731.67,96368.4,109,Cancelled,9497.520000000019,-12363.270000000004
TXN0003898,2024-07-26,D003,R003,HARDWARE,160310.38,159654.08,115964.67,147200.21,178,Completed,-656.3000000000175,31235.539999999994
TXN0003899,2026-03-18,D008,R004,SERVICES,152685.99,130363.98,80907.52,78537.52,120,Completed,-22322.009999999995,-2370.0
TXN0003900,2026-04-03,D009,R001,CONSULTING,138677.31,136252.54,61485.93,83814.92,94,Pending,-2424.7699999999895,22328.989999999998
TXN0003901,2024-05-06,D003,R003,HARDWARE,144372.01,131664.22,126395.05,135189.27,164,Pending,-12707.790000000008,8794.219999999987
TXN0003902,2026-11-11,D007,R004,CONSULTING,120843.67,125754.24,82552.28,83867.71,74,Cancelled,4910.570000000007,1315.4300000000076
TXN0003903,2024-11-22,D005,R002,SOFTWARE,261117.83,193410.83,71153.52,61068.25,153,Completed,-67707.0,-10085.270000000004
TXN0003904,2026-04-25,D004,R001,SOFTWARE,236910.38,247143.08,118586.46,117536.56,32,Cancelled,10232.699999999983,-1049.9000000000087
TXN0003905,2025-09-09,D005,R002,CONSULTING,129634.12,134924.64,97209.08,103148.25,42,Completed,5290.520000000019,5939.169999999998
TXN0003906,2025-05-03,D004,R001,HARDWARE,164057.79,172855.85,128847.5,134060.02,83,Completed,8798.059999999998,5212.5199999999895
TXN0003907,2026-02-13,D005,R002,SUPPORT,81252.94,71140.73,55239.93,55692.48,145,Completed,-10112.210000000006,452.5500000000029
TXN0003908,2026-05-06,D002,R002,HARDWARE,204924.65,245753.24,145596.35,161063.37,69,Cancelled,40828.59,15467.01999999999
TXN0003909,2024-12-18,D006,R003,HARDWARE,242582.01,287644.8,162516.64,178699.22,9,Pending,45062.78999999998,16182.579999999987
TXN0003910,2024-06-29,D005,R002,SUPPORT,94128.07,76828.18,70101.47,81680.38,36,Completed,-17299.890000000014,11578.910000000003
TXN0003911,2024-06-13,D010,R002,SERVICES,159665.97,193885.28,71053.61,64225.48,140,Completed,34219.31,-6828.129999999997
TXN0003912,2026-05-28,D008,R004,SUPPORT,98415.95,110167.99,40374.16,45745.5,64,Completed,11752.040000000008,5371.3399999999965
TXN0003913,2025-11-08,D004,R001,SUBSCRIPTION,131555.44,129288.03,80175.76,83351.96,133,Cancelled,-2267.4100000000035,3176.2000000000116
TXN0003914,2026-11-24,D003,R003,SUBSCRIPTION,154361.2,174204.89,84344.26,80363.47,75,Cancelled,19843.690000000002,-3980.7899999999936
TXN0003915,2026-09-04,D007,R004,CONSULTING,122372.35,123349.5,81280.98,94018.26,71,Completed,977.1499999999942,12737.279999999999
TXN0003916,2024-03-30,D006,R003,SOFTWARE,133828.95,139444.11,84536.48,80515.5,51,Completed,5615.159999999974,-4020.979999999996
TXN0003917,2025-09-28,D003,R003,HARDWARE,198331.89,191412.47,141806.36,163223.74,55,Completed,-6919.420000000013,21417.380000000005
TXN0003918,2025-05-21,D002,R002,SERVICES,184228.11,144453.42,78161.58,67078.82,12,Completed,-39774.68999999997,-11082.759999999995
TXN0003919,2025-05-05,D007,R006,SOFTWARE,184171.95,177325.86,122113.04,126796.34,132,Completed,-6846.090000000026,4683.300000000003
TXN0003920,2026-10-31,D002,R002,SUPPORT,101088.79,80706.43,43911.93,41729.66,103,Completed,-20382.36,-2182.269999999997
TXN0003921,2025-02-16,D001,R001,SOFTWARE,210512.66,220942.74,119297.39,120037.67,31,Cancelled,10430.079999999987,740.2799999999988
TXN0003922,2024-11-04,D008,R004,SUBSCRIPTION,125988.25,120949.53,63531.25,55968.39,25,Completed,-5038.720000000001,-7562.860000000001
TXN0003923,2025-01-09,D005,R005,SERVICES,127643.72,130901.22,83422.42,77878.2,126,Completed,3257.5,-5544.220000000001
TXN0003924,2026-10-13,D004,R001,SUPPORT,103249.69,106774.94,60052.65,58028.56,30,Cancelled,3525.25,-2024.0900000000038
TXN0003925,2026-04-29,D008,R004,SUBSCRIPTION,165386.18,121929.12,98447.4,103190.42,16,Completed,-43457.06,4743.020000000004
TXN0003926,2025-12-27,D007,R004,SERVICES,129298.99,140340.82,90606.2,85654.46,180,Cancelled,11041.830000000002,-4951.739999999991
TXN0003927,2024-07-20,D001,R001,HARDWARE,201087.04,209666.28,146118.06,148008.88,153,Completed,8579.23999999999,1890.820000000007
TXN0003928,2026-01-16,D008,R004,HARDWARE,177964.69,224932.7,150856.35,111743.32,7,Completed,46968.01000000001,-39113.03
TXN0003929,2025-11-28,D002,R002,CONSULTING,89136.97,99387.94,67171.79,56612.29,62,Completed,10250.970000000001,-10559.499999999993
TXN0003930,2024-02-16,D009,R001,SOFTWARE,167432.24,196321.33,92964.0,113728.16,125,Completed,28889.089999999997,20764.160000000003
TXN0003931,2026-06-12,D009,R001,CONSULTING,101210.65,116608.16,74077.58,77935.61,5,Pending,15397.51000000001,3858.029999999999
TXN0003932,2024-04-25,D003,R003,SUBSCRIPTION,166848.56,191338.82,86327.69,90535.31,63,Pending,24490.26000000001,4207.619999999995
TXN0003933,2026-05-23,D002,R002,SOFTWARE,178911.83,181176.59,132840.82,127305.43,12,Cancelled,2264.7600000000093,-5535.390000000014
TXN0003934,2026-08-20,D009,R001,SUBSCRIPTION,181448.46,183226.66,104836.56,111179.74,44,Completed,1778.2000000000116,6343.180000000008
TXN0003935,2026-02-25,D004,R001,SUBSCRIPTION,195892.37,198211.07,86427.4,83321.15,69,Pending,2318.7000000000116,-3106.25
TXN0003936,2025-09-02,D008,R004,SUBSCRIPTION,135499.15,153336.26,92291.98,92814.63,129,Completed,17837.110000000015,522.6500000000087
TXN0003937,2024-05-08,D004,R006,SUBSCRIPTION,162583.66,177898.07,80493.64,79617.06,6,Completed,15314.410000000003,-876.5800000000017
TXN0003938,2026-01-20,D005,R002,SUPPORT,104968.38,122574.94,59801.37,64680.26,95,Pending,17606.559999999998,4878.889999999999
TXN0003939,2025-10-06,D009,R005,SUPPORT,92614.47,79426.7,52763.69,49702.15,176,Completed,-13187.770000000004,-3061.540000000001
TXN0003940,2025-12-03,D004,R001,SERVICES,116290.49,125039.06,78100.11,55696.37,106,Completed,8748.569999999992,-22403.739999999998
TXN0003941,2026-11-03,D003,R003,SOFTWARE,187833.25,186231.09,114810.43,131564.71,154,Completed,-1602.1600000000035,16754.28
TXN0003942,2025-12-22,D007,R004,CONSULTING,150572.03,174046.14,92344.33,96436.83,121,Completed,23474.110000000015,4092.5
TXN0003943,2026-07-03,D007,R004,SOFTWARE,218190.66,249418.11,118582.07,114754.81,118,Completed,31227.449999999983,-3827.2600000000093
TXN0003944,2024-08-30,D002,R002,SUPPORT,104466.67,117318.08,54218.28,57775.86,67,Cancelled,12851.410000000003,3557.5800000000017
TXN0003945,2024-02-07,D006,R003,SERVICES,174006.72,165806.01,71992.05,79032.13,87,Completed,-8200.709999999992,7040.080000000002
TXN0003946,2024-10-24,D002,R002,HARDWARE,205968.84,224052.34,196263.38,231409.67,104,Completed,18083.5,35146.29000000001
TXN0003947,2025-03-21,D001,R001,SOFTWARE,147741.19,139268.42,113425.09,135858.31,55,Completed,-8472.76999999999,22433.22
TXN0003948,2026-06-12,D001,R001,SUPPORT,83167.34,85971.5,54521.07,53374.03,71,Completed,2804.1600000000035,-1147.0400000000009
TXN0003949,2024-08-18,D005,R002,SUPPORT,90770.79,90102.97,46316.39,62623.82,163,Cancelled,-667.8199999999924,16307.43
TXN0003950,2025-08-22,D004,R001,HARDWARE,220032.52,207929.22,145677.06,145680.77,133,Completed,-12103.299999999988,3.709999999991851
TXN0003951,2026-05-20,D004,R006,SOFTWARE,149556.46,122627.47,91533.82,85720.02,158,Completed,-26928.98999999999,-5813.800000000003
TXN0003952,2024-05-04,D001,R001,SERVICES,165338.48,132333.15,96342.77,93361.43,42,Completed,-33005.330000000016,-2981.340000000011
TXN0003953,2026-02-09,D006,R003,CONSULTING,93494.48,107275.52,64331.18,73071.3,98,Cancelled,13781.040000000008,8740.120000000003
TXN0003954,2025-05-16,D007,R004,CONSULTING,116865.95,97185.02,71039.95,69707.63,64,Cancelled,-19680.929999999993,-1332.3199999999924
TXN0003955,2024-04-07,D006,R003,SUBSCRIPTION,145314.46,157605.32,108016.54,116159.74,28,Completed,12290.860000000015,8143.200000000012
TXN0003956,2026-10-18,D006,R005,HARDWARE,293514.05,316635.85,162639.41,137353.32,112,Completed,23121.79999999999,-25286.089999999997
TXN0003957,2026-05-19,D003,R003,SUBSCRIPTION,151793.99,182625.96,105845.64,99227.19,36,Completed,30831.97,-6618.449999999997
TXN0003958,2025-10-19,D007,R004,HARDWARE,213014.28,223167.44,153205.37,135218.9,33,Completed,10153.160000000003,-17986.47
TXN0003959,2026-06-10,D009,R001,CONSULTING,146129.5,163999.34,68799.89,63124.48,89,Completed,17869.839999999997,-5675.409999999996
TXN0003960,2026-10-16,D003,R003,HARDWARE,234622.92,240564.2,117494.17,120563.4,134,Completed,5941.279999999999,3069.229999999996
TXN0003961,2026-09-02,D006,R003,SERVICES,127949.7,119758.48,84956.81,89498.18,168,Completed,-8191.220000000001,4541.369999999995
TXN0003962,2026-02-24,D010,R002,SERVICES,121747.45,121345.46,98553.51,95385.28,9,Completed,-401.9899999999907,-3168.229999999996
TXN0003963,2026-01-27,D005,R002,CONSULTING,101051.5,66059.62,99133.55,71005.09,76,Pending,-34991.880000000005,-28128.460000000006
TXN0003964,2026-03-01,D008,R004,SOFTWARE,124050.51,142108.59,138152.43,180246.82,21,Pending,18058.08,42094.390000000014
TXN0003965,2026-10-21,D002,R005,SOFTWARE,187114.11,170602.11,112318.37,132731.59,123,Completed,-16512.0,20413.22
TXN0003966,2026-11-09,D006,R003,HARDWARE,230983.97,239022.21,142349.54,145228.53,141,Completed,8038.239999999991,2878.9899999999907
TXN0003967,2025-03-19,D008,R004,SOFTWARE,185694.42,206450.57,87235.27,99517.96,30,Pending,20756.149999999994,12282.690000000002
TXN0003968,2026-12-21,D006,R003,SERVICES,157742.09,143023.93,61029.63,61413.2,9,Completed,-14718.160000000003,383.5699999999997
TXN0003969,2025-09-09,D008,R004,SOFTWARE,160411.61,109328.74,125203.62,95606.0,133,Completed,-51082.86999999998,-29597.619999999995
TXN0003970,2024-12-04,D008,R001,CONSULTING,154469.54,157380.37,88324.48,86177.27,46,Cancelled,2910.829999999987,-2147.209999999992
TXN0003971,2026-12-17,D003,R003,CONSULTING,102986.16,105327.7,69235.65,73360.02,108,Completed,2341.5399999999936,4124.37000000001
TXN0003972,2025-06-09,D008,R004,SUBSCRIPTION,149707.24,148150.88,99281.27,116412.89,16,Pending,-1556.359999999986,17131.619999999995
TXN0003973,2024-01-22,D007,R004,SERVICES,163139.72,158782.87,83263.18,77724.26,119,Pending,-4356.850000000006,-5538.919999999998
TXN0003974,2025-02-26,D004,R001,SOFTWARE,202181.85,256755.01,105707.31,121523.56,91,Completed,54573.16,15816.25
TXN0003975,2026-01-09,D009,R001,CONSULTING,105421.03,115163.38,94887.49,99542.25,111,Completed,9742.350000000006,4654.759999999995
TXN0003976,2026-12-19,D006,R003,SERVICES,180691.18,186653.88,75738.85,52486.83,115,Cancelled,5962.700000000012,-23252.020000000004
TXN0003977,2024-02-03,D008,R004,CONSULTING,136764.6,128228.92,66732.8,60786.15,72,Cancelled,-8535.680000000008,-5946.6500000000015
TXN0003978,2025-04-23,D009,R001,SUBSCRIPTION,133153.76,142907.23,107527.21,121744.83,50,Completed,9753.470000000001,14217.619999999995
TXN0003979,2025-06-15,D006,R003,SERVICES,120522.83,120796.28,80073.51,75298.41,6,Completed,273.4499999999971,-4775.099999999991
TXN0003980,2024-10-23,D001,R001,SUBSCRIPTION,205178.04,188755.28,98739.56,115809.03,126,Completed,-16422.76000000001,17069.47
TXN0003981,2025-01-11,D010,R002,SOFTWARE,184950.15,156225.74,138193.45,129865.14,157,Pending,-28724.410000000003,-8328.310000000012
TXN0003982,2025-05-10,D007,R004,SOFTWARE,209947.22,196582.85,87107.47,104165.9,54,Completed,-13364.369999999995,17058.429999999993
TXN0003983,2026-08-28,D007,R004,SUPPORT,92485.42,78264.56,44443.34,46034.92,133,Cancelled,-14220.86,1591.5800000000017
TXN0003984,2025-06-12,D008,R004,HARDWARE,224360.26,226565.3,118655.98,131667.81,70,Completed,2205.039999999979,13011.830000000002
TXN0003985,2024-02-26,D007,R004,SUBSCRIPTION,101874.11,90853.84,70352.06,53887.35,66,Cancelled,-11020.270000000004,-16464.71
TXN0003986,2026-03-09,D005,R002,SERVICES,148732.64,158909.2,86906.79,84762.63,58,Pending,10176.559999999998,-2144.159999999989
TXN0003987,2025-04-01,D003,R003,SERVICES,168537.06,162917.59,101965.96,120623.19,20,Completed,-5619.470000000001,18657.229999999996
TXN0003988,2026-09-14,D003,R003,SERVICES,105600.63,76189.25,111482.69,124598.09,31,Completed,-29411.380000000005,13115.399999999994
TXN0003989,2026-09-30,D007,R002,HARDWARE,171218.01,160341.89,115359.57,147899.99,114,Cancelled,-10876.119999999995,32540.419999999984
TXN0003990,2026-05-16,D002,R002,SOFTWARE,135678.89,110863.62,120371.71,104262.14,47,Completed,-24815.27000000002,-16109.570000000007
TXN0003991,2026-01-31,D005,R002,SUBSCRIPTION,122902.41,142406.69,85677.76,78247.84,34,Completed,19504.28,-7429.919999999998
TXN0003992,2025-04-21,D005,R002,CONSULTING,114097.03,108562.44,53377.4,61252.93,13,Completed,-5534.5899999999965,7875.529999999999
TXN0003993,2024-01-17,D003,R003,CONSULTING,131801.09,128339.7,69545.03,61191.48,58,Cancelled,-3461.3899999999994,-8353.549999999996
TXN0003994,2026-04-26,D003,R003,SERVICES,115607.34,135658.73,71974.15,63759.39,150,Cancelled,20051.390000000014,-8214.759999999995
TXN0003995,2025-12-01,D001,R001,HARDWARE,186661.82,245385.51,135164.56,169066.6,178,Pending,58723.69,33902.04000000001
TXN0003996,2024-04-05,D005,R002,SOFTWARE,164909.59,158018.85,120515.35,95606.0,113,Cancelled,-6890.739999999991,-24909.350000000006
TXN0003997,2026-09-08,D001,R001,CONSULTING,115747.85,145935.79,59923.05,64093.99,9,Completed,30187.940000000002,4170.939999999995
TXN0003998,2026-01-07,D002,R002,SERVICES,138717.83,167037.23,72490.58,64393.37,15,Completed,28319.400000000023,-8097.209999999999
TXN0003999,2025-10-02,D001,R001,HARDWARE,313073.43,335021.64,174482.84,186597.54,58,Completed,21948.21000000002,12114.700000000012
TXN0004000,2025-03-06,D007,R004,SERVICES,159215.27,142548.37,77120.97,54428.02,76,Pending,-16666.899999999994,-22692.950000000004
TXN0004001,2026-06-21,D010,R002,SOFTWARE,152493.62404958677,121994.12,97369.61,95694.51,45,Cancelled,-30499.504049586772,-1675.1000000000058
TXN0004002,2025-09-05,D005,R002,CONSULTING,120183.7,119374.73,62669.05,52648.64,147,Completed,-808.9700000000012,-10020.410000000003
TXN0004003,2024-07-03,D009,R001,SUBSCRIPTION,176386.17,183804.37,69650.24,70298.8,106,Completed,7418.1999999999825,648.5599999999977
TXN0004004,2025-10-27,D005,R006,SUBSCRIPTION,165815.87,164957.96,69156.54,68113.35,32,Cancelled,-857.9100000000035,-1043.1899999999878
TXN0004005,2024-09-17,D007,R001,SERVICES,124508.54,134812.03,102325.68,86176.5,123,Completed,10303.490000000005,-16149.179999999993
TXN0004006,2024-11-23,D008,R004,SOFTWARE,195767.0,188181.64,89555.01,78222.83,151,Completed,-7585.359999999986,-11332.179999999993
TXN0004007,2024-07-04,D007,R004,SUPPORT,78662.32,74172.44,47417.36,46098.88,81,Cancelled,-4489.880000000005,-1318.4800000000032
TXN0004008,2026-09-05,D007,R006,SUPPORT,81703.9,91339.55,53182.73,49534.73,120,Pending,9635.650000000009,-3648.0
TXN0004009,2024-06-12,D006,R003,CONSULTING,83433.5,83565.33,73244.65,81774.28,146,Completed,131.83000000000175,8529.630000000005
TXN0004010,2026-09-28,D006,R003,SUBSCRIPTION,152493.62404958677,140556.17,98628.88,95319.63,72,Cancelled,-11937.454049586755,-3309.25
TXN0004011,2024-02-01,D010,R002,CONSULTING,132048.15,131452.72,66136.49,58093.23,134,Cancelled,-595.429999999993,-8043.260000000002
TXN0004012,2026-07-05,D007,R004,SOFTWARE,156871.13,169181.63,115233.4,115907.02,131,Completed,12310.5,673.6200000000099
TXN0004013,2024-12-13,D007,R004,SOFTWARE,209610.03,204795.0,126834.34,118110.62,16,Cancelled,-4815.029999999999,-8723.720000000001
TXN0004014,2024-12-17,D001,R001,SOFTWARE,166590.69,168288.53,94072.39,104996.67,157,Completed,1697.8399999999965,10924.279999999999
TXN0004015,2026-01-30,D003,R003,SOFTWARE,167665.4,178095.35,108725.67,123887.66,81,Completed,10429.950000000012,15161.990000000005
TXN0004016,2024-11-03,D010,R006,SUBSCRIPTION,108927.4,116718.15,108604.77,113723.69,154,Completed,7790.75,5118.919999999998
TXN0004017,2025-01-29,D003,R003,HARDWARE,244010.33,253244.1,111777.14,144329.31,68,Completed,9233.770000000019,32552.17
TXN0004018,2026-02-01,D003,R005,SERVICES,117980.67,128022.91,79871.97,91872.22,22,Completed,10042.240000000005,12000.25
TXN0004019,2025-09-11,D003,R003,SUPPORT,93846.07,90905.81,46163.84,44887.04,93,Completed,-2940.2600000000093,-1276.7999999999956
TXN0004020,2025-08-04,D002,R002,SUPPORT,90971.07,86673.69,52707.7,64289.44,91,Completed,-4297.380000000005,11581.740000000005
TXN0004021,2024-09-03,D006,R003,SUPPORT,97057.12,70473.83,52763.84,52751.46,62,Pending,-26583.289999999994,-12.37999999999738
TXN0004022,2025-06-08,D010,R002,SUBSCRIPTION,118848.93,131939.1,92270.8,88248.45,58,Cancelled,13090.170000000013,-4022.350000000006
TXN0004023,2025-01-29,D004,R001,SERVICES,181904.35,214382.43,101740.4,103638.59,46,Completed,32478.079999999987,1898.1900000000023
TXN0004024,2026-05-23,D004,R001,SERVICES,138143.97,134336.33,75368.72,70029.1,38,Completed,-3807.640000000014,-5339.619999999995
TXN0004025,2024-09-15,D009,R005,SOFTWARE,136110.97,176550.48,91689.31,119416.5,73,Completed,40439.51000000001,27727.190000000002
TXN0004026,2024-04-27,D002,R002,SUBSCRIPTION,176008.67,180139.17,89044.27,89591.2,118,Completed,4130.5,546.929999999993
TXN0004027,2024-01-10,D010,R002,SUBSCRIPTION,126421.5,113994.88,80100.34,60100.1,19,Completed,-12426.619999999995,-20000.239999999998
TXN0004028,2026-02-04,D003,R003,CONSULTING,128959.94,128071.49,76243.22,61509.6,55,Completed,-888.4499999999971,-14733.620000000003
TXN0004029,2026-01-31,D008,R004,SUBSCRIPTION,130094.72,134496.45,92964.0,70812.34,76,Completed,4401.7300000000105,-22151.660000000003
TXN0004030,2025-08-01,D002,R002,CONSULTING,117507.43,120719.44,55053.73,43355.54,157,Completed,3212.0100000000093,-11698.190000000002
TXN0004031,2025-01-12,D002,R002,CONSULTING,114762.3,121158.18,89215.71,89665.48,164,Completed,6395.87999999999,449.7699999999895
TXN0004032,2026-03-07,D010,R002,CONSULTING,144561.44,142014.24,92964.0,55398.93,24,Completed,-2547.2000000000116,-37565.07
TXN0004033,2026-03-31,D002,R002,SERVICES,163862.82,173162.35,82554.74,104102.1,37,Pending,9299.529999999999,21547.36
TXN0004034,2026-07-11,D005,R002,SERVICES,185665.94,219980.23,65097.85,79582.03,166,Pending,34314.29000000001,14484.18
TXN0004035,2024-02-22,D005,R002,SERVICES,136537.81,166901.77,92213.36,119655.77,163,Pending,30363.959999999992,27442.410000000003
TXN0004036,2024-02-24,D002,R002,SERVICES,113125.88,125874.38,79771.23,69787.14,6,Cancelled,12748.5,-9984.089999999997
TXN0004037,2026-12-27,D010,R002,SUPPORT,63740.45,63098.43,63990.53,63264.64,73,Completed,-642.0199999999968,-725.8899999999994
TXN0004038,2024-06-12,D003,R003,SERVICES,150640.64,183092.98,84100.5,95606.0,32,Completed,32452.339999999997,11505.5
TXN0004039,2025-12-27,D006,R003,HARDWARE,260972.86,279658.08,163257.35,140741.23,7,Completed,18685.22000000003,-22516.119999999995
TXN0004040,2024-12-10,D002,R002,SUPPORT,79071.15,63151.67,56501.07,71705.23,30,Cancelled,-15919.479999999996,15204.159999999996
TXN0004041,2024-11-04,D002,R002,SUPPORT,82170.81,70154.86,67601.69,71104.62,137,Pending,-12015.949999999997,3502.929999999993
TXN0004042,2024-10-13,D008,R004,CONSULTING,119974.98,134470.12,81284.47,69547.46,71,Pending,14495.14,-11737.009999999995
TXN0004043,2025-05-29,D010,R002,HARDWARE,238160.04,236908.46,112386.69,100457.79,38,Completed,-1251.5800000000163,-11928.900000000009
TXN0004044,2025-04-06,D002,R002,SERVICES,129597.6,105523.81,80948.91,70901.96,165,Completed,-24073.790000000008,-10046.949999999997
TXN0004045,2025-04-01,D009,R001,SUBSCRIPTION,152493.62404958677,143444.01,97036.73,89291.47,6,Completed,-9049.614049586758,-7745.259999999995
TXN0004046,2026-02-06,D009,R001,SOFTWARE,184646.91,189057.19,77231.98,91725.79,131,Pending,4410.279999999999,14493.809999999998
TXN0004047,2025-04-25,D010,R002,SERVICES,142810.16,120057.24,71277.46,63800.05,48,Cancelled,-22752.92,-7477.4100000000035
TXN0004048,2025-12-26,D010,R002,CONSULTING,107128.66,137194.85,89314.83,100585.32,29,Completed,30066.190000000002,11270.490000000005
TXN0004049,2025-11-27,D010,R002,SERVICES,185305.54,177554.64,92839.67,88263.57,124,Cancelled,-7750.899999999994,-4576.099999999991
TXN0004050,2024-04-27,D005,R002,HARDWARE,214268.6,178000.27,153213.93,141079.92,138,Completed,-36268.330000000016,-12134.00999999998
TXN0004051,2026-12-15,D009,R001,HARDWARE,245209.3,279207.46,158334.13,164567.08,140,Completed,33998.16000000003,6232.9499999999825
TXN0004052,2026-06-14,D009,R001,HARDWARE,144539.3,140970.61,169503.01,166626.7,127,Completed,-3568.6900000000023,-2876.3099999999977
TXN0004053,2026-06-11,D007,R004,SOFTWARE,197706.76,195520.21,90606.56,122947.99,73,Pending,-2186.5500000000175,32341.430000000008
TXN0004054,2024-10-12,D008,R004,SUBSCRIPTION,133972.04,132071.97,93958.59,116495.48,97,Completed,-1900.070000000007,22536.89
TXN0004055,2025-10-15,D004,R001,SUPPORT,97685.14,84236.63,50545.46,61146.48,100,Completed,-13448.509999999995,10601.020000000004
TXN0004056,2024-11-21,D010,R002,SUBSCRIPTION,128231.89,127166.31,125304.66,126490.35,49,Completed,-1065.5800000000017,1185.6900000000023
TXN0004057,2025-10-01,D006,R005,SUBSCRIPTION,174392.12,166015.52,102063.55,117189.77,95,Pending,-8376.600000000006,15126.220000000001
TXN0004058,2026-04-07,D003,R003,HARDWARE,228832.0,255148.57,134053.2,156452.02,49,Cancelled,26316.570000000007,22398.819999999978
TXN0004059,2025-01-04,D007,R004,HARDWARE,209418.4,247760.07,128760.44,162882.03,170,Completed,38341.67000000001,34121.59
TXN0004060,2024-11-28,D002,R002,SERVICES,128491.98,131450.39,85979.89,97864.89,67,Completed,2958.410000000018,11885.0
TXN0004061,2024-12-24,D002,R002,SUBSCRIPTION,157739.5,153696.34,89296.17,101347.19,157,Completed,-4043.1600000000035,12051.020000000004
TXN0004062,2026-05-05,D001,R001,SUPPORT,62342.69,76751.34,79136.61,79633.35,105,Completed,14408.649999999994,496.74000000000524
TXN0004063,2024-01-01,D008,R006,CONSULTING,120544.39,123518.02,79486.09,77124.51,72,Completed,2973.6300000000047,-2361.5800000000017
TXN0004064,2026-05-31,D001,R001,HARDWARE,223919.86,245717.51,142507.4,141525.12,54,Completed,21797.650000000023,-982.2799999999988
TXN0004065,2024-03-21,D002,R002,HARDWARE,204177.7,217407.1,169691.2,173430.11,9,Completed,13229.399999999994,3738.9099999999744
TXN0004066,2025-03-25,D010,R005,SUBSCRIPTION,156721.97,176111.64,91030.08,98739.27,67,Completed,19389.670000000013,7709.190000000002
TXN0004067,2024-02-10,D004,R001,SERVICES,154849.94,144566.33,78105.5,83506.94,46,Completed,-10283.610000000015,5401.440000000002
TXN0004068,2025-03-31,D008,R004,SUBSCRIPTION,103527.66,105819.17,90557.84,112894.99,102,Completed,2291.5099999999948,22337.15000000001
TXN0004069,2026-12-19,D001,R001,SOFTWARE,154862.0,194288.4,128214.91,134711.43,41,Pending,39426.399999999994,6496.5199999999895
TXN0004070,2026-03-30,D008,R004,HARDWARE,128840.32,120565.39,164627.48,175415.95,76,Pending,-8274.930000000008,10788.470000000001
TXN0004071,2026-06-05,D002,R002,SUPPORT,113876.84,110169.09,54981.54,46912.3,19,Pending,-3707.75,-8069.239999999998
TXN0004072,2025-07-30,D007,R004,CONSULTING,118159.08,119234.25,64699.41,52606.58,60,Cancelled,1075.1699999999983,-12092.830000000002
TXN0004073,2026-06-08,D006,R006,SERVICES,149988.82,169437.71,79805.7,93864.66,49,Completed,19448.889999999985,14058.960000000006
TXN0004074,2026-05-21,D005,R002,CONSULTING,106168.49,111600.55,92096.95,77953.95,173,Completed,5432.059999999998,-14143.0
TXN0004075,2025-09-02,D004,R001,SERVICES,162703.08,157802.83,76647.81,79792.94,110,Completed,-4900.25,3145.1300000000047
TXN0004076,2025-06-14,D001,R001,SUBSCRIPTION,196222.87,223259.79,79652.18,95606.0,77,Completed,27036.920000000013,15953.820000000007
TXN0004077,2024-07-22,D007,R004,SERVICES,106397.51,114310.66,72095.89,78370.77,104,Completed,7913.150000000009,6274.880000000005
TXN0004078,2024-08-26,D005,R002,HARDWARE,223987.85,225589.07,91550.8,114658.68,55,Pending,1601.2200000000012,23107.87999999999
TXN0004079,2026-06-03,D003,R003,SUPPORT,60902.13,79953.35,59666.69,55746.09,138,Completed,19051.22000000001,-3920.600000000006
TXN0004080,2026-05-14,D008,R004,SOFTWARE,178773.64,174333.94,81191.83,82402.72,58,Completed,-4439.700000000012,1210.8899999999994
TXN0004081,2024-02-04,D010,R002,SUBSCRIPTION,161941.35,155989.82,91347.05,75975.5,76,Pending,-5951.529999999999,-15371.550000000003
TXN0004082,2024-07-23,D002,R002,HARDWARE,196489.5,220923.71,146728.69,127244.93,135,Cancelled,24434.209999999992,-19483.76000000001
TXN0004083,2025-01-21,D008,R005,CONSULTING,140635.58,150402.97,69910.83,69511.73,49,Completed,9767.390000000014,-399.1000000000058
TXN0004084,2025-03-24,D003,R005,HARDWARE,244783.21,248162.48,92964.0,159972.57,118,Completed,3379.2700000000186,67008.57
TXN0004085,2026-10-13,D005,R002,SOFTWARE,211341.63,233915.34,112509.52,124952.9,48,Completed,22573.709999999992,12443.37999999999
TXN0004086,2025-06-02,D005,R002,HARDWARE,273161.41,289172.34,172167.12,165205.6,133,Pending,16010.930000000051,-6961.5199999999895
TXN0004087,2024-01-23,D010,R002,SUBSCRIPTION,105607.77,155988.0,75444.28,89702.07,47,Completed,50380.229999999996,14257.790000000008
TXN0004088,2025-06-04,D005,R002,HARDWARE,257432.3,323156.81,148587.65,195722.06,101,Completed,65724.51000000001,47134.41
TXN0004089,2025-07-29,D007,R004,SOFTWARE,195778.3,176444.55,121861.42,119600.56,124,Completed,-19333.75,-2260.8600000000006
TXN0004090,2025-06-29,D004,R001,SUPPORT,102101.34,98976.76,53131.66,53160.7,21,Completed,-3124.5800000000017,29.039999999993597
TXN0004091,2026-10-22,D001,R001,SERVICES,159519.0,155988.0,86604.12,89275.71,91,Completed,-3531.0,2671.590000000011
TXN0004092,2024-12-23,D008,R004,HARDWARE,220499.47,241630.12,115554.06,79692.13,28,Pending,21130.649999999994,-35861.92999999999
TXN0004093,2024-02-02,D005,R002,SUBSCRIPTION,144512.04,147746.3,90337.42,93183.67,13,Cancelled,3234.25999999998,2846.25
TXN0004094,2025-06-20,D004,R001,SOFTWARE,169488.38,200087.82,145227.73,137131.07,177,Pending,30599.440000000002,-8096.6600000000035
TXN0004095,2026-04-20,D001,R001,SUPPORT,60104.61,63798.8,62224.64,58737.41,29,Completed,3694.1900000000023,-3487.229999999996
TXN0004096,2025-06-20,D004,R001,SUBSCRIPTION,137751.5,134809.43,118430.97,115197.43,75,Completed,-2942.070000000007,-3233.540000000008
TXN0004097,2026-07-13,D008,R006,SOFTWARE,151042.65,155255.87,89607.67,102445.03,171,Completed,4213.220000000001,12837.36
TXN0004098,2026-08-15,D007,R004,CONSULTING,131512.74,142883.71,87344.08,81558.98,38,Pending,11370.970000000001,-5785.100000000006
TXN0004099,2026-01-23,D004,R001,SOFTWARE,243111.67,254288.1,111229.53,113597.12,173,Completed,11176.429999999993,2367.5899999999965
TXN0004100,2024-09-03,D002,R002,SUBSCRIPTION,153056.39,186176.09,96351.9,83406.48,20,Completed,33119.69999999998,-12945.419999999998
TXN0004101,2024-07-12,D008,R004,SUPPORT,72391.83,79844.41,70958.48,71594.5,152,Completed,7452.580000000002,636.0200000000041
TXN0004102,2025-11-16,D001,R001,HARDWARE,245557.23,162565.77,122172.4,123566.72,15,Pending,-82991.46000000002,1394.320000000007
TXN0004103,2025-04-28,D009,R001,HARDWARE,307325.42,391831.29,150530.36,183624.67,98,Pending,84505.87,33094.31000000003
TXN0004104,2025-05-22,D007,R005,SERVICES,130014.87,125834.35,83756.68,88657.41,118,Completed,-4180.5199999999895,4900.7300000000105
TXN0004105,2025-08-03,D007,R004,SERVICES,116400.24,155988.0,72134.02,72144.79,11,Pending,39587.759999999995,10.769999999989523
TXN0004106,2025-08-03,D008,R004,SUPPORT,112690.48,111466.26,56933.83,65448.48,10,Pending,-1224.2200000000012,8514.650000000001
TXN0004107,2024-04-10,D008,R004,SOFTWARE,171503.81,185103.34,90059.59,72395.68,51,Completed,13599.529999999999,-17663.910000000003
TXN0004108,2025-07-29,D007,R004,CONSULTING,64857.42,63229.31,69500.85,59319.49,25,Cancelled,-1628.1100000000006,-10181.360000000008
TXN0004109,2026-06-11,D001,R001,CONSULTING,140513.9,131409.53,95895.96,102390.72,170,Cancelled,-9104.369999999995,6494.759999999995
TXN0004110,2025-05-11,D007,R004,SUBSCRIPTION,206381.96,202480.68,101717.14,117390.28,178,Cancelled,-3901.279999999999,15673.14
TXN0004111,2026-04-29,D001,R001,SERVICES,131670.06,126567.15,94018.08,95606.0,57,Completed,-5102.9100000000035,1587.9199999999983
TXN0004112,2026-10-28,D003,R003,SUPPORT,98271.6,99029.66,92964.0,60136.85,128,Pending,758.0599999999977,-32827.15
TXN0004113,2025-10-22,D001,R001,HARDWARE,228437.98,220102.75,142967.13,167159.37,10,Completed,-8335.23000000001,24192.23999999999
TXN0004114,2026-07-21,D010,R002,SOFTWARE,184882.22,190535.67,97723.71,112132.95,20,Completed,5653.450000000012,14409.23999999999
TXN0004115,2024-08-06,D009,R001,SUPPORT,100191.14,129997.89,59853.85,58860.34,144,Pending,29806.75,-993.510000000002
TXN0004116,2025-01-17,D008,R006,SERVICES,165850.65,146657.45,101834.03,115259.74,20,Completed,-19193.199999999983,13425.710000000006
TXN0004117,2024-01-31,D007,R004,SUBSCRIPTION,216265.31,214608.91,94056.42,98492.64,126,Completed,-1656.3999999999942,4436.220000000001
TXN0004118,2024-06-13,D010,R002,SUBSCRIPTION,157345.39,173537.47,78859.43,78198.23,177,Cancelled,16192.079999999987,-661.1999999999971
TXN0004119,2024-02-09,D009,R001,SUBSCRIPTION,115241.46,126230.88,71711.71,67611.59,148,Completed,10989.419999999998,-4100.12000000001
TXN0004120,2025-04-22,D007,R004,SERVICES,117264.61,129910.8,97954.2,96467.65,123,Completed,12646.190000000002,-1486.550000000003
TXN0004121,2026-12-29,D008,R004,SOFTWARE,151651.13,168037.3,122104.69,131861.14,113,Completed,16386.169999999984,9756.450000000012
TXN0004122,2025-08-20,D010,R002,CONSULTING,93656.77,96879.03,78602.65,86097.86,45,Completed,3222.2599999999948,7495.210000000006
TXN0004123,2025-04-25,D004,R001,SUBSCRIPTION,171487.4,133093.4,89111.21,84853.9,27,Completed,-38394.0,-4257.310000000012
TXN0004124,2024-09-02,D006,R003,SUPPORT,83251.18,79326.26,55998.75,55694.13,33,Completed,-3924.9199999999983,-304.6200000000026
TXN0004125,2026-07-05,D006,R003,SUBSCRIPTION,144470.19,159378.68,97290.41,67875.63,120,Completed,14908.48999999999,-29414.78
TXN0004126,2025-11-27,D007,R004,SOFTWARE,142013.86,139993.27,107445.63,83711.95,142,Pending,-2020.5899999999965,-23733.680000000008
TXN0004127,2026-12-22,D004,R006,SUBSCRIPTION,175282.29,190507.13,87369.27,104758.8,46,Completed,15224.839999999997,17389.53
TXN0004128,2025-07-23,D004,R001,SUBSCRIPTION,156206.55,164646.48,89988.15,84567.75,173,Completed,8439.930000000022,-5420.399999999994
TXN0004129,2024-03-06,D001,R001,SUPPORT,101983.5,115705.23,35817.93,33522.14,124,Cancelled,13721.729999999996,-2295.790000000001
TXN0004130,2024-12-01,D007,R002,SUBSCRIPTION,148014.74,174796.02,61057.02,78931.73,103,Pending,26781.28,17874.71
TXN0004131,2024-08-21,D007,R002,SUPPORT,85588.34,109365.65,52635.72,52271.9,92,Cancelled,23777.309999999998,-363.8199999999997
TXN0004132,2024-07-29,D010,R002,SOFTWARE,198646.72,228662.46,118774.83,129603.62,102,Completed,30015.73999999999,10828.789999999994
TXN0004133,2024-10-17,D010,R002,SUPPORT,112796.82,117256.7,60124.35,49614.65,172,Cancelled,4459.87999999999,-10509.699999999997
TXN0004134,2026-08-07,D002,R002,SERVICES,130122.77,125277.59,80335.68,60809.48,16,Completed,-4845.180000000008,-19526.19999999999
TXN0004135,2025-03-09,D008,R005,CONSULTING,133478.34,156527.65,67353.53,48012.96,15,Pending,23049.309999999998,-19340.57
TXN0004136,2024-05-03,D001,R001,SUBSCRIPTION,134362.4,126404.13,79733.97,73546.33,137,Completed,-7958.2699999999895,-6187.639999999999
TXN0004137,2026-12-18,D008,R004,SERVICES,127733.44,129725.19,92404.4,99848.85,47,Cancelled,1991.75,7444.450000000012
TXN0004138,2025-08-29,D007,R004,SUPPORT,88458.57,101681.9,65896.89,86421.34,81,Cancelled,13223.329999999987,20524.449999999997
TXN0004139,2024-09-02,D006,R003,SOFTWARE,172431.69,172412.0,127194.9,95606.0,122,Completed,-19.69000000000233,-31588.899999999994
TXN0004140,2025-11-25,D009,R001,SUBSCRIPTION,171425.12,145269.59,87211.32,91425.25,149,Completed,-26155.53,4213.929999999993
TXN0004141,2024-03-06,D008,R004,SOFTWARE,152535.43,133509.77,85411.83,92815.15,112,Cancelled,-19025.660000000003,7403.319999999992
TXN0004142,2024-08-18,D001,R001,SUBSCRIPTION,144506.89,141540.92,59073.07,63173.86,158,Pending,-2965.970000000001,4100.790000000001
TXN0004143,2026-11-04,D002,R002,CONSULTING,97314.29,74260.59,81037.49,93509.28,105,Completed,-23053.699999999997,12471.789999999994
TXN0004144,2024-09-30,D001,R001,SUBSCRIPTION,218836.81,224121.95,84994.74,80987.31,9,Completed,5285.140000000014,-4007.4300000000076
TXN0004145,2024-12-24,D010,R002,SOFTWARE,225477.28,223348.48,107110.58,95945.01,112,Completed,-2128.7999999999884,-11165.570000000007
TXN0004146,2025-10-29,D005,R002,SERVICES,166198.73,155988.0,70903.43,77844.12,157,Pending,-10210.73000000001,6940.690000000002
TXN0004147,2026-04-12,D003,R003,HARDWARE,224602.82,229422.63,120417.55,125970.85,179,Pending,4819.809999999998,5553.300000000003
TXN0004148,2025-08-27,D001,R001,SOFTWARE,161835.75,158868.23,108190.17,110292.0,174,Completed,-2967.5199999999895,2101.8300000000017
TXN0004149,2025-03-16,D005,R002,HARDWARE,218470.76,185433.99,129115.4,107501.76,109,Cancelled,-33036.77000000002,-21613.64
TXN0004150,2025-01-04,D001,R001,SERVICES,181271.43,148353.47,88355.5,100147.47,122,Completed,-32917.95999999999,11791.970000000001
TXN0004151,2026-07-13,D004,R006,SUBSCRIPTION,175175.54,169950.13,91451.65,81967.34,108,Completed,-5225.4100000000035,-9484.309999999998
TXN0004152,2026-08-07,D004,R001,SUPPORT,67168.42,69250.22,54154.72,50962.37,5,Completed,2081.800000000003,-3192.3499999999985
TXN0004153,2024-09-29,D005,R002,HARDWARE,158962.24,137035.77,167630.97,174644.16,83,Completed,-21926.47,7013.190000000002
TXN0004154,2026-05-20,D006,R003,SUPPORT,101623.99,114588.8,46268.03,42791.78,70,Cancelled,12964.809999999998,-3476.25
TXN0004155,2026-01-22,D002,R002,CONSULTING,158421.51,158583.64,75574.01,73354.9,76,Completed,162.13000000000466,-2219.1100000000006
TXN0004156,2025-11-07,D004,R001,SUPPORT,95448.68,92265.45,50803.19,56753.53,135,Cancelled,-3183.229999999996,5950.3399999999965
TXN0004157,2026-07-14,D003,R003,SUPPORT,75208.43,87968.2,46960.32,31199.55,96,Completed,12759.770000000004,-15760.77
TXN0004158,2026-03-30,D009,R001,SUPPORT,82019.83,87555.85,64702.24,66593.51,110,Completed,5536.020000000004,1891.2699999999968
TXN0004159,2026-05-26,D004,R001,SERVICES,141291.34,136073.44,82952.0,60684.98,14,Pending,-5217.899999999994,-22267.019999999997
TXN0004160,2026-12-19,D007,R004,SUBSCRIPTION,119430.5,124352.04,79677.7,70692.79,109,Completed,4921.539999999994,-8984.910000000003
TXN0004161,2025-09-27,D010,R006,SUBSCRIPTION,179284.13,220244.84,71383.55,70375.1,150,Pending,40960.70999999999,-1008.4499999999971
TXN0004162,2025-09-06,D003,R003,SOFTWARE,115762.91,126725.3,126785.03,81493.56,52,Cancelled,10962.39,-45291.47
TXN0004163,2026-04-21,D009,R001,SERVICES,140164.73,139463.4,79428.16,95635.32,149,Cancelled,-701.3300000000163,16207.160000000003
TXN0004164,2024-05-28,D003,R006,CONSULTING,135114.31,149311.24,57185.54,64232.65,121,Cancelled,14196.929999999993,7047.110000000001
TXN0004165,2025-07-12,D010,R002,SERVICES,101881.75,105244.97,74239.31,68800.95,101,Cancelled,3363.220000000001,-5438.360000000001
TXN0004166,2024-12-11,D010,R002,SUBSCRIPTION,172822.07,174451.09,99521.01,112108.32,155,Cancelled,1629.0199999999895,12587.310000000012
TXN0004167,2026-04-09,D009,R001,HARDWARE,286322.15,308075.13,171545.56,190060.09,107,Cancelled,21752.97999999998,18514.53
TXN0004168,2026-12-07,D009,R001,CONSULTING,139249.28,134426.16,77389.47,70557.28,161,Completed,-4823.119999999995,-6832.190000000002
TXN0004169,2024-01-26,D006,R003,CONSULTING,137383.56,112209.52,55519.83,70479.78,82,Completed,-25174.039999999994,14959.949999999997
TXN0004170,2024-10-04,D004,R001,SERVICES,146359.62,165893.59,79348.54,78174.98,138,Completed,19533.97,-1173.5599999999977
TXN0004171,2025-01-11,D010,R002,SOFTWARE,130771.05,129278.59,95349.73,104404.58,56,Cancelled,-1492.4600000000064,9054.850000000006
TXN0004172,2024-06-22,D009,R001,SUBSCRIPTION,152274.98,157050.49,133181.77,140077.97,44,Completed,4775.50999999998,6896.200000000012
TXN0004173,2025-08-16,D007,R005,SOFTWARE,154834.53,154101.02,91169.6,100792.52,81,Completed,-733.5100000000093,9622.919999999998
TXN0004174,2024-05-17,D008,R004,SERVICES,121146.42,121241.17,83273.76,84900.64,83,Completed,94.75,1626.8800000000047
TXN0004175,2024-05-24,D001,R001,SUPPORT,112718.27,111424.87,80896.22,101376.19,60,Completed,-1293.4000000000087,20479.97
TXN0004176,2024-07-11,D002,R006,HARDWARE,224628.33,245721.33,140234.04,143842.92,167,Cancelled,21093.0,3608.8800000000047
TXN0004177,2026-09-06,D008,R004,SUBSCRIPTION,179519.68,155988.0,93816.09,98895.01,169,Completed,-23531.679999999993,5078.919999999998
TXN0004178,2024-04-10,D007,R004,SUPPORT,88366.37,78440.04,49718.62,36495.38,80,Completed,-9926.330000000002,-13223.240000000005
TXN0004179,2024-05-11,D006,R003,SUPPORT,61663.56,68222.39,61947.59,58820.85,19,Cancelled,6558.830000000002,-3126.739999999998
TXN0004180,2024-04-03,D003,R003,SERVICES,121801.59,166290.85,100429.72,125346.43,150,Pending,44489.26000000001,24916.709999999992
TXN0004181,2025-06-18,D007,R004,SOFTWARE,152493.62404958677,150183.55,94464.85,95606.0,148,Cancelled,-2310.0740495867794,1141.1499999999942
TXN0004182,2024-10-03,D007,R004,SUBSCRIPTION,139579.82,138868.7,94840.17,82324.78,171,Completed,-711.1199999999953,-12515.39
TXN0004183,2024-06-23,D007,R004,SOFTWARE,192473.06,213684.1,92276.26,81102.73,126,Completed,21211.040000000008,-11173.529999999999
TXN0004184,2026-07-07,D004,R001,SOFTWARE,196318.93,175018.94,123342.21,138807.21,162,Pending,-21299.98999999999,15464.999999999985
TXN0004185,2026-05-31,D007,R004,SUBSCRIPTION,215544.65,179711.84,97317.98,86958.27,151,Completed,-35832.81,-10359.709999999992
TXN0004186,2025-08-17,D008,R004,SUPPORT,68603.15,72537.74,72056.08,84579.7,6,Completed,3934.590000000011,12523.619999999995
TXN0004187,2026-02-10,D004,R001,HARDWARE,205893.99,194614.29,114311.43,112376.38,70,Completed,-11279.699999999983,-1935.0499999999884
TXN0004188,2025-01-02,D003,R003,SOFTWARE,167468.89,151305.68,115879.62,132196.95,128,Cancelled,-16163.210000000021,16317.330000000016
TXN0004189,2025-02-28,D006,R003,SOFTWARE,218665.98,290903.63,108487.47,115904.78,18,Pending,72237.65,7417.309999999998
TXN0004190,2024-12-13,D008,R004,SUPPORT,60220.03,75803.73,55964.32,60759.54,23,Pending,15583.699999999997,4795.220000000001
TXN0004191,2025-02-01,D006,R006,SOFTWARE,194271.55,179028.59,121900.91,121070.17,16,Completed,-15242.959999999992,-830.7400000000052
TXN0004192,2024-05-25,D006,R003,SUPPORT,70500.75,75417.74,66674.27,69329.69,156,Completed,4916.990000000005,2655.4199999999983
TXN0004193,2026-07-30,D009,R001,SERVICES,120382.01,122828.76,99678.18,91796.98,15,Completed,2446.75,-7881.199999999997
TXN0004194,2025-09-27,D005,R002,HARDWARE,208894.64,210909.21,163309.96,151554.38,75,Pending,2014.5699999999779,-11755.579999999987
TXN0004195,2025-08-07,D005,R002,SOFTWARE,189936.84,184088.67,104005.03,108399.93,131,Pending,-5848.169999999984,4394.899999999994
TXN0004196,2026-01-05,D001,R001,SUBSCRIPTION,181989.45,201880.22,103822.21,94539.67,37,Completed,19890.76999999999,-9282.540000000008
TXN0004197,2026-08-21,D006,R003,SOFTWARE,133827.84,137262.4,85885.58,80471.46,110,Completed,3434.5599999999977,-5414.119999999995
TXN0004198,2024-05-26,D002,R002,SUBSCRIPTION,219721.53,281165.5,84668.92,86216.27,125,Completed,61443.97,1547.3500000000058
TXN0004199,2024-02-07,D009,R001,HARDWARE,184515.05,160365.48,149961.6,166105.64,128,Completed,-24149.569999999978,16144.040000000008
TXN0004200,2025-11-12,D003,R003,SUBSCRIPTION,171334.87,146492.72,88629.71,100394.48,25,Completed,-24842.149999999994,11764.76999999999
TXN0004201,2024-03-16,D006,R003,HARDWARE,196982.26,175781.28,154826.44,150513.64,159,Completed,-21200.98000000001,-4312.799999999988
TXN0004202,2024-03-01,D009,R001,SUBSCRIPTION,211046.17,233737.61,70174.24,91992.45,93,Completed,22691.439999999973,21818.209999999992
TXN0004203,2024-07-14,D009,R001,SUPPORT,113189.54,114486.22,63145.87,58147.18,87,Pending,1296.6800000000076,-4998.690000000002
TXN0004204,2026-03-14,D005,R002,SUBSCRIPTION,177724.65,178534.87,59257.12,65451.55,176,Completed,810.2200000000012,6194.43
TXN0004205,2026-03-26,D004,R001,SOFTWARE,118487.74,123253.64,131730.64,149770.31,17,Pending,4765.899999999994,18039.669999999984
TXN0004206,2025-05-18,D008,R006,SOFTWARE,189347.07,221485.07,123360.85,129652.46,8,Completed,32138.0,6291.610000000001
TXN0004207,2025-07-19,D006,R003,SOFTWARE,155330.03,155988.0,101578.31,105420.19,9,Completed,657.9700000000012,3841.8800000000047
TXN0004208,2024-02-11,D010,R001,SUPPORT,76738.58,65353.36,45331.23,44392.39,50,Completed,-11385.220000000001,-938.8400000000038
TXN0004209,2026-02-22,D009,R005,SUBSCRIPTION,205756.44,200944.56,71811.71,51726.46,105,Completed,-4811.880000000005,-20085.250000000007
TXN0004210,2026-03-28,D007,R001,HARDWARE,232652.23,235624.52,156240.03,160299.77,180,Completed,2972.289999999979,4059.7399999999907
TXN0004211,2024-01-26,D001,R001,SUBSCRIPTION,172384.39,175658.9,96211.18,94371.22,43,Pending,3274.50999999998,-1839.9599999999919
TXN0004212,2025-11-23,D006,R003,SUPPORT,86442.13,102042.63,60790.28,77862.18,28,Pending,15600.5,17071.899999999994
TXN0004213,2025-02-27,D005,R002,SUPPORT,76196.74,70458.94,43895.11,48766.91,57,Completed,-5737.800000000003,4871.800000000003
TXN0004214,2025-02-13,D006,R003,SERVICES,131092.81,134676.63,77707.62,82065.65,19,Completed,3583.820000000007,4358.029999999999
TXN0004215,2025-06-23,D010,R002,HARDWARE,233015.66,235103.33,149724.92,161205.41,10,Cancelled,2087.6699999999837,11480.48999999999
TXN0004216,2026-09-25,D009,R001,CONSULTING,151773.19,137190.65,87392.69,94253.37,15,Cancelled,-14582.540000000008,6860.679999999993
TXN0004217,2024-10-12,D010,R002,SOFTWARE,188112.92,196305.87,124539.86,129313.26,15,Completed,8192.949999999983,4773.399999999994
TXN0004218,2025-07-31,D010,R002,SOFTWARE,210305.33,205693.63,109274.51,116585.69,61,Completed,-4611.6999999999825,7311.180000000008
TXN0004219,2026-09-03,D002,R002,SERVICES,148163.36,192158.19,100478.12,123965.06,101,Completed,43994.830000000016,23486.940000000002
TXN0004220,2025-11-24,D002,R002,HARDWARE,215588.4,230557.02,142688.82,104366.97,148,Completed,14968.619999999995,-38321.850000000006
TXN0004221,2025-08-05,D006,R003,CONSULTING,126511.72,157526.68,68584.57,66072.35,52,Completed,31014.959999999992,-2512.220000000001
TXN0004222,2024-07-03,D002,R002,CONSULTING,150684.6,123155.5,92498.68,97007.37,80,Pending,-27529.100000000006,4508.690000000002
TXN0004223,2025-07-04,D003,R003,HARDWARE,259559.13,264987.45,157777.23,163392.26,158,Pending,5428.320000000007,5615.029999999999
TXN0004224,2026-01-14,D001,R001,HARDWARE,199062.62,256209.13,158621.05,118593.76,76,Completed,57146.51000000001,-40027.28999999999
TXN0004225,2026-12-25,D008,R004,SOFTWARE,152493.62404958677,208879.17,134146.36,134519.43,178,Completed,56385.545950413245,373.070000000007
TXN0004226,2026-10-03,D004,R005,HARDWARE,267338.1,322765.43,170870.88,182393.32,23,Cancelled,55427.330000000016,11522.440000000002
TXN0004227,2025-11-07,D010,R002,SERVICES,121612.91,99513.81,92929.49,73794.75,112,Pending,-22099.100000000006,-19134.740000000005
TXN0004228,2026-04-14,D007,R004,SERVICES,151642.35,143210.38,86586.45,100147.93,51,Completed,-8431.970000000001,13561.479999999996
TXN0004229,2026-08-02,D006,R003,SUBSCRIPTION,170949.11,156384.11,91351.19,94664.49,5,Completed,-14565.0,3313.300000000003
TXN0004230,2026-02-26,D004,R001,SERVICES,167032.26,175548.31,90158.82,90252.12,23,Cancelled,8516.049999999988,93.29999999998836
TXN0004231,2026-07-07,D005,R006,CONSULTING,121244.27,138731.56,95834.81,110807.43,6,Completed,17487.289999999994,14972.619999999995
TXN0004232,2025-08-11,D007,R004,SOFTWARE,218865.03,238282.42,124886.85,129203.2,18,Pending,19417.390000000014,4316.349999999991
TXN0004233,2026-07-06,D004,R001,SERVICES,105215.22,128608.68,79355.81,87537.73,7,Completed,23393.459999999992,8181.919999999998
TXN0004234,2024-06-28,D001,R001,SUBSCRIPTION,147352.33,149698.64,73041.95,74358.13,170,Pending,2346.310000000027,1316.1800000000076
TXN0004235,2024-04-09,D005,R002,SUBSCRIPTION,132687.4,84144.06,78346.43,77551.17,7,Completed,-48543.34,-795.2599999999948
TXN0004236,2024-04-30,D010,R005,SERVICES,121550.1,117959.87,107617.23,134820.52,65,Completed,-3590.2300000000105,27203.289999999994
TXN0004237,2025-06-21,D003,R003,SOFTWARE,135680.95,127541.56,99050.32,99332.08,91,Completed,-8139.390000000014,281.75999999999476
TXN0004238,2026-01-29,D004,R001,CONSULTING,114680.77,113587.87,99531.45,95866.69,150,Pending,-1092.9000000000087,-3664.7599999999948
TXN0004239,2025-01-17,D010,R002,SOFTWARE,157395.72,119713.71,109877.51,100560.26,105,Completed,-37682.009999999995,-9317.25
TXN0004240,2026-05-31,D001,R001,SUBSCRIPTION,151690.73,136211.45,84209.82,73339.97,16,Completed,-15479.279999999999,-10869.850000000006
TXN0004241,2025-08-27,D008,R004,CONSULTING,105795.61,102176.67,94531.18,80936.07,174,Completed,-3618.9400000000023,-13595.109999999986
TXN0004242,2024-07-10,D005,R002,SUPPORT,90399.19,80575.93,54100.34,48492.09,16,Completed,-9823.26000000001,-5608.25
TXN0004243,2025-07-30,D005,R002,SUBSCRIPTION,219189.55,223468.78,77402.29,103131.43,78,Completed,4279.2300000000105,25729.14
TXN0004244,2024-03-02,D004,R001,SOFTWARE,186655.37,171025.65,109299.16,101460.98,166,Cancelled,-15629.720000000001,-7838.180000000008
TXN0004245,2026-08-03,D002,R002,SUBSCRIPTION,142896.95,173737.21,105938.69,110598.32,94,Completed,30840.25999999998,4659.630000000005
TXN0004246,2025-07-11,D009,R001,HARDWARE,228210.1,217373.02,137997.18,136447.27,106,Pending,-10837.080000000016,-1549.9100000000035
TXN0004247,2026-01-29,D003,R003,SUBSCRIPTION,213182.17,243207.01,103997.55,106298.29,43,Completed,30024.839999999997,2300.7399999999907
TXN0004248,2025-06-10,D008,R004,SOFTWARE,164242.78,145053.55,91477.3,87128.28,109,Pending,-19189.23000000001,-4349.020000000004
TXN0004249,2024-07-29,D001,R001,CONSULTING,144275.57,150543.58,97839.9,96940.66,112,Completed,6268.00999999998,-899.2399999999907
TXN0004250,2026-05-07,D005,R002,SOFTWARE,126405.67,128257.91,119223.02,117678.99,7,Completed,1852.2400000000052,-1544.0299999999988
TXN0004251,2026-05-13,D008,R004,SERVICES,121480.26,115524.2,92473.56,106019.54,108,Completed,-5956.059999999998,13545.979999999996
TXN0004252,2026-01-19,D003,R003,SOFTWARE,197132.38,155988.0,107784.52,107744.87,134,Completed,-41144.380000000005,-39.65000000000873
TXN0004253,2024-09-01,D001,R005,SUPPORT,94472.48,108491.52,65466.64,76912.7,22,Pending,14019.040000000008,11446.059999999998
TXN0004254,2024-03-07,D004,R001,SUPPORT,86987.85,90189.94,51005.69,61089.6,113,Pending,3202.0899999999965,10083.909999999996
TXN0004255,2025-11-12,D002,R002,SOFTWARE,198364.87,162854.71,88013.45,76563.04,139,Pending,-35510.16,-11450.410000000003
TXN0004256,2025-07-06,D010,R005,SERVICES,127500.82,126541.08,86941.42,99163.03,82,Completed,-959.7400000000052,12221.61
TXN0004257,2025-09-21,D004,R001,HARDWARE,266089.29,233939.38,139035.27,171619.92,118,Cancelled,-32149.909999999974,32584.650000000023
TXN0004258,2026-01-18,D005,R006,HARDWARE,234364.09,210872.54,127352.18,126002.49,59,Completed,-23491.54999999999,-1349.6899999999878
TXN0004259,2024-04-21,D006,R003,CONSULTING,134778.74,120267.62,83889.99,88796.8,86,Pending,-14511.119999999995,4906.809999999998
TXN0004260,2024-12-06,D002,R002,SUPPORT,62658.59,57299.83,52878.01,59473.41,169,Cancelled,-5358.759999999995,6595.4000000000015
TXN0004261,2025-07-09,D010,R002,CONSULTING,110809.42,150164.46,92964.0,102207.68,108,Cancelled,39355.03999999999,9243.679999999993
TXN0004262,2024-09-09,D004,R001,CONSULTING,117280.79,155988.0,90599.66,88327.57,146,Completed,38707.21000000001,-2272.0899999999965
TXN0004263,2026-10-10,D004,R001,SUPPORT,108454.82,73533.16,51064.45,47088.24,72,Cancelled,-34921.66,-3976.209999999999
TXN0004264,2026-05-02,D008,R004,SOFTWARE,177238.13,176205.8,120591.34,133527.3,180,Pending,-1032.3300000000163,12935.959999999992
TXN0004265,2026-06-09,D001,R001,SERVICES,156852.04,152716.92,75482.95,67231.98,126,Completed,-4135.119999999995,-8250.970000000001
TXN0004266,2024-07-24,D009,R001,SOFTWARE,182541.28,227598.98,114914.58,95606.0,149,Completed,45057.70000000001,-19308.58
TXN0004267,2026-09-28,D003,R006,CONSULTING,78746.76,81163.9,77763.28,79793.96,66,Completed,2417.1399999999994,2030.6800000000076
TXN0004268,2026-08-09,D004,R001,SERVICES,160223.03,162489.37,87157.61,113525.29,59,Completed,2266.3399999999965,26367.679999999993
TXN0004269,2025-08-15,D004,R001,CONSULTING,154887.47,162336.31,80224.51,71091.27,71,Completed,7448.8399999999965,-9133.23999999999
TXN0004270,2025-10-21,D003,R003,SERVICES,129421.8,143145.26,75795.37,97123.14,66,Completed,13723.460000000006,21327.770000000004
TXN0004271,2026-09-02,D007,R004,CONSULTING,80430.79,76887.15,71575.33,67139.18,163,Cancelled,-3543.6399999999994,-4436.150000000009
TXN0004272,2026-08-27,D003,R003,CONSULTING,116847.47,119747.36,94774.44,95606.0,65,Cancelled,2899.8899999999994,831.5599999999977
TXN0004273,2025-11-23,D003,R003,SUBSCRIPTION,182400.49,170110.48,105752.26,114095.05,171,Completed,-12290.00999999998,8342.790000000008
TXN0004274,2025-08-01,D001,R001,SUPPORT,74504.7,58202.36,49898.11,45610.11,10,Cancelled,-16302.339999999997,-4288.0
TXN0004275,2024-05-13,D002,R002,SOFTWARE,177755.29,173668.66,104353.11,92901.43,113,Cancelled,-4086.6300000000047,-11451.680000000008
TXN0004276,2026-11-23,D004,R001,SERVICES,111197.23,94868.66,87419.53,81669.27,76,Completed,-16328.569999999992,-5750.259999999995
TXN0004277,2026-10-10,D003,R003,HARDWARE,211826.6,236925.58,147807.09,176116.9,173,Completed,25098.97999999998,28309.809999999998
TXN0004278,2024-01-19,D010,R002,SERVICES,128855.92,117628.17,91122.04,66884.98,177,Pending,-11227.75,-24237.059999999998
TXN0004279,2025-03-11,D006,R003,SOFTWARE,173055.77,198960.94,116927.97,138048.07,73,Completed,25905.170000000013,21120.100000000006
TXN0004280,2026-06-25,D003,R003,SOFTWARE,153474.6,161570.26,78849.91,77677.99,87,Pending,8095.6600000000035,-1171.9199999999983
TXN0004281,2024-05-22,D010,R002,SUBSCRIPTION,129655.27,127079.37,90943.97,90727.44,56,Cancelled,-2575.9000000000087,-216.52999999999884
TXN0004282,2026-03-16,D004,R001,SOFTWARE,197879.86,196463.03,120191.19,111045.76,77,Completed,-1416.8299999999872,-9145.430000000008
TXN0004283,2026-04-06,D004,R001,SERVICES,140402.79,155988.0,81594.19,72079.13,165,Completed,15585.209999999992,-9515.059999999998
TXN0004284,2026-08-14,D003,R003,CONSULTING,112640.29,118430.16,87257.27,113239.09,60,Completed,5789.87000000001,25981.819999999992
TXN0004285,2026-02-11,D002,R002,SUPPORT,61435.33,51395.12,46972.7,54561.61,13,Pending,-10040.21,7588.9100000000035
TXN0004286,2026-06-09,D007,R004,SUPPORT,67979.52,57783.64,69524.58,71074.6,12,Pending,-10195.880000000005,1550.020000000004
TXN0004287,2024-04-17,D001,R001,HARDWARE,174615.71,194789.53,133162.2,156124.18,65,Pending,20173.820000000007,22961.97999999998
TXN0004288,2024-12-13,D001,R001,HARDWARE,291605.67,334092.62,149143.26,176433.65,164,Cancelled,42486.95000000001,27290.389999999985
TXN0004289,2024-06-22,D005,R002,HARDWARE,229386.83,272106.46,163285.78,120050.8,14,Pending,42719.630000000034,-43234.979999999996
TXN0004290,2026-12-10,D005,R002,SERVICES,152643.25,183512.07,71259.51,63236.86,74,Completed,30868.820000000007,-8022.649999999994
TXN0004291,2026-02-11,D007,R004,HARDWARE,197512.62,154222.73,145548.0,123311.62,47,Pending,-43289.889999999985,-22236.380000000005
TXN0004292,2024-05-01,D008,R004,HARDWARE,238806.83,256747.8,181687.92,95606.0,115,Completed,17940.97,-86081.92000000001
TXN0004293,2026-09-04,D001,R001,SERVICES,151674.66,176212.98,95610.91,74828.62,53,Cancelled,24538.320000000007,-20782.290000000008
TXN0004294,2025-06-21,D006,R003,CONSULTING,125650.4,119586.82,91953.83,83658.0,110,Completed,-6063.579999999987,-8295.830000000002
TXN0004295,2025-07-10,D005,R002,HARDWARE,215230.46,244757.39,153301.45,202693.17,157,Pending,29526.930000000022,49391.72
TXN0004296,2025-03-21,D010,R002,SUBSCRIPTION,171446.1,175667.37,75677.02,73302.2,155,Cancelled,4221.2699999999895,-2374.820000000007
TXN0004297,2025-07-22,D008,R004,SUBSCRIPTION,168726.14,182726.1,104508.45,102239.71,158,Completed,13999.959999999992,-2268.7399999999907
TXN0004298,2026-02-11,D005,R002,SUPPORT,87331.92,89011.42,45256.64,42133.32,114,Completed,1679.5,-3123.3199999999997
TXN0004299,2025-04-10,D010,R002,HARDWARE,192192.07,215648.55,117202.21,115097.04,8,Completed,23456.47999999998,-2105.170000000013
TXN0004300,2025-01-03,D010,R002,SUPPORT,94728.15,93791.59,54509.19,62356.6,41,Pending,-936.5599999999977,7847.409999999996
TXN0004301,2024-09-26,D007,R004,SERVICES,142242.9,139076.74,79661.16,80499.7,61,Cancelled,-3166.1600000000035,838.5399999999936
TXN0004302,2024-09-24,D005,R002,SOFTWARE,207547.95,197915.46,101708.41,109694.18,30,Completed,-9632.49000000002,7985.7699999999895
TXN0004303,2024-01-06,D009,R001,SUBSCRIPTION,195085.83,192553.25,84628.75,84393.27,174,Completed,-2532.579999999987,-235.47999999999593
TXN0004304,2025-11-26,D006,R003,SUBSCRIPTION,139906.5,151977.39,74833.27,95606.0,63,Completed,12070.890000000014,20772.729999999996
TXN0004305,2026-11-07,D001,R005,SERVICES,170511.1,139989.92,91720.8,94478.22,116,Completed,-30521.179999999993,2757.4199999999983
TXN0004306,2026-12-23,D003,R003,SUBSCRIPTION,135249.68,137262.57,74447.17,97327.35,82,Pending,2012.890000000014,22880.180000000008
TXN0004307,2024-11-26,D005,R002,SUPPORT,97142.89,101237.49,52758.47,66792.4,92,Pending,4094.600000000006,14033.929999999993
TXN0004308,2026-03-10,D008,R004,SUPPORT,67093.7,56749.97,45126.11,46516.29,21,Cancelled,-10343.729999999996,1390.1800000000003
TXN0004309,2025-02-23,D009,R001,SERVICES,145649.32,151112.75,78855.02,82418.79,120,Cancelled,5463.429999999993,3563.7699999999895
TXN0004310,2025-06-11,D009,R001,SOFTWARE,205435.52,207851.53,111917.59,100034.5,173,Cancelled,2416.0100000000093,-11883.089999999997
TXN0004311,2024-06-06,D005,R005,CONSULTING,168741.09,158694.89,79784.28,87085.59,56,Completed,-10046.199999999983,7301.309999999998
TXN0004312,2025-09-18,D010,R002,CONSULTING,130705.29,128145.14,75886.04,68518.58,124,Cancelled,-2560.149999999994,-7367.459999999992
TXN0004313,2026-12-03,D010,R002,HARDWARE,186344.91,126785.26,158099.9,137606.26,11,Completed,-59559.65000000001,-20493.639999999985
TXN0004314,2025-05-07,D009,R001,CONSULTING,138861.0,158335.4,67441.83,81089.93,150,Pending,19474.399999999994,13648.099999999991
TXN0004315,2025-09-05,D004,R001,SUBSCRIPTION,162240.19,166367.9,105872.78,108871.18,5,Cancelled,4127.709999999992,2998.399999999994
TXN0004316,2024-01-09,D008,R004,CONSULTING,101761.68,76631.57,73623.21,61938.1,17,Cancelled,-25130.109999999986,-11685.110000000008
TXN0004317,2026-04-05,D001,R001,SERVICES,154904.1,146490.65,78014.37,102436.69,26,Pending,-8413.450000000012,24422.320000000007
TXN0004318,2026-07-05,D007,R004,SOFTWARE,239977.39,256618.07,119228.34,142237.41,87,Completed,16640.679999999993,23009.070000000007
TXN0004319,2026-03-11,D006,R003,SUPPORT,100834.52,126651.24,56848.56,58120.63,109,Completed,25816.72,1272.0699999999997
TXN0004320,2026-03-27,D006,R003,SUBSCRIPTION,201051.69,208363.84,116847.56,116431.28,87,Completed,7312.149999999994,-416.27999999999884
TXN0004321,2024-07-23,D006,R003,HARDWARE,246786.55,286023.83,165801.15,157505.88,49,Completed,39237.28000000003,-8295.26999999999
TXN0004322,2024-01-15,D008,R004,SOFTWARE,190208.95,241061.69,131783.71,152222.57,18,Pending,50852.73999999999,20438.860000000015
TXN0004323,2026-04-29,D009,R001,SUBSCRIPTION,165953.22,157009.13,85900.83,59400.36,140,Completed,-8944.089999999997,-26500.47
TXN0004324,2024-05-26,D005,R002,HARDWARE,272772.76,188152.83,159527.97,166185.87,111,Pending,-84619.93000000002,6657.899999999994
TXN0004325,2024-11-11,D006,R003,SOFTWARE,185446.49,183815.17,97276.12,109554.64,49,Completed,-1631.3199999999779,12278.520000000004
TXN0004326,2026-08-25,D005,R002,SUBSCRIPTION,168038.0,207514.3,58902.24,68711.9,80,Completed,39476.29999999999,9809.659999999996
TXN0004327,2025-02-16,D003,R003,SERVICES,140188.09,146976.85,68798.4,78442.98,140,Pending,6788.760000000009,9644.580000000002
TXN0004328,2026-11-15,D009,R001,SOFTWARE,203530.95,197675.48,106468.33,102623.65,64,Completed,-5855.470000000001,-3844.6800000000076
TXN0004329,2024-10-05,D008,R004,SUPPORT,113617.5,147249.61,53820.99,54489.8,120,Completed,33632.109999999986,668.810000000005
TXN0004330,2025-02-09,D004,R001,SOFTWARE,178046.33,223382.85,110636.28,122057.94,73,Completed,45336.52000000002,11421.660000000003
TXN0004331,2024-04-05,D004,R001,CONSULTING,147052.06,108341.4,90389.85,77566.11,49,Completed,-38710.66,-12823.740000000005
TXN0004332,2026-12-31,D006,R003,SUBSCRIPTION,207942.44,236765.09,58435.45,63014.01,62,Completed,28822.649999999994,4578.560000000005
TXN0004333,2024-05-21,D010,R002,HARDWARE,160132.53,200291.23,119199.24,139500.04,59,Completed,40158.70000000001,20300.800000000003
TXN0004334,2024-05-15,D010,R006,SUPPORT,86403.27,90095.7,50684.49,49457.22,160,Pending,3692.429999999993,-1227.2699999999968
TXN0004335,2026-09-24,D010,R002,SUBSCRIPTION,97864.47,97410.65,93445.78,118583.16,39,Completed,-453.820000000007,25137.380000000005
TXN0004336,2025-04-07,D006,R003,SUBSCRIPTION,178863.42,172653.19,114165.87,106516.87,33,Completed,-6210.2300000000105,-7649.0
TXN0004337,2026-12-14,D006,R003,HARDWARE,175252.96,201618.18,153808.41,151301.15,8,Completed,26365.22,-2507.2600000000093
TXN0004338,2025-02-23,D006,R003,CONSULTING,119641.19,127790.56,59141.63,59745.0,95,Pending,8149.369999999995,603.3700000000026
TXN0004339,2024-01-30,D008,R004,SUBSCRIPTION,149704.21,174365.53,101383.63,98610.76,151,Completed,24661.320000000007,-2772.87000000001
TXN0004340,2025-05-29,D008,R004,SERVICES,145344.74,145335.71,84757.09,96659.79,178,Completed,-9.029999999998836,11902.699999999997
TXN0004341,2024-02-04,D006,R003,SUPPORT,103659.58,92119.73,61229.64,59599.89,40,Pending,-11539.850000000006,-1629.75
TXN0004342,2025-05-28,D001,R001,SUBSCRIPTION,198849.11,208535.78,86397.46,86718.01,74,Completed,9686.670000000013,320.54999999998836
TXN0004343,2025-12-25,D001,R001,SOFTWARE,205790.72,228856.1,126925.71,112484.78,140,Cancelled,23065.380000000005,-14440.930000000008
TXN0004344,2024-05-02,D003,R003,HARDWARE,243266.0,242967.82,165196.78,219266.12,124,Completed,-298.179999999993,54069.34
TXN0004345,2024-07-16,D005,R002,SERVICES,159555.27,180989.66,100887.96,114045.25,149,Pending,21434.390000000014,13157.289999999994
TXN0004346,2026-06-13,D008,R004,SUBSCRIPTION,182482.16,217666.14,81731.74,81183.54,122,Completed,35183.98000000001,-548.2000000000116
TXN0004347,2025-09-24,D010,R002,SOFTWARE,170405.08,166385.44,107828.53,129352.22,22,Cancelled,-4019.639999999985,21523.690000000002
TXN0004348,2026-06-12,D007,R004,SUPPORT,92941.92,103255.59,49920.15,51975.16,45,Completed,10313.669999999998,2055.010000000002
TXN0004349,2024-09-21,D001,R001,SUPPORT,86003.73,73749.53,58980.13,70097.1,160,Completed,-12254.199999999997,11116.970000000008
TXN0004350,2026-11-19,D009,R001,SUPPORT,71856.89,88579.86,57386.42,57184.27,75,Completed,16722.97,-202.15000000000146
TXN0004351,2025-03-26,D010,R002,SERVICES,98837.38,119023.66,98381.12,101206.63,48,Pending,20186.28,2825.5100000000093
TXN0004352,2026-10-02,D001,R001,HARDWARE,231284.61,229226.79,124361.83,140254.0,164,Completed,-2057.819999999978,15892.169999999998
TXN0004353,2025-08-22,D003,R003,CONSULTING,147642.55,154639.17,95496.97,89126.53,137,Completed,6996.620000000024,-6370.440000000002
TXN0004354,2025-01-29,D002,R002,CONSULTING,128323.38,123184.51,65869.04,62585.74,5,Pending,-5138.87000000001,-3283.2999999999956
TXN0004355,2025-03-13,D007,R004,SUBSCRIPTION,121814.54,132922.06,84309.98,75129.32,173,Completed,11107.520000000004,-9180.659999999989
TXN0004356,2024-03-07,D006,R003,SUBSCRIPTION,153219.2,145464.73,86221.04,78161.69,124,Cancelled,-7754.470000000001,-8059.349999999991
TXN0004357,2026-02-20,D009,R001,SERVICES,137965.73,126998.36,80600.0,85796.15,97,Completed,-10967.37000000001,5196.149999999994
TXN0004358,2024-02-17,D010,R002,SUBSCRIPTION,105143.74,120327.85,92964.0,67437.04,112,Completed,15184.11,-25526.960000000006
TXN0004359,2024-10-22,D004,R001,SUPPORT,92956.49,63042.93,59932.0,65426.55,61,Pending,-29913.560000000005,5494.550000000003
TXN0004360,2024-02-25,D002,R002,SUBSCRIPTION,162433.77,173390.03,72297.31,68806.05,43,Completed,10956.26000000001,-3491.2599999999948
TXN0004361,2024-04-25,D004,R001,SUBSCRIPTION,139896.69,180424.38,98941.27,109410.06,14,Pending,40527.69,10468.789999999994
TXN0004362,2026-06-07,D006,R003,SUPPORT,58445.26,70409.0,71559.86,64133.61,19,Cancelled,11963.739999999998,-7426.25
TXN0004363,2025-10-23,D005,R002,CONSULTING,158990.59,139071.29,77794.79,77384.04,71,Completed,-19919.29999999999,-410.75
TXN0004364,2025-04-10,D008,R004,HARDWARE,277458.66,313041.13,135825.35,134700.84,56,Cancelled,35582.47000000003,-1124.5100000000093
TXN0004365,2025-06-03,D009,R005,CONSULTING,125940.53,115787.6,92964.0,67858.35,123,Cancelled,-10152.929999999993,-25105.649999999994
TXN0004366,2025-10-18,D002,R002,SOFTWARE,199586.87,155988.0,129228.01,120045.23,131,Cancelled,-43598.869999999995,-9182.779999999999
TXN0004367,2026-01-26,D001,R001,HARDWARE,241375.71,246119.29,133092.04,131309.53,135,Cancelled,4743.580000000016,-1782.5100000000093
TXN0004368,2025-06-03,D007,R004,SUBSCRIPTION,156856.81,162443.51,85239.57,89557.07,134,Completed,5586.700000000012,4317.5
TXN0004369,2025-02-24,D009,R001,CONSULTING,105774.5,128426.7,75411.47,52485.97,139,Completed,22652.199999999997,-22925.5
TXN0004370,2026-07-09,D003,R003,SUPPORT,89239.66,76874.3,41350.17,41040.76,107,Completed,-12365.36,-309.4099999999962
TXN0004371,2024-10-08,D003,R003,CONSULTING,173958.97,158291.61,51946.74,56380.03,51,Completed,-15667.360000000015,4433.290000000001
TXN0004372,2024-06-29,D010,R006,SUPPORT,98988.06,86180.85,49009.87,36655.82,145,Cancelled,-12807.209999999992,-12354.050000000003
TXN0004373,2026-07-12,D002,R002,SUBSCRIPTION,175908.46,156542.75,85896.44,98795.17,169,Pending,-19365.709999999992,12898.729999999996
TXN0004374,2024-02-24,D002,R002,SERVICES,153079.63,149691.79,89205.8,101422.58,171,Pending,-3387.8399999999965,12216.779999999999
TXN0004375,2024-03-16,D001,R001,CONSULTING,122324.4,160387.78,59965.14,63514.14,35,Completed,38063.380000000005,3549.0
TXN0004376,2026-12-09,D008,R004,SERVICES,153109.92,146294.52,88766.02,90224.34,42,Cancelled,-6815.400000000023,1458.3199999999924
TXN0004377,2025-04-18,D009,R001,SUBSCRIPTION,128982.03,122122.4,100412.58,101654.84,62,Completed,-6859.630000000005,1242.2599999999948
TXN0004378,2025-09-14,D009,R001,CONSULTING,70340.91,84676.44,74053.15,97420.81,160,Pending,14335.529999999999,23367.660000000003
TXN0004379,2024-03-31,D001,R001,HARDWARE,225826.82,285174.72,154966.52,141761.51,112,Pending,59347.899999999965,-13205.00999999998
TXN0004380,2026-04-27,D006,R003,SUBSCRIPTION,170396.86,155988.0,94538.47,93665.18,137,Completed,-14408.859999999986,-873.2900000000081
TXN0004381,2026-02-07,D004,R001,SUPPORT,82795.87,91698.68,57567.2,56840.21,8,Pending,8902.809999999998,-726.989999999998
TXN0004382,2024-12-15,D008,R004,SOFTWARE,159233.09,158043.98,82926.22,66466.68,173,Completed,-1189.109999999986,-16459.540000000008
TXN0004383,2024-03-28,D002,R002,HARDWARE,162240.37,167636.99,147769.9,151492.79,179,Completed,5396.619999999995,3722.890000000014
TXN0004384,2026-02-01,D008,R004,SUBSCRIPTION,142199.17,128886.82,130073.09,118353.79,37,Completed,-13312.350000000006,-11719.300000000003
TXN0004385,2025-03-31,D009,R001,SUBSCRIPTION,193357.84,194254.22,102179.16,100344.52,137,Completed,896.3800000000047,-1834.6399999999994
TXN0004386,2026-01-22,D005,R002,HARDWARE,228121.07,210851.69,152196.25,200958.83,135,Cancelled,-17269.380000000005,48762.57999999999
TXN0004387,2025-09-29,D004,R001,SOFTWARE,183162.5,199337.22,94113.89,115007.07,21,Completed,16174.720000000001,20893.180000000008
TXN0004388,2024-07-28,D008,R004,SUPPORT,109947.07,112699.91,61212.43,60794.89,44,Completed,2752.8399999999965,-417.5400000000009
TXN0004389,2026-03-31,D006,R003,SERVICES,152493.62404958677,138588.35,100297.37,115515.26,142,Pending,-13905.274049586762,15217.89
TXN0004390,2026-12-29,D002,R002,CONSULTING,140298.65,117174.81,65573.09,72610.45,159,Completed,-23123.839999999997,7037.360000000001
TXN0004391,2026-11-07,D001,R001,CONSULTING,155072.49,150803.56,82470.68,77146.7,163,Pending,-4268.929999999993,-5323.979999999996
TXN0004392,2025-11-09,D009,R005,SERVICES,180896.47,185172.15,94468.64,112803.0,165,Completed,4275.679999999993,18334.36
TXN0004393,2025-06-23,D006,R003,HARDWARE,219772.55,226310.85,146649.61,155963.44,110,Pending,6538.3000000000175,9313.830000000016
TXN0004394,2025-04-19,D010,R002,SOFTWARE,174312.89,118369.96,73094.31,80211.59,113,Pending,-55942.93000000001,7117.279999999999
TXN0004395,2026-03-06,D005,R002,SOFTWARE,161575.99,175824.6,124439.71,145992.6,60,Completed,14248.610000000015,21552.89
TXN0004396,2026-10-18,D010,R002,SERVICES,77079.88,65358.48,85138.69,82822.42,134,Completed,-11721.400000000001,-2316.270000000004
TXN0004397,2026-01-19,D002,R002,CONSULTING,137324.82,147468.43,62408.06,73891.2,120,Completed,10143.609999999986,11483.14
TXN0004398,2024-10-28,D010,R002,SUPPORT,84180.96,66609.07,56336.89,62053.85,174,Pending,-17571.89,5716.959999999999
TXN0004399,2025-02-03,D004,R001,CONSULTING,117420.69,129172.76,71233.91,69287.85,14,Completed,11752.069999999992,-1946.0599999999977
TXN0004400,2026-01-24,D010,R002,HARDWARE,266187.05,273088.79,166091.8,184840.34,174,Completed,6901.739999999991,18748.540000000008
TXN0004401,2025-09-04,D003,R003,SERVICES,133047.98,119641.23,82528.12,69284.61,49,Completed,-13406.750000000015,-13243.509999999995
TXN0004402,2026-02-02,D002,R002,SUPPORT,103873.9,96289.16,53394.44,69773.08,22,Cancelled,-7584.739999999991,16378.64
TXN0004403,2025-05-21,D006,R003,HARDWARE,222167.17,262186.8,147153.07,144316.62,154,Pending,40019.629999999976,-2836.4500000000116
TXN0004404,2025-06-09,D007,R006,SERVICES,128734.23,140355.3,83384.04,89796.47,79,Pending,11621.069999999992,6412.430000000008
TXN0004405,2024-12-27,D008,R004,CONSULTING,150351.28,140475.83,57921.5,55673.69,36,Completed,-9875.450000000012,-2247.8099999999977
TXN0004406,2024-06-17,D010,R002,HARDWARE,214846.49,229769.44,135463.51,156714.64,165,Pending,14922.950000000012,21251.130000000005
TXN0004407,2024-08-23,D005,R002,SUBSCRIPTION,176487.74,165441.86,86227.61,84027.74,113,Completed,-11045.880000000005,-2199.8699999999953
TXN0004408,2024-05-12,D008,R005,SERVICES,87594.38,94816.36,94155.11,101397.43,24,Cancelled,7221.979999999996,7242.319999999992
TXN0004409,2024-05-27,D002,R002,SUBSCRIPTION,161636.53,165264.0,92398.85,111053.44,170,Completed,3627.470000000001,18654.589999999997
TXN0004410,2025-07-14,D002,R002,HARDWARE,198944.44,264026.3,119694.88,110522.4,175,Pending,65081.859999999986,-9172.48000000001
TXN0004411,2025-06-06,D007,R004,SOFTWARE,189249.78,203193.87,83089.34,101213.73,148,Completed,13944.089999999997,18124.39
TXN0004412,2024-02-22,D008,R004,HARDWARE,274276.09,276479.19,105471.11,96554.24,37,Cancelled,2203.0999999999767,-8916.869999999995
TXN0004413,2025-09-05,D007,R003,HARDWARE,166606.07,165178.54,149704.21,205223.15,56,Completed,-1427.5299999999988,55518.94
TXN0004414,2025-12-13,D003,R003,SUPPORT,92362.55,86953.14,62090.08,63751.84,12,Cancelled,-5409.4100000000035,1661.7599999999948
TXN0004415,2024-08-26,D010,R002,SERVICES,137707.15,142800.12,89153.48,85113.67,147,Completed,5092.970000000001,-4039.8099999999977
TXN0004416,2024-09-09,D007,R004,CONSULTING,111132.76,127547.06,78023.89,69264.78,158,Pending,16414.300000000003,-8759.11
TXN0004417,2024-04-01,D007,R004,SOFTWARE,157259.79,163850.08,113407.27,130191.49,40,Completed,6590.289999999979,16784.22
TXN0004418,2024-12-22,D007,R004,HARDWARE,249085.47,329509.06,147987.49,146397.11,13,Completed,80423.59,-1590.3800000000047
TXN0004419,2025-03-26,D003,R003,SUPPORT,97752.2,103897.08,51757.33,59251.09,73,Cancelled,6144.880000000005,7493.759999999995
TXN0004420,2025-03-03,D010,R002,SOFTWARE,211684.23,220252.26,99330.81,104345.95,117,Pending,8568.029999999999,5015.139999999999
TXN0004421,2026-09-26,D009,R001,CONSULTING,122585.89,125167.92,76530.03,87749.91,96,Cancelled,2582.029999999999,11219.880000000005
TXN0004422,2024-05-27,D001,R001,CONSULTING,147755.79,157385.42,92964.0,98981.25,88,Completed,9629.630000000005,6017.25
TXN0004423,2024-03-09,D005,R002,CONSULTING,130564.12,146210.35,66746.93,57848.66,75,Completed,15646.23000000001,-8898.26999999999
TXN0004424,2025-05-17,D001,R001,SERVICES,135821.84,133708.7,85760.52,83974.3,94,Completed,-2113.139999999985,-1786.2200000000012
TXN0004425,2026-08-01,D008,R004,CONSULTING,148293.72,134703.19,100957.13,107816.71,116,Completed,-13590.529999999999,6859.580000000002
TXN0004426,2024-04-17,D003,R003,CONSULTING,135874.04,106591.43,88005.88,86424.12,33,Cancelled,-29282.610000000015,-1581.7600000000093
TXN0004427,2026-02-16,D007,R004,SERVICES,114379.81,85413.31,105061.82,80571.25,60,Completed,-28966.5,-24490.570000000007
TXN0004428,2026-02-20,D010,R002,HARDWARE,250467.72,229912.24,166128.26,172821.3,161,Completed,-20555.48000000001,6693.039999999979
TXN0004429,2025-09-01,D006,R003,SERVICES,126460.32,139568.03,104204.14,136540.14,129,Pending,13107.709999999992,32336.000000000015
TXN0004430,2024-08-07,D007,R004,HARDWARE,267284.26,287099.59,153849.44,179054.5,81,Cancelled,19815.330000000016,25205.059999999998
TXN0004431,2025-01-01,D001,R006,SOFTWARE,199875.56,220232.64,103214.51,102258.93,90,Completed,20357.080000000016,-955.5800000000017
TXN0004432,2025-09-07,D002,R002,SERVICES,126180.93,107748.13,63815.05,66935.31,78,Completed,-18432.79999999999,3120.2599999999948
TXN0004433,2025-04-01,D009,R001,SERVICES,120753.01,89469.94,89696.21,85002.47,141,Cancelled,-31283.069999999992,-4693.740000000005
TXN0004434,2026-08-18,D004,R001,HARDWARE,187680.99,171225.58,116572.86,115635.79,66,Completed,-16455.410000000003,-937.070000000007
TXN0004435,2025-07-19,D002,R002,HARDWARE,187283.67,186287.36,154869.48,155756.93,101,Completed,-996.3100000000268,887.4499999999825
TXN0004436,2025-09-02,D006,R003,HARDWARE,254349.02,230687.12,182407.46,236390.19,43,Completed,-23661.899999999994,53982.73000000001
TXN0004437,2026-07-26,D002,R002,SUPPORT,73270.66,64518.5,43966.86,42947.95,139,Cancelled,-8752.160000000003,-1018.9100000000035
TXN0004438,2025-03-13,D008,R004,HARDWARE,239259.59,247667.41,121666.85,104075.28,21,Completed,8407.820000000007,-17591.570000000007
TXN0004439,2025-10-21,D001,R001,SUBSCRIPTION,136609.84,135317.59,115704.43,84104.29,78,Completed,-1292.25,-31600.14
TXN0004440,2026-05-20,D008,R004,CONSULTING,111168.42,107721.55,73558.06,80839.83,29,Cancelled,-3446.8699999999953,7281.770000000004
TXN0004441,2024-04-15,D004,R006,SUBSCRIPTION,177466.99,174962.47,91006.22,88299.51,20,Completed,-2504.5199999999895,-2706.7100000000064
TXN0004442,2024-06-24,D009,R001,SERVICES,92186.09,97252.17,91712.8,88282.83,84,Completed,5066.080000000002,-3429.970000000001
TXN0004443,2024-12-05,D010,R002,SOFTWARE,219400.08,209272.21,96852.97,95606.0,69,Completed,-10127.869999999995,-1246.9700000000012
TXN0004444,2024-12-15,D007,R004,CONSULTING,135538.05,141089.59,71217.66,70188.4,166,Completed,5551.540000000008,-1029.2600000000093
TXN0004445,2024-07-06,D001,R001,SUBSCRIPTION,115272.54,102543.65,73803.92,95606.0,145,Pending,-12728.89,21802.08
TXN0004446,2026-10-12,D002,R006,SUPPORT,70009.2,69448.19,39460.68,44065.04,86,Pending,-561.0099999999948,4604.360000000001
TXN0004447,2024-04-18,D005,R002,CONSULTING,89068.49,120567.3,73737.93,87075.84,109,Cancelled,31498.809999999998,13337.910000000003
TXN0004448,2025-09-02,D001,R001,CONSULTING,121653.33,122870.54,74220.4,68673.5,67,Completed,1217.2099999999919,-5546.899999999994
TXN0004449,2025-05-02,D006,R003,SERVICES,124371.57,136223.03,82418.24,74668.86,8,Pending,11851.459999999992,-7749.380000000005
TXN0004450,2025-01-13,D001,R005,SOFTWARE,142085.94,162237.38,112584.79,103647.24,133,Pending,20151.440000000002,-8937.549999999988
TXN0004451,2025-11-17,D006,R003,SUPPORT,86439.2,100283.5,59034.56,50824.46,9,Completed,13844.300000000003,-8210.099999999999
TXN0004452,2024-07-14,D003,R003,SUPPORT,80518.57,77569.39,46309.96,43401.26,29,Completed,-2949.1800000000076,-2908.699999999997
TXN0004453,2024-03-16,D003,R006,CONSULTING,127751.4,138896.33,76660.34,81566.25,31,Completed,11144.929999999993,4905.9100000000035
TXN0004454,2024-10-17,D002,R002,SUPPORT,73011.93,77656.64,45593.94,46593.11,9,Completed,4644.710000000006,999.1699999999983
TXN0004455,2025-02-25,D007,R004,SERVICES,165270.63,163435.02,75127.05,95846.7,137,Completed,-1835.6100000000151,20719.649999999994
TXN0004456,2025-07-23,D003,R003,SERVICES,169855.84,156340.98,85706.82,72692.55,14,Completed,-13514.859999999986,-13014.270000000004
TXN0004457,2024-09-24,D006,R003,SUBSCRIPTION,179446.12,203722.94,75526.45,87998.97,52,Completed,24276.820000000007,12472.520000000004
TXN0004458,2024-02-26,D001,R001,SERVICES,144678.87,185916.46,84464.7,88892.75,29,Cancelled,41237.59,4428.050000000003
TXN0004459,2025-01-03,D001,R001,SOFTWARE,144234.8,159755.89,107321.09,142245.79,70,Cancelled,15521.090000000026,34924.70000000001
TXN0004460,2024-07-25,D005,R002,SUBSCRIPTION,134932.21,122145.07,87600.57,113865.09,54,Completed,-12787.139999999985,26264.51999999999
TXN0004461,2026-02-14,D007,R003,SUBSCRIPTION,159914.14,185443.68,98805.91,100756.08,34,Completed,25529.53999999998,1950.1699999999983
TXN0004462,2025-04-06,D003,R003,SUBSCRIPTION,146542.32,146610.78,98694.56,100143.99,90,Pending,68.45999999999185,1449.4300000000076
TXN0004463,2025-09-15,D005,R002,SERVICES,172937.29,147749.22,82047.36,72447.39,52,Cancelled,-25188.070000000007,-9599.970000000001
TXN0004464,2026-06-25,D007,R004,HARDWARE,159355.97,183033.42,144812.62,134504.48,114,Completed,23677.45000000001,-10308.139999999985
TXN0004465,2026-05-30,D003,R003,SUBSCRIPTION,116808.21,68612.52,89697.89,86038.54,114,Completed,-48195.69,-3659.350000000006
TXN0004466,2025-12-31,D005,R002,SOFTWARE,187485.38,191414.26,91396.51,94654.94,68,Pending,3928.8800000000047,3258.4300000000076
TXN0004467,2025-11-05,D008,R004,CONSULTING,147380.6,143115.95,75984.1,70234.93,75,Cancelled,-4264.649999999994,-5749.170000000013
TXN0004468,2024-12-29,D007,R001,HARDWARE,243994.91,217842.08,137720.84,153615.9,164,Pending,-26152.830000000016,15895.059999999998
TXN0004469,2025-11-16,D004,R001,SOFTWARE,181733.87,194602.33,126369.51,131859.83,50,Pending,12868.459999999992,5490.319999999992
TXN0004470,2024-05-15,D007,R004,HARDWARE,285133.35,280406.82,167183.22,186303.15,73,Pending,-4726.52999999997,19119.929999999993
TXN0004471,2025-05-19,D007,R004,HARDWARE,176561.65,181033.73,163723.81,213667.17,168,Cancelled,4472.080000000016,49943.360000000015
TXN0004472,2026-02-05,D007,R001,CONSULTING,146649.9,147104.56,87584.67,77478.89,81,Completed,454.6600000000035,-10105.779999999999
TXN0004473,2025-03-24,D005,R002,HARDWARE,243930.45,245988.9,114521.71,80839.73,68,Pending,2058.4499999999825,-33681.98000000001
TXN0004474,2025-08-13,D010,R002,SERVICES,110458.34,107986.65,84265.5,82123.69,118,Completed,-2471.6900000000023,-2141.8099999999977
TXN0004475,2025-04-22,D007,R004,HARDWARE,197850.85,238629.33,110021.8,121969.51,91,Completed,40778.47999999998,11947.709999999992
TXN0004476,2026-04-15,D009,R001,SUPPORT,117404.74,117096.72,44466.95,32169.17,37,Cancelled,-308.0200000000041,-12297.779999999999
TXN0004477,2025-05-26,D009,R001,SUPPORT,129002.98,134525.63,45477.95,45434.26,44,Completed,5522.650000000009,-43.68999999999505
TXN0004478,2026-06-03,D004,R001,SUPPORT,106761.45,119560.62,59281.19,61153.25,131,Cancelled,12799.169999999998,1872.0599999999977
TXN0004479,2026-08-30,D003,R003,HARDWARE,241211.25,234380.29,96989.01,127845.39,25,Completed,-6830.959999999992,30856.380000000005
TXN0004480,2026-06-05,D008,R004,SUPPORT,92479.11,95385.86,40651.49,31204.75,55,Cancelled,2906.75,-9446.739999999998
TXN0004481,2025-09-08,D004,R001,SERVICES,159866.79,185354.99,80103.57,68068.89,110,Cancelled,25488.199999999983,-12034.680000000008
TXN0004482,2025-05-19,D006,R003,CONSULTING,139060.48,145679.36,47796.12,36506.78,176,Cancelled,6618.879999999976,-11289.340000000004
TXN0004483,2026-03-16,D001,R001,SOFTWARE,204560.09,155988.0,88028.37,91411.46,142,Completed,-48572.09,3383.090000000011
TXN0004484,2025-04-29,D005,R002,SUBSCRIPTION,158466.04,211754.9,96155.36,94727.4,162,Cancelled,53288.859999999986,-1427.9600000000064
TXN0004485,2026-04-30,D009,R001,SOFTWARE,205331.95,212794.26,135613.79,157050.45,29,Completed,7462.309999999998,21436.660000000003
TXN0004486,2024-06-19,D004,R001,SUBSCRIPTION,192176.22,222636.18,98188.34,113976.19,30,Pending,30459.959999999992,15787.850000000006
TXN0004487,2026-03-08,D009,R001,SUPPORT,87426.92,85363.02,52784.83,54813.75,27,Completed,-2063.899999999994,2028.9199999999983
TXN0004488,2024-09-24,D004,R005,CONSULTING,148765.82,163670.55,67047.97,72823.48,102,Completed,14904.729999999981,5775.509999999995
TXN0004489,2024-07-14,D007,R004,SOFTWARE,123981.19,131087.57,87140.86,83799.68,75,Cancelled,7106.380000000005,-3341.1800000000076
TXN0004490,2024-09-02,D010,R002,CONSULTING,92523.21,102845.68,74259.58,74792.35,147,Completed,10322.469999999987,532.7700000000041
TXN0004491,2025-01-03,D007,R004,SUBSCRIPTION,153957.81,152547.62,100052.98,93939.73,35,Completed,-1410.1900000000023,-6113.25
TXN0004492,2025-06-02,D002,R002,CONSULTING,117032.27,122521.24,79721.36,80145.22,156,Completed,5488.970000000001,423.8600000000006
TXN0004493,2025-07-23,D008,R004,HARDWARE,243204.97,190161.38,139362.12,118779.72,41,Cancelled,-53043.59,-20582.399999999994
TXN0004494,2025-08-30,D003,R003,SUPPORT,111851.7,135004.63,65339.41,57881.61,93,Pending,23152.930000000008,-7457.800000000003
TXN0004495,2024-10-08,D004,R001,SERVICES,120127.64,84617.57,113244.43,96889.06,122,Completed,-35510.06999999999,-16355.369999999995
TXN0004496,2025-07-09,D010,R002,SUBSCRIPTION,154534.14,140331.51,75863.65,90727.21,7,Completed,-14202.630000000005,14863.560000000012
TXN0004497,2026-01-11,D007,R004,HARDWARE,244698.25,240904.09,145361.56,188955.38,175,Completed,-3794.1600000000035,43593.82000000001
TXN0004498,2026-02-23,D002,R002,CONSULTING,136043.94,122140.95,74465.87,75956.83,79,Cancelled,-13902.990000000005,1490.9600000000064
TXN0004499,2026-07-13,D008,R004,CONSULTING,112284.54,84475.07,91652.12,86545.23,177,Completed,-27809.469999999987,-5106.889999999999
TXN0004500,2025-04-04,D007,R004,SUBSCRIPTION,172599.95,165012.23,84375.61,95606.0,60,Completed,-7587.720000000001,11230.39
TXN0004501,2024-02-08,D004,R001,SOFTWARE,178316.39,177348.26,93344.92,106903.43,104,Completed,-968.1300000000047,13558.509999999995
TXN0004502,2024-02-26,D003,R003,SUBSCRIPTION,168714.03,111395.83,90187.27,84356.74,34,Pending,-57318.2,-5830.529999999999
TXN0004503,2024-10-03,D004,R001,HARDWARE,248451.8,173042.01,137904.99,150437.51,25,Completed,-75409.78999999998,12532.520000000019
TXN0004504,2025-03-17,D004,R001,HARDWARE,151901.97,132374.48,128685.6,110012.32,126,Pending,-19527.48999999999,-18673.28
TXN0004505,2025-07-14,D008,R004,SERVICES,150092.24,143193.68,76798.39,87403.7,141,Completed,-6898.559999999998,10605.309999999998
TXN0004506,2024-07-05,D005,R006,SOFTWARE,239421.61,241609.71,141501.96,185346.7,23,Pending,2188.100000000006,43844.74000000002
TXN0004507,2024-05-31,D008,R004,SOFTWARE,178707.67,137934.44,117760.61,133400.45,69,Cancelled,-40773.23000000001,15639.840000000011
TXN0004508,2025-02-08,D002,R002,SUBSCRIPTION,205904.41,181802.96,109446.26,124813.23,153,Cancelled,-24101.45000000001,15366.970000000001
TXN0004509,2025-09-30,D002,R002,SOFTWARE,146872.43,141533.74,90881.31,111632.53,172,Completed,-5338.690000000002,20751.22
TXN0004510,2026-04-05,D001,R001,SUBSCRIPTION,183471.57,213729.18,84650.27,109196.51,111,Completed,30257.609999999986,24546.23999999999
TXN0004511,2024-05-28,D007,R004,SOFTWARE,157557.18,174364.42,92964.0,89224.62,163,Cancelled,16807.24000000002,-3739.3800000000047
TXN0004512,2024-06-09,D001,R001,SERVICES,126137.65,134537.48,91610.03,81905.36,56,Completed,8399.830000000016,-9704.669999999998
TXN0004513,2025-11-09,D009,R001,HARDWARE,208221.19,211635.51,193350.45,192408.64,146,Completed,3414.320000000007,-941.8099999999977
TXN0004514,2025-10-15,D003,R003,SERVICES,154509.91,165275.76,85747.67,67824.11,55,Completed,10765.850000000006,-17923.559999999998
TXN0004515,2024-07-15,D007,R006,SUBSCRIPTION,134876.6,123446.21,81994.85,98147.34,129,Cancelled,-11430.39,16152.48999999999
TXN0004516,2026-02-21,D002,R002,SUBSCRIPTION,78776.32,94165.92,81389.53,81915.14,20,Completed,15389.599999999991,525.6100000000006
TXN0004517,2024-06-25,D007,R003,SOFTWARE,210830.7,218306.45,108582.68,110404.5,131,Completed,7475.75,1821.820000000007
TXN0004518,2024-07-19,D004,R001,SUPPORT,81392.68,81369.1,59445.33,77498.52,154,Completed,-23.579999999987194,18053.190000000002
TXN0004519,2026-08-08,D001,R001,HARDWARE,258038.23,258095.85,132646.3,161448.15,176,Completed,57.61999999999534,28801.850000000006
TXN0004520,2024-06-29,D003,R003,SUBSCRIPTION,140375.68,137002.77,105177.39,107654.4,79,Completed,-3372.9100000000035,2477.0099999999948
TXN0004521,2026-07-29,D002,R002,SUBSCRIPTION,197572.56,204214.52,108384.4,124466.23,166,Completed,6641.959999999992,16081.830000000002
TXN0004522,2024-02-06,D006,R003,CONSULTING,105131.26,99934.1,89669.99,94275.03,160,Completed,-5197.159999999989,4605.039999999994
TXN0004523,2026-01-24,D007,R004,SUBSCRIPTION,187536.5,158265.24,73673.0,74484.26,130,Pending,-29271.26000000001,811.2599999999948
TXN0004524,2024-05-26,D005,R002,SERVICES,159449.44,141445.49,82848.28,107919.31,66,Cancelled,-18003.95000000001,25071.03
TXN0004525,2024-08-15,D002,R006,HARDWARE,143256.26,120630.25,132029.01,125062.13,173,Pending,-22626.01000000001,-6966.880000000005
TXN0004526,2024-12-12,D002,R002,HARDWARE,272554.29,309878.28,143219.19,141911.89,68,Completed,37323.99000000005,-1307.2999999999884
TXN0004527,2024-04-06,D002,R002,SOFTWARE,180834.47,150402.12,101710.41,135625.88,65,Completed,-30432.350000000006,33915.47
TXN0004528,2026-04-21,D006,R003,SOFTWARE,174009.03,176047.05,101894.22,94536.25,157,Pending,2038.0199999999895,-7357.970000000001
TXN0004529,2025-02-06,D003,R003,CONSULTING,139168.67,173503.28,74900.44,79767.98,93,Completed,34334.609999999986,4867.539999999994
TXN0004530,2026-10-14,D003,R003,SERVICES,146744.05,159488.04,82486.98,72974.79,84,Completed,12743.99000000002,-9512.190000000002
TXN0004531,2025-02-08,D001,R001,HARDWARE,177616.02,213413.8,132763.18,126837.86,129,Completed,35797.78,-5925.319999999992
TXN0004532,2025-07-19,D008,R004,SUBSCRIPTION,148403.03,146415.94,88801.61,74410.09,138,Cancelled,-1987.0899999999965,-14391.520000000004
TXN0004533,2025-01-08,D006,R003,SUBSCRIPTION,156602.53,144649.27,82207.17,83407.32,134,Cancelled,-11953.26000000001,1200.1500000000087
TXN0004534,2024-03-03,D010,R002,SOFTWARE,160567.96,129725.97,115232.33,126121.31,99,Completed,-30841.98999999999,10888.979999999996
TXN0004535,2025-11-28,D010,R002,SUPPORT,112724.78,115069.99,61049.62,75855.43,115,Pending,2345.2100000000064,14805.80999999999
TXN0004536,2025-02-03,D006,R003,CONSULTING,111601.48,125566.99,71931.92,76761.56,98,Completed,13965.51000000001,4829.639999999999
TXN0004537,2025-12-01,D009,R001,SERVICES,113643.73,110468.6,86595.6,93240.48,119,Completed,-3175.12999999999,6644.87999999999
TXN0004538,2024-09-29,D008,R004,CONSULTING,150484.01,160278.07,75765.79,67185.4,172,Completed,9794.059999999998,-8580.39
TXN0004539,2026-02-22,D007,R004,HARDWARE,211402.92,229051.32,182638.71,181022.72,7,Pending,17648.399999999994,-1615.9899999999907
TXN0004540,2025-08-25,D001,R001,SOFTWARE,176329.9,203592.92,127141.64,107783.26,172,Completed,27263.02000000002,-19358.380000000005
TXN0004541,2026-02-13,D002,R002,SOFTWARE,148718.05,156329.78,117435.73,104680.91,135,Pending,7611.7300000000105,-12754.819999999992
TXN0004542,2026-11-14,D003,R003,SUPPORT,78301.42,102198.16,67407.89,73017.43,118,Completed,23896.740000000005,5609.539999999994
TXN0004543,2024-04-30,D001,R006,CONSULTING,73979.94,71099.64,80023.17,87690.92,177,Completed,-2880.300000000003,7667.75
TXN0004545,2024-08-15,D007,R004,SUBSCRIPTION,179234.19,217345.2,81144.26,81458.12,36,Completed,38111.01000000001,313.8600000000006
TXN0004546,2024-10-30,D003,R003,SERVICES,143363.81,151106.32,77976.99,80329.85,51,Completed,7742.510000000009,2352.8600000000006
TXN0004547,2025-07-22,D009,R001,SOFTWARE,169322.52,124941.97,98572.52,113021.64,125,Completed,-44380.54999999999,14449.119999999995
TXN0004548,2025-08-31,D003,R003,HARDWARE,172261.07,205508.57,187162.95,176114.8,13,Completed,33247.5,-11048.150000000023
TXN0004549,2025-02-07,D005,R002,SUPPORT,152493.62404958677,57367.95,52346.72,63996.93,120,Cancelled,-95125.67404958677,11650.21
TXN0004550,2024-08-24,D002,R002,SOFTWARE,173514.31,184215.48,125659.58,149951.9,68,Completed,10701.170000000013,24292.319999999992
TXN0004551,2025-01-02,D001,R001,HARDWARE,187326.32,186200.46,185050.98,179518.87,86,Pending,-1125.8600000000151,-5532.110000000015
TXN0004552,2026-12-22,D003,R003,SUPPORT,91511.62,104584.35,92964.0,33464.96,156,Completed,13072.73000000001,-59499.04
TXN0004553,2025-08-15,D001,R001,CONSULTING,102782.36,90902.93,82058.9,82453.25,35,Completed,-11879.430000000008,394.3500000000058
TXN0004554,2026-09-08,D008,R004,SOFTWARE,168284.47,167505.68,101100.45,123316.03,139,Completed,-778.7900000000081,22215.58
TXN0004555,2024-05-02,D001,R001,SUBSCRIPTION,184912.99,145831.35,86863.31,96603.91,23,Completed,-39081.639999999985,9740.600000000006
TXN0004556,2025-05-11,D005,R002,HARDWARE,149779.75,155902.47,120542.58,145854.23,67,Completed,6122.720000000001,25311.65000000001
TXN0004557,2026-11-11,D002,R002,SERVICES,152493.62404958677,196445.8,88164.18,100038.69,29,Completed,43952.17595041322,11874.51000000001
TXN0004558,2026-07-19,D005,R002,CONSULTING,120614.91,129929.35,74005.19,68117.4,78,Completed,9314.440000000002,-5887.790000000008
TXN0004559,2026-10-11,D009,R005,SUPPORT,81192.58,61910.74,55264.36,46500.58,177,Cancelled,-19281.840000000004,-8763.779999999999
TXN0004560,2025-03-30,D010,R002,CONSULTING,128362.43,135652.92,69987.43,56823.59,93,Pending,7290.49000000002,-13163.839999999997
TXN0004561,2025-10-04,D009,R001,SOFTWARE,112765.24,118244.52,99967.8,79748.45,123,Cancelled,5479.279999999999,-20219.350000000006
TXN0004562,2024-10-25,D010,R002,SUPPORT,108289.3,95529.96,54140.14,48547.47,29,Completed,-12759.339999999997,-5592.669999999998
TXN0004563,2026-06-29,D010,R002,SUPPORT,87882.65,79389.57,48334.8,46840.93,69,Completed,-8493.079999999987,-1493.8700000000026
TXN0004564,2025-10-15,D007,R004,SOFTWARE,165994.02,219262.64,110970.72,111360.61,89,Cancelled,53268.620000000024,389.8899999999994
TXN0004565,2026-01-02,D006,R003,CONSULTING,146478.27,171807.4,65691.55,62314.71,156,Cancelled,25329.130000000005,-3376.840000000004
TXN0004566,2025-07-23,D005,R002,SOFTWARE,199815.32,233251.22,93393.83,121296.28,52,Cancelled,33435.899999999994,27902.449999999997
TXN0004567,2026-05-30,D001,R001,SUBSCRIPTION,120128.25,134851.13,83749.34,82738.67,150,Completed,14722.880000000005,-1010.6699999999983
TXN0004568,2026-11-30,D005,R001,SERVICES,158918.69,208108.11,50533.03,46804.85,160,Cancelled,49189.419999999984,-3728.1800000000003
TXN0004569,2024-09-04,D007,R005,SUPPORT,106833.26,83512.28,50303.31,52750.63,104,Completed,-23320.979999999996,2447.3199999999997
TXN0004570,2026-07-15,D007,R004,SERVICES,141210.05,148020.36,99787.53,116467.27,74,Completed,6810.309999999998,16679.740000000005
TXN0004571,2026-03-28,D008,R004,SOFTWARE,146274.78,160910.53,117899.77,115228.73,86,Completed,14635.75,-2671.040000000008
TXN0004572,2026-06-05,D008,R004,SERVICES,171873.05,184392.89,63484.97,52227.13,174,Cancelled,12519.840000000026,-11257.840000000004
TXN0004573,2024-04-29,D002,R002,SUBSCRIPTION,110829.59,133253.81,69200.85,47685.52,40,Completed,22424.22,-21515.33000000001
TXN0004574,2025-07-28,D004,R001,SUBSCRIPTION,155418.3,182156.43,100984.79,87316.18,54,Pending,26738.130000000005,-13668.61
TXN0004575,2026-03-25,D007,R004,SERVICES,135808.81,116225.03,88290.59,75001.67,80,Completed,-19583.78,-13288.919999999998
TXN0004576,2025-04-01,D005,R002,CONSULTING,57037.04,61800.73,84263.73,95187.79,87,Completed,4763.690000000002,10924.059999999998
TXN0004577,2025-07-05,D009,R001,SERVICES,152604.62,110191.71,96603.07,103141.25,41,Completed,-42412.90999999999,6538.179999999993
TXN0004578,2025-02-28,D003,R003,SUBSCRIPTION,114964.26,111740.67,92346.65,85697.6,13,Completed,-3223.5899999999965,-6649.049999999988
TXN0004579,2025-09-22,D002,R002,SERVICES,124043.69,113107.21,88615.32,86019.39,33,Completed,-10936.479999999996,-2595.9300000000076
TXN0004580,2024-09-08,D006,R003,CONSULTING,158467.61,170433.97,84340.68,79708.22,88,Cancelled,11966.360000000015,-4632.459999999992
TXN0004581,2024-02-28,D006,R003,HARDWARE,230157.94,155988.0,157423.89,152186.13,103,Completed,-74169.94,-5237.760000000009
TXN0004582,2024-01-31,D008,R004,CONSULTING,158280.38,110758.0,85012.45,99059.17,46,Completed,-47522.380000000005,14046.720000000001
TXN0004583,2025-04-05,D003,R003,SOFTWARE,221054.95,221311.29,85469.04,74983.09,59,Completed,256.3399999999965,-10485.949999999997
TXN0004584,2025-08-19,D003,R003,HARDWARE,207693.22,234614.82,137435.4,158449.89,96,Completed,26921.600000000006,21014.49000000002
TXN0004585,2024-12-10,D004,R001,HARDWARE,297643.38,386461.38,175838.73,183968.29,139,Pending,88818.0,8129.559999999998
TXN0004586,2026-10-06,D004,R005,SERVICES,132689.09,122756.05,73676.58,73222.47,105,Completed,-9933.039999999994,-454.1100000000006
TXN0004587,2024-11-19,D010,R002,CONSULTING,129518.9,140390.29,75848.83,82445.7,30,Pending,10871.390000000014,6596.869999999995
TXN0004588,2024-11-10,D005,R002,SUBSCRIPTION,165494.75,162091.09,66735.52,63180.51,38,Completed,-3403.6600000000035,-3555.010000000002
TXN0004589,2024-12-28,D005,R002,CONSULTING,130527.42,145862.75,82692.9,84362.31,35,Completed,15335.330000000002,1669.4100000000035
TXN0004590,2026-02-22,D004,R001,CONSULTING,146796.53,168128.46,71329.45,78703.15,159,Completed,21331.929999999993,7373.699999999997
TXN0004591,2026-03-22,D008,R004,SOFTWARE,125144.44,130629.34,109444.51,108613.42,61,Completed,5484.899999999994,-831.0899999999965
TXN0004592,2024-05-09,D006,R003,SERVICES,174461.65,186679.49,64799.99,60775.88,64,Cancelled,12217.839999999997,-4024.1100000000006
TXN0004593,2026-12-24,D003,R003,HARDWARE,254339.26,295160.11,147248.86,193343.76,96,Completed,40820.84999999998,46094.90000000002
TXN0004594,2024-07-14,D003,R003,CONSULTING,91931.47,101099.38,74098.47,81356.1,176,Cancelled,9167.910000000003,7257.630000000005
TXN0004595,2025-05-13,D001,R001,SERVICES,134089.78,105365.83,111756.18,102336.79,59,Completed,-28723.949999999997,-9419.39
TXN0004596,2026-09-24,D010,R002,SUBSCRIPTION,205640.5,219226.87,90654.72,76683.38,26,Cancelled,13586.369999999995,-13971.339999999997
TXN0004597,2025-11-30,D001,R005,SERVICES,123398.17,123011.02,91168.69,107117.36,115,Completed,-387.1499999999942,15948.669999999998
TXN0004598,2026-10-02,D007,R004,HARDWARE,213169.52,219602.13,138055.61,134156.53,178,Completed,6432.610000000015,-3899.079999999987
TXN0004599,2025-09-25,D008,R006,HARDWARE,274056.31,349176.55,184068.65,195408.97,5,Pending,75120.23999999999,11340.320000000007
TXN0004600,2025-09-04,D010,R002,SERVICES,142582.46,140202.94,63074.32,68244.21,5,Completed,-2379.5199999999895,5169.890000000007
TXN0004601,2024-06-10,D006,R003,SERVICES,134038.36,168901.31,111532.63,115803.46,64,Completed,34862.95000000001,4270.830000000002
TXN0004602,2026-11-08,D007,R004,CONSULTING,136394.55,154294.91,82849.63,74661.5,141,Completed,17900.360000000015,-8188.130000000005
TXN0004603,2026-06-22,D005,R002,HARDWARE,287031.45,278325.92,141640.0,129604.24,78,Completed,-8705.530000000028,-12035.759999999995
TXN0004604,2025-08-28,D008,R005,SUBSCRIPTION,201693.18,265016.29,94516.17,98352.35,95,Completed,63323.109999999986,3836.1800000000076
TXN0004605,2024-06-13,D010,R002,SOFTWARE,224345.13,215184.54,116438.62,117890.21,176,Pending,-9160.589999999997,1451.590000000011
TXN0004606,2026-05-26,D008,R004,CONSULTING,145284.15,164598.64,80011.49,86424.09,92,Completed,19314.49000000002,6412.599999999991
TXN0004607,2026-06-05,D006,R003,CONSULTING,151168.02,155988.0,97402.6,82662.37,22,Completed,4819.9800000000105,-14740.23000000001
TXN0004608,2024-06-26,D001,R001,SERVICES,149047.5,197192.81,86053.4,83155.33,170,Completed,48145.31,-2898.0699999999924
TXN0004609,2024-05-31,D008,R004,CONSULTING,121983.84,117805.63,78571.89,75331.63,164,Completed,-4178.209999999992,-3240.2599999999948
TXN0004610,2024-08-21,D003,R003,SOFTWARE,218312.24,235172.83,120688.7,120135.81,105,Pending,16860.589999999997,-552.8899999999994
TXN0004611,2024-02-19,D009,R001,CONSULTING,121807.77,117390.74,64568.78,75644.8,103,Pending,-4417.029999999999,11076.020000000004
TXN0004612,2024-04-10,D007,R004,SERVICES,121281.94,106470.83,72092.43,73392.38,43,Completed,-14811.11,1299.9500000000116
TXN0004613,2024-11-14,D008,R004,HARDWARE,215492.42,216801.6,174052.89,181336.51,23,Completed,1309.179999999993,7283.619999999995
TXN0004614,2025-05-08,D007,R004,SUBSCRIPTION,175292.42,145864.96,136301.39,134423.35,170,Cancelled,-29427.46000000002,-1878.0400000000081
TXN0004615,2024-06-20,D006,R003,CONSULTING,76504.34,62049.66,81203.84,85057.01,26,Completed,-14454.679999999993,3853.1699999999983
TXN0004616,2024-02-14,D003,R003,SERVICES,135465.79,95458.54,113420.12,100385.38,15,Completed,-40007.250000000015,-13034.73999999999
TXN0004617,2025-05-18,D004,R001,HARDWARE,204005.52,150336.01,163175.6,189063.13,150,Cancelled,-53669.50999999998,25887.53
TXN0004618,2025-05-13,D010,R001,SERVICES,132198.68,144928.36,84173.93,87354.85,23,Completed,12729.679999999993,3180.920000000013
TXN0004619,2026-10-25,D003,R003,HARDWARE,265420.38,273182.41,158741.76,154010.16,102,Pending,7762.02999999997,-4731.600000000006
TXN0004620,2025-12-06,D010,R002,CONSULTING,140905.3,126598.22,85199.54,105684.45,31,Pending,-14307.079999999987,20484.910000000003
TXN0004621,2026-10-14,D009,R001,SUPPORT,89363.11,95437.78,53576.41,47111.54,110,Completed,6074.669999999998,-6464.870000000003
TXN0004622,2026-08-12,D010,R006,SERVICES,149619.51,145991.56,108984.11,79470.53,40,Completed,-3627.9500000000116,-29513.58
TXN0004623,2024-03-03,D002,R002,HARDWARE,197488.61,201270.58,132809.72,140944.29,104,Completed,3781.970000000001,8134.570000000007
TXN0004624,2025-08-22,D003,R003,CONSULTING,135563.81,129085.66,70531.84,74830.45,52,Pending,-6478.149999999994,4298.610000000001
TXN0004625,2026-01-25,D008,R004,SERVICES,147252.82,141877.61,77071.66,97282.39,21,Completed,-5375.210000000021,20210.729999999996
TXN0004626,2025-09-10,D008,R004,HARDWARE,195871.74,140764.15,175537.12,117991.42,93,Completed,-55107.59,-57545.7
TXN0004627,2026-03-14,D004,R001,HARDWARE,311494.19,361871.63,118548.26,113451.74,85,Pending,50377.44,-5096.5199999999895
TXN0004628,2025-06-16,D010,R002,CONSULTING,97294.24,107355.9,64245.05,83539.94,140,Pending,10061.659999999989,19294.89
TXN0004629,2024-11-23,D009,R001,CONSULTING,129298.89,165306.51,74192.36,74707.78,47,Completed,36007.62000000001,515.4199999999983
TXN0004630,2024-03-09,D010,R002,HARDWARE,231608.19,213809.94,174708.03,160228.66,10,Completed,-17798.25,-14479.369999999995
TXN0004631,2024-12-01,D007,R004,HARDWARE,184568.97,195245.47,178659.66,225401.6,110,Cancelled,10676.5,46741.94
TXN0004632,2025-10-31,D003,R003,CONSULTING,136746.02,146367.31,81232.56,70941.29,103,Cancelled,9621.290000000008,-10291.270000000004
TXN0004633,2024-04-21,D006,R003,SERVICES,161743.0,158300.7,77224.14,102101.19,112,Completed,-3442.2999999999884,24877.050000000003
TXN0004634,2026-05-10,D008,R004,SUPPORT,86634.68,87438.6,42037.54,41811.44,50,Cancelled,803.9200000000128,-226.09999999999854
TXN0004636,2025-05-07,D010,R001,HARDWARE,210831.04,240658.38,144557.14,153070.52,40,Completed,29827.339999999997,8513.379999999976
TXN0004637,2026-06-14,D003,R003,HARDWARE,185273.29,191233.63,134780.01,114363.56,173,Completed,5960.3399999999965,-20416.45000000001
TXN0004638,2025-08-22,D001,R001,SERVICES,202087.15,142273.84,77239.82,106095.25,131,Pending,-59813.31,28855.429999999993
TXN0004639,2024-01-13,D009,R001,SUPPORT,70426.33,70932.8,65002.13,65732.9,78,Completed,506.47000000000116,730.7699999999968
TXN0004640,2024-07-10,D008,R004,CONSULTING,145700.02,134602.07,80470.69,81670.79,100,Completed,-11097.949999999983,1200.0999999999913
TXN0004641,2024-04-16,D009,R001,SUPPORT,67499.16,66735.92,58616.39,64904.92,122,Completed,-763.2400000000052,6288.529999999999
TXN0004642,2026-12-20,D004,R001,SUBSCRIPTION,160207.85,165862.37,100945.1,113746.4,39,Completed,5654.5199999999895,12801.299999999988
TXN0004643,2024-10-21,D005,R002,SUPPORT,102885.55,88568.24,62145.59,60110.79,67,Completed,-14317.309999999998,-2034.7999999999956
TXN0004644,2024-04-24,D008,R004,SERVICES,158797.49,197394.61,83138.93,101091.63,150,Completed,38597.119999999995,17952.70000000001
TXN0004645,2026-03-30,D006,R006,CONSULTING,152493.62404958677,125836.88,67357.35,71862.6,118,Completed,-26656.744049586763,4505.25
TXN0004646,2025-03-25,D007,R004,SUPPORT,80528.48,72382.64,67737.6,63564.68,176,Completed,-8145.8399999999965,-4172.9200000000055
TXN0004647,2024-08-19,D009,R001,SOFTWARE,152266.62,162921.94,94410.83,89502.99,22,Completed,10655.320000000007,-4907.8399999999965
TXN0004648,2026-11-26,D003,R005,SUPPORT,93592.48,94275.04,47647.77,45398.99,79,Cancelled,682.5599999999977,-2248.779999999999
TXN0004649,2025-02-20,D005,R002,HARDWARE,143416.97,158650.28,110335.72,109385.06,57,Completed,15233.309999999998,-950.6600000000035
TXN0004650,2026-02-19,D007,R004,SUPPORT,114461.58,115904.12,58958.09,65165.85,10,Cancelled,1442.5399999999936,6207.760000000002
TXN0004651,2026-10-04,D003,R003,SUPPORT,81734.47,81098.67,60664.03,55128.37,132,Completed,-635.8000000000029,-5535.659999999996
TXN0004652,2025-02-06,D004,R001,HARDWARE,246716.99,239710.47,121562.76,151284.79,160,Completed,-7006.5199999999895,29722.030000000013
TXN0004653,2024-09-29,D007,R004,SUBSCRIPTION,191456.5,221440.3,82077.91,96817.8,11,Cancelled,29983.79999999999,14739.89
TXN0004654,2024-04-16,D006,R003,HARDWARE,235501.8,219035.88,163180.66,168069.25,34,Completed,-16465.919999999984,4888.5899999999965
TXN0004655,2024-10-07,D003,R003,HARDWARE,176073.21,226986.18,138275.71,160465.19,149,Completed,50912.97,22189.48000000001
TXN0004656,2024-09-08,D006,R005,SOFTWARE,152493.62404958677,178077.69,133008.64,155235.2,89,Completed,25584.065950413235,22226.559999999998
TXN0004657,2026-12-22,D007,R004,HARDWARE,223774.24,242711.68,162799.63,208471.66,169,Completed,18937.440000000002,45672.03
TXN0004658,2026-08-12,D009,R001,SERVICES,176652.32,176571.03,66581.62,70383.13,135,Cancelled,-81.29000000000815,3801.5100000000093
TXN0004659,2024-05-19,D001,R001,SUPPORT,101589.71,74505.95,57217.28,50650.9,20,Completed,-27083.76000000001,-6566.379999999997
TXN0004660,2025-12-14,D001,R001,SOFTWARE,144546.37,161571.08,151677.6,123462.49,108,Pending,17024.709999999992,-28215.11
TXN0004661,2025-03-13,D009,R001,SUPPORT,75022.89,65448.41,42261.06,35854.62,89,Completed,-9574.479999999996,-6406.439999999995
TXN0004662,2025-07-16,D009,R001,SOFTWARE,163343.44,141086.58,91267.78,97160.14,136,Completed,-22256.860000000015,5892.360000000001
TXN0004663,2025-12-22,D008,R004,HARDWARE,197355.7,181637.12,164725.41,145083.04,134,Completed,-15718.580000000016,-19642.369999999995
TXN0004664,2026-05-04,D004,R005,SOFTWARE,132610.63,147088.59,108748.88,124210.01,137,Completed,14477.959999999992,15461.12999999999
TXN0004665,2026-09-24,D007,R004,SOFTWARE,198042.53,218876.34,83258.35,81672.8,120,Cancelled,20833.809999999998,-1585.550000000003
TXN0004666,2026-05-08,D005,R005,SERVICES,143777.93,148508.48,69161.3,77216.31,173,Completed,4730.5500000000175,8055.009999999995
TXN0004667,2025-02-22,D007,R004,SUBSCRIPTION,161386.88,160264.95,103933.6,108889.61,128,Completed,-1121.929999999993,4956.009999999995
TXN0004668,2026-11-22,D007,R004,HARDWARE,190577.68,193460.29,127238.46,156768.36,104,Pending,2882.610000000015,29529.89999999998
TXN0004669,2024-06-23,D009,R001,SOFTWARE,176999.15,163645.96,128130.07,107010.43,150,Cancelled,-13353.190000000002,-21119.640000000014
TXN0004670,2026-06-17,D008,R004,CONSULTING,143172.37,126511.71,72239.1,95225.46,96,Cancelled,-16660.65999999999,22986.36
TXN0004671,2024-11-23,D009,R001,SERVICES,153371.01,174220.07,70359.84,59425.7,110,Completed,20849.059999999998,-10934.14
TXN0004672,2025-10-19,D008,R004,SUPPORT,72739.84,74123.19,60842.26,70696.2,12,Completed,1383.3500000000058,9853.939999999995
TXN0004673,2025-07-06,D009,R001,SERVICES,91800.5,92446.14,102992.93,101627.21,96,Cancelled,645.6399999999994,-1365.7199999999866
TXN0004674,2025-01-11,D002,R002,CONSULTING,123363.16,129029.9,62500.84,76125.81,117,Completed,5666.739999999991,13624.970000000001
TXN0004675,2025-05-05,D009,R001,HARDWARE,161262.55,160570.01,142518.0,148698.4,68,Cancelled,-692.539999999979,6180.399999999994
TXN0004676,2024-11-30,D010,R002,SUBSCRIPTION,189811.52,183328.48,107784.8,112803.21,77,Completed,-6483.039999999979,5018.4100000000035
TXN0004677,2024-12-07,D007,R004,SERVICES,125720.03,98878.05,75355.0,78288.38,124,Pending,-26841.979999999996,2933.3800000000047
TXN0004678,2025-07-11,D006,R003,SOFTWARE,197786.9,196769.23,126832.94,119093.2,143,Completed,-1017.6699999999837,-7739.740000000005
TXN0004679,2025-02-03,D007,R004,CONSULTING,122306.62,125240.27,77799.63,107256.09,6,Completed,2933.6500000000087,29456.459999999992
TXN0004680,2025-11-29,D001,R001,SUBSCRIPTION,183878.85,203143.91,97959.16,112857.78,57,Completed,19265.059999999998,14898.619999999995
TXN0004681,2026-05-30,D008,R004,CONSULTING,125039.32,135505.91,83724.38,89481.1,156,Cancelled,10466.589999999997,5756.720000000001
TXN0004682,2026-01-29,D004,R001,SOFTWARE,202551.77,224055.75,127346.93,90648.82,0,Completed,21503.98000000001,-36698.109999999986
TXN0004683,2026-01-29,D006,R003,SUBSCRIPTION,197960.17,214618.97,94939.13,102983.67,81,Pending,16658.79999999999,8044.539999999994
TXN0004684,2026-08-14,D007,R002,SOFTWARE,167382.84,219258.98,136370.28,157380.51,53,Completed,51876.140000000014,21010.23000000001
TXN0004685,2024-09-13,D009,R001,CONSULTING,149774.17,163200.7,107468.02,106615.81,7,Pending,13426.529999999999,-852.2100000000064
TXN0004686,2024-07-12,D004,R001,SUPPORT,93092.09,90697.41,53984.61,56470.71,128,Pending,-2394.679999999993,2486.0999999999985
TXN0004687,2024-08-25,D008,R004,SUPPORT,84318.22,92137.5,61449.21,70064.2,35,Cancelled,7819.279999999999,8614.989999999998
TXN0004688,2026-11-09,D005,R002,SERVICES,125516.22,117810.96,73650.25,83623.17,172,Cancelled,-7705.259999999995,9972.919999999998
TXN0004689,2024-05-05,D007,R004,SUBSCRIPTION,167362.97,160549.96,80694.03,73297.21,7,Pending,-6813.010000000009,-7396.819999999992
TXN0004690,2024-10-16,D002,R002,SOFTWARE,117020.72,155988.0,111591.48,108961.27,76,Completed,38967.28,-2630.209999999992
TXN0004691,2026-09-28,D004,R001,HARDWARE,263291.63,269563.6,113202.98,100885.97,60,Completed,6271.969999999972,-12317.009999999995
TXN0004692,2026-04-07,D006,R003,CONSULTING,173225.73,176464.99,66201.64,95606.0,125,Completed,3239.25999999998,29404.36
TXN0004693,2026-05-24,D010,R002,SUPPORT,74145.55,80869.0,36790.0,37321.61,35,Cancelled,6723.449999999997,531.6100000000006
TXN0004694,2026-09-02,D010,R002,SOFTWARE,204716.78,240108.56,87618.25,84715.32,98,Cancelled,35391.78,-2902.929999999993
TXN0004695,2026-04-04,D007,R004,CONSULTING,134344.15,143009.33,67667.2,71751.9,121,Pending,8665.179999999993,4084.699999999997
TXN0004696,2025-04-25,D005,R006,SUBSCRIPTION,131234.65,138035.47,70530.68,54102.83,54,Completed,6800.820000000007,-16427.84999999999
TXN0004697,2024-11-26,D005,R006,SERVICES,144657.79,148910.86,101191.33,103382.46,77,Completed,4253.069999999978,2191.1300000000047
TXN0004698,2025-05-02,D007,R004,HARDWARE,219471.48,248374.3,98639.75,111282.41,122,Cancelled,28902.819999999978,12642.660000000003
TXN0004699,2024-09-17,D004,R001,SERVICES,135979.46,131364.68,92964.0,63949.47,27,Cancelled,-4614.779999999999,-29014.53
TXN0004700,2024-01-28,D002,R002,SERVICES,174534.13,168447.58,106313.86,102669.63,122,Completed,-6086.5500000000175,-3644.229999999996
TXN0004701,2025-05-13,D006,R003,CONSULTING,71602.33,60671.72,70218.82,68143.83,112,Completed,-10930.61,-2074.9900000000052
TXN0004702,2024-08-22,D002,R002,SUPPORT,95771.84,101686.94,47160.76,59874.56,26,Completed,5915.100000000006,12713.799999999996
TXN0004703,2024-03-30,D001,R001,SOFTWARE,136798.5,156716.14,139857.55,146128.72,22,Pending,19917.640000000014,6271.170000000013
TXN0004704,2026-10-29,D003,R003,SOFTWARE,195897.37,192624.5,77709.49,72284.63,13,Completed,-3272.8699999999953,-5424.860000000001
TXN0004705,2025-03-03,D007,R004,SUBSCRIPTION,169584.85,161502.6,91172.84,96261.78,176,Completed,-8082.25,5088.940000000002
TXN0004706,2026-07-22,D008,R004,SUBSCRIPTION,164191.15,165729.74,89795.55,84596.38,147,Completed,1538.5899999999965,-5199.169999999998
TXN0004707,2026-10-21,D004,R001,SUBSCRIPTION,164587.03,155988.0,86458.32,108963.94,57,Completed,-8599.029999999999,22505.619999999995
TXN0004708,2025-01-17,D008,R004,SUBSCRIPTION,164535.11,190885.68,77314.28,82338.73,32,Completed,26350.570000000007,5024.449999999997
TXN0004709,2024-05-07,D010,R002,SUBSCRIPTION,183535.55,143146.69,69788.76,64592.86,69,Pending,-40388.859999999986,-5195.899999999994
TXN0004710,2026-10-31,D004,R001,SUPPORT,104250.51,112297.66,61572.81,64499.3,110,Pending,8047.150000000009,2926.4900000000052
TXN0004711,2024-11-15,D005,R002,SERVICES,144873.14,143091.07,83523.81,80915.28,10,Completed,-1782.070000000007,-2608.529999999999
TXN0004712,2024-11-10,D002,R002,CONSULTING,130896.31,153908.3,58695.07,51867.33,173,Pending,23011.98999999999,-6827.739999999998
TXN0004713,2024-10-17,D007,R004,SUBSCRIPTION,180344.51,189903.37,86449.34,85356.82,84,Pending,9558.859999999986,-1092.5199999999895
TXN0004714,2024-06-12,D009,R001,SUBSCRIPTION,115893.94,108827.09,95402.9,128424.93,132,Completed,-7066.850000000006,33022.03
TXN0004715,2024-10-16,D005,R005,SUPPORT,84983.04,94909.93,55105.57,46528.32,10,Cancelled,9926.89,-8577.25
TXN0004716,2025-09-14,D007,R004,SOFTWARE,152493.62404958677,189338.7,88424.8,123432.21,175,Pending,36845.075950413244,35007.41
TXN0004717,2024-02-19,D001,R001,SUBSCRIPTION,146936.61,142699.64,70033.03,77704.26,148,Completed,-4236.969999999972,7671.229999999996
TXN0004718,2026-11-10,D005,R002,SERVICES,153721.73,167864.82,86550.31,76459.56,34,Pending,14143.089999999997,-10090.75
TXN0004719,2025-09-02,D004,R001,SUPPORT,91576.01,95592.56,47319.51,49412.05,65,Completed,4016.550000000003,2092.540000000001
TXN0004720,2026-02-20,D007,R004,SERVICES,175638.36,171544.53,69583.44,80236.67,158,Completed,-4093.829999999987,10653.229999999996
TXN0004721,2024-04-26,D001,R001,SOFTWARE,220836.26,222727.58,96600.64,82761.34,14,Cancelled,1891.3199999999779,-13839.300000000003
TXN0004722,2025-04-25,D001,R001,SUBSCRIPTION,152493.62404958677,176191.02,86976.67,83935.38,21,Cancelled,23697.39595041322,-3041.2899999999936
TXN0004723,2024-08-01,D008,R004,SUPPORT,115160.73,130446.65,70600.74,68557.61,84,Cancelled,15285.919999999998,-2043.1300000000047
TXN0004724,2025-04-17,D001,R001,SUPPORT,80186.44,100223.03,39825.78,44210.21,90,Completed,20036.589999999997,4384.43
TXN0004725,2025-03-01,D002,R002,SUBSCRIPTION,147440.89,141448.36,80824.15,83417.55,164,Completed,-5992.530000000028,2593.4000000000087
TXN0004726,2025-06-21,D010,R002,SOFTWARE,212052.87,199697.74,132671.1,148999.08,61,Pending,-12355.130000000005,16327.979999999981
TXN0004727,2026-05-05,D007,R004,SERVICES,108479.04,105123.4,65496.61,74872.02,105,Completed,-3355.6399999999994,9375.410000000003
TXN0004728,2026-11-14,D009,R001,SOFTWARE,215012.13,248561.19,123705.82,143590.99,26,Completed,33549.06,19885.169999999984
TXN0004729,2026-11-30,D003,R003,CONSULTING,129973.07,133367.88,75999.26,89006.92,22,Completed,3394.8099999999977,13007.660000000003
TXN0004730,2025-09-06,D010,R002,CONSULTING,130563.06,149840.48,83434.79,83966.69,122,Completed,19277.420000000013,531.9000000000087
TXN0004731,2024-05-30,D006,R003,SERVICES,128496.92,167847.55,79733.34,77010.65,27,Completed,39350.62999999999,-2722.6900000000023
TXN0004732,2025-05-15,D006,R003,SERVICES,195585.72,247657.92,92703.65,100477.08,7,Cancelled,52072.20000000001,7773.430000000008
TXN0004733,2026-06-07,D007,R004,SERVICES,162559.93,146138.27,102048.06,99049.56,163,Cancelled,-16421.660000000003,-2998.5
TXN0004734,2024-12-09,D007,R002,SOFTWARE,234017.66,194376.05,148632.21,130837.66,83,Completed,-39641.610000000015,-17794.54999999999
TXN0004735,2026-04-15,D007,R004,CONSULTING,117127.07,122816.96,86028.23,93744.49,96,Completed,5689.889999999999,7716.260000000009
TXN0004736,2026-05-24,D002,R002,CONSULTING,143726.97,145838.67,75424.95,61954.91,127,Completed,2111.7000000000116,-13470.039999999994
TXN0004737,2024-09-13,D009,R001,CONSULTING,121558.61,123199.71,65956.66,73722.1,173,Cancelled,1641.1000000000058,7765.440000000002
TXN0004738,2026-04-17,D009,R001,SERVICES,180262.02,162988.8,61869.71,65664.23,65,Pending,-17273.22,3794.519999999997
TXN0004739,2026-02-01,D009,R001,SUPPORT,94136.78,76601.57,57017.55,59938.02,11,Completed,-17535.209999999992,2920.469999999994
TXN0004740,2024-11-26,D007,R004,SUPPORT,93164.84,93889.61,54422.01,69906.78,122,Pending,724.7700000000041,15484.769999999997
TXN0004741,2026-05-20,D003,R003,SERVICES,113478.46,115709.21,87094.79,102929.13,115,Pending,2230.75,15834.340000000011
TXN0004742,2026-11-20,D008,R004,SUPPORT,84571.1,95390.18,61288.96,52849.56,7,Cancelled,10819.079999999987,-8439.400000000001
TXN0004743,2024-06-24,D004,R001,CONSULTING,89759.03,104599.54,82226.83,92243.61,106,Completed,14840.509999999995,10016.779999999999
TXN0004744,2024-02-01,D003,R003,SUPPORT,105647.57,115136.39,63736.46,55053.87,123,Completed,9488.819999999992,-8682.589999999997
TXN0004745,2024-05-08,D010,R002,HARDWARE,152493.62404958677,136668.53,157391.43,174686.75,39,Completed,-15825.094049586769,17295.320000000007
TXN0004746,2026-10-08,D006,R003,CONSULTING,102730.06,104445.62,54156.79,59332.15,43,Pending,1715.5599999999977,5175.360000000001
TXN0004747,2026-02-17,D006,R003,CONSULTING,118394.09,123411.62,67872.65,80243.74,80,Completed,5017.529999999999,12371.090000000011
TXN0004748,2026-01-26,D009,R001,SUBSCRIPTION,133541.22,172609.7,98086.71,102505.99,141,Completed,39068.48000000001,4419.279999999999
TXN0004749,2025-08-18,D006,R005,SUPPORT,85102.93,90491.57,75460.48,87963.45,36,Pending,5388.640000000014,12502.970000000001
TXN0004750,2025-06-11,D002,R002,CONSULTING,143603.78,139846.88,81092.93,110845.72,128,Cancelled,-3756.899999999994,29752.790000000008
TXN0004751,2024-11-10,D010,R002,SOFTWARE,187977.15,164107.07,145445.17,168587.17,156,Completed,-23870.079999999987,23142.0
TXN0004752,2026-12-30,D007,R004,SOFTWARE,184322.89,216724.9,88873.59,113365.1,141,Pending,32402.00999999998,24491.51000000001
TXN0004753,2026-12-12,D002,R002,HARDWARE,202267.47,169722.82,133619.27,144756.97,114,Completed,-32544.649999999994,11137.700000000012
TXN0004754,2024-03-30,D001,R001,HARDWARE,211650.52,206094.21,167742.47,145271.96,6,Cancelled,-5556.309999999998,-22470.51000000001
TXN0004755,2025-05-01,D003,R003,SUBSCRIPTION,207668.39,204291.34,66232.96,72166.27,138,Pending,-3377.0500000000175,5933.309999999998
TXN0004756,2025-12-16,D009,R001,CONSULTING,141962.74,149629.07,73672.52,46962.12,168,Pending,7666.330000000016,-26710.4
TXN0004757,2024-04-02,D001,R001,SUPPORT,82048.65,80512.2,62879.88,60025.91,41,Cancelled,-1536.449999999997,-2853.969999999994
TXN0004758,2024-03-11,D004,R005,SUPPORT,89548.26,113225.49,45380.92,39829.63,92,Completed,23677.23000000001,-5551.290000000001
TXN0004759,2024-03-14,D002,R002,CONSULTING,139601.16,147057.71,91136.64,91833.69,131,Completed,7456.549999999988,697.0500000000029
TXN0004760,2026-02-04,D003,R003,SOFTWARE,242580.85,238177.02,112451.83,97750.11,174,Cancelled,-4403.830000000016,-14701.720000000001
TXN0004761,2024-11-27,D006,R003,SERVICES,190021.42,154094.68,68370.42,74321.4,63,Completed,-35926.74000000002,5950.979999999996
TXN0004762,2024-02-02,D007,R004,SOFTWARE,190308.51,214022.37,106039.43,89348.75,103,Completed,23713.859999999986,-16690.679999999993
TXN0004763,2025-04-02,D001,R006,SUPPORT,120968.95,132443.16,65555.58,73169.49,10,Completed,11474.210000000006,7613.9100000000035
TXN0004764,2026-05-17,D005,R002,CONSULTING,109969.01,97455.97,85312.3,109582.14,40,Completed,-12513.039999999994,24269.839999999997
TXN0004765,2026-08-19,D010,R002,SERVICES,110413.84,105339.65,91712.07,93407.62,167,Completed,-5074.190000000002,1695.5499999999884
TXN0004766,2026-10-10,D001,R001,HARDWARE,261812.54,233054.05,196091.39,231101.54,28,Completed,-28758.49000000002,35010.149999999994
TXN0004767,2026-01-22,D005,R002,SUPPORT,56638.46,59713.11,54315.54,53843.94,109,Pending,3074.6500000000015,-471.59999999999854
TXN0004768,2026-06-10,D005,R006,SUBSCRIPTION,187017.55,199599.69,118293.51,119344.63,58,Completed,12582.140000000014,1051.12000000001
TXN0004769,2025-03-24,D005,R002,HARDWARE,195801.92,208029.67,182568.08,184415.07,70,Completed,12227.75,1846.9900000000198
TXN0004770,2026-05-28,D002,R002,SUPPORT,97458.44,111863.95,40066.23,35959.09,145,Cancelled,14405.509999999995,-4107.140000000007
TXN0004771,2025-10-02,D007,R004,SUBSCRIPTION,164018.68,164677.13,89092.33,74914.26,175,Completed,658.4500000000116,-14178.070000000007
TXN0004772,2025-04-13,D009,R001,HARDWARE,173004.87,115315.81,133827.56,142196.72,174,Completed,-57689.06,8369.160000000003
TXN0004773,2024-11-23,D009,R001,SUPPORT,98729.64,124347.2,56067.42,65786.18,111,Pending,25617.559999999998,9718.759999999995
TXN0004774,2025-05-09,D004,R001,CONSULTING,120712.91,127359.23,61540.74,65995.85,137,Completed,6646.319999999992,4455.110000000008
TXN0004775,2026-01-08,D004,R001,SUPPORT,77933.26,77874.45,72763.38,72013.16,126,Completed,-58.80999999999767,-750.2200000000012
TXN0004776,2025-08-18,D009,R001,SUBSCRIPTION,116881.48,112706.13,92508.14,87540.85,67,Completed,-4175.349999999991,-4967.289999999994
TXN0004777,2025-03-23,D007,R004,SUBSCRIPTION,184042.73,153946.79,86607.27,64181.81,173,Completed,-30095.940000000002,-22425.460000000006
TXN0004778,2026-05-31,D005,R002,SUPPORT,110573.25,109212.0,44367.33,48494.08,157,Completed,-1361.25,4126.75
TXN0004779,2025-09-17,D009,R005,SUPPORT,99826.77,109344.3,46884.42,52289.8,86,Completed,9517.529999999999,5405.380000000005
TXN0004780,2024-12-24,D006,R003,SOFTWARE,156704.25,169241.4,123424.1,105938.7,141,Completed,12537.149999999994,-17485.40000000001
TXN0004781,2024-01-17,D007,R001,SUPPORT,108003.97,109894.69,92964.0,66790.06,18,Pending,1890.7200000000012,-26173.940000000002
TXN0004782,2025-05-02,D004,R001,SUBSCRIPTION,191348.71,190092.88,66167.99,72905.68,150,Completed,-1255.8299999999872,6737.689999999988
TXN0004783,2026-09-30,D008,R004,SUPPORT,60351.53,64582.47,48608.07,60903.05,41,Cancelled,4230.940000000002,12294.980000000003
TXN0004784,2024-10-01,D006,R003,HARDWARE,264369.84,295301.47,144563.38,153117.13,66,Cancelled,30931.629999999946,8553.75
TXN0004785,2025-12-20,D001,R005,HARDWARE,236769.11,250084.91,132342.82,151427.77,33,Completed,13315.800000000017,19084.949999999983
TXN0004786,2024-10-01,D001,R001,SUPPORT,98481.47,113480.13,61938.55,82984.53,81,Completed,14998.660000000003,21045.979999999996
TXN0004787,2024-11-07,D001,R001,SUBSCRIPTION,178965.55,188124.13,64246.12,63552.23,84,Completed,9158.580000000016,-693.8899999999994
TXN0004788,2024-12-10,D006,R003,SOFTWARE,216913.01,180532.63,109887.16,117962.17,123,Cancelled,-36380.380000000005,8075.009999999995
TXN0004789,2025-04-21,D005,R002,SUPPORT,80638.31,78177.02,46886.21,50785.01,62,Pending,-2461.2899999999936,3898.800000000003
TXN0004790,2025-01-20,D010,R002,HARDWARE,217988.56,214422.3,119810.22,128668.86,25,Completed,-3566.2600000000093,8858.64
TXN0004791,2025-12-23,D002,R002,SUPPORT,85514.54,73373.76,55962.25,49655.9,152,Completed,-12140.779999999999,-6306.3499999999985
TXN0004792,2026-01-04,D005,R002,SUBSCRIPTION,193477.16,196207.76,100447.8,69136.66,96,Completed,2730.600000000006,-31311.14
TXN0004793,2026-08-06,D008,R004,SERVICES,136298.42,139021.04,91512.7,87515.88,177,Pending,2722.6199999999953,-3996.8199999999924
TXN0004794,2024-08-15,D003,R003,HARDWARE,197732.95,190649.51,162256.73,200493.88,18,Cancelled,-7083.440000000002,38237.149999999994
TXN0004795,2025-01-29,D006,R003,SUBSCRIPTION,191335.52,202322.8,83600.84,79563.46,146,Completed,10987.279999999999,-4037.37999999999
TXN0004796,2025-06-15,D006,R003,SOFTWARE,176002.87,166634.89,102134.24,104297.43,166,Pending,-9367.979999999981,2163.189999999988
TXN0004797,2024-06-14,D001,R001,SUPPORT,91634.24,89825.04,76847.56,77638.16,154,Completed,-1809.2000000000116,790.6000000000058
TXN0004798,2025-09-15,D006,R003,CONSULTING,133657.21,179806.21,62457.51,54743.42,93,Completed,46149.0,-7714.090000000004
TXN0004799,2026-07-18,D006,R003,SERVICES,129146.99,119040.92,100544.25,95876.78,13,Pending,-10106.070000000007,-4667.470000000001
TXN0004800,2024-08-08,D003,R003,SUBSCRIPTION,73330.98,71146.07,77303.37,72958.49,111,Pending,-2184.909999999989,-4344.87999999999
TXN0004801,2026-02-28,D004,R001,HARDWARE,238945.68,199224.56,116386.98,129382.45,29,Completed,-39721.119999999995,12995.470000000001
TXN0004802,2026-06-02,D002,R002,CONSULTING,105742.39,126831.11,97364.26,112311.44,113,Completed,21088.72,14947.180000000008
TXN0004803,2024-12-21,D007,R004,SOFTWARE,184019.4,155113.37,92964.0,129879.13,113,Completed,-28906.03,36915.130000000005
TXN0004804,2026-12-11,D009,R001,SOFTWARE,222753.71,235512.87,133591.73,139801.91,172,Pending,12759.160000000003,6210.179999999993
TXN0004805,2024-01-05,D007,R004,SUBSCRIPTION,124586.37,144900.21,115171.79,96525.67,113,Cancelled,20313.839999999997,-18646.119999999995
TXN0004806,2025-07-05,D007,R001,CONSULTING,85744.81,91071.89,76067.93,55452.74,10,Completed,5327.080000000002,-20615.189999999995
TXN0004807,2026-11-06,D010,R002,SOFTWARE,204576.13,190116.01,117837.78,115850.15,131,Completed,-14460.119999999995,-1987.6300000000047
TXN0004808,2025-06-11,D005,R002,SUPPORT,104825.53,93132.07,53672.08,50414.63,162,Cancelled,-11693.459999999992,-3257.4500000000044
TXN0004809,2026-07-05,D009,R001,SERVICES,168718.64,174236.26,68502.79,69560.34,117,Completed,5517.619999999995,1057.550000000003
TXN0004810,2025-07-28,D002,R002,SERVICES,149069.49,100617.29,58758.67,69166.06,63,Cancelled,-48452.2,10407.39
TXN0004811,2025-09-23,D009,R001,SOFTWARE,157290.57,173474.51,95216.65,95173.21,133,Completed,16183.940000000002,-43.439999999987776
TXN0004812,2024-07-11,D002,R002,SUPPORT,118569.01,132609.69,41259.4,31714.62,19,Completed,14040.680000000008,-9544.780000000002
TXN0004813,2026-03-31,D006,R003,SERVICES,128313.31,129527.05,72148.59,78313.64,81,Completed,1213.7400000000052,6165.050000000003
TXN0004814,2024-12-25,D001,R001,SERVICES,154345.3,166712.59,91646.25,92329.41,65,Completed,12367.290000000008,683.1600000000035
TXN0004815,2026-10-01,D004,R001,CONSULTING,116479.73,155988.0,78176.11,85904.5,99,Pending,39508.270000000004,7728.389999999999
TXN0004816,2024-10-05,D007,R004,SUBSCRIPTION,190958.58,201448.56,72981.21,78460.68,33,Completed,10489.98000000001,5479.469999999987
TXN0004817,2025-07-08,D005,R002,SUPPORT,98002.83,110918.29,47520.29,48715.99,165,Completed,12915.459999999992,1195.699999999997
TXN0004818,2025-02-19,D004,R001,SUBSCRIPTION,197583.21,198717.29,106468.87,112946.71,170,Completed,1134.0800000000163,6477.840000000011
TXN0004819,2026-01-02,D004,R001,SUBSCRIPTION,158260.54,149444.95,97807.38,92385.79,62,Completed,-8815.589999999997,-5421.590000000011
TXN0004820,2026-09-17,D001,R001,SERVICES,158468.82,164664.7,82292.02,93822.95,128,Completed,6195.880000000005,11530.929999999993
TXN0004821,2024-10-28,D002,R002,CONSULTING,81014.33,76599.6,78740.77,74102.52,179,Cancelled,-4414.729999999996,-4638.25
TXN0004822,2024-09-16,D002,R002,CONSULTING,112736.36,116109.82,63328.46,55280.35,104,Completed,3373.4600000000064,-8048.110000000001
TXN0004823,2024-11-27,D002,R002,SERVICES,130904.86,136249.47,69703.66,64390.76,135,Completed,5344.610000000001,-5312.9000000000015
TXN0004824,2024-06-19,D007,R004,SUBSCRIPTION,172852.1,224686.67,106559.15,113710.22,18,Cancelled,51834.57000000001,7151.070000000007
TXN0004825,2024-11-14,D008,R004,SUBSCRIPTION,127888.3,116093.72,90683.26,64113.76,45,Completed,-11794.580000000002,-26569.499999999993
TXN0004826,2024-03-06,D010,R002,CONSULTING,102887.97,106098.58,58908.1,61872.51,87,Pending,3210.6100000000006,2964.4100000000035
TXN0004827,2026-09-18,D004,R001,CONSULTING,126042.85,127973.97,75244.82,74310.97,34,Completed,1931.1199999999953,-933.8500000000058
TXN0004828,2026-07-13,D006,R003,SUBSCRIPTION,187022.49,203140.01,100589.2,101064.44,129,Completed,16117.520000000019,475.24000000000524
TXN0004829,2024-06-14,D008,R004,HARDWARE,309073.34,337136.31,192419.84,217895.89,100,Completed,28062.969999999972,25476.050000000017
TXN0004830,2024-04-14,D001,R001,HARDWARE,197434.76,210660.97,160623.38,136382.67,7,Completed,13226.209999999992,-24240.709999999992
TXN0004831,2026-11-02,D001,R001,SUPPORT,90419.04,105166.24,66484.72,77467.64,138,Completed,14747.200000000012,10982.919999999998
TXN0004832,2024-11-03,D009,R001,SUBSCRIPTION,150471.79,146176.44,95043.76,94834.03,59,Completed,-4295.350000000006,-209.72999999999593
TXN0004833,2025-09-10,D006,R003,SERVICES,144037.87,151056.27,83172.71,92128.83,133,Pending,7018.399999999994,8956.119999999995
TXN0004834,2025-01-05,D008,R004,SUBSCRIPTION,153441.43,122255.65,84184.15,87831.96,171,Completed,-31185.78,3647.810000000012
TXN0004835,2026-04-15,D005,R005,HARDWARE,261342.21,282834.87,166547.94,174104.86,180,Pending,21492.660000000003,7556.919999999984
TXN0004836,2024-10-26,D006,R003,SOFTWARE,202436.99,208165.42,111809.34,143424.64,66,Pending,5728.430000000022,31615.300000000017
TXN0004837,2024-03-06,D009,R001,SOFTWARE,199742.97,177068.63,121124.6,140152.19,67,Cancelled,-22674.339999999997,19027.589999999997
TXN0004838,2024-09-04,D003,R003,SOFTWARE,204943.27,204938.17,110056.05,129514.93,85,Completed,-5.099999999976717,19458.87999999999
TXN0004839,2024-03-05,D004,R001,CONSULTING,152432.68,169707.52,59593.06,51489.57,30,Cancelled,17274.839999999997,-8103.489999999998
TXN0004840,2024-07-20,D005,R002,SOFTWARE,282349.71,368441.52,105398.15,104037.24,65,Cancelled,86091.81,-1360.909999999989
TXN0004841,2024-12-21,D009,R001,SERVICES,169341.56,179563.33,68761.99,63094.42,13,Cancelled,10221.76999999999,-5667.570000000007
TXN0004842,2026-03-03,D004,R001,SOFTWARE,137149.77,173182.47,95727.44,102207.81,138,Completed,36032.70000000001,6480.369999999995
TXN0004843,2025-01-05,D007,R004,SOFTWARE,165839.05,169294.56,131541.0,139871.05,142,Cancelled,3455.5100000000093,8330.049999999988
TXN0004844,2026-07-09,D002,R002,SUPPORT,92246.87,89606.68,60748.61,70304.57,67,Pending,-2640.1900000000023,9555.960000000006
TXN0004845,2026-09-22,D010,R006,SUPPORT,83766.23,107852.36,76500.18,74684.41,114,Pending,24086.130000000005,-1815.7699999999895
TXN0004846,2024-09-22,D003,R005,HARDWARE,237767.12,226344.11,125396.0,95606.0,25,Completed,-11423.01000000001,-29790.0
TXN0004847,2024-01-19,D002,R002,CONSULTING,96735.95,93580.8,52166.9,48217.89,121,Completed,-3155.149999999994,-3949.010000000002
TXN0004848,2026-01-17,D007,R004,SUBSCRIPTION,118004.06,93972.79,86052.54,73995.51,12,Cancelled,-24031.270000000004,-12057.029999999999
TXN0004849,2025-03-19,D010,R002,SERVICES,186774.57,197408.79,68692.58,50609.9,122,Completed,10634.220000000001,-18082.68
TXN0004850,2024-06-13,D009,R001,SOFTWARE,148241.22,169699.81,118563.98,95313.97,164,Completed,21458.589999999997,-23250.009999999995
TXN0004851,2026-10-05,D005,R002,HARDWARE,271721.51,236064.55,193034.63,200138.16,160,Pending,-35656.96000000002,7103.529999999999
TXN0004852,2025-11-24,D003,R003,HARDWARE,213315.7,193688.54,139926.61,147074.74,104,Completed,-19627.160000000003,7148.130000000005
TXN0004853,2026-10-17,D010,R002,CONSULTING,121204.51,111175.88,63353.18,68998.86,25,Completed,-10028.62999999999,5645.68
TXN0004854,2024-08-26,D008,R004,SUPPORT,73206.69,60459.81,61491.4,63230.25,177,Cancelled,-12746.880000000005,1738.8499999999985
TXN0004855,2026-05-21,D009,R001,SERVICES,120249.24,121057.53,100830.87,131051.57,66,Cancelled,808.2899999999936,30220.70000000001
TXN0004856,2026-02-04,D006,R003,SERVICES,152272.63,159935.88,74126.78,83587.35,102,Pending,7663.25,9460.570000000007
TXN0004857,2026-01-02,D009,R001,SOFTWARE,207252.64,212790.92,107351.44,87382.83,98,Pending,5538.279999999999,-19968.61
TXN0004858,2026-10-12,D004,R001,SERVICES,131043.7,156786.16,99559.92,100602.65,127,Completed,25742.460000000006,1042.729999999996
TXN0004859,2025-03-21,D001,R001,SERVICES,128910.52,153313.77,83226.65,111388.84,180,Completed,24403.249999999985,28162.190000000002
TXN0004860,2025-08-31,D007,R004,HARDWARE,216513.22,258384.78,143757.74,154967.27,105,Pending,41871.56,11209.529999999999
TXN0004861,2025-03-23,D003,R003,SERVICES,112817.53,128402.52,81262.27,83898.73,5,Completed,15584.990000000005,2636.459999999992
TXN0004862,2024-07-17,D002,R006,CONSULTING,112159.28,117829.95,70030.85,65741.58,180,Completed,5670.669999999998,-4289.270000000004
TXN0004863,2026-06-02,D003,R003,SOFTWARE,129320.46,129409.32,115244.12,102162.03,52,Completed,88.86000000000058,-13082.089999999997
TXN0004864,2026-03-23,D009,R001,SUBSCRIPTION,149063.9,142220.96,73226.76,73452.35,141,Pending,-6842.940000000002,225.59000000001106
TXN0004865,2025-06-20,D004,R001,CONSULTING,151921.85,134227.17,71568.57,59062.57,127,Completed,-17694.679999999993,-12506.000000000007
TXN0004866,2026-04-03,D005,R002,CONSULTING,87975.02,73266.88,59833.03,61040.02,156,Cancelled,-14708.14,1206.989999999998
TXN0004867,2026-11-02,D008,R004,SERVICES,99921.55,114681.72,85809.0,74244.7,146,Cancelled,14760.169999999998,-11564.300000000003
TXN0004868,2025-03-26,D004,R006,SUBSCRIPTION,118070.19,123631.26,88924.98,92904.63,129,Cancelled,5561.069999999992,3979.6500000000087
TXN0004869,2024-10-06,D004,R001,SERVICES,152610.76,170894.59,105308.09,95606.0,93,Cancelled,18283.829999999987,-9702.089999999997
TXN0004870,2024-08-20,D003,R003,SERVICES,164459.23,192578.61,67444.3,69617.63,174,Completed,28119.379999999976,2173.3300000000017
TXN0004871,2025-06-11,D008,R004,CONSULTING,144089.89,128811.35,71852.18,95606.0,158,Completed,-15278.540000000008,23753.820000000007
TXN0004872,2026-11-02,D005,R006,SOFTWARE,164798.85,115406.64,123996.39,147431.31,180,Completed,-49392.21000000001,23434.92
TXN0004873,2026-07-14,D010,R001,SUBSCRIPTION,176073.26,145562.53,75598.7,71273.36,48,Completed,-30510.73000000001,-4325.3399999999965
TXN0004874,2024-11-09,D009,R001,CONSULTING,126674.79,132472.85,72688.76,65354.31,137,Completed,5798.060000000012,-7334.449999999997
TXN0004875,2026-03-07,D001,R001,SOFTWARE,212912.77,216050.6,127740.02,127491.72,154,Pending,3137.8300000000163,-248.3000000000029
TXN0004876,2025-11-16,D001,R001,CONSULTING,124893.72,138934.83,76216.76,59775.21,178,Pending,14041.109999999986,-16441.549999999996
TXN0004877,2026-02-12,D009,R001,SUPPORT,123202.02,116575.77,46475.73,53699.86,172,Completed,-6626.25,7224.129999999997
TXN0004878,2026-08-07,D010,R002,HARDWARE,226076.26,245401.92,83883.82,76686.55,164,Cancelled,19325.660000000003,-7197.270000000004
TXN0004879,2024-06-08,D001,R001,SERVICES,100233.68,110090.58,86721.48,89900.28,130,Completed,9856.900000000009,3178.800000000003
TXN0004880,2025-11-18,D002,R002,CONSULTING,135963.11,134487.27,79737.21,75955.45,111,Completed,-1475.8399999999965,-3781.7600000000093
TXN0004881,2026-12-30,D009,R001,SUBSCRIPTION,149912.99,142652.95,108708.83,90553.66,174,Completed,-7260.039999999979,-18155.17
TXN0004882,2025-08-03,D001,R001,CONSULTING,106095.4,74821.98,67029.29,68359.6,166,Completed,-31273.42,1330.3100000000122
TXN0004883,2026-04-15,D007,R004,SOFTWARE,145305.1,159097.15,120720.92,115379.43,56,Completed,13792.049999999988,-5341.490000000005
TXN0004884,2025-12-22,D003,R003,HARDWARE,211241.15,217812.48,142033.48,165513.18,119,Completed,6571.330000000016,23479.699999999983
TXN0004885,2025-09-16,D007,R004,SUBSCRIPTION,156922.64,144232.64,76301.3,87552.31,160,Pending,-12690.0,11251.009999999995
TXN0004886,2026-04-11,D004,R001,SUBSCRIPTION,154035.66,163020.01,84393.8,95606.0,23,Completed,8984.350000000006,11212.199999999997
TXN0004887,2026-12-12,D010,R002,SERVICES,136771.58,145873.02,83174.51,86799.42,156,Cancelled,9101.440000000002,3624.9100000000035
TXN0004888,2024-06-04,D010,R005,SUPPORT,71800.0,64272.92,42296.42,43823.92,34,Completed,-7527.080000000002,1527.5
TXN0004889,2026-08-10,D001,R001,CONSULTING,134519.67,130419.76,72940.05,70708.32,94,Completed,-4099.910000000018,-2231.729999999996
TXN0004890,2025-02-02,D003,R003,SERVICES,159513.71,169172.43,73979.36,56673.9,112,Completed,9658.720000000001,-17305.46
TXN0004891,2024-03-16,D004,R006,HARDWARE,274285.69,267156.52,144323.8,150576.32,16,Completed,-7129.169999999984,6252.520000000019
TXN0004892,2026-02-09,D010,R002,SERVICES,142023.18,146284.41,79466.8,92590.28,177,Completed,4261.2300000000105,13123.479999999996
TXN0004893,2026-01-30,D010,R002,HARDWARE,211271.79,185664.99,166563.67,175755.05,137,Completed,-25606.800000000017,9191.379999999976
TXN0004894,2026-12-05,D009,R001,SUPPORT,104700.82,114007.97,69426.9,61152.12,65,Cancelled,9307.149999999994,-8274.779999999992
TXN0004896,2024-10-24,D004,R001,SERVICES,147873.86,130179.79,98470.87,105745.57,87,Completed,-17694.069999999992,7274.700000000012
TXN0004897,2024-05-22,D002,R002,HARDWARE,206193.65,202548.32,147736.61,152090.78,158,Completed,-3645.329999999987,4354.170000000013
TXN0004898,2025-04-06,D006,R003,SOFTWARE,191515.04,197774.21,123602.83,112969.71,131,Pending,6259.169999999984,-10633.119999999995
TXN0004899,2025-08-01,D003,R003,SOFTWARE,177913.68,187941.37,88602.19,85264.5,53,Pending,10027.690000000002,-3337.6900000000023
TXN0004900,2026-03-20,D001,R001,SUBSCRIPTION,136752.87,146418.98,94727.05,99343.69,64,Cancelled,9666.110000000015,4616.639999999999
TXN0004901,2024-07-19,D010,R002,HARDWARE,196554.28,172662.38,169762.63,187247.14,58,Cancelled,-23891.899999999994,17484.51000000001
TXN0004902,2025-04-10,D005,R002,SOFTWARE,133771.84,149723.81,150145.59,115060.41,104,Completed,15951.970000000001,-35085.17999999999
TXN0004903,2026-08-21,D001,R001,SOFTWARE,152493.62404958677,176098.29,124078.3,126509.71,158,Pending,23604.66595041324,2431.4100000000035
TXN0004904,2024-04-04,D009,R001,HARDWARE,216784.0,179868.41,114828.87,127292.58,171,Cancelled,-36915.59,12463.710000000006
TXN0004905,2026-12-01,D007,R004,HARDWARE,262875.31,280261.46,131773.39,129306.91,153,Cancelled,17386.150000000023,-2466.4800000000105
TXN0004906,2024-06-03,D008,R004,HARDWARE,263338.03,182899.07,165220.57,116350.08,148,Cancelled,-80438.96000000002,-48870.490000000005
TXN0004907,2024-08-08,D010,R002,SUPPORT,71970.12,79027.32,42112.82,51249.28,122,Pending,7057.200000000012,9136.46
TXN0004908,2026-07-05,D004,R001,SOFTWARE,205092.98,212037.93,125196.89,117552.83,107,Cancelled,6944.9499999999825,-7644.059999999998
TXN0004909,2026-08-21,D007,R005,SERVICES,142310.12,166136.62,92064.72,67540.5,54,Pending,23826.5,-24524.22
TXN0004910,2026-07-09,D008,R005,SOFTWARE,199404.77,213419.23,113181.09,104538.58,173,Completed,14014.460000000021,-8642.509999999995
TXN0004911,2025-04-01,D005,R002,SUPPORT,112351.71,87159.15,59697.77,50736.14,83,Completed,-25192.560000000012,-8961.629999999997
TXN0004912,2025-07-07,D003,R003,SUPPORT,80862.36,78454.66,50030.08,54832.35,29,Cancelled,-2407.699999999997,4802.269999999997
TXN0004913,2025-04-15,D009,R001,SUPPORT,100032.94,118412.69,55389.33,71399.04,20,Pending,18379.75,16009.709999999992
TXN0004914,2026-07-06,D004,R001,SERVICES,121742.88,97489.8,101185.49,103740.91,85,Completed,-24253.08,2555.4199999999983
TXN0004915,2024-07-23,D001,R001,SUBSCRIPTION,218238.64,271567.14,90059.02,98509.54,171,Completed,53328.5,8450.51999999999
TXN0004916,2025-08-07,D005,R002,HARDWARE,195929.29,203346.86,187456.38,176891.48,44,Completed,7417.569999999978,-10564.899999999994
TXN0004917,2026-01-23,D003,R003,SERVICES,132601.1,135008.53,57381.35,65934.29,6,Cancelled,2407.429999999993,8552.939999999995
TXN0004918,2024-05-07,D005,R002,HARDWARE,251936.5,252145.27,96209.25,84324.19,35,Cancelled,208.76999999998952,-11885.059999999998
TXN0004919,2025-02-28,D007,R004,HARDWARE,255216.07,236073.24,156071.3,162093.44,75,Completed,-19142.830000000016,6022.140000000014
TXN0004920,2024-07-30,D010,R002,HARDWARE,277898.05,349821.82,149045.98,95606.0,84,Pending,71923.77000000002,-53439.98000000001
TXN0004921,2024-05-13,D006,R003,SUBSCRIPTION,176222.98,169980.89,78168.94,69520.33,54,Pending,-6242.0899999999965,-8648.61
TXN0004922,2024-01-10,D001,R001,SUPPORT,101773.88,115740.08,50659.21,53445.51,81,Completed,13966.199999999997,2786.300000000003
TXN0004923,2024-04-24,D002,R002,SUBSCRIPTION,120736.78,119538.47,78975.96,74379.62,135,Completed,-1198.3099999999977,-4596.340000000011
TXN0004924,2024-05-24,D007,R004,SUPPORT,102746.14,94637.51,56644.16,53116.42,11,Completed,-8108.630000000005,-3527.7400000000052
TXN0004925,2025-01-07,D006,R003,SUBSCRIPTION,94894.71,87248.43,87174.65,95606.0,51,Cancelled,-7646.280000000013,8431.350000000006
TXN0004926,2024-12-23,D010,R002,SOFTWARE,156498.75,155988.0,125780.4,122831.42,66,Pending,-510.75,-2948.979999999996
TXN0004927,2026-05-17,D007,R004,CONSULTING,115584.23,113666.6,65648.76,76801.46,158,Completed,-1917.62999999999,11152.700000000012
TXN0004928,2025-04-19,D003,R003,SERVICES,148032.28,155988.0,72849.24,96532.09,142,Pending,7955.720000000001,23682.84999999999
TXN0004929,2024-05-13,D002,R002,SUBSCRIPTION,185766.38,176897.19,102408.82,89946.98,165,Cancelled,-8869.190000000002,-12461.840000000011
TXN0004930,2025-04-17,D007,R001,SOFTWARE,208904.11,253962.23,125424.13,121524.34,83,Completed,45058.120000000024,-3899.790000000008
TXN0004931,2025-08-25,D005,R002,SERVICES,157426.17,151788.47,54225.78,54651.98,5,Pending,-5637.700000000012,426.20000000000437
TXN0004932,2025-01-19,D007,R004,SUBSCRIPTION,177218.93,155988.0,103907.98,102745.59,74,Pending,-21230.929999999993,-1162.3899999999994
TXN0004933,2026-11-25,D004,R001,HARDWARE,194738.55,178672.96,160571.65,218688.9,142,Cancelled,-16065.589999999997,58117.25
TXN0004934,2025-03-03,D004,R001,HARDWARE,211578.15,215518.99,207855.22,258499.93,125,Completed,3940.8399999999965,50644.70999999999
TXN0004935,2026-12-14,D002,R002,SUPPORT,106623.51,106244.29,77589.08,77962.8,102,Pending,-379.22000000000116,373.72000000000116
TXN0004936,2026-05-11,D010,R002,SOFTWARE,248233.61,218972.46,116738.73,134999.44,116,Completed,-29261.149999999994,18260.710000000006
TXN0004937,2024-12-27,D005,R002,SERVICES,151375.88,155958.29,89464.0,98698.9,103,Cancelled,4582.4100000000035,9234.899999999994
TXN0004938,2024-12-02,D003,R003,HARDWARE,208733.64,160251.0,130227.55,131642.65,120,Completed,-48482.640000000014,1415.0999999999913
TXN0004939,2025-12-12,D004,R001,SOFTWARE,123905.36,121150.94,86111.8,107679.29,46,Cancelled,-2754.4199999999983,21567.48999999999
TXN0004940,2025-11-07,D009,R001,HARDWARE,235754.64,260080.91,138160.93,169894.15,127,Completed,24326.26999999999,31733.22
TXN0004941,2026-05-14,D004,R001,SUBSCRIPTION,150921.95,193607.13,83489.26,56228.41,77,Completed,42685.17999999999,-27260.84999999999
TXN0004942,2026-08-21,D004,R001,SOFTWARE,178217.24,188893.44,110395.1,71834.14,108,Completed,10676.200000000012,-38560.96000000001
TXN0004943,2026-07-12,D001,R001,SOFTWARE,196089.92,196518.07,92921.84,87817.0,56,Completed,428.1499999999942,-5104.8399999999965
TXN0004944,2025-11-27,D001,R001,SUBSCRIPTION,97953.75,93485.2,77913.33,106563.95,75,Completed,-4468.550000000003,28650.619999999995
TXN0004945,2025-10-03,D009,R001,CONSULTING,124086.68,139072.31,91715.67,87469.2,75,Completed,14985.630000000005,-4246.470000000001
TXN0004946,2026-11-02,D010,R002,SUPPORT,60502.23,56605.55,57954.64,77051.11,137,Pending,-3896.6800000000003,19096.47
TXN0004947,2025-12-06,D007,R004,SUBSCRIPTION,166189.65,189043.8,119177.22,121865.59,121,Completed,22854.149999999994,2688.3699999999953
TXN0004948,2024-02-15,D007,R004,CONSULTING,141148.14,145651.96,74915.96,89419.34,115,Cancelled,4503.819999999978,14503.37999999999
TXN0004949,2026-06-20,D001,R001,HARDWARE,185500.88,195673.63,159507.57,185739.88,26,Completed,10172.75,26232.309999999998
TXN0004950,2026-12-08,D001,R001,SERVICES,161468.98,158134.75,73620.12,70453.53,71,Pending,-3334.2300000000105,-3166.5899999999965
TXN0004951,2026-04-01,D002,R002,CONSULTING,117018.08,127313.74,64670.42,76906.25,112,Pending,10295.660000000003,12235.830000000002
TXN0004952,2026-10-31,D006,R006,SOFTWARE,135354.74,127960.9,87099.16,73339.94,113,Completed,-7393.8399999999965,-13759.220000000001
TXN0004953,2025-08-22,D007,R002,SUPPORT,100051.83,98955.84,44095.29,41025.89,71,Cancelled,-1095.9900000000052,-3069.4000000000015
TXN0004954,2025-02-28,D003,R003,SUPPORT,75409.64,88815.09,48661.54,65023.06,99,Cancelled,13405.449999999997,16361.519999999997
TXN0004955,2024-08-02,D007,R004,HARDWARE,276577.49,351665.95,155883.59,162084.12,76,Completed,75088.46000000002,6200.529999999999
TXN0004956,2026-04-16,D001,R001,CONSULTING,85082.52,83765.84,86863.94,91063.95,152,Completed,-1316.6800000000076,4200.009999999995
TXN0004957,2024-04-10,D008,R004,SOFTWARE,152269.44,199327.24,136423.98,144275.81,72,Completed,47057.79999999999,7851.829999999987
TXN0004958,2024-09-12,D009,R001,CONSULTING,115281.51,112389.69,80830.05,78020.58,89,Pending,-2891.8199999999924,-2809.470000000001
TXN0004959,2024-09-23,D002,R002,SOFTWARE,227626.31,242635.09,128709.64,131518.67,89,Completed,15008.779999999999,2809.0300000000134
TXN0004960,2026-01-10,D004,R001,SUPPORT,95222.8,92460.15,54940.88,58509.27,114,Completed,-2762.6500000000087,3568.3899999999994
TXN0004961,2026-11-19,D007,R004,HARDWARE,265119.78,256752.13,132228.56,136043.69,23,Pending,-8367.650000000023,3815.1300000000047
TXN0004962,2025-05-15,D004,R001,HARDWARE,245823.26,237787.44,154437.9,168316.61,109,Cancelled,-8035.820000000007,13878.709999999992
TXN0004963,2025-10-23,D001,R001,SERVICES,165056.7,177265.44,68768.46,70069.44,136,Completed,12208.73999999999,1300.979999999996
TXN0004964,2024-11-06,D004,R005,SOFTWARE,142446.89,147680.02,121556.94,125437.36,41,Pending,5233.129999999976,3880.4199999999983
TXN0004965,2025-11-13,D009,R001,SUBSCRIPTION,152690.96,152270.04,82129.67,100547.37,26,Cancelled,-420.9199999999837,18417.699999999997
TXN0004966,2026-10-28,D004,R006,SUPPORT,84271.93,77009.61,49244.56,53729.09,99,Completed,-7262.319999999992,4484.529999999999
TXN0004967,2026-09-02,D008,R004,SUBSCRIPTION,165339.44,217829.81,90980.6,121360.91,126,Completed,52490.369999999995,30380.309999999998
TXN0004968,2024-10-27,D004,R001,CONSULTING,137409.16,170322.06,80794.15,72037.41,18,Completed,32912.899999999994,-8756.73999999999
TXN0004969,2025-07-30,D007,R004,HARDWARE,266011.94,299476.55,160640.52,153335.86,59,Cancelled,33464.609999999986,-7304.6600000000035
TXN0004970,2026-12-02,D005,R002,SUBSCRIPTION,135688.83,137543.01,92964.0,91875.34,67,Completed,1854.1800000000221,-1088.6600000000035
TXN0004971,2024-04-11,D002,R002,SUPPORT,79302.97,69001.32,35538.21,38019.89,55,Completed,-10301.649999999994,2481.6800000000003
TXN0004972,2024-06-30,D006,R003,CONSULTING,115590.2,113337.1,56785.31,59949.57,127,Completed,-2253.0999999999913,3164.260000000002
TXN0004973,2026-03-07,D008,R004,SOFTWARE,154877.72,156114.47,113733.52,101113.46,82,Completed,1236.75,-12620.059999999998
TXN0004974,2024-12-20,D006,R003,CONSULTING,95783.75,125111.93,80699.78,77151.49,177,Pending,29328.179999999993,-3548.2899999999936
TXN0004975,2026-06-29,D003,R003,CONSULTING,113995.62,130293.79,71314.4,77436.09,142,Completed,16298.169999999998,6121.690000000002
TXN0004976,2026-09-27,D001,R001,SUBSCRIPTION,158168.8,157569.46,75321.19,97164.8,131,Completed,-599.3399999999965,21843.61
TXN0004977,2025-12-07,D008,R004,HARDWARE,138722.48,159086.86,174251.48,145138.64,180,Completed,20364.379999999976,-29112.839999999997
TXN0004978,2025-11-15,D004,R001,SUBSCRIPTION,173874.77,206481.65,77675.96,80980.46,40,Cancelled,32606.880000000005,3304.5
TXN0004979,2026-07-30,D006,R003,CONSULTING,115690.0,114643.29,68393.45,57677.32,69,Completed,-1046.7100000000064,-10716.129999999997
TXN0004980,2026-09-05,D004,R001,CONSULTING,99264.84,95476.51,74677.53,78571.14,147,Pending,-3788.3300000000017,3893.6100000000006
TXN0004981,2026-10-09,D005,R005,SOFTWARE,211187.86,234415.4,97324.69,98821.62,112,Pending,23227.540000000008,1496.929999999993
TXN0004982,2026-06-30,D006,R003,SUBSCRIPTION,118295.2,136452.52,114250.14,111581.99,94,Completed,18157.319999999992,-2668.149999999994
TXN0004983,2026-08-22,D005,R002,HARDWARE,191511.55,142448.07,149518.79,143544.0,58,Completed,-49063.47999999998,-5974.790000000008
TXN0004984,2024-07-03,D001,R001,SOFTWARE,144020.48,155126.81,119709.0,133912.56,169,Completed,11106.329999999987,14203.559999999998
TXN0004985,2024-09-03,D010,R002,SUPPORT,93327.49,98403.48,61976.33,58196.38,109,Completed,5075.989999999991,-3779.9500000000044
TXN0004986,2024-03-11,D007,R004,SUBSCRIPTION,184524.59,183532.5,98771.9,96207.29,66,Completed,-992.0899999999965,-2564.6100000000006
TXN0004987,2025-11-14,D005,R002,SUBSCRIPTION,114973.69,128440.39,74336.13,71409.63,172,Pending,13466.699999999997,-2926.5
TXN0004988,2025-02-14,D006,R003,SERVICES,184883.52,162558.01,80963.22,73191.74,178,Completed,-22325.50999999998,-7771.479999999996
TXN0004989,2024-01-28,D007,R004,SOFTWARE,158846.81,158889.68,109470.76,118750.22,14,Completed,42.86999999999534,9279.460000000006
TXN0004990,2024-02-05,D008,R005,SOFTWARE,208146.63,215127.64,98767.42,104768.26,67,Completed,6981.010000000009,6000.8399999999965
TXN0004991,2026-10-01,D010,R002,SUPPORT,96557.78,104199.62,92964.0,66650.65,112,Completed,7641.8399999999965,-26313.350000000006
TXN0004992,2026-10-24,D002,R002,SUBSCRIPTION,164723.3,166447.82,83140.69,83046.74,150,Cancelled,1724.5200000000186,-93.94999999999709
TXN0004993,2024-06-26,D007,R004,SOFTWARE,138901.92,153623.18,93496.89,113539.88,145,Completed,14721.25999999998,20042.990000000005
TXN0004994,2026-06-07,D006,R003,SUPPORT,98713.77,114588.61,51349.69,54935.99,75,Pending,15874.839999999997,3586.2999999999956
TXN0004995,2026-07-07,D007,R006,CONSULTING,137049.97,162647.69,84824.61,90143.15,113,Completed,25597.72,5318.539999999994
TXN0004996,2026-04-16,D009,R001,SUPPORT,84848.08,155988.0,41617.87,45374.73,135,Pending,71139.92,3756.8600000000006
TXN0004997,2026-04-22,D001,R001,CONSULTING,139882.24,163614.04,56528.97,58167.57,107,Pending,23731.800000000017,1638.5999999999985
TXN0004998,2024-02-02,D009,R001,SUPPORT,69760.13,71585.0,60165.77,72669.97,100,Completed,1824.8699999999953,12504.200000000004
TXN0004999,2026-06-02,D006,R003,SUBSCRIPTION,169758.8,161450.37,84284.93,99852.02,9,Cancelled,-8308.429999999993,15567.090000000011
TXN0005000,2025-04-21,D010,R005,SUPPORT,83420.17,81797.48,52214.62,49606.36,64,Completed,-1622.6900000000023,-2608.260000000002
TXN0005001,2026-10-13,D003,R003,SERVICES,185233.46,215629.6,99825.64,109929.72,113,Completed,30396.140000000014,10104.080000000002
TXN0005002,2025-10-05,D001,R001,CONSULTING,120780.69,128302.71,102226.13,92040.06,164,Cancelled,7522.020000000004,-10186.070000000007
TXN0005003,2024-05-17,D007,R004,SERVICES,156140.24,170221.44,92964.0,95465.72,69,Completed,14081.200000000012,2501.720000000001
TXN0005004,2026-06-03,D006,R005,SUBSCRIPTION,165900.09,168214.87,96870.45,112167.98,101,Completed,2314.779999999999,15297.529999999999
TXN0005005,2025-05-13,D005,R002,CONSULTING,138516.37,155988.0,53209.31,53661.41,59,Cancelled,17471.630000000005,452.1000000000058
TXN0005006,2026-07-18,D010,R002,HARDWARE,174472.61,190757.41,154671.6,153674.83,133,Completed,16284.800000000017,-996.7700000000186
TXN0005007,2025-11-09,D003,R003,HARDWARE,231044.58,231556.41,138358.51,144274.03,37,Completed,511.8300000000163,5915.5199999999895
TXN0005008,2025-07-31,D004,R001,HARDWARE,171764.75,158854.67,158082.05,140395.24,31,Completed,-12910.079999999987,-17686.809999999998
TXN0005009,2026-10-30,D003,R003,SERVICES,96170.76,103371.83,96383.51,90867.62,128,Completed,7201.070000000007,-5515.889999999999
TXN0005010,2026-12-04,D006,R003,SUBSCRIPTION,111025.76,107280.28,90435.53,95375.85,110,Completed,-3745.479999999996,4940.320000000007
TXN0005011,2025-02-21,D008,R004,SOFTWARE,186290.77,217207.17,93851.07,125694.57,28,Completed,30916.400000000023,31843.5
TXN0005012,2024-10-16,D006,R005,SOFTWARE,184124.45,129429.91,100954.73,117067.68,95,Cancelled,-54694.54000000001,16112.949999999997
TXN0005013,2025-10-13,D006,R003,CONSULTING,126097.94,142611.34,87002.64,96349.16,141,Completed,16513.399999999994,9346.520000000004
TXN0005014,2026-12-15,D006,R003,SUBSCRIPTION,170350.32,174541.12,83123.57,104409.1,142,Completed,4190.799999999988,21285.53
TXN0005015,2025-02-11,D003,R003,CONSULTING,128226.19,111866.23,67496.96,45980.04,92,Cancelled,-16359.960000000006,-21516.920000000006
TXN0005016,2024-04-06,D010,R006,SUPPORT,81179.47,83994.85,65953.31,44689.0,48,Cancelled,2815.3800000000047,-21264.309999999998
TXN0005017,2024-08-14,D007,R004,SUBSCRIPTION,163786.55,170034.4,90420.2,81984.32,101,Pending,6247.850000000006,-8435.87999999999
TXN0005018,2025-03-16,D006,R003,SERVICES,154722.6,157617.96,68901.97,68388.41,142,Completed,2895.359999999986,-513.5599999999977
TXN0005019,2026-12-26,D002,R002,HARDWARE,257530.11,226002.65,133373.82,133249.91,151,Completed,-31527.459999999992,-123.91000000000349
TXN0005020,2024-04-23,D009,R001,SOFTWARE,212602.0,249178.2,122054.32,107122.83,55,Cancelled,36576.20000000001,-14931.490000000005
TXN0005021,2025-01-22,D002,R002,CONSULTING,115849.09,155988.0,79512.96,102713.04,71,Completed,40138.91,23200.079999999987
TXN0005022,2025-09-30,D010,R002,SERVICES,115296.97,106666.66,84859.07,60819.63,45,Completed,-8630.309999999998,-24039.44000000001
TXN0005023,2026-06-08,D010,R002,SUBSCRIPTION,196882.88,191150.78,101596.35,107308.11,66,Completed,-5732.100000000006,5711.759999999995
TXN0005024,2024-12-21,D010,R002,SOFTWARE,170691.3,218482.97,106663.61,103943.4,21,Cancelled,47791.67000000001,-2720.2100000000064
TXN0005025,2025-08-27,D006,R003,SERVICES,172984.74,216051.17,92692.11,109114.21,28,Completed,43066.43000000002,16422.100000000006
TXN0005026,2025-06-02,D005,R002,SOFTWARE,196981.07,195385.02,100403.18,114368.44,68,Completed,-1596.0500000000175,13965.26000000001
TXN0005027,2026-12-01,D006,R003,HARDWARE,123846.52,112536.88,132780.58,178209.61,55,Completed,-11309.64,45429.03
TXN0005028,2025-01-23,D002,R002,SOFTWARE,170325.35,176657.69,88500.27,89540.3,20,Completed,6332.3399999999965,1040.0299999999988
TXN0005029,2024-06-29,D005,R006,SUBSCRIPTION,163911.81,176340.38,77008.59,79589.16,176,Completed,12428.570000000007,2580.570000000007
TXN0005030,2026-04-14,D001,R001,SUPPORT,89443.01,97969.12,74539.1,76915.07,97,Cancelled,8526.11,2375.970000000001
TXN0005031,2025-10-16,D009,R001,HARDWARE,240579.32,198348.17,143045.92,150885.78,121,Pending,-42231.149999999994,7839.859999999986
TXN0005032,2025-10-28,D007,R004,HARDWARE,173254.77,168689.49,159907.16,208947.88,82,Completed,-4565.279999999999,49040.72
TXN0005033,2024-07-20,D009,R001,SERVICES,184492.94,179640.25,94255.49,103649.1,41,Pending,-4852.690000000002,9393.61
TXN0005034,2025-06-30,D010,R002,SUBSCRIPTION,135704.61,135752.89,83163.41,83708.22,92,Completed,48.28000000002794,544.8099999999977
TXN0005035,2024-06-17,D001,R001,SUPPORT,87670.65,112287.0,35894.37,43887.16,163,Completed,24616.350000000006,7992.790000000001
TXN0005036,2026-02-22,D001,R001,SOFTWARE,133388.16,137288.95,112237.08,116675.91,169,Pending,3900.790000000008,4438.830000000002
TXN0005037,2026-12-14,D010,R002,SOFTWARE,160642.46,142099.25,123572.69,162066.12,167,Completed,-18543.209999999992,38493.42999999999
TXN0005038,2024-09-09,D003,R003,SERVICES,128898.51,140236.8,75619.18,85630.62,108,Cancelled,11338.289999999994,10011.440000000002
TXN0005039,2024-09-14,D003,R003,SUBSCRIPTION,154643.82,200102.42,86420.5,78360.53,43,Completed,45458.600000000006,-8059.970000000001
TXN0005040,2026-03-04,D008,R004,SUPPORT,89509.93,84322.92,48024.72,57734.49,48,Pending,-5187.009999999995,9709.769999999997
TXN0005041,2024-10-26,D010,R002,CONSULTING,131702.69,123321.78,65913.6,55646.09,12,Cancelled,-8380.910000000003,-10267.51000000001
TXN0005042,2024-06-25,D004,R001,CONSULTING,127996.68,142412.97,71398.64,75041.67,5,Completed,14416.290000000008,3643.029999999999
TXN0005043,2025-12-21,D006,R003,SERVICES,160723.5,155988.0,86246.44,92388.09,131,Completed,-4735.5,6141.649999999994
TXN0005044,2024-10-04,D003,R003,CONSULTING,162537.0,164030.55,81818.61,84819.4,56,Completed,1493.5499999999884,3000.7899999999936
TXN0005045,2025-11-26,D003,R006,HARDWARE,210651.63,236154.15,162220.79,109831.0,162,Pending,25502.51999999999,-52389.79000000001
TXN0005046,2026-06-08,D003,R003,SERVICES,109499.21,85631.18,100632.09,95606.0,36,Completed,-23868.030000000013,-5026.0899999999965
TXN0005047,2025-11-16,D010,R002,HARDWARE,245126.13,244626.22,128784.47,129093.28,52,Completed,-499.9100000000035,308.8099999999977
TXN0005048,2024-02-17,D006,R003,SUBSCRIPTION,154175.34,168600.53,96198.37,98712.43,42,Cancelled,14425.190000000002,2514.0599999999977
TXN0005049,2025-12-08,D007,R006,SOFTWARE,204914.69,214377.98,98388.85,72612.21,146,Completed,9463.290000000008,-25776.64
TXN0005050,2025-06-20,D003,R003,SERVICES,153253.03,162694.74,82719.89,92601.39,8,Pending,9441.709999999992,9881.5
TXN0005051,2025-06-23,D006,R003,CONSULTING,122444.64,144706.54,62872.88,60915.19,120,Pending,22261.90000000001,-1957.689999999995
TXN0005052,2024-02-17,D010,R002,SOFTWARE,141901.48,134502.32,118776.05,139193.15,70,Completed,-7399.1600000000035,20417.09999999999
TXN0005053,2026-10-31,D009,R001,SUBSCRIPTION,153384.18,161145.96,112093.73,95606.0,89,Pending,7761.779999999999,-16487.729999999996
TXN0005054,2025-02-22,D007,R004,HARDWARE,206078.68,218307.24,119494.17,120040.85,14,Completed,12228.559999999998,546.6800000000076
TXN0005055,2026-02-06,D007,R004,HARDWARE,253131.47,210672.52,145562.04,153622.99,39,Completed,-42458.95000000001,8060.9499999999825
TXN0005056,2026-07-11,D009,R001,SUBSCRIPTION,118012.16,116589.18,76140.0,74642.45,135,Pending,-1422.9800000000105,-1497.550000000003
TXN0005057,2025-01-05,D007,R004,SUPPORT,77385.52,67323.5,50681.23,42808.83,23,Completed,-10062.020000000004,-7872.4000000000015
TXN0005058,2026-03-05,D007,R004,SOFTWARE,204838.06,204510.03,113262.04,80628.49,170,Completed,-328.02999999999884,-32633.54999999999
TXN0005059,2024-06-29,D003,R003,SOFTWARE,196754.2,185912.3,117799.62,118240.16,30,Completed,-10841.900000000023,440.54000000000815
TXN0005060,2026-09-14,D009,R001,HARDWARE,250399.6,229340.15,130829.93,81951.2,155,Completed,-21059.45000000001,-48878.729999999996
TXN0005061,2024-01-02,D008,R004,SOFTWARE,152493.62404958677,215395.91,122490.26,132522.17,59,Cancelled,62902.285950413236,10031.910000000018
TXN0005062,2025-09-06,D001,R001,SOFTWARE,227929.46,193061.49,83695.43,71488.18,138,Cancelled,-34867.97,-12207.25
TXN0005063,2024-11-12,D006,R003,SUBSCRIPTION,212299.58,215449.18,88379.47,93279.28,150,Completed,3149.600000000006,4899.809999999998
TXN0005064,2026-07-30,D005,R005,HARDWARE,204758.66,188918.5,164668.06,168152.76,149,Completed,-15840.160000000003,3484.7000000000116
TXN0005065,2024-09-19,D006,R003,CONSULTING,104628.07,130922.99,57508.36,55902.67,148,Completed,26294.92,-1605.6900000000023
TXN0005066,2026-04-17,D010,R002,SOFTWARE,204862.86,180656.48,124663.82,119850.19,126,Completed,-24206.379999999976,-4813.630000000005
TXN0005067,2025-02-28,D001,R001,HARDWARE,228023.82,221081.99,176554.6,192920.24,37,Pending,-6941.830000000016,16365.639999999985
TXN0005068,2026-11-24,D008,R006,SUBSCRIPTION,138944.53,135039.61,89180.44,81482.71,108,Cancelled,-3904.920000000013,-7697.729999999996
TXN0005069,2026-02-17,D007,R004,HARDWARE,261612.36,269605.22,189545.43,138151.51,174,Completed,7992.859999999986,-51393.919999999984
TXN0005070,2026-12-31,D010,R002,HARDWARE,205220.56,204411.69,133737.48,128523.22,174,Completed,-808.8699999999953,-5214.260000000009
TXN0005071,2024-04-01,D003,R003,SERVICES,114754.27,150348.37,72752.78,74295.38,33,Cancelled,35594.09999999999,1542.6000000000058
TXN0005072,2025-05-03,D004,R001,HARDWARE,207046.2,219741.73,134966.47,134400.97,15,Pending,12695.529999999999,-565.5
TXN0005073,2025-02-09,D009,R001,CONSULTING,133065.58,138705.01,72258.35,68607.1,179,Pending,5639.430000000022,-3651.25
TXN0005074,2026-11-10,D008,R004,SUPPORT,83352.13,55635.69,45017.36,50077.8,133,Completed,-27716.440000000002,5060.440000000002
TXN0005075,2025-10-25,D010,R002,HARDWARE,286860.92,328549.83,160266.47,164916.31,146,Completed,41688.91000000003,4649.8399999999965
TXN0005076,2025-07-28,D008,R004,SUPPORT,125830.03,161116.7,64047.82,63211.02,152,Completed,35286.67000000001,-836.8000000000029
TXN0005077,2024-11-06,D010,R002,SERVICES,123503.44,137197.68,72058.35,72116.2,64,Completed,13694.23999999999,57.84999999999127
TXN0005078,2025-10-22,D004,R001,CONSULTING,143277.72,153570.64,52991.9,57967.81,93,Completed,10292.920000000013,4975.909999999996
TXN0005079,2026-09-27,D010,R002,SUBSCRIPTION,118986.68,114404.62,61631.92,68276.1,75,Cancelled,-4582.059999999998,6644.180000000008
TXN0005080,2024-11-05,D008,R004,SOFTWARE,170110.28,193997.21,106829.09,105194.66,167,Completed,23886.929999999993,-1634.429999999993
TXN0005081,2026-05-27,D009,R001,SERVICES,127310.34,132813.95,89784.75,93647.82,118,Completed,5503.610000000015,3863.070000000007
TXN0005082,2024-08-29,D002,R002,SUPPORT,93868.95,84840.78,63487.03,55271.22,162,Cancelled,-9028.169999999998,-8215.809999999998
TXN0005083,2025-03-04,D008,R004,SUBSCRIPTION,262479.99,207670.85,128153.5,140195.79,73,Cancelled,-54809.139999999985,12042.290000000008
TXN0005084,2024-05-27,D007,R004,HARDWARE,178607.76,147828.39,151796.79,153963.94,96,Pending,-30779.369999999995,2167.149999999994
TXN0005085,2026-05-04,D005,R002,SUBSCRIPTION,175027.61,168148.31,71064.78,63041.16,117,Cancelled,-6879.299999999988,-8023.619999999995
TXN0005086,2024-01-17,D010,R002,SUPPORT,105471.22,100708.78,59881.28,68079.9,17,Cancelled,-4762.440000000002,8198.619999999995
TXN0005087,2025-11-01,D004,R001,SUBSCRIPTION,110181.03,95701.89,86907.06,86822.3,20,Completed,-14479.14,-84.75999999999476
TXN0005088,2024-06-24,D007,R004,SOFTWARE,205489.63,234803.25,139442.38,102737.25,88,Cancelled,29313.619999999995,-36705.130000000005
TXN0005089,2024-12-19,D008,R004,SERVICES,152739.09,150830.78,106131.64,93652.09,76,Completed,-1908.3099999999977,-12479.550000000003
TXN0005090,2025-03-16,D003,R003,SUBSCRIPTION,232124.32,240581.64,90443.68,113420.59,83,Cancelled,8457.320000000007,22976.910000000003
TXN0005091,2024-09-04,D003,R003,CONSULTING,153184.51,199394.11,65551.47,83150.64,150,Cancelled,46209.59999999998,17599.17
TXN0005092,2024-10-04,D005,R002,SUPPORT,69479.58,75445.77,60325.76,54288.45,26,Cancelled,5966.190000000002,-6037.310000000005
TXN0005093,2025-06-02,D001,R001,SERVICES,133242.65,137201.25,94332.1,93008.46,81,Cancelled,3958.600000000006,-1323.6399999999994
TXN0005094,2026-06-17,D001,R006,SERVICES,124626.03,133859.23,64992.32,63221.38,66,Completed,9233.200000000012,-1770.9400000000023
TXN0005095,2026-09-22,D009,R001,SUPPORT,84146.37,80785.5,54785.56,57586.67,31,Completed,-3360.8699999999953,2801.1100000000006
TXN0005096,2024-02-02,D006,R003,CONSULTING,132479.83,114326.72,63154.92,72859.6,93,Completed,-18153.109999999986,9704.680000000008
TXN0005097,2024-03-24,D010,R002,CONSULTING,123151.49,137800.99,75987.57,52810.71,162,Pending,14649.499999999985,-23176.860000000008
TXN0005098,2026-05-04,D008,R004,SUPPORT,108280.84,104988.94,58881.55,58049.98,167,Completed,-3291.899999999994,-831.5699999999997
TXN0005099,2025-12-11,D008,R004,SUPPORT,79762.71,155988.0,48755.08,35102.73,57,Pending,76225.29,-13652.349999999999
TXN0005100,2024-07-08,D005,R002,SOFTWARE,182006.76,214653.07,106042.46,112920.84,158,Completed,32646.309999999998,6878.37999999999
TXN0005101,2026-04-17,D009,R001,HARDWARE,244178.35,251657.16,133436.79,95606.0,118,Completed,7478.809999999998,-37830.79000000001
TXN0005102,2024-12-15,D009,R001,SOFTWARE,155378.79,155819.08,116145.19,115023.3,26,Completed,440.28999999997905,-1121.8899999999994
TXN0005103,2025-03-21,D006,R003,SUPPORT,86794.99,80408.61,55895.9,46983.68,147,Completed,-6386.380000000005,-8912.220000000001
TXN0005104,2025-11-27,D001,R001,CONSULTING,102319.5,98755.02,71640.04,69190.44,86,Cancelled,-3564.479999999996,-2449.5999999999913
TXN0005105,2026-02-03,D003,R003,SERVICES,134288.11,121717.41,66945.61,56452.87,51,Pending,-12570.699999999983,-10492.739999999998
TXN0005106,2026-01-29,D005,R002,SUBSCRIPTION,137524.52,160305.09,107655.64,105861.67,106,Pending,22780.570000000007,-1793.9700000000012
TXN0005107,2026-03-20,D009,R001,SUPPORT,49511.83,57012.48,47268.27,54795.57,5,Pending,7500.6500000000015,7527.300000000003
TXN0005108,2026-11-09,D009,R001,SOFTWARE,140639.39,105245.18,97173.62,105663.54,92,Completed,-35394.21000000002,8489.919999999998
TXN0005109,2026-10-30,D010,R002,SOFTWARE,184332.84,197437.68,131787.98,147939.76,21,Pending,13104.839999999997,16151.779999999999
TXN0005110,2024-09-11,D007,R004,SOFTWARE,246556.14,244555.83,99454.75,116641.54,151,Completed,-2000.3100000000268,17186.789999999994
TXN0005111,2024-04-12,D005,R002,HARDWARE,223987.44,250383.73,153851.09,128798.59,91,Completed,26396.290000000008,-25052.5
TXN0005112,2024-12-30,D002,R002,HARDWARE,184919.48,213426.01,132650.22,132807.88,138,Completed,28506.53,157.6600000000035
TXN0005113,2026-01-09,D009,R001,HARDWARE,225607.4,295464.8,119121.93,118880.21,74,Pending,69857.4,-241.7199999999866
TXN0005114,2025-10-15,D008,R004,CONSULTING,79090.76,79230.86,78143.37,104257.85,154,Completed,140.10000000000582,26114.48000000001
TXN0005115,2025-06-23,D008,R006,HARDWARE,201831.3,184348.1,138535.53,145092.6,171,Completed,-17483.199999999983,6557.070000000007
TXN0005116,2026-08-22,D005,R002,CONSULTING,161833.45,181921.04,72374.91,80175.91,173,Pending,20087.589999999997,7801.0
TXN0005117,2024-12-23,D002,R002,CONSULTING,164687.08,178546.46,75648.62,74384.84,41,Completed,13859.380000000005,-1263.7799999999988
TXN0005118,2024-04-20,D010,R002,SUBSCRIPTION,201093.1,234948.54,109022.29,96043.04,129,Pending,33855.44,-12979.25
TXN0005119,2025-09-12,D004,R001,SOFTWARE,134935.79,134504.6,93486.63,92463.54,58,Completed,-431.1900000000023,-1023.0900000000111
TXN0005120,2024-04-14,D010,R002,SOFTWARE,239353.68,233762.77,135128.76,127282.48,174,Completed,-5590.9100000000035,-7846.280000000013
TXN0005121,2025-05-31,D002,R002,HARDWARE,154508.95,173509.9,144748.5,150408.89,123,Pending,19000.949999999983,5660.390000000014
TXN0005122,2025-06-22,D004,R001,SUBSCRIPTION,170243.5,178049.77,88437.81,95019.59,66,Completed,7806.2699999999895,6581.779999999999
TXN0005123,2024-09-30,D005,R002,CONSULTING,158728.21,158671.63,67657.24,71344.9,49,Completed,-56.579999999987194,3687.659999999989
TXN0005124,2025-11-20,D006,R003,SUBSCRIPTION,164279.74,192270.39,133398.62,128287.55,107,Completed,27990.650000000023,-5111.069999999992
TXN0005125,2026-09-26,D002,R002,HARDWARE,251904.51,268345.81,141187.75,146616.62,84,Completed,16441.29999999999,5428.869999999995
TXN0005126,2026-05-02,D007,R004,SUPPORT,107035.21,95292.67,67290.55,86481.21,124,Completed,-11742.540000000008,19190.660000000003
TXN0005127,2025-01-05,D010,R002,SERVICES,157020.67,123412.69,83204.36,75058.2,42,Cancelled,-33607.98000000001,-8146.1600000000035
TXN0005128,2024-06-02,D006,R003,HARDWARE,246590.99,192566.52,137242.25,141221.39,177,Cancelled,-54024.47,3979.140000000014
TXN0005129,2025-09-09,D006,R003,SUBSCRIPTION,162129.25,179502.83,92964.0,48380.94,129,Completed,17373.579999999987,-44583.06
TXN0005130,2026-04-04,D009,R001,CONSULTING,96967.2,121285.17,73450.53,73660.15,16,Completed,24317.97,209.61999999999534
TXN0005131,2025-02-28,D009,R001,HARDWARE,206618.95,207403.83,82114.85,77280.42,54,Pending,784.8799999999756,-4834.430000000008
TXN0005132,2025-10-09,D003,R003,SUPPORT,66273.98,86040.91,54190.85,63864.13,118,Completed,19766.930000000008,9673.279999999999
TXN0005133,2026-03-31,D005,R005,HARDWARE,229402.53,241773.6,117486.14,84008.73,156,Pending,12371.070000000007,-33477.41
TXN0005134,2026-09-28,D002,R002,CONSULTING,112985.57,148761.82,60647.13,64954.44,67,Completed,35776.25,4307.310000000005
TXN0005135,2025-10-16,D002,R001,SUPPORT,99994.9,113777.57,42590.79,48438.15,151,Completed,13782.670000000013,5847.360000000001
TXN0005136,2026-10-19,D001,R001,SERVICES,188330.74,219629.13,88225.58,95606.0,77,Completed,31298.390000000014,7380.419999999998
TXN0005137,2025-01-26,D007,R006,SOFTWARE,163020.15,175123.06,80302.53,77615.47,160,Pending,12102.910000000003,-2687.0599999999977
TXN0005138,2024-04-03,D002,R006,HARDWARE,270027.76,290277.67,127612.58,163945.17,173,Completed,20249.909999999974,36332.59000000001
TXN0005139,2026-02-23,D002,R002,SOFTWARE,148743.9,137539.73,95517.47,78566.69,122,Cancelled,-11204.169999999984,-16950.78
TXN0005140,2026-04-06,D005,R002,CONSULTING,128049.3,140644.05,74447.47,97167.0,157,Completed,12594.749999999985,22719.53
TXN0005141,2024-07-19,D009,R001,SUPPORT,83858.91,86323.93,55889.96,65144.75,106,Completed,2465.0199999999895,9254.79
TXN0005142,2025-04-29,D007,R002,HARDWARE,208499.54,280949.93,147572.32,171118.02,175,Cancelled,72450.38999999998,23545.699999999983
TXN0005143,2025-05-26,D010,R002,CONSULTING,102814.53,109374.84,72114.75,66594.58,95,Completed,6560.309999999998,-5520.169999999998
TXN0005144,2026-01-23,D007,R004,SERVICES,143773.26,141937.44,98401.87,105038.73,177,Completed,-1835.820000000007,6636.860000000001
TXN0005145,2026-09-28,D009,R001,SOFTWARE,131219.69,156814.72,92429.35,106989.16,19,Pending,25595.03,14559.809999999998
TXN0005146,2025-03-15,D003,R003,SUBSCRIPTION,180918.48,197465.1,76620.72,84225.23,74,Completed,16546.619999999995,7604.509999999995
TXN0005147,2024-06-08,D004,R001,HARDWARE,266387.49,311477.88,137665.05,130000.2,54,Cancelled,45090.390000000014,-7664.849999999991
TXN0005148,2026-08-16,D001,R005,SOFTWARE,246624.15,263796.06,141932.57,156402.47,84,Completed,17171.910000000003,14469.899999999994
TXN0005149,2025-09-04,D008,R004,SUBSCRIPTION,163248.85,148008.58,91433.4,76511.21,115,Pending,-15240.270000000019,-14922.189999999988
TXN0005150,2026-04-27,D004,R001,SUPPORT,104933.59,115183.78,70234.53,60661.92,118,Completed,10250.190000000002,-9572.61
TXN0005151,2025-05-02,D005,R002,SOFTWARE,201910.44,193957.49,109405.3,116105.54,175,Completed,-7952.950000000012,6700.239999999991
TXN0005152,2025-12-04,D001,R001,SUPPORT,91558.54,79303.89,54504.35,56129.33,98,Pending,-12254.649999999994,1624.9800000000032
TXN0005153,2026-09-03,D006,R003,SERVICES,130215.38,141014.45,81141.04,94066.99,11,Cancelled,10799.070000000007,12925.950000000012
TXN0005154,2025-06-01,D003,R003,HARDWARE,202806.14,202428.42,125188.47,115985.79,176,Pending,-377.72000000000116,-9202.680000000008
TXN0005155,2025-06-25,D004,R001,CONSULTING,128814.19,135833.23,73635.63,70996.38,22,Completed,7019.040000000008,-2639.25
TXN0005156,2026-10-03,D009,R001,SUBSCRIPTION,92249.8,77042.25,93435.3,91993.19,114,Cancelled,-15207.550000000003,-1442.1100000000006
TXN0005157,2024-09-20,D002,R002,SERVICES,141603.78,124823.32,80365.28,82606.35,55,Completed,-16780.459999999992,2241.070000000007
TXN0005158,2024-06-12,D002,R002,SUPPORT,94411.92,91920.31,44574.96,45248.14,87,Completed,-2491.6100000000006,673.1800000000003
TXN0005159,2026-09-28,D007,R004,SOFTWARE,175901.74,172945.67,140047.09,159459.76,169,Cancelled,-2956.069999999978,19412.670000000013
TXN0005160,2025-11-13,D010,R002,SERVICES,115990.79,126817.27,108582.05,105373.87,163,Completed,10826.48000000001,-3208.1800000000076
TXN0005161,2026-07-13,D007,R004,HARDWARE,291677.79,238474.5,108828.97,92933.06,72,Completed,-53203.28999999998,-15895.910000000003
TXN0005162,2025-03-15,D007,R004,SUPPORT,105561.61,113642.97,58111.38,54671.07,51,Completed,8081.360000000001,-3440.3099999999977
TXN0005163,2024-12-08,D006,R003,SOFTWARE,168670.4,191561.5,87122.03,74685.34,138,Completed,22891.100000000006,-12436.690000000002
TXN0005164,2025-02-12,D009,R001,SUPPORT,63873.61,57396.65,57967.72,56919.48,26,Completed,-6476.959999999999,-1048.239999999998
TXN0005165,2026-12-11,D007,R004,SERVICES,139845.8,139220.31,90485.49,94811.87,9,Completed,-625.4899999999907,4326.37999999999
TXN0005166,2025-03-19,D003,R005,SUPPORT,122577.24,121196.04,56048.09,46734.11,118,Pending,-1381.2000000000116,-9313.979999999996
TXN0005167,2025-07-26,D009,R001,SOFTWARE,208158.98,204080.44,120284.61,98803.45,132,Completed,-4078.540000000008,-21481.160000000003
TXN0005168,2024-05-12,D005,R002,SERVICES,104346.55,95671.62,67782.95,76393.35,12,Completed,-8674.930000000008,8610.400000000009
TXN0005169,2025-10-02,D005,R002,SERVICES,115828.46,152446.63,79670.39,58575.45,67,Completed,36618.17,-21094.940000000002
TXN0005170,2024-08-15,D005,R002,SOFTWARE,212460.55,208940.34,105981.69,122287.94,52,Pending,-3520.209999999992,16306.25
TXN0005171,2024-01-24,D003,R003,CONSULTING,96918.29,109405.22,72276.79,91429.33,55,Completed,12486.930000000008,19152.540000000008
TXN0005172,2025-08-19,D009,R001,CONSULTING,121125.33,129551.29,55590.73,62515.98,124,Pending,8425.959999999992,6925.25
TXN0005173,2026-05-13,D001,R001,SOFTWARE,192744.43,152460.72,138494.69,147111.48,174,Pending,-40283.70999999999,8616.790000000008
TXN0005174,2025-04-30,D007,R004,SUBSCRIPTION,131605.69,115899.14,88564.14,74765.17,124,Pending,-15706.550000000003,-13798.970000000001
TXN0005175,2024-06-01,D003,R003,HARDWARE,189695.14,190446.55,129342.89,142528.26,128,Pending,751.4099999999744,13185.37000000001
TXN0005176,2026-02-05,D008,R004,SOFTWARE,192283.55,199406.59,128524.04,127134.66,52,Completed,7123.040000000008,-1389.37999999999
TXN0005177,2026-08-12,D008,R004,HARDWARE,211965.78,223640.69,156299.01,156925.66,137,Pending,11674.910000000003,626.6499999999942
TXN0005178,2026-10-23,D009,R006,SOFTWARE,148733.09,135535.02,108801.38,118247.13,104,Cancelled,-13198.070000000007,9445.75
TXN0005179,2025-01-09,D004,R005,CONSULTING,91371.61,88848.65,80042.28,80002.65,172,Completed,-2522.9600000000064,-39.63000000000466
TXN0005180,2026-08-14,D007,R004,CONSULTING,109232.25,106746.97,77526.67,64726.77,81,Completed,-2485.279999999999,-12799.900000000001
TXN0005181,2024-03-16,D010,R002,CONSULTING,142080.96,124983.31,75987.06,72221.84,87,Completed,-17097.649999999994,-3765.220000000001
TXN0005182,2025-05-27,D010,R002,CONSULTING,121623.78,111473.92,83338.68,74787.44,150,Completed,-10149.86,-8551.23999999999
TXN0005183,2024-01-02,D010,R002,CONSULTING,139508.06,126937.04,59134.5,55769.67,63,Completed,-12571.020000000004,-3364.8300000000017
TXN0005184,2024-08-22,D003,R003,SUPPORT,68678.86,62043.48,55653.95,54621.91,157,Pending,-6635.379999999997,-1032.0399999999936
TXN0005185,2026-04-02,D001,R001,SOFTWARE,228961.1,191061.94,110099.04,94347.38,148,Cancelled,-37899.16,-15751.659999999989
TXN0005186,2024-10-18,D002,R001,SUBSCRIPTION,143696.5,106198.75,95894.6,102842.09,153,Pending,-37497.75,6947.489999999991
TXN0005187,2025-07-21,D008,R004,CONSULTING,133475.26,131691.45,59749.12,59443.67,49,Completed,-1783.8099999999977,-305.45000000000437
TXN0005188,2025-05-24,D006,R003,SOFTWARE,176375.08,157157.76,124952.64,141395.29,168,Pending,-19217.319999999978,16442.65000000001
TXN0005189,2024-12-17,D003,R003,HARDWARE,242970.5,200915.16,91588.64,98166.16,107,Completed,-42055.34,6577.520000000004
TXN0005190,2024-02-21,D003,R003,CONSULTING,87597.65,92242.51,73241.3,91502.2,145,Cancelled,4644.860000000001,18260.899999999994
TXN0005191,2026-11-19,D008,R004,HARDWARE,177682.33,177226.9,113029.3,137046.23,7,Completed,-455.429999999993,24016.930000000008
TXN0005192,2025-04-17,D010,R002,HARDWARE,218669.33,235261.54,159700.38,137430.98,133,Completed,16592.21000000002,-22269.399999999994
TXN0005193,2024-06-18,D004,R001,SUBSCRIPTION,114773.95,141144.3,83947.94,83640.25,6,Pending,26370.34999999999,-307.6900000000023
TXN0005194,2024-06-21,D006,R003,HARDWARE,226701.89,285270.59,174962.9,165065.87,127,Completed,58568.70000000001,-9897.029999999999
TXN0005195,2025-03-21,D006,R003,CONSULTING,143782.15,168877.76,91117.98,80582.76,93,Completed,25095.610000000015,-10535.220000000001
TXN0005196,2024-06-15,D001,R001,SUPPORT,74219.68,74516.94,65046.33,70196.29,82,Completed,297.2600000000093,5149.959999999992
TXN0005197,2025-05-15,D002,R002,SUBSCRIPTION,175814.27,180367.01,85074.81,97410.01,53,Completed,4552.74000000002,12335.199999999997
TXN0005198,2026-09-14,D010,R002,SUBSCRIPTION,132672.87,153989.56,83253.37,84715.77,149,Cancelled,21316.690000000002,1462.4000000000087
TXN0005199,2026-07-18,D001,R001,HARDWARE,235111.69,233438.02,161782.87,164078.74,30,Pending,-1673.6700000000128,2295.8699999999953
TXN0005200,2024-02-24,D008,R004,CONSULTING,133678.01,151320.15,81889.72,106461.65,54,Completed,17642.139999999985,24571.929999999993
TXN0005201,2024-04-26,D006,R003,CONSULTING,146232.91,155880.23,75211.06,93105.07,151,Completed,9647.320000000007,17894.01000000001
TXN0005202,2026-02-21,D002,R002,SUPPORT,88889.65,91650.96,37294.4,24653.82,6,Completed,2761.310000000012,-12640.580000000002
TXN0005203,2025-04-19,D002,R002,HARDWARE,234797.89,218564.65,179069.05,168574.08,167,Cancelled,-16233.24000000002,-10494.970000000001
TXN0005204,2026-06-07,D010,R002,SERVICES,119361.24,96450.73,97557.38,108788.64,103,Cancelled,-22910.51000000001,11231.259999999995
TXN0005205,2026-07-17,D005,R002,SUBSCRIPTION,138762.31,143692.42,83665.89,80596.66,108,Pending,4930.110000000015,-3069.229999999996
TXN0005206,2024-04-05,D008,R004,CONSULTING,161363.99,158713.09,83012.38,92303.5,7,Pending,-2650.899999999994,9291.119999999995
TXN0005207,2026-07-20,D005,R002,SUBSCRIPTION,251729.96,228771.25,173425.64,143640.67,178,Completed,-22958.709999999992,-29784.97
TXN0005208,2025-04-29,D002,R002,CONSULTING,109839.0,103298.91,85402.92,74716.8,16,Completed,-6540.0899999999965,-10686.119999999995
TXN0005209,2026-10-05,D004,R001,SUBSCRIPTION,143776.35,159137.76,72407.93,82490.86,120,Completed,15361.410000000003,10082.930000000008
TXN0005210,2025-11-27,D008,R004,HARDWARE,221755.02,155988.0,102897.53,141227.23,34,Completed,-65767.01999999999,38329.70000000001
TXN0005211,2024-03-29,D005,R002,SUBSCRIPTION,129324.35,135091.47,108117.84,105340.72,155,Completed,5767.119999999995,-2777.1199999999953
TXN0005212,2024-08-27,D008,R004,SERVICES,186769.59,233570.63,67943.06,74472.28,143,Completed,46801.04000000001,6529.220000000001
TXN0005213,2025-08-15,D006,R003,HARDWARE,195211.0,168499.12,163929.4,159104.71,46,Pending,-26711.880000000005,-4824.690000000002
TXN0005214,2026-07-01,D007,R001,SUBSCRIPTION,134314.46,121263.37,100457.43,112232.38,153,Completed,-13051.089999999997,11774.950000000012
TXN0005215,2024-03-08,D008,R004,SOFTWARE,203493.14,190037.2,103662.1,99351.1,32,Completed,-13455.940000000002,-4311.0
TXN0005216,2026-08-26,D008,R004,SUBSCRIPTION,102034.95,92313.48,72672.93,62574.26,105,Completed,-9721.470000000001,-10098.669999999991
TXN0005217,2025-12-20,D008,R004,SUPPORT,66091.17,72137.27,47303.97,50746.08,112,Completed,6046.100000000006,3442.1100000000006
TXN0005218,2026-07-22,D008,R004,SUBSCRIPTION,186056.97,164113.76,73860.56,78878.62,43,Completed,-21943.209999999992,5018.059999999998
TXN0005219,2025-08-29,D007,R004,SERVICES,152493.62404958677,159508.11,82363.65,91023.32,134,Completed,7014.485950413218,8659.670000000013
TXN0005220,2024-02-20,D005,R002,SUPPORT,106493.73,107374.55,56130.44,57811.06,57,Cancelled,880.820000000007,1680.6199999999953
TXN0005221,2026-02-17,D001,R001,HARDWARE,164807.12,176826.49,143545.77,95606.0,140,Completed,12019.369999999995,-47939.76999999999
TXN0005222,2025-07-01,D007,R006,CONSULTING,107686.19,115615.77,87711.69,77742.92,171,Pending,7929.580000000002,-9968.770000000004
TXN0005223,2026-04-19,D002,R002,SERVICES,100483.41,105619.39,80145.37,82728.06,145,Pending,5135.979999999996,2582.6900000000023
TXN0005224,2026-06-21,D001,R001,CONSULTING,129813.84,174102.22,69064.66,59002.78,121,Pending,44288.380000000005,-10061.880000000005
TXN0005225,2025-02-24,D010,R002,SOFTWARE,143203.76,132469.08,122258.1,142542.32,150,Cancelled,-10734.680000000022,20284.22
TXN0005226,2026-10-14,D007,R004,SERVICES,145132.71,164070.61,91241.57,82081.81,124,Cancelled,18937.899999999994,-9159.76000000001
TXN0005227,2024-05-22,D003,R003,CONSULTING,125395.05,118168.16,70262.78,48653.76,176,Completed,-7226.889999999999,-21609.019999999997
TXN0005228,2026-02-01,D001,R001,SERVICES,141635.62,143809.91,66626.52,63989.02,36,Completed,2174.290000000008,-2637.5000000000073
TXN0005229,2025-01-18,D009,R001,SERVICES,118990.32,132275.33,83410.57,59228.58,174,Completed,13285.00999999998,-24181.990000000005
TXN0005230,2024-09-12,D007,R004,SUPPORT,78359.54,67281.69,64285.12,65391.19,78,Completed,-11077.849999999991,1106.0699999999997
TXN0005231,2025-10-05,D003,R003,SUPPORT,64661.9,81227.34,54973.23,67444.33,18,Completed,16565.439999999995,12471.099999999999
TXN0005232,2025-05-31,D004,R001,SERVICES,106459.1,117738.03,95234.35,93812.33,76,Pending,11278.929999999993,-1422.020000000004
TXN0005233,2024-02-26,D001,R001,SUPPORT,118260.48,119994.83,44487.61,52390.33,101,Cancelled,1734.3500000000058,7902.720000000001
TXN0005234,2024-05-01,D005,R002,SUPPORT,91179.46,84137.46,55801.63,64703.07,107,Cancelled,-7042.0,8901.440000000002
TXN0005235,2025-11-29,D006,R003,SERVICES,158800.66,163065.78,64230.61,67712.25,117,Cancelled,4265.119999999995,3481.6399999999994
TXN0005236,2025-09-17,D007,R004,SERVICES,107714.86,110197.08,92182.78,85256.17,28,Completed,2482.220000000001,-6926.610000000001
TXN0005237,2024-09-04,D009,R001,CONSULTING,159511.51,137291.54,78204.9,95028.25,13,Pending,-22219.97,16823.350000000006
TXN0005238,2025-11-19,D005,R002,SUBSCRIPTION,159814.91,173606.02,97075.47,68686.93,78,Cancelled,13791.109999999986,-28388.540000000008
TXN0005239,2025-05-17,D008,R004,HARDWARE,228958.69,245779.52,181979.7,184857.92,32,Completed,16820.829999999987,2878.220000000001
TXN0005240,2024-01-21,D010,R002,SUBSCRIPTION,116166.28,115528.91,104535.49,134986.3,70,Completed,-637.3699999999953,30450.809999999983
TXN0005241,2024-10-20,D007,R003,HARDWARE,187501.49,179836.66,140221.35,148785.0,140,Completed,-7664.829999999987,8563.649999999994
TXN0005242,2026-04-20,D006,R003,CONSULTING,127159.53,139019.46,74269.71,62822.29,82,Completed,11859.929999999993,-11447.420000000006
TXN0005243,2026-09-09,D006,R003,SOFTWARE,243359.54,226780.92,136787.26,144867.32,147,Pending,-16578.619999999995,8080.059999999998
TXN0005244,2026-03-23,D009,R001,CONSULTING,136545.99,146771.28,95340.05,92550.24,12,Completed,10225.290000000008,-2789.8099999999977
TXN0005245,2024-09-23,D001,R001,SUBSCRIPTION,229102.06,290340.34,101950.44,132838.76,48,Completed,61238.28000000003,30888.320000000007
TXN0005246,2024-11-03,D004,R001,CONSULTING,139292.74,139962.28,74165.53,93930.89,28,Cancelled,669.5400000000081,19765.36
TXN0005247,2025-03-03,D006,R003,CONSULTING,87083.12,108585.45,77294.06,77083.48,156,Cancelled,21502.33,-210.58000000000175
TXN0005248,2026-10-12,D003,R003,CONSULTING,103280.2,115439.17,88836.51,76832.2,128,Completed,12158.970000000001,-12004.309999999998
TXN0005249,2024-05-06,D009,R001,SUPPORT,84938.9,106226.23,49550.37,41687.85,69,Completed,21287.33,-7862.520000000004
TXN0005250,2024-12-21,D005,R002,CONSULTING,156514.77,172144.76,84270.02,65080.41,152,Completed,15629.99000000002,-19189.61
TXN0005251,2026-03-14,D008,R004,SUBSCRIPTION,92323.46,101426.57,94945.75,89251.89,84,Completed,9103.11,-5693.860000000001
TXN0005252,2025-02-02,D002,R002,SERVICES,103862.04,103358.94,80883.62,100335.21,51,Cancelled,-503.09999999999127,19451.59000000001
TXN0005253,2024-10-01,D009,R001,CONSULTING,139614.62,135057.45,85453.31,92227.93,9,Completed,-4557.169999999984,6774.619999999995
TXN0005254,2026-12-15,D002,R002,SERVICES,119569.39,152613.48,81259.82,95606.0,129,Completed,33044.09000000001,14346.179999999993
TXN0005255,2024-02-13,D006,R003,SERVICES,130907.41,156198.82,97437.24,103689.08,42,Completed,25291.410000000003,6251.8399999999965
TXN0005256,2026-09-01,D001,R001,CONSULTING,132350.27,118314.26,79080.5,76507.76,81,Completed,-14036.009999999995,-2572.7400000000052
TXN0005257,2026-10-17,D005,R006,SUBSCRIPTION,141112.21,117004.14,95959.18,111466.62,163,Completed,-24108.069999999992,15507.440000000002
TXN0005258,2026-04-30,D002,R006,CONSULTING,132906.68,155425.61,90539.27,95606.0,38,Pending,22518.929999999993,5066.729999999996
TXN0005259,2024-07-19,D006,R003,SOFTWARE,232314.01,263775.91,120149.03,135954.79,96,Completed,31461.899999999965,15805.76000000001
TXN0005260,2026-05-07,D007,R004,SUBSCRIPTION,185980.97,204298.27,76123.15,85046.4,69,Completed,18317.29999999999,8923.25
TXN0005261,2026-03-26,D003,R003,SERVICES,146304.76,148891.94,80214.85,76311.9,19,Pending,2587.179999999993,-3902.9500000000116
TXN0005262,2025-08-21,D009,R001,SUBSCRIPTION,243218.26,258945.68,162283.09,153714.63,143,Completed,15727.419999999984,-8568.459999999992
TXN0005263,2026-07-10,D004,R006,SUBSCRIPTION,137280.21,137266.5,60718.3,66630.28,41,Completed,-13.709999999991851,5911.979999999996
TXN0005264,2024-01-22,D009,R001,SUBSCRIPTION,143468.16,161813.51,103173.27,99801.73,114,Completed,18345.350000000006,-3371.540000000008
TXN0005265,2026-01-07,D002,R002,HARDWARE,208581.45,222063.88,129749.36,142179.32,157,Completed,13482.429999999993,12429.960000000006
TXN0005266,2024-03-06,D004,R001,CONSULTING,88390.89,103046.56,61061.94,64497.84,73,Cancelled,14655.669999999998,3435.899999999994
TXN0005267,2026-07-31,D006,R003,SOFTWARE,145580.36,136846.5,117332.02,140290.64,6,Completed,-8733.859999999986,22958.62000000001
TXN0005268,2026-04-06,D006,R005,SUBSCRIPTION,205426.36,195083.92,94892.05,99373.19,132,Cancelled,-10342.439999999973,4481.139999999999
TXN0005269,2024-09-21,D008,R004,SOFTWARE,202444.53,204061.83,110540.08,148102.44,94,Completed,1617.2999999999884,37562.36
TXN0005270,2024-12-11,D010,R002,SOFTWARE,138974.16,172008.05,83724.57,82523.39,145,Completed,33033.889999999985,-1201.1800000000076
TXN0005271,2024-01-11,D003,R003,SUPPORT,83473.44,95948.05,41982.91,40320.72,149,Pending,12474.61,-1662.1900000000023
TXN0005272,2025-08-02,D001,R001,SUBSCRIPTION,175698.47,173126.99,78551.25,92446.59,127,Cancelled,-2571.4800000000105,13895.339999999997
TXN0005273,2024-07-30,D006,R003,SUBSCRIPTION,187051.44,215756.91,112982.04,108521.43,92,Cancelled,28705.47,-4460.610000000001
TXN0005274,2024-07-06,D006,R003,SOFTWARE,154831.31,183144.31,90693.09,83417.9,114,Completed,28313.0,-7275.190000000002
TXN0005275,2025-01-08,D010,R002,SOFTWARE,123416.93,131861.55,90423.64,77162.85,158,Completed,8444.619999999995,-13260.789999999994
TXN0005276,2025-11-15,D001,R001,CONSULTING,162811.25,148043.19,55568.77,51288.58,122,Completed,-14768.059999999998,-4280.189999999995
TXN0005277,2025-10-01,D002,R002,HARDWARE,253549.33,262759.68,137211.44,159619.74,81,Cancelled,9210.350000000006,22408.29999999999
TXN0005278,2026-04-23,D008,R004,SUBSCRIPTION,180264.06,181186.26,81208.3,80769.52,45,Pending,922.2000000000116,-438.77999999999884
TXN0005279,2026-11-25,D003,R003,SOFTWARE,183348.87,174439.62,91219.51,90962.75,144,Completed,-8909.25,-256.75999999999476
TXN0005280,2026-08-20,D002,R002,SUPPORT,107616.05,108023.45,51939.31,64381.13,120,Completed,407.3999999999942,12441.82
TXN0005281,2026-10-09,D007,R004,CONSULTING,114094.79,98388.75,90925.9,101424.21,48,Completed,-15706.039999999994,10498.310000000012
TXN0005282,2025-08-02,D005,R002,HARDWARE,264774.72,311323.72,185238.07,213448.93,166,Completed,46549.0,28210.859999999986
TXN0005283,2026-11-28,D005,R002,CONSULTING,149743.25,172882.45,79546.13,89352.44,131,Completed,23139.20000000001,9806.309999999998
TXN0005284,2026-11-01,D010,R002,CONSULTING,103731.49,101729.5,37585.49,37290.12,126,Completed,-2001.9900000000052,-295.36999999999534
TXN0005285,2025-09-21,D006,R003,SUPPORT,79630.17,84848.08,48209.16,39429.21,62,Cancelled,5217.9100000000035,-8779.950000000004
TXN0005286,2024-06-04,D001,R001,SUBSCRIPTION,122622.18,168543.75,71284.63,56698.73,62,Completed,45921.57000000001,-14585.900000000001
TXN0005287,2025-08-30,D009,R001,SUPPORT,76192.76,81905.22,37605.97,50518.78,37,Completed,5712.460000000006,12912.809999999998
TXN0005288,2024-04-13,D008,R004,CONSULTING,135163.34,151817.83,62424.1,66457.17,165,Completed,16654.48999999999,4033.0699999999997
TXN0005289,2024-05-14,D001,R001,SOFTWARE,162089.9,159785.45,145132.59,150119.37,112,Completed,-2304.4499999999825,4986.779999999999
TXN0005290,2024-09-18,D008,R004,CONSULTING,99315.15,103803.88,78306.41,79865.89,78,Completed,4488.7300000000105,1559.479999999996
TXN0005291,2024-10-10,D007,R004,SUPPORT,93877.61,88841.35,61521.52,70719.6,37,Completed,-5036.259999999995,9198.080000000009
TXN0005292,2025-03-28,D005,R002,SOFTWARE,161298.68,153464.37,116839.74,95606.0,110,Cancelled,-7834.309999999998,-21233.740000000005
TXN0005293,2025-03-07,D004,R005,SUPPORT,101717.74,110125.47,51411.43,62814.28,166,Completed,8407.729999999996,11402.849999999999
TXN0005294,2026-08-13,D002,R002,SERVICES,148259.91,159156.43,76745.31,80888.48,66,Completed,10896.51999999999,4143.169999999998
TXN0005295,2025-08-01,D002,R002,SERVICES,88855.28,68578.41,97385.07,98495.91,106,Completed,-20276.869999999995,1110.8399999999965
TXN0005296,2026-12-05,D002,R002,HARDWARE,244296.03,314265.41,118496.74,95606.0,151,Completed,69969.37999999998,-22890.740000000005
TXN0005297,2025-06-28,D001,R001,SUBSCRIPTION,151646.89,176385.52,57537.25,70152.96,37,Cancelled,24738.629999999976,12615.710000000006
TXN0005298,2026-12-16,D004,R001,HARDWARE,142682.46,94611.98,139467.19,153380.69,74,Pending,-48070.479999999996,13913.5
TXN0005299,2025-11-05,D005,R002,SUBSCRIPTION,157917.79,128561.57,100106.24,108459.18,170,Completed,-29356.22,8352.939999999988
TXN0005300,2026-12-09,D010,R002,CONSULTING,140370.41,138223.35,69278.32,62615.95,127,Completed,-2147.0599999999977,-6662.37000000001
TXN0005301,2024-10-02,D006,R003,SUBSCRIPTION,219531.61,234087.19,77686.3,81210.56,48,Completed,14555.580000000016,3524.2599999999948
TXN0005302,2025-08-09,D007,R004,SERVICES,106676.4,106835.15,78137.44,94319.27,124,Completed,158.75,16181.830000000002
TXN0005303,2025-02-19,D007,R004,SOFTWARE,202559.81,162059.55,107397.43,111859.59,41,Cancelled,-40500.26000000001,4462.1600000000035
TXN0005304,2024-04-23,D010,R005,SUPPORT,99031.03,68059.0,44023.21,45378.48,115,Completed,-30972.03,1355.270000000004
TXN0005305,2025-09-30,D008,R004,SUPPORT,52393.27,63105.23,48333.22,62217.37,82,Completed,10711.960000000006,13884.150000000001
TXN0005306,2025-10-27,D008,R004,SERVICES,82549.3,85342.53,87596.14,98992.28,86,Completed,2793.229999999996,11396.14
TXN0005307,2024-12-26,D001,R001,HARDWARE,158437.0,120061.97,145039.24,144609.75,169,Completed,-38375.03,-429.4899999999907
TXN0005308,2024-10-21,D002,R002,CONSULTING,114532.39,105004.52,72995.06,70100.15,20,Pending,-9527.869999999995,-2894.9100000000035
TXN0005309,2025-05-04,D008,R004,HARDWARE,248927.75,232804.35,202652.74,95606.0,164,Completed,-16123.399999999994,-107046.73999999999
TXN0005310,2026-03-30,D005,R002,SUPPORT,48784.7,53362.85,64127.93,63113.28,155,Completed,4578.1500000000015,-1014.6500000000015
TXN0005311,2025-10-01,D005,R002,SERVICES,161541.77,189243.38,99556.77,116068.47,93,Completed,27701.610000000015,16511.699999999997
TXN0005312,2025-03-31,D009,R001,SUPPORT,69082.88,80833.47,43805.68,52062.84,90,Pending,11750.589999999997,8257.159999999996
TXN0005313,2024-07-20,D004,R001,SUBSCRIPTION,148602.98,135945.32,101810.84,105264.02,61,Completed,-12657.660000000003,3453.1800000000076
TXN0005314,2025-07-21,D001,R001,SERVICES,124647.57,173609.05,97447.91,130477.37,92,Completed,48961.47999999998,33029.45999999999
TXN0005315,2025-09-27,D004,R005,CONSULTING,124393.48,130517.76,91315.61,98221.23,30,Completed,6124.279999999999,6905.619999999995
TXN0005316,2025-03-06,D007,R003,CONSULTING,151732.68,162534.63,85889.58,82851.43,10,Cancelled,10801.950000000012,-3038.1500000000087
TXN0005317,2026-07-28,D009,R001,SUPPORT,98196.84,126010.08,63557.08,65282.77,45,Completed,27813.240000000005,1725.689999999995
TXN0005318,2025-10-25,D004,R001,SOFTWARE,153372.89,128694.35,85310.43,99851.74,23,Pending,-24678.540000000008,14541.310000000012
TXN0005319,2025-10-30,D001,R001,SERVICES,149470.84,133356.48,59614.68,62545.82,29,Completed,-16114.359999999986,2931.1399999999994
TXN0005320,2025-12-31,D008,R004,HARDWARE,214104.45,211630.11,135088.15,151774.96,88,Cancelled,-2474.3400000000256,16686.809999999998
TXN0005321,2024-04-17,D008,R006,SUPPORT,95215.79,92503.63,46781.77,46650.38,74,Completed,-2712.159999999989,-131.38999999999942
TXN0005322,2025-04-09,D003,R003,SUPPORT,105025.95,96876.58,49298.81,50364.81,92,Pending,-8149.369999999995,1066.0
TXN0005323,2026-01-02,D005,R005,HARDWARE,207510.38,206247.96,126526.29,144953.4,27,Completed,-1262.4200000000128,18427.11
TXN0005324,2026-09-22,D006,R003,SOFTWARE,232237.55,227511.53,125669.43,137182.83,137,Completed,-4726.0199999999895,11513.399999999994
TXN0005325,2025-08-12,D010,R002,SERVICES,110492.54,73589.17,86142.58,108704.67,10,Completed,-36903.369999999995,22562.089999999997
TXN0005326,2025-04-06,D004,R001,HARDWARE,286559.11,302526.92,161687.08,181928.88,22,Cancelled,15967.809999999998,20241.800000000017
TXN0005327,2026-10-15,D008,R004,SUPPORT,83486.14,81492.96,53311.93,53969.0,85,Completed,-1993.179999999993,657.0699999999997
TXN0005328,2026-04-06,D008,R004,CONSULTING,148774.02,171546.73,98542.07,114653.31,64,Completed,22772.71000000002,16111.23999999999
TXN0005329,2025-07-22,D009,R001,SERVICES,159483.51,173447.68,90788.71,95334.98,109,Completed,13964.169999999984,4546.2699999999895
TXN0005330,2024-03-09,D001,R001,CONSULTING,131867.2,148047.75,81060.36,65937.59,110,Completed,16180.549999999988,-15122.770000000004
TXN0005331,2026-01-16,D002,R002,SUBSCRIPTION,188314.35,164574.63,73665.05,71905.03,115,Completed,-23739.72,-1760.020000000004
TXN0005332,2026-07-27,D006,R003,SOFTWARE,169941.21,167223.79,123162.44,132385.57,116,Completed,-2717.4199999999837,9223.130000000005
TXN0005333,2025-05-10,D006,R005,SOFTWARE,129045.2,129821.2,110817.15,116448.81,160,Cancelled,776.0,5631.6600000000035
TXN0005334,2026-10-05,D007,R004,HARDWARE,204339.14,182420.52,152296.18,177841.19,157,Pending,-21918.620000000024,25545.01000000001
TXN0005335,2025-01-23,D007,R004,HARDWARE,304471.79,338085.82,136270.74,136615.69,180,Completed,33614.03000000003,344.95000000001164
TXN0005336,2024-03-18,D007,R005,SUPPORT,117940.14,109532.39,61984.28,71217.09,32,Completed,-8407.75,9232.809999999998
TXN0005337,2024-07-15,D002,R002,CONSULTING,123565.95,117739.26,72913.0,73890.3,17,Completed,-5826.690000000002,977.3000000000029
TXN0005338,2026-10-12,D010,R002,SUBSCRIPTION,152792.19,134634.26,94760.06,101894.8,133,Cancelled,-18157.929999999993,7134.740000000005
TXN0005339,2024-03-19,D002,R002,SERVICES,130347.22,128236.32,65537.07,68794.23,76,Pending,-2110.899999999994,3257.159999999989
TXN0005340,2026-07-12,D002,R002,SERVICES,141491.19,122897.0,58063.41,75779.15,34,Pending,-18594.190000000002,17715.73999999999
TXN0005341,2025-12-22,D009,R001,SUBSCRIPTION,148539.82,108525.99,86878.26,90910.57,27,Cancelled,-40013.83,4032.310000000012
TXN0005342,2024-03-04,D006,R003,SUBSCRIPTION,173615.73,182848.74,82387.09,84180.82,94,Completed,9233.00999999998,1793.7300000000105
TXN0005343,2024-11-24,D010,R002,CONSULTING,152301.03,161818.29,91597.8,82611.06,102,Pending,9517.26000000001,-8986.740000000005
TXN0005344,2026-08-09,D003,R003,SOFTWARE,170630.95,223128.78,111636.35,117630.31,44,Pending,52497.82999999999,5993.959999999992
TXN0005345,2024-08-17,D003,R003,SUPPORT,92008.65,72173.81,56987.9,52042.15,177,Completed,-19834.839999999997,-4945.75
TXN0005346,2026-07-27,D008,R004,SERVICES,115564.07,136636.66,94162.04,109013.92,58,Completed,21072.589999999997,14851.880000000005
TXN0005347,2026-11-22,D007,R004,CONSULTING,112416.14,129383.0,83646.32,107379.58,62,Completed,16966.86,23733.259999999995
TXN0005348,2026-06-27,D009,R001,CONSULTING,140533.11,155599.23,83916.57,91158.05,138,Cancelled,15066.120000000024,7241.479999999996
TXN0005349,2026-01-30,D010,R002,SUBSCRIPTION,233911.33,267381.17,87890.93,86176.05,31,Completed,33469.84,-1714.87999999999
TXN0005350,2025-02-22,D006,R003,SUBSCRIPTION,131605.5,131507.23,98735.9,95191.44,110,Pending,-98.26999999998952,-3544.459999999992
TXN0005351,2025-06-23,D002,R002,CONSULTING,85462.67,74894.79,92964.0,72543.42,149,Completed,-10567.880000000005,-20420.58
TXN0005353,2026-03-10,D002,R002,HARDWARE,210374.37,219290.27,132331.61,172947.4,30,Completed,8915.899999999994,40615.79000000001
TXN0005354,2024-03-04,D007,R004,CONSULTING,162141.54,169050.14,69333.7,79113.45,94,Cancelled,6908.600000000006,9779.75
TXN0005355,2025-09-13,D006,R003,SERVICES,161531.05,168606.19,70344.38,43177.52,68,Completed,7075.140000000014,-27166.860000000008
TXN0005356,2024-10-27,D009,R006,SERVICES,131617.36,122989.62,80015.87,70491.3,9,Completed,-8627.73999999999,-9524.569999999992
TXN0005357,2026-05-27,D003,R003,HARDWARE,209612.41,233315.58,138129.43,131940.87,89,Completed,23703.169999999984,-6188.559999999998
TXN0005358,2026-03-09,D004,R001,SUPPORT,89460.64,58364.02,66320.59,63158.21,128,Completed,-31096.620000000003,-3162.3799999999974
TXN0005359,2026-02-14,D001,R001,SOFTWARE,202236.6,207515.67,106012.47,106759.27,131,Cancelled,5279.070000000007,746.8000000000029
TXN0005360,2026-01-05,D008,R004,SERVICES,146131.68,138765.9,78255.68,66309.61,32,Completed,-7365.779999999999,-11946.069999999992
TXN0005361,2024-10-11,D005,R002,SUPPORT,110432.26,119996.73,38712.65,41524.35,8,Completed,9564.470000000001,2811.699999999997
TXN0005362,2024-10-10,D003,R003,SOFTWARE,164980.24,162084.11,98632.37,93588.37,100,Completed,-2896.1300000000047,-5044.0
TXN0005363,2024-04-28,D006,R003,SUPPORT,89674.69,87386.68,55548.85,43543.95,92,Completed,-2288.0100000000093,-12004.900000000001
TXN0005364,2024-03-15,D010,R002,SUBSCRIPTION,181041.36,226000.43,102906.41,95606.0,175,Cancelled,44959.07000000001,-7300.4100000000035
TXN0005365,2026-12-10,D010,R002,SERVICES,134849.05,110100.51,71101.02,71159.34,107,Pending,-24748.539999999994,58.31999999999243
TXN0005366,2025-02-28,D004,R001,CONSULTING,160543.64,106890.29,89756.45,91596.61,84,Pending,-53653.35000000002,1840.1600000000035
TXN0005367,2025-02-18,D002,R002,SOFTWARE,201473.21,204738.52,104682.51,114741.15,77,Completed,3265.3099999999977,10058.64
TXN0005368,2024-01-05,D009,R001,SUPPORT,61232.72,63094.08,58269.76,62899.1,12,Completed,1861.3600000000006,4629.3399999999965
TXN0005369,2024-11-18,D010,R005,HARDWARE,276619.68,280089.64,154312.05,173853.52,162,Completed,3469.960000000021,19541.47
TXN0005370,2026-04-10,D010,R002,SOFTWARE,174666.95,180145.25,117633.4,112548.65,76,Completed,5478.299999999988,-5084.75
TXN0005371,2026-04-25,D008,R004,SUBSCRIPTION,100976.17,123553.59,118462.7,121725.64,85,Completed,22577.42,3262.9400000000023
TXN0005372,2026-11-14,D007,R004,SERVICES,121655.36,94976.92,81936.31,80036.37,163,Pending,-26678.440000000002,-1899.9400000000023
TXN0005373,2026-12-02,D004,R001,SUBSCRIPTION,113385.83,117690.15,80884.6,76910.79,45,Completed,4304.319999999992,-3973.810000000012
TXN0005374,2026-07-04,D006,R003,HARDWARE,204039.89,268274.91,138625.45,158638.72,19,Completed,64235.01999999996,20013.26999999999
TXN0005375,2024-09-22,D003,R003,SOFTWARE,184001.27,182054.27,122949.96,116014.77,62,Completed,-1947.0,-6935.190000000002
TXN0005376,2026-08-16,D001,R001,SUPPORT,81316.92,88040.12,54054.13,57375.3,120,Completed,6723.199999999997,3321.1700000000055
TXN0005377,2026-01-25,D003,R001,SUPPORT,114180.95,81627.72,49374.63,49695.21,137,Cancelled,-32553.229999999996,320.58000000000175
TXN0005378,2026-11-23,D001,R001,SOFTWARE,165694.26,214487.13,116327.53,134891.64,166,Completed,48792.869999999995,18564.110000000015
TXN0005379,2025-11-20,D009,R001,SOFTWARE,178066.54,191473.81,125149.07,125536.05,22,Pending,13407.26999999999,386.9799999999959
TXN0005380,2024-08-23,D007,R004,SUPPORT,97911.61,69217.53,49063.81,52539.55,51,Completed,-28694.08,3475.7400000000052
TXN0005381,2025-08-24,D010,R002,SUBSCRIPTION,186378.94,178670.47,64807.73,67907.5,75,Pending,-7708.470000000001,3099.769999999997
TXN0005382,2026-02-05,D010,R006,SERVICES,201621.53,173337.44,72948.5,63959.45,26,Completed,-28284.089999999997,-8989.050000000003
TXN0005383,2025-10-23,D003,R003,SUBSCRIPTION,136422.4,163472.16,93817.64,102300.55,146,Completed,27049.76000000001,8482.910000000003
TXN0005384,2024-10-23,D005,R002,SOFTWARE,202731.48,198614.02,109785.66,137823.61,45,Completed,-4117.460000000021,28037.949999999983
TXN0005385,2026-03-15,D009,R001,SUBSCRIPTION,179372.18,196180.58,99608.72,119611.87,53,Completed,16808.399999999994,20003.149999999994
TXN0005386,2026-04-08,D004,R001,SERVICES,92714.27,86631.31,53151.55,54831.24,24,Completed,-6082.960000000006,1679.689999999995
TXN0005387,2026-12-27,D006,R005,SOFTWARE,126411.32,128426.18,103284.07,89378.42,13,Completed,2014.859999999986,-13905.650000000009
TXN0005388,2024-06-09,D007,R004,SUPPORT,83616.43,87846.68,57270.36,64148.64,72,Completed,4230.25,6878.279999999999
TXN0005389,2026-04-17,D010,R002,SUPPORT,104202.65,109403.23,44158.33,42172.15,6,Pending,5200.580000000002,-1986.1800000000003
TXN0005390,2026-10-23,D002,R006,SOFTWARE,118687.64,122230.67,105971.64,117225.45,150,Completed,3543.029999999999,11253.809999999998
TXN0005391,2024-09-13,D002,R002,SUBSCRIPTION,143093.58,144131.52,92155.23,104640.35,85,Pending,1037.9400000000023,12485.12000000001
TXN0005392,2026-09-22,D010,R002,HARDWARE,223024.47,195038.45,138916.79,133801.41,109,Cancelled,-27986.01999999999,-5115.380000000005
TXN0005393,2025-08-15,D009,R001,SERVICES,62050.71,69127.69,93712.76,89989.95,21,Completed,7076.980000000003,-3722.8099999999977
TXN0005394,2024-09-07,D004,R001,HARDWARE,259621.71,248507.63,162242.18,160343.02,55,Completed,-11114.079999999987,-1899.1600000000035
TXN0005395,2024-07-31,D009,R001,SUBSCRIPTION,190087.28,174715.25,55598.77,60948.46,84,Completed,-15372.029999999999,5349.690000000002
TXN0005396,2025-04-19,D006,R003,SUPPORT,118174.07,114665.76,46744.13,35808.61,45,Completed,-3508.310000000012,-10935.519999999997
TXN0005397,2024-05-01,D002,R002,SUBSCRIPTION,157981.28,152749.03,91756.18,119056.16,84,Completed,-5232.25,27299.98000000001
TXN0005398,2024-03-01,D008,R006,CONSULTING,105735.92,91688.14,77313.05,85338.07,151,Completed,-14047.779999999999,8025.020000000004
TXN0005399,2026-07-17,D001,R001,CONSULTING,90521.65,92123.67,76598.88,60890.21,30,Completed,1602.020000000004,-15708.670000000006
TXN0005400,2024-05-21,D009,R001,SERVICES,157384.21,125964.09,69092.51,73470.12,10,Completed,-31420.119999999995,4377.610000000001
TXN0005401,2026-09-03,D002,R002,HARDWARE,232642.99,299111.32,165988.77,166265.07,74,Completed,66468.33000000002,276.30000000001746
TXN0005402,2026-07-26,D008,R004,SERVICES,150517.93,163314.77,88460.6,104995.5,88,Pending,12796.839999999997,16534.899999999994
TXN0005403,2026-07-20,D010,R002,SOFTWARE,143078.88,148024.37,106892.73,142467.42,73,Completed,4945.489999999991,35574.69000000002
TXN0005404,2025-06-27,D004,R001,CONSULTING,94409.29,83860.94,91577.9,92204.42,71,Cancelled,-10548.349999999991,626.5200000000041
TXN0005405,2026-10-07,D010,R002,SUBSCRIPTION,152308.45,146918.6,80444.86,74373.46,5,Cancelled,-5389.850000000006,-6071.399999999994
TXN0005406,2025-04-13,D004,R001,SOFTWARE,171278.91,204415.38,121689.8,125448.47,105,Cancelled,33136.47,3758.6699999999983
TXN0005407,2026-08-04,D005,R002,SUPPORT,90308.96,89706.72,54713.51,53238.86,81,Completed,-602.2400000000052,-1474.6500000000015
TXN0005408,2025-04-04,D001,R001,SOFTWARE,196599.33,209681.12,118160.09,118539.73,47,Pending,13081.790000000008,379.6399999999994
TXN0005409,2024-03-04,D008,R004,SOFTWARE,214566.45,207757.13,107485.26,125494.65,94,Pending,-6809.320000000007,18009.39
TXN0005410,2024-03-15,D007,R004,SUPPORT,84025.97,96242.26,57302.37,75358.77,25,Completed,12216.289999999994,18056.4
TXN0005411,2025-02-28,D009,R001,SUPPORT,93437.15,61154.82,47350.86,54293.89,80,Pending,-32282.329999999994,6943.029999999999
TXN0005412,2026-03-22,D002,R002,SERVICES,166885.13,215861.16,80608.04,75785.17,14,Pending,48976.03,-4822.869999999995
TXN0005413,2025-08-18,D005,R006,CONSULTING,156534.12,140860.41,81214.4,84421.62,0,Pending,-15673.709999999992,3207.220000000001
TXN0005414,2026-02-14,D008,R004,SUBSCRIPTION,135452.85,145140.85,93577.73,101062.58,167,Cancelled,9688.0,7484.850000000006
TXN0005415,2025-05-31,D009,R001,SUBSCRIPTION,139016.2,150528.94,111082.89,106140.14,137,Completed,11512.73999999999,-4942.75
TXN0005416,2024-06-08,D008,R005,CONSULTING,120302.3,124139.87,92964.0,64627.59,11,Completed,3837.5699999999924,-28336.410000000003
TXN0005417,2024-05-27,D008,R004,SOFTWARE,109957.43,126364.58,142354.18,103770.36,118,Pending,16407.15000000001,-38583.81999999999
TXN0005418,2025-09-26,D004,R001,HARDWARE,161692.45,196689.87,175643.16,192167.59,157,Completed,34997.419999999984,16524.429999999993
TXN0005419,2026-06-28,D004,R001,SOFTWARE,158995.7,185241.86,106339.87,108917.31,140,Completed,26246.159999999974,2577.4400000000023
TXN0005420,2026-06-24,D002,R002,SOFTWARE,216052.74,226357.48,79600.23,85119.33,32,Cancelled,10304.74000000002,5519.100000000006
TXN0005421,2025-07-23,D007,R004,SOFTWARE,175993.11,202876.67,120842.58,116524.08,162,Completed,26883.560000000027,-4318.5
TXN0005422,2025-09-08,D003,R003,HARDWARE,227529.4,221650.01,207790.09,179588.63,80,Completed,-5879.389999999985,-28201.459999999992
TXN0005423,2026-05-16,D006,R003,SUBSCRIPTION,183494.3,210980.92,100308.71,134095.99,119,Completed,27486.620000000024,33787.279999999984
TXN0005424,2026-11-28,D004,R001,SUPPORT,102853.78,109635.8,53571.46,52548.92,82,Cancelled,6782.020000000004,-1022.5400000000009
TXN0005425,2026-05-02,D007,R004,HARDWARE,201544.5,261043.72,162275.86,209585.01,46,Completed,59499.22,47309.15000000002
TXN0005426,2024-02-24,D010,R002,CONSULTING,97427.27,89989.04,88986.02,102218.72,59,Completed,-7438.2300000000105,13232.699999999997
TXN0005427,2024-04-23,D006,R003,SOFTWARE,172185.0,201157.89,99114.48,118548.37,84,Cancelled,28972.890000000014,19433.89
TXN0005428,2026-04-07,D010,R002,CONSULTING,101998.28,117671.99,70483.57,89737.75,94,Completed,15673.710000000006,19254.179999999993
TXN0005429,2026-05-09,D007,R004,SUPPORT,101780.14,109455.28,50404.63,57389.32,170,Pending,7675.139999999999,6984.690000000002
TXN0005430,2025-03-19,D004,R001,CONSULTING,122868.05,140418.37,89937.43,84230.95,150,Completed,17550.319999999992,-5706.479999999996
TXN0005431,2025-07-13,D007,R004,SERVICES,50972.98,58824.03,81345.5,88822.67,134,Pending,7851.049999999996,7477.169999999998
TXN0005432,2025-12-15,D003,R003,SERVICES,128560.67,153747.37,80413.01,62383.55,139,Pending,25186.699999999997,-18029.459999999992
TXN0005433,2024-10-11,D006,R003,SERVICES,140327.19,143220.07,79560.53,94627.76,127,Pending,2892.8800000000047,15067.229999999996
TXN0005434,2025-06-18,D009,R001,SUBSCRIPTION,131639.89,156246.46,107547.08,104370.05,25,Completed,24606.569999999978,-3177.029999999999
TXN0005435,2026-09-13,D005,R002,SOFTWARE,152493.62404958677,186474.79,128271.38,140391.23,160,Pending,33981.16595041324,12119.850000000006
TXN0005436,2024-01-13,D008,R004,CONSULTING,90521.44,84142.41,81321.62,111371.44,98,Completed,-6379.029999999999,30049.820000000007
TXN0005437,2025-04-13,D009,R001,CONSULTING,103915.92,74011.92,75995.61,80375.72,86,Pending,-29904.0,4380.110000000001
TXN0005438,2024-05-09,D010,R002,SUPPORT,77797.51,155988.0,56025.54,53703.42,104,Completed,78190.49,-2322.1200000000026
TXN0005439,2025-02-28,D006,R005,HARDWARE,201433.75,253580.45,106353.5,106641.73,105,Completed,52146.70000000001,288.2299999999959
TXN0005440,2026-12-31,D007,R004,SUBSCRIPTION,154887.75,143282.38,71247.37,79893.45,157,Pending,-11605.369999999995,8646.080000000002
TXN0005441,2025-02-11,D001,R001,HARDWARE,194046.06,212717.65,148651.93,148839.92,97,Pending,18671.589999999997,187.9900000000198
TXN0005442,2025-01-05,D001,R001,SERVICES,135527.48,123145.37,57446.08,56183.74,69,Completed,-12382.110000000015,-1262.3400000000038
TXN0005443,2026-03-20,D008,R004,SOFTWARE,201256.83,203108.4,114807.36,133541.38,106,Cancelled,1851.570000000007,18734.020000000004
TXN0005444,2024-04-22,D003,R003,SERVICES,146192.3,133856.66,102433.71,107507.88,89,Completed,-12335.639999999985,5074.169999999998
TXN0005445,2024-04-19,D010,R002,CONSULTING,173409.67,119942.55,71989.74,76921.74,6,Completed,-53467.12000000001,4932.0
TXN0005446,2024-04-23,D002,R002,SOFTWARE,196102.34,219371.78,108701.6,105027.37,26,Completed,23269.440000000002,-3674.2300000000105
TXN0005447,2026-07-30,D007,R005,SUBSCRIPTION,144962.08,127192.28,105752.08,117783.98,54,Cancelled,-17769.79999999999,12031.899999999994
TXN0005448,2026-11-19,D005,R002,SUPPORT,107548.13,119708.09,62405.64,67182.45,25,Completed,12159.959999999992,4776.809999999998
TXN0005449,2024-06-04,D002,R002,SOFTWARE,165637.94,157612.59,105619.48,136673.67,177,Cancelled,-8025.350000000006,31054.190000000017
TXN0005450,2026-12-23,D009,R001,SERVICES,129045.56,123408.44,78265.86,83019.13,82,Pending,-5637.119999999995,4753.270000000004
TXN0005451,2026-09-04,D010,R002,SUPPORT,85340.68,94019.92,66523.07,68060.45,127,Completed,8679.240000000005,1537.37999999999
TXN0005452,2024-05-30,D004,R001,SERVICES,101493.42,109225.84,75443.03,96850.96,20,Completed,7732.419999999998,21407.930000000008
TXN0005453,2026-12-08,D005,R002,CONSULTING,159892.97,204944.22,107718.94,117008.41,165,Completed,45051.25,9289.470000000001
TXN0005454,2025-11-10,D007,R004,HARDWARE,252833.0,318234.47,120259.97,132445.04,112,Completed,65401.46999999997,12185.070000000007
TXN0005455,2026-12-22,D010,R002,SOFTWARE,267312.24,251724.93,121181.49,122739.51,145,Completed,-15587.309999999998,1558.0199999999895
TXN0005456,2026-12-13,D003,R005,SOFTWARE,205858.69,211469.14,102510.19,129186.67,106,Completed,5610.450000000012,26676.479999999996
TXN0005457,2025-02-04,D002,R002,SOFTWARE,193347.67,233145.37,113457.54,127062.19,12,Completed,39797.69999999998,13604.650000000009
TXN0005458,2026-12-06,D004,R001,SOFTWARE,200419.65,210381.61,123185.9,97971.65,160,Completed,9961.959999999992,-25214.25
TXN0005459,2024-05-15,D007,R004,HARDWARE,224152.17,235278.23,155474.92,199335.51,110,Pending,11126.059999999998,43860.59
TXN0005460,2024-10-28,D007,R004,SERVICES,107189.53,102147.46,99958.21,115563.63,62,Cancelled,-5042.069999999992,15605.419999999998
TXN0005461,2025-12-04,D002,R002,SUPPORT,81937.31,82790.52,53046.03,49088.89,173,Completed,853.2100000000064,-3957.1399999999994
TXN0005462,2024-01-11,D006,R003,SUBSCRIPTION,155658.64,170712.23,85196.7,83596.22,167,Pending,15053.589999999997,-1600.479999999996
TXN0005463,2026-02-18,D008,R004,SERVICES,106503.38,124104.77,68482.43,62035.37,159,Completed,17601.39,-6447.05999999999
TXN0005464,2025-10-19,D008,R004,SUBSCRIPTION,171641.3,154567.84,77916.29,59597.99,47,Completed,-17073.459999999992,-18318.299999999996
TXN0005465,2026-04-28,D006,R003,SUBSCRIPTION,182046.52,205602.22,92964.0,102698.59,70,Completed,23555.70000000001,9734.589999999997
TXN0005466,2025-05-23,D005,R002,HARDWARE,207078.79,219853.37,145553.67,121750.56,166,Pending,12774.579999999987,-23803.110000000015
TXN0005467,2024-08-25,D009,R001,SOFTWARE,136929.99,194435.78,88023.09,94469.59,24,Completed,57505.79000000001,6446.5
TXN0005468,2025-11-06,D004,R001,CONSULTING,118919.03,94927.52,76830.78,80192.96,11,Cancelled,-23991.509999999995,3362.1800000000076
TXN0005469,2024-06-23,D009,R006,CONSULTING,108693.01,126762.42,71173.28,66718.46,90,Completed,18069.410000000003,-4454.819999999992
TXN0005470,2024-04-24,D006,R003,SUPPORT,132281.18,129806.17,61627.78,61900.82,168,Pending,-2475.0099999999948,273.0400000000009
TXN0005471,2026-07-09,D003,R003,SUBSCRIPTION,174125.53,157618.96,88403.78,82991.14,161,Completed,-16506.570000000007,-5412.639999999999
TXN0005472,2024-07-19,D003,R003,SUBSCRIPTION,148512.32,185159.84,109165.69,116823.15,43,Completed,36647.51999999999,7657.459999999992
TXN0005473,2026-08-16,D005,R002,SERVICES,159238.28,163608.3,70317.42,68715.62,48,Completed,4370.0199999999895,-1601.800000000003
TXN0005474,2026-03-23,D007,R004,SUPPORT,123047.74,141303.58,63622.52,69043.76,106,Completed,18255.839999999982,5421.239999999998
TXN0005475,2026-07-11,D004,R001,HARDWARE,138967.89,81697.09,141769.03,163970.24,81,Completed,-57270.80000000002,22201.209999999992
TXN0005476,2025-10-16,D009,R001,SERVICES,134048.32,100501.02,103505.93,95606.0,93,Cancelled,-33547.3,-7899.929999999993
TXN0005477,2026-08-17,D010,R002,CONSULTING,115860.13,122443.62,80629.27,55532.52,63,Pending,6583.489999999991,-25096.750000000007
TXN0005478,2026-09-28,D010,R002,HARDWARE,202272.1,212234.3,137867.57,149216.08,153,Completed,9962.199999999983,11348.50999999998
TXN0005479,2026-07-13,D006,R005,HARDWARE,253081.6,235984.28,155986.91,163157.86,73,Completed,-17097.320000000007,7170.9499999999825
TXN0005480,2026-07-22,D002,R005,CONSULTING,137272.78,143302.9,75138.35,77576.24,8,Completed,6030.119999999995,2437.8899999999994
TXN0005481,2026-03-15,D009,R001,HARDWARE,146447.48,165768.37,150543.51,180988.85,172,Pending,19320.889999999985,30445.339999999997
TXN0005482,2026-01-17,D007,R004,SERVICES,145222.57,142433.78,78396.79,91494.64,147,Completed,-2788.790000000008,13097.850000000006
TXN0005483,2024-01-30,D003,R003,SOFTWARE,232260.27,240922.54,125022.51,127952.88,144,Completed,8662.270000000019,2930.37000000001
TXN0005484,2024-06-03,D006,R003,SERVICES,143668.35,178622.05,105604.36,143251.21,135,Completed,34953.69999999998,37646.84999999999
TXN0005485,2025-01-06,D010,R002,SUPPORT,66686.22,52446.25,53933.28,58382.53,168,Cancelled,-14239.970000000001,4449.25
TXN0005486,2024-12-16,D003,R003,SERVICES,176327.2,203785.61,56241.3,49107.09,33,Completed,27458.409999999974,-7134.210000000006
TXN0005487,2026-10-12,D008,R004,SUBSCRIPTION,163093.02,180298.31,85438.56,83355.43,56,Completed,17205.290000000008,-2083.1300000000047
TXN0005488,2026-05-24,D003,R003,SERVICES,127694.51,132064.32,76711.61,75646.24,95,Completed,4369.810000000012,-1065.3699999999953
TXN0005489,2024-06-01,D009,R001,SERVICES,137824.32,136892.86,86814.02,78765.03,125,Completed,-931.460000000021,-8048.990000000005
TXN0005490,2025-08-27,D001,R006,SOFTWARE,224675.01,239157.75,105967.0,89036.61,40,Cancelled,14482.73999999999,-16930.39
TXN0005491,2024-05-22,D008,R004,SUPPORT,104350.62,87637.35,66756.45,66198.4,116,Completed,-16713.26999999999,-558.0500000000029
TXN0005492,2025-04-03,D008,R004,CONSULTING,140632.42,129715.03,101216.31,107011.45,166,Pending,-10917.390000000014,5795.139999999999
TXN0005493,2025-10-11,D006,R006,HARDWARE,270179.88,253382.72,140435.07,157045.97,28,Completed,-16797.160000000003,16610.899999999994
TXN0005494,2024-07-03,D001,R001,SOFTWARE,172788.05,137741.81,117954.41,130009.91,136,Completed,-35046.23999999999,12055.5
TXN0005495,2025-08-06,D010,R002,SUBSCRIPTION,172506.0,175168.17,90405.91,88863.82,37,Completed,2662.170000000013,-1542.0899999999965
TXN0005496,2024-07-04,D007,R004,SERVICES,129366.18,154751.87,90512.0,108492.72,8,Completed,25385.690000000002,17980.72
TXN0005497,2024-09-21,D007,R006,SERVICES,190540.95,197610.49,73618.95,62683.42,66,Completed,7069.539999999979,-10935.529999999999
TXN0005498,2026-12-19,D001,R001,SUPPORT,97698.72,99366.07,62927.41,72900.59,64,Completed,1667.3500000000058,9973.179999999993
TXN0005499,2024-10-18,D004,R001,SUPPORT,90286.05,92705.06,47819.12,95606.0,168,Completed,2419.0099999999948,47786.88
TXN0005500,2025-02-23,D004,R001,HARDWARE,218742.25,224684.14,178761.58,164610.06,152,Completed,5941.890000000014,-14151.51999999999
TXN0005501,2024-02-03,D007,R004,SERVICES,134624.01,149177.41,69503.38,88986.17,160,Completed,14553.399999999994,19482.789999999994
TXN0005502,2024-10-09,D007,R004,SERVICES,111696.67,122641.84,68594.31,70658.24,113,Pending,10945.169999999998,2063.9300000000076
TXN0005503,2026-08-23,D010,R002,SUBSCRIPTION,182961.16,215706.69,79955.8,84653.98,178,Completed,32745.53,4698.179999999993
TXN0005504,2025-04-06,D001,R001,SOFTWARE,196849.51,196316.44,153346.58,171710.3,100,Completed,-533.070000000007,18363.72
TXN0005505,2024-07-22,D005,R005,CONSULTING,177808.31,191638.81,95503.06,98968.44,116,Pending,13830.5,3465.3800000000047
TXN0005506,2024-03-03,D005,R002,SOFTWARE,209369.06,186785.28,117016.13,129416.2,180,Cancelled,-22583.78,12400.069999999992
TXN0005507,2025-09-11,D005,R002,SUPPORT,117428.83,119254.33,67452.99,95606.0,146,Completed,1825.5,28153.009999999995
TXN0005508,2024-07-13,D002,R002,SUPPORT,80595.39,84486.87,37503.3,37607.72,130,Pending,3891.479999999996,104.41999999999825
TXN0005509,2024-12-14,D005,R002,CONSULTING,79411.19,74419.34,73691.26,71947.89,137,Completed,-4991.850000000006,-1743.3699999999953
TXN0005510,2024-08-31,D010,R002,SOFTWARE,123117.05,110173.51,119426.21,104478.01,96,Completed,-12943.540000000008,-14948.200000000012
TXN0005511,2026-04-15,D006,R003,SUPPORT,70119.96,73758.94,57781.72,57453.74,162,Cancelled,3638.979999999996,-327.9800000000032
TXN0005512,2025-03-02,D007,R004,SUPPORT,101108.05,106222.97,73923.42,52249.35,36,Completed,5114.919999999998,-21674.07
TXN0005513,2024-11-23,D003,R003,HARDWARE,179980.6,233499.6,146950.3,171375.32,67,Completed,53519.0,24425.02000000002
TXN0005514,2024-08-04,D003,R003,SUBSCRIPTION,161853.68,186320.12,103336.86,89462.95,88,Cancelled,24466.440000000002,-13873.910000000003
TXN0005515,2026-06-30,D009,R001,CONSULTING,104142.77,99514.43,57164.46,64469.81,167,Completed,-4628.340000000011,7305.3499999999985
TXN0005516,2024-04-27,D004,R001,HARDWARE,208975.8,168472.46,183013.49,225739.14,83,Pending,-40503.34,42725.65000000002
TXN0005517,2025-10-02,D007,R004,HARDWARE,152493.62404958677,249758.82,192723.06,228140.45,157,Completed,97265.19595041324,35417.390000000014
TXN0005518,2024-08-25,D001,R001,SOFTWARE,200563.6,179649.65,150789.65,155483.86,89,Completed,-20913.95000000001,4694.209999999992
TXN0005519,2026-10-06,D006,R003,SUPPORT,113502.31,73244.92,50377.7,52443.72,51,Pending,-40257.39,2066.020000000004
TXN0005520,2024-12-28,D008,R004,SUBSCRIPTION,130817.99,142870.5,82887.32,78768.37,107,Completed,12052.509999999995,-4118.950000000012
TXN0005521,2025-07-19,D004,R001,CONSULTING,156785.03,164236.84,73308.13,63881.57,141,Cancelled,7451.809999999998,-9426.560000000005
TXN0005522,2025-05-06,D001,R001,SOFTWARE,184694.95,224737.36,95705.05,109835.23,96,Cancelled,40042.409999999974,14130.179999999993
TXN0005523,2026-03-06,D009,R006,SOFTWARE,211230.93,242269.27,94131.99,99217.41,22,Completed,31038.339999999997,5085.419999999998
TXN0005524,2026-01-23,D003,R003,SERVICES,141391.35,143453.18,75720.12,76782.48,89,Completed,2061.829999999987,1062.3600000000006
TXN0005525,2024-02-04,D006,R003,SERVICES,160288.07,170301.51,79851.82,80475.78,88,Completed,10013.440000000002,623.9599999999919
TXN0005526,2026-06-30,D010,R002,HARDWARE,187630.58,155988.0,109710.53,144388.99,131,Cancelled,-31642.579999999987,34678.45999999999
TXN0005527,2024-07-08,D010,R002,SOFTWARE,133878.85,148847.08,91629.77,121495.3,179,Completed,14968.229999999981,29865.53
TXN0005528,2025-02-04,D008,R004,SUBSCRIPTION,200303.92,238813.24,81561.48,106200.57,9,Completed,38509.31999999998,24639.09000000001
TXN0005529,2026-06-24,D006,R003,SERVICES,145950.68,103979.53,84132.26,83943.23,69,Completed,-41971.149999999994,-189.02999999999884
TXN0005530,2024-02-01,D002,R002,CONSULTING,141657.23,151042.6,65243.13,64809.81,145,Cancelled,9385.369999999995,-433.3199999999997
TXN0005531,2026-09-08,D006,R003,SUBSCRIPTION,193617.33,177910.6,82782.08,75788.87,14,Completed,-15706.729999999981,-6993.210000000006
TXN0005532,2025-06-01,D006,R003,SERVICES,171220.34,156829.29,52834.05,48640.28,34,Completed,-14391.049999999988,-4193.770000000004
TXN0005533,2026-08-02,D004,R001,SUBSCRIPTION,179126.24,194219.96,92482.71,105146.27,20,Completed,15093.720000000001,12663.559999999998
TXN0005534,2026-05-06,D009,R001,CONSULTING,127346.24,155988.0,70395.77,64419.92,179,Completed,28641.759999999995,-5975.850000000006
TXN0005535,2026-11-23,D003,R003,SUPPORT,98698.58,96176.38,53029.25,52431.79,155,Cancelled,-2522.199999999997,-597.4599999999991
TXN0005536,2026-10-03,D004,R006,HARDWARE,251205.59,155988.0,162487.44,95606.0,32,Completed,-95217.59,-66881.44
TXN0005537,2026-08-09,D004,R001,SUBSCRIPTION,166396.63,153072.13,98158.87,69282.09,152,Cancelled,-13324.5,-28876.78
TXN0005538,2025-03-11,D003,R003,SUPPORT,118510.19,85711.6,56305.7,66948.49,105,Completed,-32798.59,10642.790000000008
TXN0005539,2026-09-21,D004,R001,SUPPORT,95796.77,88794.03,48078.94,48639.84,143,Cancelled,-7002.740000000005,560.8999999999942
TXN0005540,2026-11-17,D006,R003,SERVICES,163393.02,155988.0,78060.73,101095.32,98,Cancelled,-7405.0199999999895,23034.59000000001
TXN0005541,2024-02-08,D010,R002,SUBSCRIPTION,170523.28,189320.24,72614.42,43179.01,144,Completed,18796.959999999992,-29435.409999999996
TXN0005542,2026-03-21,D004,R001,CONSULTING,138841.17,125914.4,71335.84,71796.41,67,Completed,-12926.770000000019,460.570000000007
TXN0005543,2025-04-30,D010,R005,CONSULTING,112922.3,118867.36,96168.48,128636.18,132,Cancelled,5945.059999999998,32467.699999999997
TXN0005544,2025-08-31,D005,R002,SUBSCRIPTION,198477.37,249558.88,73276.1,66767.63,75,Completed,51081.51000000001,-6508.470000000001
TXN0005545,2025-01-06,D008,R004,SUBSCRIPTION,152493.62404958677,110490.33,52357.0,46164.44,84,Completed,-42003.294049586766,-6192.559999999998
TXN0005546,2026-07-14,D002,R002,SOFTWARE,139048.32,148107.12,111928.66,149317.0,108,Cancelled,9058.799999999988,37388.34
TXN0005547,2026-02-28,D003,R003,SERVICES,138443.68,144905.0,85586.76,82515.17,168,Completed,6461.320000000007,-3071.5899999999965
TXN0005548,2026-07-14,D005,R002,HARDWARE,198225.8,197763.58,155595.38,148849.7,95,Cancelled,-462.22000000000116,-6745.679999999993
TXN0005549,2025-06-14,D002,R002,SOFTWARE,190861.57,207215.64,99617.95,101937.01,68,Completed,16354.070000000007,2319.0599999999977
TXN0005550,2025-04-03,D010,R002,SUBSCRIPTION,229283.57,183444.15,83678.24,84548.95,161,Cancelled,-45839.42000000001,870.7099999999919
TXN0005551,2024-04-20,D006,R003,SUPPORT,93162.7,93177.11,47798.22,55470.57,123,Cancelled,14.410000000003492,7672.3499999999985
TXN0005552,2026-02-11,D010,R002,HARDWARE,252106.89,257521.05,144723.9,149719.28,85,Pending,5414.159999999974,4995.380000000005
TXN0005553,2026-10-14,D009,R001,SUPPORT,90800.5,95717.63,51385.9,52025.04,89,Pending,4917.130000000005,639.1399999999994
TXN0005554,2025-09-25,D009,R006,SUBSCRIPTION,158331.87,182048.44,85748.88,81630.19,60,Completed,23716.570000000007,-4118.690000000002
TXN0005555,2025-07-03,D001,R001,SUPPORT,92494.73,83474.04,48874.44,48984.2,19,Pending,-9020.690000000002,109.75999999999476
TXN0005556,2026-11-08,D002,R002,CONSULTING,125835.31,157774.69,98071.17,126081.3,104,Completed,31939.380000000005,28010.130000000005
TXN0005557,2024-06-01,D004,R001,SOFTWARE,153000.5,143173.96,129884.77,173848.05,130,Cancelled,-9826.540000000008,43963.279999999984
TXN0005558,2024-11-16,D009,R001,SUBSCRIPTION,171486.33,218151.37,87201.25,89847.43,43,Completed,46665.04000000001,2646.179999999993
TXN0005559,2025-10-20,D004,R001,SUBSCRIPTION,122492.69,120374.01,107483.67,99875.11,77,Completed,-2118.6800000000076,-7608.559999999998
TXN0005560,2025-11-27,D004,R001,CONSULTING,78649.56,59287.9,62654.22,69897.87,38,Cancelled,-19361.659999999996,7243.649999999994
TXN0005561,2025-01-18,D006,R003,SOFTWARE,140077.22,124523.4,121952.47,122241.05,62,Completed,-15553.820000000007,288.58000000000175
TXN0005562,2026-03-15,D003,R003,SUPPORT,67782.25,69224.56,57529.61,61160.68,85,Completed,1442.3099999999977,3631.0699999999997
TXN0005563,2025-08-11,D003,R003,HARDWARE,183923.73,129673.21,161701.23,167032.78,35,Completed,-54250.520000000004,5331.549999999988
TXN0005564,2024-04-19,D010,R002,HARDWARE,262426.49,292206.18,125430.27,114728.61,53,Completed,29779.690000000002,-10701.660000000003
TXN0005565,2026-09-24,D003,R003,SUBSCRIPTION,93342.11,100086.19,68517.55,70182.74,24,Completed,6744.080000000002,1665.1900000000023
TXN0005566,2024-09-03,D007,R004,HARDWARE,285182.35,251851.6,143269.43,156838.81,154,Completed,-33330.74999999997,13569.380000000005
TXN0005567,2026-07-13,D006,R003,HARDWARE,276269.93,297018.28,129774.0,132098.78,15,Completed,20748.350000000035,2324.779999999999
TXN0005568,2025-05-30,D001,R005,CONSULTING,113432.14,94529.82,75484.12,52868.64,23,Completed,-18902.319999999992,-22615.479999999996
TXN0005569,2026-08-01,D007,R004,HARDWARE,220177.79,235072.11,175380.84,178642.0,149,Completed,14894.319999999978,3261.1600000000035
TXN0005570,2024-11-23,D008,R004,SOFTWARE,150828.76,159109.67,112292.8,140517.97,32,Cancelled,8280.910000000003,28225.17
TXN0005571,2024-09-07,D010,R002,SUPPORT,75589.44,94603.92,63768.6,73106.64,167,Completed,19014.479999999996,9338.04
TXN0005572,2026-07-05,D008,R004,SOFTWARE,131656.41,159019.92,125110.89,147907.76,88,Completed,27363.51000000001,22796.87000000001
TXN0005573,2024-11-11,D008,R004,SOFTWARE,145568.14,116331.95,127855.34,133945.15,48,Completed,-29236.190000000017,6089.809999999998
TXN0005574,2024-02-24,D009,R001,SUPPORT,84138.64,88307.37,63000.24,59900.37,98,Pending,4168.729999999996,-3099.8699999999953
TXN0005575,2025-12-23,D005,R002,SUBSCRIPTION,184901.13,193370.1,90664.74,84973.02,68,Completed,8468.970000000001,-5691.720000000001
TXN0005576,2025-11-27,D005,R002,HARDWARE,178368.66,167645.79,104798.14,130812.26,153,Completed,-10722.869999999995,26014.119999999995
TXN0005577,2025-10-03,D001,R001,CONSULTING,124218.75,136887.31,73790.25,72166.91,90,Pending,12668.559999999998,-1623.3399999999965
TXN0005578,2025-09-30,D001,R001,CONSULTING,166026.12,189324.21,90165.63,104240.61,60,Completed,23298.089999999997,14074.979999999996
TXN0005579,2024-06-05,D003,R003,SERVICES,143828.28,134291.08,110081.13,129327.97,72,Pending,-9537.200000000012,19246.839999999997
TXN0005580,2025-05-15,D001,R005,SUPPORT,70959.83,68370.28,59348.51,70803.83,107,Cancelled,-2589.550000000003,11455.32
TXN0005581,2026-05-18,D007,R004,SERVICES,131073.24,139466.25,71644.69,86214.97,149,Completed,8393.01000000001,14570.279999999999
TXN0005582,2024-02-11,D003,R003,SERVICES,170130.01,169225.74,83873.61,84564.89,20,Cancelled,-904.2700000000186,691.2799999999988
TXN0005583,2024-02-17,D008,R004,HARDWARE,130690.44,120031.72,137466.61,173983.55,107,Completed,-10658.720000000001,36516.94
TXN0005584,2026-03-06,D008,R004,SOFTWARE,215334.41,248568.67,79115.01,91526.44,169,Pending,33234.26000000001,12411.430000000008
TXN0005585,2025-11-28,D001,R001,SOFTWARE,177330.59,188440.19,112301.7,104789.44,178,Completed,11109.600000000006,-7512.259999999995
TXN0005586,2025-03-03,D003,R005,SUBSCRIPTION,207998.39,215224.52,69741.76,66380.89,69,Completed,7226.129999999976,-3360.8699999999953
TXN0005587,2026-01-09,D010,R006,SUBSCRIPTION,169947.72,155988.0,91060.37,85124.71,46,Completed,-13959.720000000001,-5935.659999999989
TXN0005588,2025-01-31,D007,R004,SOFTWARE,171071.51,147039.11,140684.54,151635.41,180,Completed,-24032.400000000023,10950.869999999995
TXN0005589,2024-05-28,D004,R001,SUPPORT,101379.48,112710.55,46891.98,52765.99,157,Completed,11331.070000000007,5874.009999999995
TXN0005590,2024-10-27,D010,R002,SUPPORT,98998.92,95845.23,53436.59,37683.89,33,Completed,-3153.6900000000023,-15752.699999999997
TXN0005591,2024-06-23,D006,R003,CONSULTING,153690.19,102953.59,56433.7,67423.56,45,Completed,-50736.600000000006,10989.86
TXN0005592,2024-09-14,D007,R005,SUBSCRIPTION,149915.02,137529.28,62270.74,44100.1,42,Cancelled,-12385.73999999999,-18170.64
TXN0005593,2025-07-26,D004,R001,CONSULTING,115300.6,114245.74,84338.19,74332.59,51,Pending,-1054.8600000000006,-10005.600000000006
TXN0005594,2025-10-25,D001,R001,SUBSCRIPTION,110113.04,110239.56,82473.86,61329.35,130,Cancelled,126.52000000000407,-21144.510000000002
TXN0005595,2024-10-24,D009,R001,SERVICES,186529.19,212807.17,95960.9,106042.3,20,Pending,26277.98000000001,10081.400000000009
TXN0005596,2026-11-27,D004,R001,SUPPORT,108132.22,131278.29,51076.28,45930.38,11,Completed,23146.070000000007,-5145.9000000000015
TXN0005597,2024-04-18,D003,R003,SUBSCRIPTION,223157.51,203028.15,94365.82,90421.85,79,Completed,-20129.360000000015,-3943.970000000001
TXN0005598,2026-10-27,D007,R004,HARDWARE,270346.99,271451.5,144327.8,138723.32,153,Completed,1104.5100000000093,-5604.479999999981
TXN0005599,2026-02-10,D003,R003,HARDWARE,230596.64,268397.29,143976.66,158039.8,109,Completed,37800.649999999965,14063.139999999985
TXN0005600,2024-09-02,D010,R002,SUPPORT,124328.07,115808.64,41307.33,40785.67,170,Pending,-8519.430000000008,-521.6600000000035
TXN0005601,2025-10-06,D005,R002,SUPPORT,87265.99,75548.7,68356.4,48496.95,92,Completed,-11717.290000000008,-19859.449999999997
TXN0005602,2026-11-08,D006,R003,CONSULTING,143093.03,188665.8,95026.51,92711.88,69,Pending,45572.76999999999,-2314.62999999999
TXN0005603,2025-06-18,D008,R004,SUBSCRIPTION,114199.33,105207.68,94674.93,108577.77,8,Pending,-8991.650000000009,13902.840000000011
TXN0005604,2025-12-07,D001,R001,SUPPORT,112480.91,116612.69,71313.58,83437.95,111,Completed,4131.779999999999,12124.369999999995
TXN0005605,2026-07-06,D008,R004,SOFTWARE,177573.25,194272.49,146826.07,127941.95,27,Completed,16699.23999999999,-18884.12000000001
TXN0005606,2026-07-18,D010,R002,SUBSCRIPTION,176103.18,203193.42,103615.16,111666.99,44,Cancelled,27090.24000000002,8051.830000000002
TXN0005607,2024-05-05,D005,R002,SUBSCRIPTION,153405.41,165233.1,85510.11,86511.89,158,Completed,11827.690000000002,1001.7799999999988
TXN0005608,2026-01-04,D009,R001,SERVICES,197349.41,206910.97,88742.56,66597.14,180,Completed,9561.559999999998,-22145.42
TXN0005609,2024-02-24,D007,R004,CONSULTING,107336.89,125211.43,50430.09,34088.08,5,Completed,17874.539999999994,-16342.009999999995
TXN0005610,2026-11-22,D004,R001,SOFTWARE,183285.03,168811.45,115797.45,123543.58,113,Completed,-14473.579999999987,7746.130000000005
TXN0005611,2026-03-25,D006,R003,SUPPORT,67319.04,82319.88,41631.27,45355.72,143,Cancelled,15000.840000000011,3724.4500000000044
TXN0005612,2026-02-04,D001,R001,SOFTWARE,115254.57,95373.67,124604.02,139790.17,101,Completed,-19880.90000000001,15186.150000000009
TXN0005613,2026-01-23,D008,R004,SUBSCRIPTION,182518.84,227023.39,108096.84,128422.08,167,Completed,44504.55000000002,20325.240000000005
TXN0005614,2025-01-25,D003,R003,SUBSCRIPTION,179753.21,124700.04,89901.54,101293.77,36,Completed,-55053.17,11392.23000000001
TXN0005615,2026-09-01,D005,R002,SUPPORT,119531.35,117901.63,56570.29,66340.83,65,Completed,-1629.7200000000012,9770.54
TXN0005616,2024-06-02,D005,R002,CONSULTING,173551.29,226714.99,68167.54,72155.07,26,Cancelled,53163.69999999998,3987.5300000000134
TXN0005617,2025-06-19,D010,R002,SUBSCRIPTION,118253.88,141613.55,68805.02,54893.13,147,Completed,23359.669999999984,-13911.890000000007
TXN0005618,2024-08-30,D009,R001,SUPPORT,100573.7,135020.31,53958.25,57324.18,125,Completed,34446.61,3365.9300000000003
TXN0005619,2026-03-30,D009,R001,SUPPORT,68020.86,74499.08,53353.59,60234.56,129,Completed,6478.220000000001,6880.970000000001
TXN0005620,2026-08-15,D006,R001,CONSULTING,94223.93,103343.81,83168.41,80083.26,171,Completed,9119.880000000005,-3085.1500000000087
TXN0005621,2024-04-29,D001,R001,HARDWARE,215546.45,270489.09,149609.33,138603.4,77,Completed,54942.640000000014,-11005.929999999993
TXN0005622,2026-02-02,D004,R001,SUBSCRIPTION,158870.48,165708.86,90936.47,100447.49,118,Cancelled,6838.379999999976,9511.020000000004
TXN0005623,2025-08-24,D007,R004,SERVICES,106116.02,107213.9,80908.27,53634.66,110,Completed,1097.87999999999,-27273.61
TXN0005624,2024-06-07,D001,R001,SOFTWARE,242996.3,230694.77,102051.0,112835.23,13,Cancelled,-12301.529999999999,10784.229999999996
TXN0005625,2024-05-08,D001,R006,SOFTWARE,156456.33,146580.62,112444.04,98625.56,132,Cancelled,-9875.709999999992,-13818.479999999996
TXN0005626,2026-01-02,D006,R005,SOFTWARE,164644.59,215250.05,114052.71,101427.14,17,Completed,50605.45999999999,-12625.570000000007
TXN0005627,2026-08-27,D007,R003,SUBSCRIPTION,172990.14,218641.34,88429.93,79510.77,46,Completed,45651.19999999998,-8919.159999999989
TXN0005628,2024-01-25,D007,R002,SOFTWARE,176389.09,172571.16,108709.75,113048.07,177,Completed,-3817.929999999993,4338.320000000007
TXN0005629,2026-01-16,D010,R002,CONSULTING,127794.09,108054.87,75458.64,67434.72,164,Cancelled,-19739.22,-8023.919999999998
TXN0005630,2025-11-14,D008,R004,CONSULTING,123876.71,97949.85,93616.85,71181.86,168,Completed,-25926.86,-22434.990000000005
TXN0005631,2026-07-13,D010,R002,SUBSCRIPTION,186502.2,201287.62,63564.24,61129.74,84,Completed,14785.419999999984,-2434.5
TXN0005632,2025-12-06,D003,R003,CONSULTING,140359.69,159647.6,88247.51,80349.36,176,Completed,19287.910000000003,-7898.149999999994
TXN0005633,2025-05-08,D001,R001,CONSULTING,117946.1,107817.5,68945.77,68667.62,33,Completed,-10128.600000000006,-278.15000000000873
TXN0005634,2026-01-20,D004,R001,SOFTWARE,208186.68,231018.22,114381.64,112589.3,28,Completed,22831.540000000008,-1792.3399999999965
TXN0005635,2025-04-15,D004,R001,SUBSCRIPTION,138344.08,125974.01,82344.7,108051.32,118,Pending,-12370.069999999992,25706.62000000001
TXN0005636,2026-05-07,D007,R004,SUPPORT,85067.34,86382.84,47446.19,55204.0,102,Cancelled,1315.5,7757.809999999998
TXN0005637,2024-10-01,D002,R002,CONSULTING,128642.09,127558.99,67268.48,77104.96,140,Completed,-1083.0999999999913,9836.48000000001
TXN0005638,2026-07-26,D006,R003,SOFTWARE,194382.9,222960.43,92964.0,82975.54,82,Cancelled,28577.53,-9988.460000000006
TXN0005639,2025-02-09,D001,R001,SUBSCRIPTION,119149.96,131908.52,71977.63,82287.67,162,Pending,12758.559999999983,10310.039999999994
TXN0005640,2025-12-07,D009,R001,HARDWARE,202798.88,221677.07,130219.72,135494.04,155,Cancelled,18878.190000000002,5274.320000000007
TXN0005641,2025-11-22,D001,R001,SERVICES,139319.17,162847.28,75767.37,76966.75,133,Pending,23528.109999999986,1199.3800000000047
TXN0005642,2025-12-29,D003,R003,SOFTWARE,190914.74,173396.94,94630.68,94802.72,118,Completed,-17517.79999999999,172.04000000000815
TXN0005643,2026-06-13,D005,R002,SUBSCRIPTION,142406.43,138295.82,91302.9,89046.31,58,Completed,-4110.609999999986,-2256.5899999999965
TXN0005644,2025-11-10,D005,R002,SUBSCRIPTION,126696.21,118978.19,70279.37,71294.71,42,Pending,-7718.020000000004,1015.3400000000111
TXN0005645,2024-04-07,D010,R002,SOFTWARE,180955.51,134847.47,137427.15,147847.3,19,Cancelled,-46108.04000000001,10420.149999999994
TXN0005646,2026-12-30,D006,R003,SOFTWARE,152493.62404958677,155988.0,102816.66,112112.51,69,Pending,3494.375950413232,9295.849999999991
TXN0005647,2025-10-20,D007,R004,SUBSCRIPTION,186123.03,234383.54,112765.63,109154.25,157,Completed,48260.51000000001,-3611.3800000000047
TXN0005648,2026-04-23,D003,R006,SUBSCRIPTION,133435.32,118575.53,89529.15,92919.39,35,Cancelled,-14859.790000000008,3390.2400000000052
TXN0005649,2025-10-02,D004,R006,SUPPORT,93956.18,86005.72,61295.51,49788.44,171,Completed,-7950.459999999992,-11507.07
TXN0005650,2024-10-29,D009,R005,SERVICES,136758.37,135433.62,99167.07,97252.38,173,Pending,-1324.75,-1914.6900000000023
TXN0005651,2026-11-10,D005,R002,SUBSCRIPTION,175682.13,155988.0,85505.58,90517.03,174,Completed,-19694.130000000005,5011.449999999997
TXN0005652,2025-08-30,D001,R001,HARDWARE,190103.06,198825.78,111560.97,119201.47,144,Completed,8722.720000000001,7640.5
TXN0005653,2024-07-27,D010,R002,CONSULTING,115072.18,101472.37,84639.81,92071.09,161,Completed,-13599.809999999998,7431.279999999999
TXN0005654,2026-08-21,D002,R002,HARDWARE,241903.58,236034.7,172799.63,172541.57,179,Completed,-5868.879999999976,-258.0599999999977
TXN0005655,2026-04-07,D010,R002,HARDWARE,206985.35,186301.04,175693.15,170099.32,83,Pending,-20684.309999999998,-5593.829999999987
TXN0005656,2025-05-22,D001,R001,SUBSCRIPTION,175151.68,146440.99,84621.33,107161.98,121,Completed,-28710.690000000002,22540.649999999994
TXN0005657,2026-08-29,D008,R004,HARDWARE,208330.8,214537.51,126787.2,122235.35,51,Completed,6206.710000000021,-4551.849999999991
TXN0005658,2025-10-01,D005,R002,CONSULTING,148503.6,154411.82,85120.02,104141.74,132,Completed,5908.220000000001,19021.72
TXN0005659,2024-10-22,D009,R006,HARDWARE,243050.4,309020.56,141411.07,140501.66,164,Completed,65970.16,-909.4100000000035
TXN0005660,2026-10-28,D007,R004,CONSULTING,161601.22,167880.87,75734.5,81513.9,137,Cancelled,6279.649999999994,5779.399999999994
TXN0005661,2026-10-12,D008,R004,SUBSCRIPTION,137181.8,113778.71,94622.7,70974.51,123,Pending,-23403.089999999982,-23648.190000000002
TXN0005662,2026-11-16,D006,R003,HARDWARE,267843.48,281714.22,131555.11,138094.69,71,Pending,13870.73999999999,6539.580000000016
TXN0005663,2025-07-22,D005,R002,SERVICES,127542.38,123713.27,80846.0,76858.96,6,Completed,-3829.1100000000006,-3987.0399999999936
TXN0005664,2025-12-03,D010,R002,SERVICES,138836.72,159208.71,102677.24,93569.38,111,Completed,20371.98999999999,-9107.86
TXN0005665,2025-07-01,D006,R003,CONSULTING,133450.68,124610.27,86095.35,82890.75,121,Completed,-8840.409999999989,-3204.600000000006
TXN0005666,2025-03-03,D002,R002,SUBSCRIPTION,160873.33,166167.27,94568.76,104631.99,69,Pending,5293.940000000002,10063.23000000001
TXN0005667,2024-08-15,D004,R001,SOFTWARE,235319.15,282416.1,82145.19,79667.78,44,Completed,47096.94999999998,-2477.4100000000035
TXN0005668,2026-07-09,D009,R001,HARDWARE,221082.78,196793.65,124699.36,135364.9,159,Completed,-24289.130000000005,10665.539999999994
TXN0005669,2025-12-16,D007,R004,SUPPORT,82976.06,80544.09,63071.79,58916.64,109,Completed,-2431.970000000001,-4155.1500000000015
TXN0005670,2026-03-04,D002,R002,CONSULTING,111459.78,106826.2,73571.66,85101.93,39,Completed,-4633.580000000002,11530.26999999999
TXN0005671,2026-11-08,D004,R001,SOFTWARE,173067.51,223085.11,101773.93,127010.28,12,Pending,50017.59999999998,25236.350000000006
TXN0005672,2024-02-03,D006,R003,SUBSCRIPTION,110410.99,136321.34,92964.0,142149.09,85,Completed,25910.34999999999,49185.09
TXN0005673,2024-09-24,D002,R002,SERVICES,126556.17,125603.7,47108.39,40778.74,120,Completed,-952.4700000000012,-6329.6500000000015
TXN0005674,2026-06-20,D004,R001,SERVICES,123748.15,102885.76,74915.31,73750.4,177,Completed,-20862.39,-1164.9100000000035
TXN0005675,2024-11-27,D008,R006,SUPPORT,91858.7,104717.48,62738.73,78934.36,77,Completed,12858.779999999999,16195.629999999997
TXN0005676,2026-06-05,D008,R004,HARDWARE,143189.99,106814.96,124347.45,151359.97,53,Completed,-36375.029999999984,27012.520000000004
TXN0005677,2025-05-03,D002,R002,SOFTWARE,181752.37,164289.06,88640.82,91799.94,144,Completed,-17463.309999999998,3159.1199999999953
TXN0005678,2026-09-26,D008,R004,SERVICES,170212.52,129998.78,82657.32,92870.54,143,Completed,-40213.73999999999,10213.219999999987
TXN0005679,2025-03-09,D007,R004,HARDWARE,128029.51,118121.46,102408.5,121729.46,93,Cancelled,-9908.049999999988,19320.960000000006
TXN0005680,2026-10-02,D009,R001,CONSULTING,142393.7,159668.23,59794.54,59456.43,64,Completed,17274.53,-338.1100000000006
TXN0005681,2024-12-06,D007,R004,HARDWARE,276422.56,302115.91,89494.35,75683.28,138,Completed,25693.349999999977,-13811.070000000007
TXN0005682,2026-05-12,D003,R003,SUBSCRIPTION,190081.56,127359.03,79857.86,95907.54,50,Completed,-62722.53,16049.679999999993
TXN0005683,2026-07-12,D003,R005,SUPPORT,97200.93,112841.37,54394.06,54726.53,143,Pending,15640.440000000002,332.47000000000116
TXN0005684,2025-12-07,D007,R004,HARDWARE,192574.37,219484.38,100517.36,110692.22,104,Cancelled,26910.01000000001,10174.86
TXN0005685,2024-12-25,D010,R002,HARDWARE,206725.57,203640.56,142895.78,153484.27,142,Cancelled,-3085.0100000000093,10588.48999999999
TXN0005686,2025-09-08,D003,R003,SUBSCRIPTION,179874.11,144643.69,79778.28,83343.37,119,Completed,-35230.419999999984,3565.0899999999965
TXN0005687,2024-11-06,D006,R003,SERVICES,138970.52,154429.47,100994.68,119047.98,176,Completed,15458.950000000012,18053.300000000003
TXN0005688,2026-07-31,D003,R003,SUBSCRIPTION,174244.89,168991.12,110954.06,107649.98,28,Completed,-5253.770000000019,-3304.0800000000017
TXN0005689,2025-01-03,D004,R001,SOFTWARE,202223.17,183546.46,90374.18,104812.14,115,Pending,-18676.71000000002,14437.960000000006
TXN0005690,2024-09-16,D009,R001,HARDWARE,286577.43,366114.28,128473.55,106803.02,118,Pending,79536.85000000003,-21670.53
TXN0005691,2025-11-23,D009,R001,CONSULTING,108756.18,128504.85,62777.93,69903.52,52,Pending,19748.670000000013,7125.590000000004
TXN0005692,2026-02-14,D003,R003,SUPPORT,98228.68,125524.8,55995.28,46544.72,12,Completed,27296.12000000001,-9450.559999999998
TXN0005693,2025-08-04,D003,R006,CONSULTING,128448.2,167886.68,78249.07,78823.54,73,Pending,39438.479999999996,574.4699999999866
TXN0005694,2026-12-04,D002,R002,SOFTWARE,172979.05,199575.19,119077.51,108094.3,51,Cancelled,26596.140000000014,-10983.209999999992
TXN0005695,2025-11-12,D004,R001,HARDWARE,253241.39,242079.78,142283.21,143805.7,167,Completed,-11161.610000000015,1522.4900000000198
TXN0005696,2024-12-21,D008,R004,CONSULTING,124193.58,130466.37,64767.26,70695.73,54,Completed,6272.789999999994,5928.469999999994
TXN0005697,2024-03-15,D008,R004,SUPPORT,76351.92,76181.88,47454.37,49276.46,19,Completed,-170.0399999999936,1822.0899999999965
TXN0005698,2025-12-31,D006,R003,SUBSCRIPTION,189823.52,166759.25,93351.41,106182.4,154,Pending,-23064.26999999999,12830.98999999999
TXN0005699,2025-03-27,D004,R005,CONSULTING,142486.15,180229.34,85422.67,95619.41,167,Completed,37743.19,10196.740000000005
TXN0005700,2024-02-16,D003,R003,CONSULTING,101224.72,117025.08,74338.62,79921.4,84,Completed,15800.36,5582.779999999999
TXN0005701,2025-01-12,D005,R005,HARDWARE,189093.47,173773.98,145967.46,95606.0,91,Completed,-15319.48999999999,-50361.45999999999
TXN0005702,2025-01-04,D007,R004,SUPPORT,97792.8,117018.81,65288.24,66432.7,153,Pending,19226.009999999995,1144.4599999999991
TXN0005703,2024-01-08,D008,R004,HARDWARE,152252.0,153836.17,152163.3,157971.96,31,Pending,1584.1700000000128,5808.6600000000035
TXN0005704,2024-05-21,D008,R004,SUBSCRIPTION,179217.16,172059.16,95215.8,83361.72,97,Cancelled,-7158.0,-11854.080000000002
TXN0005705,2026-03-29,D007,R004,HARDWARE,203392.86,203470.06,148167.75,130842.44,170,Pending,77.20000000001164,-17325.309999999998
TXN0005706,2026-02-17,D004,R001,HARDWARE,230861.64,288579.99,140959.31,162579.23,160,Completed,57718.34999999998,21619.920000000013
TXN0005707,2026-11-20,D005,R002,HARDWARE,212917.23,218348.19,168771.78,181953.28,176,Completed,5430.959999999992,13181.5
TXN0005708,2025-02-28,D007,R004,SERVICES,106085.05,96274.73,92880.83,107446.44,52,Completed,-9810.320000000007,14565.61
TXN0005709,2024-11-29,D010,R002,SUPPORT,99241.42,104006.9,46301.73,49827.41,77,Cancelled,4765.479999999996,3525.6800000000003
TXN0005710,2026-10-08,D010,R002,SUBSCRIPTION,142092.98,143619.41,102447.44,91003.84,117,Completed,1526.429999999993,-11443.600000000006
TXN0005711,2024-11-27,D001,R001,CONSULTING,106106.35,88364.48,69967.7,71599.14,66,Cancelled,-17741.87000000001,1631.4400000000023
TXN0005712,2025-07-25,D005,R002,SUBSCRIPTION,188800.0,215761.25,112502.66,106881.46,45,Pending,26961.25,-5621.199999999997
TXN0005713,2025-10-23,D005,R006,SOFTWARE,166206.75,176798.5,111506.03,113678.3,57,Completed,10591.75,2172.270000000004
TXN0005714,2024-06-04,D002,R002,SUPPORT,99851.83,122641.14,56055.55,54188.31,62,Completed,22789.309999999998,-1867.2400000000052
TXN0005715,2024-08-28,D010,R002,SUPPORT,106885.15,100799.2,48780.6,40562.12,66,Cancelled,-6085.949999999997,-8218.479999999996
TXN0005716,2024-10-21,D008,R004,CONSULTING,159874.2,164021.63,87404.53,91646.42,144,Completed,4147.429999999993,4241.889999999999
TXN0005717,2024-04-19,D004,R001,SUBSCRIPTION,172697.96,176479.67,92305.76,83786.2,87,Cancelled,3781.710000000021,-8519.559999999998
TXN0005718,2026-01-19,D002,R005,SOFTWARE,141548.61,170893.87,146333.25,145139.91,60,Completed,29345.26000000001,-1193.3399999999965
TXN0005719,2025-10-29,D008,R004,SERVICES,165634.48,155988.0,56264.72,62670.1,108,Pending,-9646.48000000001,6405.379999999997
TXN0005720,2026-10-07,D001,R001,SUPPORT,61713.28,61638.94,50195.07,44465.9,130,Completed,-74.33999999999651,-5729.169999999998
TXN0005721,2025-10-14,D009,R001,SOFTWARE,185660.59,185395.07,115859.44,113448.34,102,Completed,-265.5199999999895,-2411.100000000006
TXN0005722,2026-01-23,D010,R002,SUBSCRIPTION,128840.49,117199.71,105574.46,128644.97,123,Cancelled,-11640.779999999999,23070.509999999995
TXN0005723,2025-11-28,D005,R002,CONSULTING,128612.98,144860.25,80811.54,70162.3,150,Completed,16247.270000000004,-10649.23999999999
TXN0005724,2024-02-22,D010,R002,HARDWARE,279848.51,302247.88,147628.43,106523.35,92,Completed,22399.369999999995,-41105.07999999999
TXN0005725,2024-01-10,D004,R001,CONSULTING,106323.27,100070.33,68030.93,69232.07,149,Completed,-6252.940000000002,1201.140000000014
TXN0005726,2026-01-16,D008,R004,SUBSCRIPTION,106467.44,128282.86,75886.96,78624.02,78,Completed,21815.42,2737.0599999999977
TXN0005727,2024-11-24,D009,R001,HARDWARE,258498.61,245246.39,136722.71,138578.42,85,Completed,-13252.219999999972,1855.710000000021
TXN0005728,2026-07-17,D006,R003,SOFTWARE,206110.51,243305.23,94512.53,103211.11,176,Cancelled,37194.72,8698.580000000002
TXN0005729,2026-03-18,D009,R001,SOFTWARE,199423.4,234932.66,86824.86,67189.77,171,Completed,35509.26000000001,-19635.089999999997
TXN0005730,2025-01-13,D002,R002,SUBSCRIPTION,140715.77,158364.83,107555.46,106649.28,28,Completed,17649.059999999998,-906.1800000000076
TXN0005731,2025-08-28,D006,R003,SUPPORT,86832.48,89930.92,57749.29,59492.59,86,Completed,3098.4400000000023,1743.2999999999956
TXN0005732,2024-04-10,D001,R001,SOFTWARE,155984.23,142395.84,138103.83,123229.73,126,Pending,-13588.390000000014,-14874.099999999991
TXN0005733,2025-02-18,D010,R002,CONSULTING,131449.79,146627.74,64368.0,54977.3,11,Cancelled,15177.949999999983,-9390.699999999997
TXN0005734,2025-01-21,D009,R001,SOFTWARE,251536.91,288536.4,99261.43,105157.81,97,Completed,36999.49000000002,5896.380000000005
TXN0005735,2024-11-12,D003,R003,SOFTWARE,159942.03,210175.02,113513.65,110187.03,77,Completed,50232.98999999999,-3326.6199999999953
TXN0005736,2025-02-14,D001,R001,SERVICES,115746.75,125518.18,106057.12,91306.22,116,Completed,9771.429999999993,-14750.899999999994
TXN0005737,2025-05-28,D005,R002,SOFTWARE,152461.3,154115.69,123137.65,143494.9,28,Completed,1654.390000000014,20357.25
TXN0005738,2026-10-01,D002,R002,SOFTWARE,238449.73,250086.67,78785.11,92038.27,173,Completed,11636.940000000002,13253.160000000003
TXN0005739,2024-05-05,D006,R003,HARDWARE,249336.83,305732.16,158529.37,206827.58,11,Completed,56395.32999999999,48298.20999999999
TXN0005740,2024-06-30,D008,R004,HARDWARE,221065.45,221181.69,140793.87,183135.44,39,Completed,116.23999999999069,42341.57000000001
TXN0005741,2024-01-17,D003,R003,CONSULTING,121971.31,131380.12,68598.54,48524.4,27,Cancelled,9408.809999999998,-20074.139999999992
TXN0005742,2025-02-21,D010,R002,SOFTWARE,199883.22,227082.36,111949.51,152419.62,82,Completed,27199.139999999985,40470.11
TXN0005743,2026-01-21,D005,R002,SUPPORT,88342.54,86301.34,60480.84,54568.84,126,Completed,-2041.199999999997,-5912.0
TXN0005744,2026-04-06,D004,R001,SUPPORT,86162.82,91563.75,67924.09,65519.83,50,Pending,5400.929999999993,-2404.2599999999948
TXN0005745,2025-01-15,D007,R004,SOFTWARE,179490.08,212896.68,123873.73,134771.88,131,Completed,33406.600000000006,10898.150000000009
TXN0005746,2024-08-26,D005,R002,SOFTWARE,134175.13,114348.66,130612.59,126218.56,43,Completed,-19826.47,-4394.029999999999
TXN0005747,2025-02-21,D003,R003,SUPPORT,84341.08,86493.94,46750.35,39806.42,133,Completed,2152.8600000000006,-6943.93
TXN0005748,2025-09-17,D004,R006,SUBSCRIPTION,97035.18,91281.07,92964.0,135635.8,148,Completed,-5754.109999999986,42671.79999999999
TXN0005749,2024-04-13,D003,R003,SUBSCRIPTION,159523.83,149518.24,71626.08,70810.53,147,Cancelled,-10005.589999999997,-815.5500000000029
TXN0005750,2026-02-16,D009,R001,SUBSCRIPTION,165128.75,207943.46,75985.74,73214.4,178,Pending,42814.70999999999,-2771.340000000011
TXN0005751,2025-01-20,D005,R002,SERVICES,159533.24,154982.15,78849.36,82416.08,34,Cancelled,-4551.0899999999965,3566.720000000001
TXN0005752,2024-03-14,D002,R002,SUBSCRIPTION,115907.0,97909.57,115780.45,122095.28,136,Completed,-17997.429999999993,6314.830000000002
TXN0005753,2025-10-19,D002,R001,SERVICES,132322.79,132686.84,68564.19,72965.99,105,Cancelled,364.04999999998836,4401.800000000003
TXN0005754,2025-04-23,D004,R001,SERVICES,118712.07,140618.16,95744.44,104626.79,115,Pending,21906.089999999997,8882.349999999991
TXN0005755,2024-05-21,D008,R006,SUPPORT,79043.19,65587.97,42961.18,44586.79,128,Completed,-13455.220000000001,1625.6100000000006
TXN0005756,2024-07-07,D001,R001,SERVICES,84331.21,71560.88,88518.84,92358.81,163,Completed,-12770.330000000002,3839.970000000001
TXN0005758,2025-02-25,D001,R001,SUPPORT,78277.18,54341.56,54699.27,53401.96,45,Completed,-23935.619999999995,-1297.3099999999977
TXN0005759,2026-01-23,D004,R001,HARDWARE,249457.2,206490.83,137318.53,95606.0,115,Completed,-42966.370000000024,-41712.53
TXN0005760,2025-07-12,D008,R006,CONSULTING,117661.72,139223.06,67051.14,62251.22,19,Pending,21561.339999999997,-4799.919999999998
TXN0005761,2024-10-11,D008,R004,SUPPORT,85771.97,93695.3,48374.29,56109.8,96,Pending,7923.330000000002,7735.510000000002
TXN0005762,2025-03-03,D003,R003,CONSULTING,151594.92,188875.0,63662.33,66907.29,35,Pending,37280.07999999999,3244.959999999992
TXN0005763,2026-10-15,D001,R001,SUPPORT,107040.12,95410.6,52118.44,63902.72,169,Cancelled,-11629.51999999999,11784.279999999999
TXN0005764,2024-04-22,D002,R002,SUPPORT,71017.73,68006.27,56371.84,54792.22,85,Pending,-3011.459999999992,-1579.6199999999953
TXN0005765,2026-02-15,D001,R001,SUBSCRIPTION,171689.53,145929.72,57525.9,72939.85,57,Completed,-25759.809999999998,15413.950000000004
TXN0005766,2024-02-16,D007,R004,CONSULTING,138522.8,142841.1,78763.69,90046.35,8,Completed,4318.3000000000175,11282.660000000003
TXN0005767,2026-03-23,D010,R002,CONSULTING,109736.76,114209.69,69915.71,69526.9,106,Cancelled,4472.930000000008,-388.8100000000122
TXN0005768,2025-05-22,D004,R001,SERVICES,127324.07,114867.92,71018.77,75946.49,60,Pending,-12456.150000000009,4927.720000000001
TXN0005769,2025-10-13,D001,R005,SUPPORT,92051.42,126346.91,63320.15,79889.02,138,Completed,34295.490000000005,16568.870000000003
TXN0005770,2025-07-15,D001,R001,SOFTWARE,209283.2,210296.5,97553.08,91506.53,172,Completed,1013.2999999999884,-6046.550000000003
TXN0005771,2025-08-01,D009,R001,SERVICES,124707.49,101127.59,79010.54,77725.97,60,Completed,-23579.90000000001,-1284.5699999999924
TXN0005772,2025-11-22,D004,R001,CONSULTING,126522.61,145618.9,66304.29,73663.48,141,Pending,19096.289999999994,7359.190000000002
TXN0005773,2026-12-13,D005,R002,SUPPORT,126257.74,124657.79,77268.62,76006.42,146,Completed,-1599.9500000000116,-1262.199999999997
TXN0005774,2025-05-13,D010,R002,SERVICES,179983.63,179748.43,93530.48,86596.73,124,Completed,-235.20000000001164,-6933.75
TXN0005775,2026-06-10,D010,R002,SUBSCRIPTION,160393.65,163024.19,72886.53,72883.61,52,Completed,2630.540000000008,-2.9199999999982538
TXN0005776,2024-10-16,D009,R001,HARDWARE,223827.5,237841.31,168005.44,193957.62,180,Completed,14013.809999999998,25952.179999999993
TXN0005777,2025-07-15,D009,R001,SUPPORT,87608.15,88485.86,35865.78,95606.0,96,Completed,877.7100000000064,59740.22
TXN0005778,2026-11-05,D002,R002,SOFTWARE,160884.65,213302.1,108103.27,96099.49,11,Completed,52417.45000000001,-12003.779999999999
TXN0005779,2025-04-26,D005,R002,SERVICES,173651.47,209169.76,80211.42,67941.52,114,Pending,35518.29000000001,-12269.899999999994
TXN0005780,2026-09-28,D009,R001,SERVICES,173204.08,181353.83,54194.51,47437.03,55,Pending,8149.75,-6757.480000000003
TXN0005781,2024-10-24,D010,R002,SERVICES,141049.6,145781.11,68803.72,65106.79,66,Cancelled,4731.50999999998,-3696.9300000000003
TXN0005782,2025-06-06,D001,R005,CONSULTING,120681.19,101125.05,84740.02,101053.24,117,Completed,-19556.14,16313.220000000001
TXN0005783,2025-07-14,D009,R001,CONSULTING,102974.55,107784.34,71090.3,95606.0,137,Pending,4809.789999999994,24515.699999999997
TXN0005784,2024-07-20,D008,R004,HARDWARE,214956.78,187665.27,168628.18,189144.95,105,Completed,-27291.51000000001,20516.77000000002
TXN0005785,2024-03-20,D008,R004,SERVICES,138759.66,99544.82,68053.67,73480.72,107,Completed,-39214.84,5427.050000000003
TXN0005786,2024-11-12,D002,R002,HARDWARE,105724.29,131034.25,137021.45,109613.06,152,Pending,25309.960000000006,-27408.390000000014
TXN0005787,2025-06-16,D008,R004,SOFTWARE,137157.91,141057.38,107118.21,102798.31,96,Cancelled,3899.470000000001,-4319.900000000009
TXN0005788,2025-05-07,D005,R005,SOFTWARE,131830.11,128578.35,73256.2,77305.59,69,Completed,-3251.75999999998,4049.3899999999994
TXN0005789,2024-08-18,D006,R003,SUBSCRIPTION,145930.31,148844.87,97350.58,90902.4,84,Completed,2914.5599999999977,-6448.180000000008
TXN0005790,2026-04-28,D007,R004,SOFTWARE,204021.85,153341.57,131716.88,129400.22,142,Pending,-50680.28,-2316.6600000000035
TXN0005791,2024-04-03,D002,R002,CONSULTING,152493.62404958677,144699.29,72351.93,74895.89,55,Pending,-7794.33404958676,2543.9600000000064
TXN0005792,2024-06-12,D002,R002,SUBSCRIPTION,132536.92,129634.3,79801.43,103571.41,107,Completed,-2902.62000000001,23769.98000000001
TXN0005793,2025-06-07,D006,R003,SUPPORT,80780.51,92319.74,50604.27,51331.35,102,Completed,11539.23000000001,727.0800000000017
TXN0005794,2026-10-22,D005,R002,CONSULTING,135516.0,151447.75,65319.4,45661.16,68,Pending,15931.75,-19658.239999999998
TXN0005795,2026-10-20,D009,R001,SERVICES,106311.69,102019.56,78007.71,96222.4,120,Completed,-4292.130000000005,18214.689999999988
TXN0005796,2025-08-17,D005,R002,SERVICES,116548.44,122813.02,71918.39,85534.64,178,Completed,6264.580000000002,13616.25
TXN0005797,2025-12-26,D006,R003,HARDWARE,231903.76,145871.96,117480.34,100092.09,177,Pending,-86031.80000000002,-17388.25
TXN0005798,2024-06-25,D007,R005,SOFTWARE,215151.56,215867.46,102458.93,131408.46,28,Cancelled,715.8999999999942,28949.53
TXN0005799,2024-07-11,D007,R004,SERVICES,149043.76,171807.05,74294.81,68938.93,132,Completed,22763.28999999998,-5355.880000000005
TXN0005800,2026-08-23,D004,R001,CONSULTING,133632.6,140324.67,64376.86,44911.82,73,Completed,6692.070000000007,-19465.04
TXN0005801,2026-06-30,D002,R002,SUPPORT,61932.39,76553.3,58876.99,54871.79,58,Pending,14620.910000000003,-4005.199999999997
TXN0005802,2024-04-23,D009,R001,HARDWARE,220744.6,228939.13,167570.53,220721.82,153,Completed,8194.529999999999,53151.29000000001
TXN0005803,2024-01-03,D008,R005,HARDWARE,247003.78,218577.65,163369.68,164689.94,159,Cancelled,-28426.130000000005,1320.2600000000093
TXN0005804,2024-08-03,D007,R002,HARDWARE,246428.77,302160.35,122794.11,101815.9,144,Completed,55731.57999999999,-20978.210000000006
TXN0005805,2025-06-15,D002,R002,SUPPORT,106191.32,136320.01,68373.06,58474.9,9,Completed,30128.690000000002,-9898.159999999996
TXN0005806,2025-05-30,D007,R002,SUPPORT,77884.38,71264.82,52693.61,56124.81,148,Completed,-6619.559999999998,3431.199999999997
TXN0005807,2026-07-08,D004,R001,CONSULTING,138086.29,169838.85,99930.51,71540.15,13,Completed,31752.559999999998,-28390.36
TXN0005808,2025-08-11,D007,R004,CONSULTING,151141.34,170815.6,77469.68,78508.58,174,Cancelled,19674.26000000001,1038.9000000000087
TXN0005809,2025-09-16,D006,R003,SOFTWARE,139384.55,112325.5,83258.0,84468.23,51,Cancelled,-27059.04999999999,1210.229999999996
TXN0005810,2026-03-03,D006,R003,SUBSCRIPTION,162439.35,186370.29,65051.12,76379.86,114,Cancelled,23930.940000000002,11328.739999999998
TXN0005811,2026-01-09,D006,R003,SOFTWARE,186616.0,227791.65,104843.19,122300.23,95,Pending,41175.649999999994,17457.039999999994
TXN0005812,2026-10-22,D003,R003,SERVICES,159452.08,169948.85,99593.88,104549.91,6,Completed,10496.770000000019,4956.029999999999
TXN0005813,2024-05-16,D002,R002,SUPPORT,79476.93,88114.13,52744.79,51852.24,170,Pending,8637.200000000012,-892.5500000000029
TXN0005814,2025-05-08,D004,R001,CONSULTING,137589.81,145418.5,77827.94,67538.33,86,Cancelled,7828.690000000002,-10289.61
TXN0005815,2024-08-28,D003,R003,SUPPORT,74069.7,66080.71,67329.96,88686.4,109,Completed,-7988.989999999991,21356.439999999988
TXN0005816,2026-05-15,D009,R001,SERVICES,159758.54,186107.44,74415.2,73147.72,76,Cancelled,26348.899999999994,-1267.479999999996
TXN0005817,2024-04-04,D010,R002,SOFTWARE,173947.4,184861.43,130670.71,148701.58,18,Completed,10914.029999999999,18030.86999999998
TXN0005818,2025-04-08,D008,R005,SERVICES,157463.95,176073.95,70014.03,56678.63,167,Completed,18610.0,-13335.400000000001
TXN0005819,2025-05-05,D008,R004,SOFTWARE,220021.44,240883.73,97316.27,128455.53,15,Completed,20862.290000000008,31139.259999999995
TXN0005820,2024-03-07,D010,R002,HARDWARE,146259.23,131151.56,172270.11,150432.32,78,Completed,-15107.670000000013,-21837.78999999998
TXN0005821,2024-02-11,D004,R001,HARDWARE,193368.51,154090.51,149538.21,157602.58,143,Completed,-39278.0,8064.369999999995
TXN0005822,2026-12-31,D004,R001,SUPPORT,52047.75,50158.08,42314.82,44930.66,125,Completed,-1889.6699999999983,2615.840000000004
TXN0005823,2024-12-09,D007,R004,SUBSCRIPTION,158378.09,152701.69,104186.77,107611.23,173,Completed,-5676.399999999994,3424.459999999992
TXN0005824,2025-10-29,D001,R001,SUBSCRIPTION,91891.27,116556.61,65765.47,63334.07,101,Completed,24665.339999999997,-2431.4000000000015
TXN0005825,2024-07-15,D008,R004,CONSULTING,171227.76,172882.22,60005.26,54726.37,26,Completed,1654.4599999999919,-5278.889999999999
TXN0005826,2024-12-05,D009,R001,SUPPORT,107862.55,104339.45,52438.97,51916.83,139,Pending,-3523.100000000006,-522.1399999999994
TXN0005827,2025-07-22,D001,R001,SUBSCRIPTION,172139.59,139635.24,82822.49,87980.81,23,Completed,-32504.350000000006,5158.319999999992
TXN0005828,2024-08-25,D008,R004,SOFTWARE,221799.1,227010.61,132868.27,127451.64,111,Completed,5211.50999999998,-5416.62999999999
TXN0005829,2025-11-06,D002,R002,CONSULTING,127371.16,132149.79,67288.09,65984.23,70,Pending,4778.630000000005,-1303.8600000000006
TXN0005830,2026-10-30,D007,R002,SUBSCRIPTION,196630.19,213287.78,97494.06,101935.0,66,Completed,16657.589999999997,4440.940000000002
TXN0005831,2024-12-19,D010,R002,HARDWARE,339164.58,330520.41,147614.6,150561.03,82,Pending,-8644.170000000042,2946.429999999993
TXN0005832,2026-11-23,D004,R001,SUPPORT,101758.23,105555.28,53314.68,48650.09,144,Completed,3797.050000000003,-4664.590000000004
TXN0005833,2026-09-15,D003,R003,SUPPORT,152493.62404958677,90529.67,80836.51,70891.96,79,Cancelled,-61963.95404958677,-9944.549999999988
TXN0005834,2026-08-18,D008,R004,SUBSCRIPTION,213277.36,209780.06,105136.32,107131.65,148,Cancelled,-3497.2999999999884,1995.3299999999872
TXN0005835,2025-11-05,D002,R002,HARDWARE,261218.54,213658.48,145661.67,149238.81,49,Completed,-47560.06,3577.139999999985
TXN0005836,2024-04-03,D002,R002,SUPPORT,112059.73,103426.77,61310.13,53940.73,145,Completed,-8632.959999999992,-7369.399999999994
TXN0005837,2024-03-05,D003,R003,SUBSCRIPTION,132440.24,127718.11,62628.85,58063.01,162,Pending,-4722.12999999999,-4565.8399999999965
TXN0005838,2024-10-30,D007,R004,SOFTWARE,172575.44,180850.16,142974.89,127752.93,143,Pending,8274.720000000001,-15221.960000000021
TXN0005839,2025-03-16,D006,R003,SERVICES,166856.93,161196.01,93272.62,90353.95,151,Completed,-5660.919999999984,-2918.6699999999983
TXN0005840,2026-12-20,D008,R006,CONSULTING,140509.91,151364.59,62383.71,71950.04,39,Completed,10854.679999999993,9566.329999999994
TXN0005841,2026-08-25,D001,R001,SERVICES,182974.64,168972.98,101288.44,97281.68,7,Cancelled,-14001.660000000003,-4006.7600000000093
TXN0005842,2026-09-25,D001,R001,SERVICES,179808.91,167771.82,81642.72,76017.51,138,Completed,-12037.089999999997,-5625.210000000006
TXN0005843,2026-03-05,D009,R001,SUPPORT,97167.48,121675.54,60104.81,80240.73,116,Cancelled,24508.059999999998,20135.92
TXN0005844,2024-12-03,D004,R001,CONSULTING,118815.3,159810.02,58109.68,54140.13,151,Cancelled,40994.71999999999,-3969.550000000003
TXN0005845,2024-12-11,D004,R001,HARDWARE,240079.99,267554.34,154878.43,187920.02,177,Pending,27474.350000000035,33041.59
TXN0005846,2026-06-20,D008,R004,SUBSCRIPTION,187539.98,191747.7,96840.82,87690.74,109,Completed,4207.720000000001,-9150.080000000002
TXN0005847,2026-08-30,D010,R002,SOFTWARE,190974.01,192745.97,86571.29,89751.85,78,Completed,1771.9599999999919,3180.560000000012
TXN0005848,2024-09-29,D006,R003,CONSULTING,132830.39,170862.7,81567.25,73854.57,114,Pending,38032.31,-7712.679999999993
TXN0005849,2024-02-07,D007,R004,HARDWARE,238496.59,282246.58,82009.72,111259.32,158,Cancelled,43749.99000000002,29249.600000000006
TXN0005850,2025-09-07,D003,R003,CONSULTING,116847.96,132172.74,51993.65,60360.26,132,Pending,15324.779999999984,8366.61
TXN0005851,2025-01-31,D010,R002,SOFTWARE,214727.62,268920.08,152196.38,157600.08,83,Completed,54192.46000000002,5403.6999999999825
TXN0005852,2025-01-15,D003,R003,SUBSCRIPTION,175592.22,175398.12,130727.84,131439.8,116,Completed,-194.10000000000582,711.9599999999919
TXN0005853,2024-04-29,D007,R004,SERVICES,167772.49,214934.3,104704.5,105227.12,60,Completed,47161.81,522.6199999999953
TXN0005854,2025-08-12,D007,R004,HARDWARE,190556.25,235997.16,152783.45,161496.36,48,Completed,45440.91,8712.909999999974
TXN0005855,2024-08-03,D008,R004,SOFTWARE,241513.2,283564.2,135099.94,96988.38,123,Completed,42051.0,-38111.56
TXN0005856,2025-11-17,D001,R001,SERVICES,127534.36,154557.18,95305.42,97641.29,27,Pending,27022.819999999992,2335.8699999999953
TXN0005857,2024-10-31,D009,R001,SUPPORT,102180.14,119202.36,45310.61,53339.78,74,Pending,17022.22,8029.169999999998
TXN0005858,2024-07-09,D007,R004,HARDWARE,244857.95,231942.59,130528.0,164619.89,37,Completed,-12915.360000000015,34091.890000000014
TXN0005859,2024-02-20,D009,R001,SUPPORT,101824.72,79750.07,44432.55,55460.8,20,Completed,-22074.649999999994,11028.25
TXN0005860,2025-03-03,D004,R001,CONSULTING,83465.57,81790.31,62052.43,42498.78,54,Completed,-1675.2600000000093,-19553.65
TXN0005861,2025-12-06,D008,R004,SERVICES,95926.76,101265.3,78041.64,77044.39,38,Completed,5338.540000000008,-997.25
TXN0005862,2026-03-30,D009,R001,SUPPORT,83593.17,86395.98,92964.0,36923.47,45,Cancelled,2802.8099999999977,-56040.53
TXN0005863,2026-10-15,D004,R001,SERVICES,124737.02,102521.25,91219.94,93222.97,177,Completed,-22215.770000000004,2003.0299999999988
TXN0005864,2025-01-03,D003,R003,SUBSCRIPTION,135066.72,113615.25,101603.54,92184.48,31,Completed,-21451.47,-9419.059999999998
TXN0005865,2026-08-23,D004,R001,SUPPORT,100289.08,109911.04,47192.47,60695.48,18,Completed,9621.959999999992,13503.010000000002
TXN0005866,2024-10-18,D009,R001,HARDWARE,256797.03,213329.4,142097.29,127036.34,172,Completed,-43467.630000000005,-15060.950000000012
TXN0005867,2025-02-22,D005,R002,SOFTWARE,206347.69,194997.63,81231.99,61442.56,119,Completed,-11350.059999999998,-19789.430000000008
TXN0005868,2025-06-02,D005,R002,SERVICES,148980.33,173367.51,74451.25,60730.03,179,Completed,24387.180000000022,-13721.220000000001
TXN0005869,2025-07-03,D009,R001,SUBSCRIPTION,254011.54,250051.68,108886.63,136835.95,141,Completed,-3959.860000000015,27949.320000000007
TXN0005870,2024-09-18,D006,R003,SOFTWARE,176312.15,196988.59,94868.21,77250.3,97,Pending,20676.440000000002,-17617.910000000003
TXN0005871,2025-05-07,D009,R001,SOFTWARE,188089.08,217954.59,103364.91,130571.19,123,Completed,29865.51000000001,27206.28
TXN0005872,2026-01-31,D008,R004,SUBSCRIPTION,183722.72,175136.92,71847.85,88284.33,180,Completed,-8585.799999999988,16436.479999999996
TXN0005873,2026-02-28,D008,R004,SUBSCRIPTION,173052.24,185258.83,100044.68,102348.88,143,Completed,12206.589999999997,2304.2000000000116
TXN0005874,2025-12-31,D007,R004,SUPPORT,107651.85,116256.91,53605.76,54352.71,83,Completed,8605.059999999998,746.9499999999971
TXN0005875,2025-03-31,D003,R003,CONSULTING,123919.94,121606.34,69102.99,70308.3,123,Cancelled,-2313.600000000006,1205.3099999999977
TXN0005876,2025-10-23,D003,R003,SOFTWARE,172372.95,187241.95,126483.29,108129.32,57,Completed,14869.0,-18353.969999999987
TXN0005877,2026-05-27,D008,R004,SUBSCRIPTION,239422.51,196913.48,99805.55,93431.85,138,Cancelled,-42509.03,-6373.699999999997
TXN0005878,2024-09-28,D006,R003,HARDWARE,290578.89,327816.4,155005.09,145200.42,139,Cancelled,37237.51000000001,-9804.669999999984
TXN0005879,2024-03-18,D004,R001,SUBSCRIPTION,156252.17,169023.05,91836.63,60807.77,61,Cancelled,12770.879999999976,-31028.860000000008
TXN0005880,2026-08-17,D008,R004,SUBSCRIPTION,146858.08,161820.12,45598.11,40574.93,178,Cancelled,14962.040000000008,-5023.18
TXN0005881,2026-01-02,D004,R001,SOFTWARE,169482.81,180753.97,110450.67,114826.49,10,Completed,11271.160000000003,4375.820000000007
TXN0005882,2026-05-02,D003,R003,SUBSCRIPTION,118421.62,119540.72,91556.2,97226.17,153,Pending,1119.1000000000058,5669.970000000001
TXN0005883,2024-02-03,D006,R003,SOFTWARE,157692.07,188623.28,103714.41,123504.74,37,Completed,30931.209999999992,19790.33
TXN0005884,2026-09-12,D001,R001,CONSULTING,136712.75,126953.33,63850.38,56413.36,108,Completed,-9759.419999999998,-7437.019999999997
TXN0005885,2025-01-09,D007,R004,SERVICES,139841.87,135931.64,104157.54,122520.6,131,Pending,-3910.2299999999814,18363.060000000012
TXN0005886,2026-12-25,D008,R004,HARDWARE,232119.79,229453.07,139282.77,104832.99,114,Completed,-2666.720000000001,-34449.779999999984
TXN0005887,2024-01-07,D003,R003,HARDWARE,269150.3,286758.52,113279.8,104450.63,5,Completed,17608.22000000003,-8829.169999999998
TXN0005888,2024-10-27,D009,R001,HARDWARE,258936.76,268693.36,152927.09,152170.21,125,Pending,9756.599999999977,-756.8800000000047
TXN0005889,2025-12-22,D003,R003,HARDWARE,275282.69,366480.1,166904.51,198381.56,149,Pending,91197.40999999997,31477.04999999999
TXN0005890,2025-08-27,D004,R001,CONSULTING,122771.42,118166.92,61759.1,61818.54,57,Cancelled,-4604.5,59.44000000000233
TXN0005891,2025-10-06,D007,R004,SUBSCRIPTION,158624.72,159790.05,86780.3,86409.67,162,Completed,1165.3299999999872,-370.63000000000466
TXN0005892,2025-12-13,D010,R002,SERVICES,115012.6,113600.58,77745.21,81344.71,87,Completed,-1412.020000000004,3599.5
TXN0005893,2026-01-23,D007,R004,SUPPORT,113570.28,134159.27,53095.5,54091.25,55,Completed,20588.98999999999,995.75
TXN0005894,2024-05-03,D008,R006,SERVICES,133397.98,104417.12,94015.28,122050.29,18,Completed,-28980.860000000015,28035.009999999995
TXN0005895,2026-08-15,D002,R005,SUPPORT,83464.76,82116.52,65824.64,68512.98,57,Pending,-1348.2399999999907,2688.3399999999965
TXN0005896,2024-09-12,D007,R004,SUPPORT,73327.57,75851.64,56038.86,50172.15,94,Pending,2524.0699999999924,-5866.709999999999
TXN0005897,2025-01-15,D008,R004,SUPPORT,60666.31,73739.7,68818.57,47435.32,48,Completed,13073.39,-21383.250000000007
TXN0005898,2025-02-07,D005,R002,CONSULTING,97124.25,77032.95,67958.79,66994.6,149,Completed,-20091.300000000003,-964.1899999999878
TXN0005899,2026-12-03,D010,R002,CONSULTING,130221.47,113800.17,103291.99,118493.1,6,Completed,-16421.300000000003,15201.11
TXN0005900,2024-01-22,D010,R002,SUBSCRIPTION,172923.22,180840.31,82751.78,80096.98,82,Cancelled,7917.0899999999965,-2654.800000000003
TXN0005901,2024-02-16,D009,R001,SUPPORT,104150.49,100558.18,57766.03,57581.62,118,Completed,-3592.310000000012,-184.40999999999622
TXN0005902,2026-05-07,D003,R003,HARDWARE,295527.63,282156.75,140894.31,159639.78,147,Cancelled,-13370.880000000005,18745.47
TXN0005903,2026-01-01,D004,R001,SUBSCRIPTION,168865.07,174145.82,99168.05,116468.01,162,Completed,5280.75,17299.959999999992
TXN0005904,2024-04-29,D005,R002,CONSULTING,95866.89,96868.32,94397.9,98415.31,162,Completed,1001.4300000000076,4017.4100000000035
TXN0005905,2026-04-29,D010,R002,SOFTWARE,225953.16,231269.97,85173.23,95536.88,79,Completed,5316.809999999998,10363.650000000009
TXN0005906,2025-12-17,D007,R001,HARDWARE,212238.43,239649.28,142333.35,158547.65,130,Completed,27410.850000000006,16214.299999999988
TXN0005907,2025-06-09,D005,R002,SUBSCRIPTION,167829.54,158091.07,88052.16,74614.67,70,Pending,-9738.470000000001,-13437.490000000005
TXN0005908,2026-06-21,D004,R001,SERVICES,133776.49,122940.69,97221.88,103568.84,145,Completed,-10835.799999999988,6346.959999999992
TXN0005909,2024-02-03,D006,R003,SUBSCRIPTION,188491.04,169280.43,79122.55,78998.11,173,Completed,-19210.610000000015,-124.44000000000233
TXN0005910,2025-01-26,D007,R004,SOFTWARE,199261.45,188140.72,92964.0,126626.22,118,Cancelled,-11120.73000000001,33662.22
TXN0005911,2024-04-07,D005,R002,CONSULTING,126349.31,118651.19,60393.81,57879.06,156,Cancelled,-7698.119999999995,-2514.75
TXN0005912,2025-07-14,D009,R001,CONSULTING,113310.48,113745.38,57308.19,63668.53,67,Completed,434.90000000000873,6360.3399999999965
TXN0005913,2025-10-15,D006,R006,SUBSCRIPTION,112463.44,127060.75,82344.59,69877.18,163,Completed,14597.309999999998,-12467.410000000003
TXN0005914,2025-10-24,D009,R005,SUPPORT,65645.9,70125.18,55426.39,55554.49,19,Completed,4479.279999999999,128.09999999999854
TXN0005915,2026-03-16,D004,R006,HARDWARE,210147.97,193469.28,149669.7,149984.58,160,Completed,-16678.690000000002,314.87999999997555
TXN0005916,2025-04-20,D005,R002,HARDWARE,142945.85,119131.69,133420.8,120189.82,96,Completed,-23814.160000000003,-13230.979999999981
TXN0005917,2024-12-28,D009,R001,HARDWARE,280890.78,254389.95,130290.16,120262.39,33,Completed,-26500.830000000016,-10027.770000000004
TXN0005918,2024-06-03,D002,R002,CONSULTING,139029.21,132716.63,74852.28,57410.47,65,Cancelled,-6312.579999999987,-17441.809999999998
TXN0005919,2025-07-11,D008,R005,SERVICES,203257.75,201390.32,63622.62,74082.79,84,Pending,-1867.429999999993,10460.169999999991
TXN0005920,2024-02-01,D010,R002,CONSULTING,97875.73,114916.88,75548.4,72093.25,81,Cancelled,17041.15000000001,-3455.149999999994
TXN0005921,2025-06-15,D001,R001,CONSULTING,121203.27,104319.03,74547.15,98144.23,117,Completed,-16884.240000000005,23597.08
TXN0005922,2024-07-09,D008,R004,SUBSCRIPTION,186505.97,190777.73,82710.21,82461.67,173,Completed,4271.760000000009,-248.54000000000815
TXN0005923,2024-08-25,D007,R004,SERVICES,131744.63,138953.21,95135.42,98173.3,91,Completed,7208.579999999987,3037.8800000000047
TXN0005924,2026-09-04,D004,R001,SUPPORT,75373.92,61702.41,39047.47,46196.16,85,Completed,-13671.509999999995,7148.690000000002
TXN0005925,2026-10-26,D009,R001,SUPPORT,100869.18,102728.38,45007.7,45132.28,22,Cancelled,1859.2000000000116,124.58000000000175
TXN0005926,2025-04-10,D001,R006,SOFTWARE,230936.89,246198.51,103427.19,102600.27,138,Cancelled,15261.619999999995,-826.9199999999983
TXN0005927,2024-09-25,D004,R001,HARDWARE,250376.78,292792.1,174316.53,167027.82,144,Pending,42415.31999999998,-7288.709999999992
TXN0005928,2025-04-10,D007,R005,SUBSCRIPTION,153282.73,177287.52,98881.11,98277.32,85,Completed,24004.78999999998,-603.7899999999936
TXN0005929,2026-09-13,D001,R001,HARDWARE,277044.01,319229.04,153272.35,175784.19,54,Cancelled,42185.02999999997,22511.839999999997
TXN0005930,2024-05-20,D001,R001,SOFTWARE,175637.11,136274.65,115496.47,110494.72,52,Completed,-39362.45999999999,-5001.75
TXN0005931,2024-08-07,D006,R003,SOFTWARE,157726.39,162929.03,132616.7,109312.97,100,Cancelled,5202.639999999985,-23303.73000000001
TXN0005932,2024-04-07,D001,R001,SUPPORT,93211.25,76209.83,64813.48,71275.85,158,Completed,-17001.42,6462.370000000003
TXN0005933,2024-08-25,D010,R002,SUBSCRIPTION,163141.23,166454.41,79114.3,81771.75,53,Pending,3313.179999999993,2657.449999999997
TXN0005934,2024-04-09,D006,R006,HARDWARE,289571.45,274621.13,160101.71,200681.74,152,Completed,-14950.320000000007,40580.03
TXN0005935,2026-04-23,D010,R002,SUBSCRIPTION,206708.58,241433.71,108249.99,111377.76,141,Pending,34725.130000000005,3127.7699999999895
TXN0005936,2026-05-10,D002,R002,SUPPORT,87552.05,93773.33,48433.15,40870.93,24,Pending,6221.279999999999,-7562.220000000001
TXN0005937,2025-09-29,D001,R001,SUPPORT,104486.83,89972.28,57418.29,58893.24,161,Completed,-14514.550000000003,1474.949999999997
TXN0005938,2024-11-29,D010,R002,SUPPORT,95859.46,86321.06,49845.35,58869.19,147,Completed,-9538.400000000009,9023.840000000004
TXN0005939,2024-07-26,D001,R001,SUPPORT,83893.98,78457.5,52119.32,52141.09,158,Pending,-5436.479999999996,21.7699999999968
TXN0005940,2025-03-26,D002,R002,SUBSCRIPTION,166541.88,151928.98,81126.96,77137.09,58,Completed,-14612.899999999994,-3989.87000000001
TXN0005941,2025-12-23,D002,R002,HARDWARE,163725.1,142644.31,188752.68,205075.44,46,Completed,-21080.790000000008,16322.76000000001
TXN0005942,2024-03-25,D007,R001,HARDWARE,274660.66,300714.46,188099.24,232335.76,175,Completed,26053.800000000047,44236.52000000002
TXN0005943,2024-05-29,D004,R001,SUPPORT,102379.52,106038.4,69484.79,76909.28,125,Pending,3658.87999999999,7424.490000000005
TXN0005944,2026-02-28,D006,R003,HARDWARE,221166.84,261634.01,111297.33,134104.31,44,Pending,40467.17000000001,22806.979999999996
TXN0005945,2026-03-29,D005,R002,CONSULTING,121867.82,104840.97,61520.8,68411.74,32,Completed,-17026.850000000006,6890.940000000002
TXN0005946,2024-09-25,D003,R003,SUPPORT,96437.02,101479.54,68711.86,66940.19,13,Completed,5042.5199999999895,-1771.6699999999983
TXN0005947,2026-01-28,D001,R001,SUBSCRIPTION,174812.31,153307.21,78892.07,96136.59,23,Pending,-21505.100000000006,17244.51999999999
TXN0005948,2024-10-12,D006,R003,SOFTWARE,219909.11,193951.71,103458.57,121847.53,33,Completed,-25957.399999999994,18388.959999999992
TXN0005949,2024-09-05,D009,R001,SUPPORT,95312.99,91506.11,52915.29,58404.32,143,Completed,-3806.8800000000047,5489.029999999999
TXN0005950,2025-04-16,D002,R002,SERVICES,159134.48,155988.0,79940.99,90717.2,178,Cancelled,-3146.4800000000105,10776.209999999992
TXN0005951,2024-01-05,D010,R002,SERVICES,120330.92,154776.06,73165.11,73085.26,51,Completed,34445.14,-79.85000000000582
TXN0005952,2026-06-11,D006,R003,SUPPORT,87694.92,83320.15,51570.78,56887.08,131,Cancelled,-4374.770000000004,5316.300000000003
TXN0005953,2024-08-23,D003,R005,SERVICES,146226.02,114440.05,125836.07,109665.17,77,Completed,-31785.969999999987,-16170.900000000009
TXN0005954,2026-10-31,D010,R002,SUPPORT,128957.84,133269.98,50738.33,52594.87,159,Completed,4312.140000000014,1856.5400000000009
TXN0005955,2026-03-03,D001,R001,SUPPORT,82153.27,110805.91,41642.52,39521.78,167,Completed,28652.64,-2120.739999999998
TXN0005956,2024-09-04,D010,R002,SUBSCRIPTION,134764.12,129697.46,83600.15,97613.11,78,Completed,-5066.659999999989,14012.960000000006
TXN0005957,2024-05-13,D001,R001,SOFTWARE,206328.07,217017.47,109581.74,146926.12,41,Completed,10689.399999999994,37344.37999999999
TXN0005958,2026-11-28,D004,R001,SOFTWARE,174194.4,153751.51,138304.17,134487.16,36,Pending,-20442.889999999985,-3817.0100000000093
TXN0005959,2024-01-28,D005,R002,SUPPORT,90040.57,109976.15,43334.4,44354.55,69,Completed,19935.579999999987,1020.1500000000015
TXN0005960,2024-03-06,D007,R004,SUBSCRIPTION,176343.59,214284.3,74312.36,74409.81,161,Pending,37940.70999999999,97.44999999999709
TXN0005961,2025-04-28,D002,R002,SUBSCRIPTION,155125.51,157031.85,82779.87,90196.4,74,Pending,1906.3399999999965,7416.529999999999
TXN0005962,2025-12-22,D010,R002,HARDWARE,195960.97,249477.97,125058.31,149568.41,12,Pending,53517.0,24510.100000000006
TXN0005963,2025-11-11,D001,R001,SUPPORT,95012.37,96281.16,57484.52,75758.72,133,Completed,1268.7900000000081,18274.200000000004
TXN0005964,2026-07-24,D007,R004,SUPPORT,88150.75,104458.51,60560.62,60887.51,72,Completed,16307.759999999995,326.8899999999994
TXN0005965,2025-03-27,D007,R004,SUBSCRIPTION,181629.63,187093.6,96694.07,108640.42,180,Cancelled,5463.970000000001,11946.349999999991
TXN0005966,2024-03-24,D009,R001,HARDWARE,195372.94,189505.77,127977.47,135362.04,129,Completed,-5867.170000000013,7384.570000000007
TXN0005967,2024-09-06,D003,R003,HARDWARE,188361.53,202166.67,165300.57,155115.05,83,Completed,13805.140000000014,-10185.520000000019
TXN0005968,2026-05-01,D010,R002,HARDWARE,266145.95,207112.15,132714.96,144210.93,121,Pending,-59033.80000000002,11495.970000000001
TXN0005969,2026-12-28,D007,R004,SERVICES,123534.55,127326.26,80434.8,78706.96,78,Pending,3791.709999999992,-1727.8399999999965
TXN0005970,2024-06-24,D007,R004,SUBSCRIPTION,159438.31,208315.53,92643.27,89916.25,158,Completed,48877.22,-2727.020000000004
TXN0005971,2026-11-10,D004,R006,HARDWARE,190639.47,157227.5,101858.56,131505.54,40,Cancelled,-33411.97,29646.98000000001
TXN0005972,2026-07-02,D007,R004,HARDWARE,191865.28,145675.65,146451.22,196835.53,137,Completed,-46189.630000000005,50384.31
TXN0005973,2026-04-03,D010,R002,SERVICES,101314.54,102816.73,80092.29,88783.2,38,Cancelled,1502.1900000000023,8690.910000000003
TXN0005974,2024-04-09,D008,R004,SOFTWARE,136256.88,153354.39,130209.81,95606.0,104,Pending,17097.51000000001,-34603.81
TXN0005975,2026-03-28,D003,R003,SUBSCRIPTION,156158.29,116769.97,67866.48,79883.0,116,Completed,-39388.32000000001,12016.520000000004
TXN0005976,2024-09-18,D004,R001,SUBSCRIPTION,188467.72,193438.47,98749.12,98241.68,74,Pending,4970.75,-507.4400000000023
TXN0005977,2026-04-25,D009,R001,SUPPORT,108327.05,107547.11,58233.71,67116.94,128,Completed,-779.9400000000023,8883.230000000003
TXN0005978,2024-11-18,D002,R002,CONSULTING,94790.58,88548.79,71100.11,58067.9,132,Pending,-6241.790000000008,-13032.21
TXN0005979,2026-10-15,D005,R005,HARDWARE,174633.69,171346.36,171264.01,168767.44,38,Completed,-3287.3300000000163,-2496.570000000007
TXN0005980,2025-10-22,D002,R002,SERVICES,179264.09,178651.58,83215.91,107387.89,42,Completed,-612.5100000000093,24171.979999999996
TXN0005981,2024-06-11,D003,R003,HARDWARE,247761.91,249458.41,128026.84,102083.5,92,Pending,1696.5,-25943.339999999997
TXN0005982,2026-06-12,D001,R006,SUPPORT,89830.1,96760.38,44203.48,45669.62,163,Completed,6930.279999999999,1466.1399999999994
TXN0005983,2026-07-15,D010,R002,SOFTWARE,151975.23,155988.0,105019.68,103940.43,51,Completed,4012.7699999999895,-1079.25
TXN0005984,2025-11-26,D006,R003,SOFTWARE,140721.57,150375.13,115040.42,125048.56,43,Completed,9653.559999999998,10008.14
TXN0005985,2025-07-11,D006,R003,SERVICES,188191.2,178526.57,101188.73,117935.23,55,Completed,-9664.630000000005,16746.5
TXN0005986,2025-11-07,D004,R001,SUBSCRIPTION,178738.59,166734.28,108159.93,124014.75,100,Pending,-12004.309999999998,15854.820000000007
TXN0005987,2025-04-15,D001,R001,SUBSCRIPTION,129187.86,150126.85,85730.17,95606.0,78,Completed,20938.990000000005,9875.830000000002
TXN0005988,2024-10-09,D004,R001,SUPPORT,104018.91,118346.86,54453.62,48625.92,6,Cancelled,14327.949999999997,-5827.700000000004
TXN0005989,2025-08-07,D002,R002,SUBSCRIPTION,151477.39,182985.43,97716.04,113763.38,71,Completed,31508.03999999998,16047.340000000011
TXN0005990,2024-02-06,D002,R002,HARDWARE,272486.32,296947.34,150341.43,162435.78,76,Completed,24461.02000000002,12094.350000000006
TXN0005991,2026-11-14,D009,R001,CONSULTING,176784.15,186067.61,89091.67,84676.68,61,Completed,9283.459999999992,-4414.990000000005
TXN0005992,2026-11-08,D004,R001,SUPPORT,110273.29,121901.98,72881.17,67920.85,128,Cancelled,11628.690000000002,-4960.319999999992
TXN0005993,2024-02-04,D009,R001,HARDWARE,204280.54,179203.08,180087.1,234015.73,43,Completed,-25077.46000000002,53928.630000000005
TXN0005994,2024-10-28,D002,R002,SUBSCRIPTION,194238.67,191412.25,102188.35,103357.64,63,Completed,-2826.420000000013,1169.2899999999936
TXN0005995,2026-11-24,D004,R001,SUBSCRIPTION,149401.6,158678.7,74108.17,81955.29,25,Cancelled,9277.100000000006,7847.119999999995
TXN0005996,2026-02-23,D002,R002,SOFTWARE,152807.05,146872.44,102452.97,102895.73,43,Completed,-5934.609999999986,442.75999999999476
TXN0005997,2026-06-08,D003,R003,HARDWARE,254666.21,250056.61,176140.7,185652.34,137,Cancelled,-4609.600000000006,9511.639999999985
TXN0005998,2025-11-11,D007,R004,SUPPORT,150390.9,173333.61,61797.12,72547.89,97,Cancelled,22942.709999999992,10750.769999999997
TXN0005999,2025-11-12,D008,R004,HARDWARE,196116.68,189459.01,151088.27,173299.84,37,Pending,-6657.669999999984,22211.570000000007
TXN0006000,2026-10-25,D004,R001,HARDWARE,207344.77,179873.39,113514.64,104626.87,138,Cancelled,-27471.379999999976,-8887.770000000004
TXN0000324,2026-09-16,D005,R002,HARDWARE,160413.07,144858.99,162633.3,166402.46,67,Pending,-15554.080000000016,3769.1600000000035
TXN0005352,2026-05-05,D007,R004,SUBSCRIPTION,168321.04,166906.51,89763.33,70364.15,120,Completed,-1414.5299999999988,-19399.180000000008
TXN0000320,2024-11-12,D010,R002,SUBSCRIPTION,207230.98,189077.7,100686.64,102685.28,156,Cancelled,-18153.28,1998.6399999999994
TXN0005757,2025-08-18,D009,R001,CONSULTING,92084.42,100843.52,71573.74,71046.6,14,Completed,8759.100000000006,-527.1399999999994
TXN0004895,2024-09-11,D010,R002,SOFTWARE,195864.58,155988.0,115203.78,128019.26,128,Completed,-39876.57999999999,12815.479999999996
TXN0003822,2024-12-13,D007,R004,SUPPORT,91015.03,79791.9,58950.91,56333.98,19,Completed,-11223.130000000005,-2616.9300000000003
TXN0003265,2026-09-30,D006,R003,HARDWARE,322539.83,382163.98,148356.72,158736.8,118,Completed,59624.149999999965,10380.079999999987
TXN0001653,2026-12-21,D007,R004,SUBSCRIPTION,118204.68,143699.73,76690.54,101616.11,130,Completed,25495.050000000017,24925.570000000007
TXN0000795,2026-06-12,D003,R003,SERVICES,113327.3,146526.51,51026.37,46949.18,134,Pending,33199.21000000001,-4077.1900000000023
TXN0003380,2025-09-25,D001,R001,SUPPORT,114831.57,111817.0,63695.24,72474.65,12,Cancelled,-3014.570000000007,8779.409999999996
TXN0002025,2026-11-28,D007,R004,SUBSCRIPTION,158618.01,184208.65,70310.5,95606.0,71,Completed,25590.639999999985,25295.5
TXN0004635,2024-02-14,D004,R001,SUPPORT,90890.22,93610.5,51756.92,54971.36,162,Pending,2720.279999999999,3214.4400000000023
TXN0001452,2024-12-25,D009,R001,SUPPORT,88660.3,99448.83,64998.48,70752.34,21,Cancelled,10788.529999999999,5753.859999999993
TXN0004544,2024-10-15,D002,R002,SUBSCRIPTION,207358.15,236369.03,60951.04,68329.35,6,Pending,29010.880000000005,7378.310000000005
TXN0002081,2024-03-19,D002,R001,HARDWARE,196590.59,236780.03,152625.43,130138.31,115,Completed,40189.44,-22487.119999999995
TXN0000255,2025-02-08,D010,R002,HARDWARE,238053.16,189540.63,195228.05,259177.94,104,Pending,-48512.53,63949.890000000014
