Transaction_ID,Date,Department_ID,Region_ID,Product_Category,Budget_Revenue,Actual_Revenue,Budget_Expense,Actual_Expense,Headcount,Status
TXN0000001,2025-04-02 00:00:00,D002,R006,Services,152517.2,160356.97,83119.61,86479.52,40,Completed
TXN0000002,2024-03-06 00:00:00,,R001,Consulting,160532.29,113235.88,85332.01,112580.99,12,Completed
TXN0000003,2024-02-24 00:00:00,D004,R001,SUBSCRIPTION,146653.57,135614.1,83293.49,85433.93,148,Completed
TXN0000004,2025-07-23 00:00:00,D009,R001,Consulting,102211.3,109539.54,79821.25,77538.46,6,Completed
TXN0000005,2025-03-16 00:00:00,D007,R004,Services,141701.71,143758.25,65623.42,48526.24,91,Completed
TXN0000006,2025-12-05 00:00:00,D002,R002,Hardware,196214.71,207868.81,138232.71,129333.33,159,Completed
TXN0000007,2024-09-12 00:00:00,D001,R001,Subscription,183689.29,175188.9,"₹1,25,000",76749.54,101,Completed
TXN0000008,2026-01-10 00:00:00,D009,R001,Support,101963.16,83193.46,56508.04,49064.65,152,Completed
TXN0000009,2024-06-12 00:00:00,D002,R005,Hardware,161450.53,188691.95,128299.61,115507.99,64,Completed
TXN0000010,2026-01-17 00:00:00,D007,R004,Support,95250.16,75668.21,51611.28,68440.35,46,Completed
TXN0000011,2024-05-26 00:00:00,D006,R003,Hardware,260827.58,292566.6,166605.7,144819.58,160,Completed
TXN0000012,2026-08-04 00:00:00,D009,R001,Services,148347.84,142152.36,98267.41,82408.22,102,Completed
TXN0000013,2024-04-24 00:00:00,D009,R001,Hardware,252176.02,293184.82,176464.77,169193.78,63,Completed
TXN0000014,2025-03-08 00:00:00,D006,R003, software ,191709.22,201603.44,137069.44,137944.43,150,Completed
TXN0000015,2026-07-28 00:00:00,D004,R001,Consulting,126958.56,125860.2,72364.07,77067.9,41,Completed
TXN0000016,2025-06-22 00:00:00,D003,R003,Subscription,202563.35,181183.92,82536.91,70826.15,154,Pending
TXN0000017,2024-10-10 00:00:00,D010,R002,Services,163068.13,188071.99,89471.02,82027.89,135,Pending
TXN0000018,2024-11-09 00:00:00,D002,R002,Software,157253.48,146805.27,104233.15,103297.13,165,Completed
TXN0000019,2026-02-20 00:00:00,D007,R004,Consulting,125115.05,123401.48,73147.42,69245.55,157,Pending
TXN0000020,2024-01-24 00:00:00,D009,R001,Subscription,155354.97,157003.29,95818.33,100341.24,179,Completed
TXN0000021,2025-11-27 00:00:00,D009,R001,Support,58915.91,59132.74,54766.68,44851.14,33,Completed
TXN0000022,2025-06-23 00:00:00,D007,R004,Software,173767.5,168094.43,115307.23,116309.59,133,Completed
TXN0000023,2025-09-03 00:00:00,D009,R001,Support,102814.72,104927.4,46997.39,54166.26,168,Cancelled
TXN0000024,31-02-2025,D010,R002,Hardware,180774.76,134589.47,131861.89,138852.65,143,Cancelled
TXN0000025,2024-02-09 00:00:00,D001,R001,Consulting,101098.17,103247.79,81758.88,79144.64,33,Completed
TXN0000026,2024-06-10 00:00:00,D005,R002,Services,160500.63,175573.82,68260.25,72301.01,26,Pending
TXN0000027,2024-09-14 00:00:00,D002,R002,Subscription,167484.62,170825.05,101258.25,100302.23,37,Pending
TXN0000028,2026-05-16 00:00:00,D009,R001,Subscription,167214.19,179122.71,94988.85,81018.53,59,Cancelled
TXN0000029,2026-02-03 00:00:00,D004,R001,Consulting,166979.93,172125.31,81761.81,82519.31,117,Cancelled
TXN0000030,2024-05-11 00:00:00,D008,R004,Services,169196.61,unknown,73838.72,91363.62,91,Completed
TXN0000031,2025-03-27 00:00:00,,R002,Subscription,152932.82,,79146.2,78791.42,6,Completed
TXN0000032,2025-11-07 00:00:00,D001,R001,Software,188964.78,215403.97,124558.43,142755.09,23,Cancelled
TXN0000033,31-02-2025,D004,R001,Consulting,139077.52,133723.05,65576.96,48682.13,143,Completed
TXN0000034,2026-08-26 00:00:00,D010,R002,Services,134368.74,99395.62,94710.41,122875.91,109,Completed
TXN0000035,2025-12-26 00:00:00,D002,R002,Consulting,105947.14,122909.68,57579.46,52640.82,113,Pending
TXN0000036,2024-07-20 00:00:00,D008,R004,Software,185611.06,197166.83,116781.59,97738.73,20,Pending
TXN0000037,2025-05-24 00:00:00,D006,R003,Software,191592.31,193168.63,119869.81,121736.87,54,Completed
TXN0000038,2025-01-10 00:00:00,D009,R001,Consulting,136588.29,159651.78,82247.64,106297.09,76,Pending
TXN0000039,2026-06-26 00:00:00,D004,R001,Software,198496.85,208136.73,129985.96,152823.31,145,Completed
TXN0000040,2024-01-31 00:00:00,D001,R001,Subscription,137742.63,160821.01,86589.81,55622.51,28,Completed
TXN0000041,2025-03-13 00:00:00,D003,R003,Consulting,140440.85,98757.76,56389.38,43910.76,107,Completed
TXN0000042,2025-06-27 00:00:00,D003,R003,Consulting,126446.3,,62894.62,62294.77,121,Completed
TXN0000043,2026-09-23 00:00:00,D007,R004,Support,90738.26,83447.75,49265.92,52139.41,44,Completed
TXN0000044,2024-05-04 00:00:00,D005,R002,Software,158558.12,162194.03,125002.83,113811.81,85,Completed
TXN0000045,2026-12-23 00:00:00,D001,R001,Subscription,125431.46,unknown,85183.18,84937.45,45,Completed
TXN0000046,2024-05-20 00:00:00,D009,R001,Services,108225.72,150413.0,97482.92,115615.74,157,Completed
TXN0000047,2025-05-19 00:00:00,D004,R001,Subscription,116242.14,119082.59,83027.03,98269.77,153,Cancelled
TXN0000048,2026-12-06 00:00:00,D001,R001,Consulting,104144.06,102881.22,75276.17,69977.39,85,Completed
TXN0000049,2025-05-03 00:00:00,D004,R001,Hardware,284643.49,314405.3,111820.72,72182.92,72,Pending
TXN0000050,2026-07-25 00:00:00,D003,R003,Hardware,266061.28,283776.69,145237.41,124327.66,85,Completed
TXN0000051,2024-07-23 00:00:00,D001,R001,Subscription,162010.3,217523.69,84451.48,84217.92,23,Cancelled
TXN0000052,2025-12-15 00:00:00,D004,R001,Services,193752.44,249576.68,58451.61,55165.4,22,Completed
TXN0000053,2025-09-11 00:00:00,D006,R003,Consulting,120317.25,135418.01,70005.11,52986.47,161,Cancelled
TXN0000054,2025-09-05 00:00:00,D001,R001,Subscription,170282.05,185701.29,80022.1,94292.08,174,Completed
TXN0000055,2024-11-14 00:00:00,D003,R003,Software,153140.56,162178.5,100140.81,115678.18,74,Completed
TXN0000056,2025-02-20 00:00:00,D010,R002,Hardware,270595.53,268679.94,131275.54,177031.11,180,Completed
TXN0000057,2024-07-08 00:00:00,D009,R001,Software,206743.49,178929.11,124317.77,143057.85,167,Pending
TXN0000058,2025-06-20 00:00:00,D005,R006,Services,157185.21,159000.55,,57719.38,46,Pending
TXN0000059,2024-01-20 00:00:00,D009,R001,Subscription,162793.48,166122.58,98570.26,92227.78,33,Completed
TXN0000060,30-10-2024,D003,R003,Hardware,265861.19,305632.6,163366.57,182667.49,115,Completed
TXN0000061,2026-01-02 00:00:00,D001,R001,Software,182456.07,176512.49,98081.95,111380.15,58,Completed
TXN0000062,2026-04-12 00:00:00,D002,R002,Subscription,171892.43,183773.76,81882.37,70231.49,163,Completed
TXN0000063,2026-04-24 00:00:00,D004,R001,Services,128129.83,96957.19,88155.88,109817.27,11,Completed
TXN0000064,2025-05-23 00:00:00,D006,R003,Consulting,108835.01,129448.55,73404.48,76588.49,73,Completed
TXN0000065,2026-08-21 00:00:00,D002,R002,Software,179383.87,131479.96,92355.48,86868.56,61,Completed
TXN0000066,2025-04-01 00:00:00,D008,R004,Services,153087.53,199816.85,105845.25,102364.19,11,Completed
TXN0000067,2025-07-25 00:00:00,D007,R004,Software,187260.6,153730.16,110221.63,117923.9,94,Cancelled
TXN0000068,2025-11-09 00:00:00,D007,R004,Subscription,201792.94,207375.79,103813.5,109664.21,12,Completed
TXN0000069,2024-03-19 00:00:00,D005,R002,Hardware,306716.2,263488.62,126247.48,108048.4,32,Cancelled
TXN0000070,2026-06-12 00:00:00,D007,R004,Hardware,189938.35,246128.54,148489.14,203917.67,160,Cancelled
TXN0000071,2025-01-24 00:00:00,D002,R002,Subscription,187372.21,190165.05,81692.59,78482.73,70,Completed
TXN0000072,2026-06-02 00:00:00,D007,R005,Hardware,266705.83,326307.88,134115.12,125873.77,22,Completed
TXN0000073,2025-09-07 00:00:00,D010,R002,Software,176288.91,176326.66,131785.57,129356.57,134,Completed
TXN0000074,2025-08-28 00:00:00,D007,R004,Support,82708.94,83142.0,60481.08,54355.12,146,Completed
TXN0000075,2024-12-22 00:00:00,D004,R001,Consulting,141011.33,151133.58,62324.35,58802.47,162,Cancelled
TXN0000076,2025-09-14 00:00:00,D005,R002,Software,230257.32,245094.71,112035.87,136564.75,78,Completed
TXN0000077,2025-10-21 00:00:00,D007,R004,Subscription,152829.83,144733.85,103990.62,79800.32,124,Pending
TXN0000078,2026-08-27 00:00:00,D008,R004,Subscription,132210.2,128407.3,99879.14,65581.52,48,Completed
TXN0000079,2025-11-17 00:00:00,D005,R002,Support,70831.21,86864.38,37054.76,36476.67,28,Completed
TXN0000080,2024-10-28 00:00:00,D005,R002,Services,181041.11,198658.34,66230.62,85910.94,11,Completed
TXN0000081,2024-05-29 00:00:00,D004,R001,Subscription,171061.08,162712.48,89529.2,90149.43,121,Pending
TXN0000082,2026-02-25 00:00:00,D010,R002,Support,95938.89,88038.14,46729.06,47895.79,131,Pending
TXN0000083,2024-01-12 00:00:00,D004,R001,Support,74031.24,66199.81,59435.61,41049.32,32,Pending
TXN0000084,2026-11-26 00:00:00,D004,R001,Support,88266.11,88277.83,45889.87,45049.65,123,Completed
TXN0000085,2026-07-23 00:00:00,D009,R001,Software,157328.89,180119.47,113766.05,146923.59,39,Pending
TXN0000086,2025-10-11 00:00:00,D009,R001,Subscription,177688.0,161712.63,100908.11,90603.03,118,Cancelled
TXN0000087,2026-07-02 00:00:00,D009,R001,Subscription,116362.5,120052.46,109682.99,127255.94,45,Pending
TXN0000088,2025-07-21 00:00:00,D008,R004,Services,217587.8,169425.89,100226.22,98913.47,138,Pending
TXN0000089,2025-08-08 00:00:00,D004,R001,Software,155494.24,107300.53,84968.33,78510.16,65,Completed
TXN0000090,2024-06-14 00:00:00,D006,R003,Subscription,208589.68,240373.29,102695.61,97541.08,40,Completed
TXN0000091,2025-03-14 00:00:00,D004,R001,Services,178382.73,173479.26,92329.18,76548.16,21,Pending
TXN0000092,2026-05-01 00:00:00,D007,R004,Consulting,145838.99,138846.16,99218.51,130695.48,20,Completed
TXN0000093,2024-02-10 00:00:00,D007,R004,Subscription,141261.49,unknown,82985.39,78334.27,152,Pending
TXN0000094,2026-03-09 00:00:00,D008,R006,Hardware,230710.09,184106.69,143834.48,145339.06,112,Cancelled
TXN0000095,2026-09-26 00:00:00,D009,R001,Services,152623.11,186008.92,,77137.94,61,Completed
TXN0000096,2025-11-19 00:00:00,D007,R004,Consulting,110090.97,101953.25,82938.48,81425.89,176,Pending
TXN0000097,2026-12-29 00:00:00,D003,R003,Services,146545.01,146174.96,72701.29,72218.9,11,Pending
TXN0000098,2024-06-20 00:00:00,D010,R002,Software,158880.51,166125.82,110834.22,94995.79,169,Pending
TXN0000099,2024-04-12 00:00:00,D003,R003,Services,161059.44,171377.15,69635.99,70408.34,71,Pending
TXN0000100,2025-11-22 00:00:00,D006,R003,Hardware,242852.06,282545.95,140289.35,178873.04,102,Completed
TXN0000101,2026-08-21 00:00:00,D007,R004,Software,182805.51,196204.58,107260.08,121536.83,9,Cancelled
TXN0000102,2025-04-04 00:00:00,D001,R001,Hardware,200690.79,187185.55,134964.65,167246.67,171,Completed
TXN0000103,2025-02-12 00:00:00,D001,R001,Services,161952.34,150538.85,80566.08,89223.5,10,Cancelled
TXN0000104,2024-08-22 00:00:00,D003,R003,Consulting,82907.18,89516.25,71725.6,74645.81,149,Completed
TXN0000105,2024-12-09 00:00:00,D008,R004,Hardware,252844.46,277759.57,93701.66,105020.52,160,Cancelled
TXN0000106,2025-09-29 00:00:00,D002,R002,Services,148530.11,158460.37,79352.08,84163.64,32,Cancelled
TXN0000107,2026-02-07 00:00:00,D001,R001,Subscription,146770.41,135486.8,77762.24,87707.01,106,Completed
TXN0000108,2025-05-12 00:00:00,D002,R002,Support,97759.47,96787.92,57936.23,64473.38,31,Completed
TXN0000109,2024-03-25 00:00:00,D010,R002,SUBSCRIPTION,147204.35,140993.48,95433.13,114628.39,93,Cancelled
TXN0000110,2026-11-02 00:00:00,D007,R004,Software,193395.29,165116.88,143031.61,146753.57,170,Completed
TXN0000111,2024-08-04 00:00:00,D001,R001,Consulting,139723.23,140774.13,75324.09,79483.13,115,Completed
TXN0000112,2024-12-26 00:00:00,D008,R004,Consulting,127461.38,131156.69,84825.32,111706.18,138,Completed
TXN0000113,2026-09-17 00:00:00,D010,R002,Subscription,214202.31,207868.83,109374.05,125327.32,124,Pending
TXN0000114,2024-06-26 00:00:00,D010,R002,Services,141404.27,149003.68,99881.0,96431.99,76,Pending
TXN0000115,2026-02-15 00:00:00,D004,R001,Subscription,130851.39,122595.64,66170.06,71433.29,91,Completed
TXN0000116,2026-09-25 00:00:00,D008,R004,SERVICES,131538.23,119639.01,107698.69,104617.46,59,Completed
TXN0000117,2025-07-19 00:00:00,D005,R002,Subscription,82329.66,106512.43,89218.15,91489.42,147,Completed
TXN0000118,2025-05-09 00:00:00,D009,R001,Software,171288.01,158984.36,90525.14,117943.25,109,Pending
TXN0000119,2026-09-02 00:00:00,D009,R001,Support,90225.65,80942.42,54787.7,61802.76,170,Pending
TXN0000120,2025-08-25 00:00:00,D008,R004,Software,178938.79,187839.29,100435.72,95001.01,61,Pending
TXN0000121,2026-01-25 00:00:00,D004,R001,Subscription,83652.07,81458.87,105717.7,109666.4,126,Cancelled
TXN0000122,2025-11-08 00:00:00,D009,R001,Support,67198.31,74598.65,48155.21,49989.53,95,Pending
TXN0000123,2024-09-04 00:00:00,D005,R002,Services,158186.14,110956.7,69644.9,62951.38,54,Completed
TXN0000124,2025-01-14 00:00:00,D002,R002,Support,70201.53,60124.71,61274.39,61026.28,54,Completed
TXN0000125,2026-12-10 00:00:00,D008,R004,Subscription,149604.17,162376.27,106694.35,103446.1,157,Completed
TXN0000126,2025-04-10 00:00:00,,R002,Hardware,232914.87,228314.91,115974.17,139454.54,97,Completed
TXN0000127,2024-04-03 00:00:00,D005,R005,Hardware,192107.99,192366.69,112323.7,120255.03,18,Cancelled
TXN0000128,2026-10-02 00:00:00,D005,R002,Services,87535.38,84483.83,108071.81,141850.41,31,Completed
TXN0000129,2026-06-21 00:00:00,D010,R002,Consulting,124153.22,140958.14,89416.15,102655.46,92,Completed
TXN0000130,2024-08-21 00:00:00,D001,R001,Consulting,131925.54,140695.4,55204.35,53540.96,21,Pending
TXN0000131,2024-11-01 00:00:00,D008,R005,Services,140464.54,130324.11,89727.11,84606.1,149,Completed
TXN0000132,2026-05-02 00:00:00,D002,R002,Software,193227.39,206664.45,80034.53,96363.55,160,Cancelled
TXN0000133,2026-02-18 00:00:00,D010,R002,Subscription,207965.66,179546.82,104606.93,115691.49,120,Pending
TXN0000134,2025-09-17 00:00:00,D005,R002,Consulting,110941.58,103000.09,76317.27,85468.49,150,Cancelled
TXN0000135,2024-07-22 00:00:00,D001,R001,Support,80093.41,76580.27,42621.38,44086.97,58,Completed
TXN0000136,2025-05-06 00:00:00,D005,R002,Services,116075.15,118232.85,120800.4,159421.57,49,Cancelled
TXN0000137,2026-07-11 00:00:00,D002,R002,Consulting,112048.15,117794.52,77483.64,79220.16,157,Pending
TXN0000138,2025-08-02 00:00:00,D005,R006,Support,89433.19,97347.08,70583.05,67933.96,121,Completed
TXN0000139,2025-02-09 00:00:00,D004,R001,Support,100245.01,89607.71,63558.48,66191.86,113,Completed
TXN0000140,2025-06-28 00:00:00,D009,R001,Services,138124.28,129203.44,93441.14,100189.19,41,Completed
TXN0000141,2025-08-14 00:00:00,D001,R001,Hardware,242167.7,256080.31,170074.11,185951.66,117,Completed
TXN0000142,2026-04-04 00:00:00,D008,R004,Support,96959.82,85311.23,56827.65,61985.97,74,Cancelled
TXN0000143,2024-03-22 00:00:00,D009,R001,Software,178718.41,212281.82,121994.41,138022.98,115,Completed
TXN0000144,2025-04-13 00:00:00,D888,R002,Software,183114.31,170064.53,101863.95,87533.79,177,Cancelled
TXN0000145,2025-07-05 00:00:00,D010,R002,Support,110343.25,95690.58,47127.46,46617.33,152,Completed
TXN0000146,2026-06-24 00:00:00,D003,R003,Support,106715.88,123019.49,41927.07,46367.48,76,Completed
TXN0000147,2024-07-05 00:00:00,D010,R002,Consulting,113361.01,111133.5,93137.66,102212.84,125,Completed
TXN0000148,2024-08-02 00:00:00,D007,R004,Support,115589.07,101501.92,50398.83,42329.94,46,Completed
TXN0000149,2026-03-31 00:00:00,D007,R004,Hardware,180236.03,147488.31,127187.1,92933.15,145,Completed
TXN0000150,2025-10-24 00:00:00,D008,R004,Hardware,281399.82,267549.87,121838.19,157148.51,34,Pending
TXN0000151,2026-08-04 00:00:00,D009,R001,Software,178397.38,190299.67,121876.82,109418.39,110,Completed
TXN0000152,2026-10-17 00:00:00,D004,R001,Subscription,168328.06,150873.71,125356.32,108313.85,165,Pending
TXN0000153,2024-09-25 00:00:00,D001,R001,Subscription,141643.25,125238.69,107121.84,,78,Pending
TXN0000154,2025-05-05 00:00:00,D008,R004,Support,76515.84,88723.74,59148.46,54630.85,45,Completed
TXN0000155,2025-04-05 00:00:00,D009,R006,Software,230139.17,184302.04,141607.45,161142.68,34,Pending
TXN0000156,2026-10-17 00:00:00,D002,R002,Services,147203.81,155045.13,89548.61,91311.83,79,Cancelled
TXN0000157,2026-08-25 00:00:00,D005,R002,Consulting,93965.32,97015.18,67111.89,66449.97,67,Pending
TXN0000158,2026-11-06 00:00:00,D009,R001,Services,139586.14,136845.28,101162.15,109770.4,39,Completed
TXN0000159,2025-11-27 00:00:00,D005,R002,Consulting,140342.56,132068.43,98455.96,116594.81,134,Completed
TXN0000160,2026-09-29 00:00:00,D001,R001,Hardware,,279803.56,156768.76,168369.71,43,Pending
TXN0000161,2026-02-11 00:00:00,D009,R001,Hardware,213382.12,216626.45,148403.76,168382.96,121,Completed
TXN0000162,2026-02-23 00:00:00,D004,R001,Services,140724.37,102391.7,102386.95,100497.09,64,Pending
TXN0000163,2026-02-19 00:00:00,D001,R001,Consulting,94403.24,98528.54,85074.44,89994.38,103,Completed
TXN0000164,2026-10-25 00:00:00,D008,R004,Services,146284.47,190648.34,106453.36,104958.77,156,Completed
TXN0000165,2024-07-23 00:00:00,D002,R002,Consulting,114955.24,115620.09,78360.13,80149.77,139,Pending
TXN0000166,2024-11-12 00:00:00,D001,R001,Consulting,151888.55,121754.0,57478.05,67246.48,24,Pending
TXN0000167,2026-03-25 00:00:00,D005,R002,Support,115361.49,117070.33,54421.4,48495.6,171,Completed
TXN0000168,2026-02-17 00:00:00,D006,R003,Subscription,172672.42,184593.09,82770.42,79084.33,86,Pending
TXN0000169,2025-08-11 00:00:00,D009,R005,Services,107736.33,141543.63,96865.42,84904.37,63,Completed
TXN0000170,2024-07-24 00:00:00,D007,R004,Support,119915.52,119751.41,45583.25,45206.94,118,Completed
TXN0000171,31-02-2025,D005,R002,Software,172183.95,149398.15,116196.17,90013.81,19,Completed
TXN0000172,2025-05-15 00:00:00,D006,R003,Services,137929.79,178469.39,100195.22,89724.76,140,Pending
TXN0000173,2024-12-14 00:00:00,D010,R002,Services,154358.14,178612.37,91088.84,98053.89,49,Completed
TXN0000174,2025-05-08 00:00:00,D010,R002,Subscription,157415.61,124751.89,110737.69,103932.55,132,Cancelled
TXN0000175,2025-06-04 00:00:00,D003,R003,Support,89349.44,76292.86,42409.18,43093.87,122,Completed
TXN0000176,2025-08-12 00:00:00,D001,R001,Consulting,114960.87,80510.3,53023.18,39291.81,178,Cancelled
TXN0000177,2025-09-04 00:00:00,D003,R006,Subscription,114383.6,115057.97,100949.97,115920.71,168,Pending
TXN0000178,2025-02-11 00:00:00,D005,R002,Hardware,219857.34,231104.3,118125.94,124188.17,103,Pending
TXN0000179,2026-01-05 00:00:00,D002,R002,Subscription,166001.42,129710.8,60599.02,58375.08,152,Completed
TXN0000180,01/17/2024,D005,R006,Hardware,291188.39,347180.97,159867.55,162033.08,149,Completed
TXN0000181,2025-04-16 00:00:00,D010,R002,Hardware,222361.36,243580.74,129991.07,153173.72,160,Completed
TXN0000182,2025-05-28 00:00:00,D004,R001,Subscription,190227.12,164417.56,82292.61,95347.86,178,Completed
TXN0000183,2024-03-21 00:00:00,D002,R002,Support,123619.23,121274.12,48935.15,55210.87,84,Pending
TXN0000184,2024-09-26 00:00:00,D001,R001,Support,84810.37,110439.49,58732.66,56295.87,28,Completed
TXN0000185,2025-02-15 00:00:00,D006,R003,Services,139386.26,139599.08,114134.88,120249.73,38,Cancelled
TXN0000186,2024-12-02 00:00:00,D006,R003,Hardware,244295.31,198057.24,121271.21,77637.49,70,Pending
TXN0000187,2024-08-23 00:00:00,D005,R002,Hardware,235809.24,239171.05,160014.95,148321.27,124,Completed
TXN0000188,2026-03-24 00:00:00,D003,R003,Services,145656.19,151696.8,99240.54,113995.69,147,Completed
TXN0000189,2025-06-25 00:00:00,D002,R002, software ,174406.88,171085.42,125552.41,137902.44,142,Completed
TXN0000190,2025-06-20 00:00:00,D008,R004,Support,79865.88,82676.74,58483.07,65777.96,154,Pending
TXN0000191,2026-08-23 00:00:00,D006,R003,Services,139356.04,132529.07,100949.11,106406.44,11,Cancelled
TXN0000192,2025-03-29 00:00:00,,R001,Subscription,193084.45,169351.73,64948.12,67828.14,170,Completed
TXN0000193,2026-04-16 00:00:00,D008,R004,Hardware,201479.03,258569.19,153038.89,142536.76,34,Completed
TXN0000194,2026-10-05 00:00:00,D001,R001,Hardware,259452.17,272658.85,133544.85,135805.24,34,Completed
TXN0000195,03/06/2026,D004,R001,Services,131213.97,92672.9,80250.1,99348.55,121,Completed
TXN0000196,2024-11-12 00:00:00,D009,R001,Support,96187.35,101026.04,58784.37,67170.05,111,Completed
TXN0000197,2024-03-08 00:00:00,,R004,Hardware,217164.59,223611.82,144136.44,186909.22,99,Completed
TXN0000198,2026-01-12 00:00:00,D008,R004,Services,141981.61,121556.35,57824.47,52063.6,30,Completed
TXN0000199,2026-01-04 00:00:00,D009,R001,Support,106167.76,110157.22,29512.95,28700.81,20,Pending
TXN0000200,2026-07-20 00:00:00,D005,R002,Software,199853.87,251321.82,91459.89,88906.44,28,Completed
TXN0000201,2025-11-14 00:00:00,D010,R002,Software,173821.89,185334.22,113826.82,132506.67,67,Completed
TXN0000202,2025-02-28 00:00:00,D010,R002,Subscription,229218.37,270676.49,89170.29,97902.11,155,Completed
TXN0000203,2024-01-06 00:00:00,D004,R001,Services,156096.0,157790.76,69455.13,70363.35,75,Completed
TXN0000204,2024-08-13 00:00:00,D003,R003,Services,138383.71,168178.05,89471.17,104433.86,174,Completed
TXN0000205,2025-10-25 00:00:00,D003,R005,Subscription,152968.29,156791.65,103882.86,111601.22,9,Completed
TXN0000206,2024-08-20 00:00:00,D005,R006,Subscription,151430.17,173037.04,109810.18,96689.04,21,Pending
TXN0000207,2024-08-11 00:00:00,D008,R004,Subscription,128427.28,122082.37,69263.27,64974.23,120,Cancelled
TXN0000208,2026-12-03 00:00:00,D004,R001,Software,159297.64,158376.34,86713.62,80751.18,82,Pending
TXN0000209,2026-05-23 00:00:00,D001,R006,Consulting,109516.62,97019.59,103389.62,125862.53,180,Completed
TXN0000210,2024-05-30 00:00:00,D008,R004,Consulting,93734.62,106280.06,55991.95,60505.83,25,Completed
TXN0000211,2025-07-17 00:00:00,D010,R002,Services,154987.81,202634.4,96606.45,70512.7,164,Cancelled
TXN0000212,2026-12-22 00:00:00,D009,R001,Consulting,127344.52,100652.69,75238.87,96957.28,80,Pending
TXN0000213,2024-08-22 00:00:00,D009,R001,Software,125148.2,126443.44,108269.22,112228.65,172,Cancelled
TXN0000214,2026-04-27 00:00:00,D004,R001,Services,163141.58,167428.14,63641.19,61604.62,91,Pending
TXN0000215,2025-10-02 00:00:00,D007,R004,Software,197821.69,177666.11,92957.14,99012.03,114,Completed
TXN0000216,2026-08-29 00:00:00,D005,R002,Services,99856.56,129070.31,90990.46,93808.72,22,Completed
TXN0000217,2026-02-02 00:00:00,D002,R002,Software,184057.27,235945.1,102442.46,107743.19,38,Cancelled
TXN0000218,2025-11-06 00:00:00,D001,R001,Subscription,139782.64,140208.87,80454.23,76350.68,176,Completed
TXN0000219,2026-05-16 00:00:00,D007,R004,Support,78361.8,87691.51,62875.33,62231.61,18,Completed
TXN0000220,2026-11-05 00:00:00,D010,R002,Software,152934.76,166674.03,147754.62,131844.79,59,Completed
TXN0000221,2025-12-18 00:00:00,D008,R004,Software,173996.68,132217.54,107715.16,122827.21,147,Completed
TXN0000222,2025-04-08 00:00:00,D002,R002,Subscription,143944.24,147437.37,70274.84,74770.16,114,Cancelled
TXN0000223,2024-02-23 00:00:00,D010,R002,Support,117178.75,126257.82,50128.42,68749.42,160,Completed
TXN0000224,2025-09-24 00:00:00,D001,R001,Support,83858.13,66669.62,53208.49,58957.3,91,Completed
TXN0000225,2026-03-31 00:00:00,D001,R001,Services,123638.21,102692.53,68354.41,66482.09,22,Completed
TXN0000226,2025-03-16 00:00:00,D001,R001,Subscription,169529.35,177386.43,102002.82,95608.05,101,Pending
TXN0000227,2025-09-30 00:00:00,D008,R004,Hardware,286233.87,291147.14,154721.24,136595.52,88,Cancelled
TXN0000228,2024-11-14 00:00:00,D010,R002,Software,197455.69,180858.41,93796.14,94508.76,45,Cancelled
TXN0000229,2026-06-26 00:00:00,D001,R001,Hardware,190873.01,192713.04,173677.36,197893.8,174,Pending
TXN0000230,2025-07-13 00:00:00,D008,R004,Consulting,152294.7,153254.94,77723.28,80669.73,60,Cancelled
TXN0000231,2025-08-03 00:00:00,D002,R002,Software,184326.73,206316.61,107316.53,106824.93,178,Cancelled
TXN0000232,2024-04-03 00:00:00,D008,R004,Hardware,147286.27,150705.76,156785.4,168109.09,61,Pending
TXN0000233,2025-03-08 00:00:00,D010,R005,Hardware,219759.59,282012.38,164452.99,188547.37,40,Completed
TXN0000234,2026-10-15 00:00:00,D005,R002,Software,209778.08,236434.54,104891.17,124989.83,115,Completed
TXN0000235,2025-04-16 00:00:00,D003,R003,Support,87165.65,80293.85,48349.44,50746.85,133,Cancelled
TXN0000236,2024-02-08 00:00:00,D006,R005,Consulting,149432.65,137352.9,81772.33,96524.19,122,Completed
TXN0000237,2026-04-08 00:00:00,D006,R003,Subscription,200037.98,177218.21,98032.47,101835.28,168,Pending
TXN0000238,2025-10-27 00:00:00,D005,,Software,160251.8,115789.18,106709.31,96234.84,48,Cancelled
TXN0000239,2024-06-29 00:00:00,D008,R004,Hardware,217208.25,208942.1,156286.84,163265.47,116,Completed
TXN0000240,2026-12-09 00:00:00,D004,R001,Consulting,97781.87,102581.57,83295.13,91991.7,25,Pending
TXN0000241,2025-11-13 00:00:00,D005,R002,Services,143746.42,180560.36,80415.63,77778.92,48,Completed
TXN0000242,2026-11-10 00:00:00,D009,R001,Subscription,148820.51,151616.91,92453.99,124476.52,54,Completed
TXN0000243,2024-10-29 00:00:00,D006,R003,Support,105382.78,100462.01,41932.9,40599.76,65,Completed
TXN0000244,2024-11-09 00:00:00,D003,R003,Services,110513.15,123861.67,60493.07,60757.48,172,Completed
TXN0000245,2026-10-08 00:00:00,D003,R003,Support,81150.84,81095.72,58447.88,58553.36,123,Cancelled
TXN0000246,2025-10-23 00:00:00,D010,R002,Subscription,163443.91,163269.17,75987.81,84026.21,165,Completed
TXN0000247,06/24/2026,D003,R003,Consulting,unknown,115068.21,65240.8,59030.76,166,Completed
TXN0000248,2026-11-05 00:00:00,D005,R002,Hardware,278258.34,314109.26,140143.69,188218.25,23,Completed
TXN0000249,2026-01-25 00:00:00,D008,R004, software ,160378.06,163080.43,142137.77,160793.29,78,Completed
TXN0000250,2026-02-26 00:00:00,D002,R002,Subscription,181372.35,192459.51,94309.81,96313.0,123,Cancelled
TXN0000251,2024-03-25 00:00:00,D009,R001,Support,97451.55,96136.39,49036.1,51894.21,120,Cancelled
TXN0000252,2026-10-23 00:00:00,D004,R001,Consulting,94689.66,89455.1,64185.17,75444.37,43,Completed
TXN0000253,2024-06-21 00:00:00,D008,R004,Hardware,266953.88,254362.79,161679.72,112019.98,134,Completed
TXN0000254,2026-06-18 00:00:00,D001,R001,Consulting,93009.26,92209.49,94256.22,84636.41,139,Cancelled
TXN0000255,2025-08-02 00:00:00,D010,R002,Hardware,238053.16,,195228.05,259177.94,104,Pending
TXN0000256,2025-11-16 00:00:00,D006,R003,Software,181847.23,196633.79,114727.22,136655.34,21,Completed
TXN0000257,2025-08-04 00:00:00,D002,R002,Consulting,116788.56,144265.32,65795.21,58501.58,69,Cancelled
TXN0000258,2024-10-16 00:00:00,D003,R003,Subscription,219218.77,279184.0,74113.8,71635.0,94,Completed
TXN0000259,2024-06-22 00:00:00,D007,R004,Support,94979.99,94378.35,62178.49,72126.94,84,Cancelled
TXN0000260,2024-09-18 00:00:00,D007,R004,Hardware,210151.83,247507.96,182290.42,216440.13,176,Cancelled
TXN0000261,2026-11-07 00:00:00,D002,R002,,129072.99,167211.86,60230.52,76319.56,97,Completed
TXN0000262,2025-11-30 00:00:00,D006,R003,Services,126678.86,128408.32,92974.55,112708.26,129,Completed
TXN0000263,2024-06-07 00:00:00,D004,R001,Services,146066.98,150285.69,120382.89,127697.97,80,Completed
TXN0000264,2026-12-14 00:00:00,D009,R001,Support,110893.99,101269.99,60924.0,57834.37,14,Completed
TXN0000265,2024-11-11 00:00:00,D010,R002,Consulting,111938.22,105958.81,,96982.27,46,Completed
TXN0000266,2026-06-15 00:00:00,D010,R002,Services,170155.11,165759.68,76706.95,57433.16,16,Pending
TXN0000267,2026-06-28 00:00:00,D006,R003,Services,136952.11,140997.44,90705.64,78553.33,161,Completed
TXN0000268,2025-09-25 00:00:00,D008,R004,Services,183519.49,203104.56,79564.95,77556.45,125,Completed
TXN0000269,2026-06-21 00:00:00,D006,R003,Subscription,116061.1,129938.37,108181.21,104408.98,123,Completed
TXN0000270,2024-11-27 00:00:00,D007,R004,Consulting,112304.43,129350.21,78244.14,85829.78,56,Cancelled
TXN0000271,2026-09-11 00:00:00,D003,R003,Software,213179.63,190234.22,120428.47,138477.9,100,Cancelled
TXN0000272,2024-09-12 00:00:00,D002,R002,Subscription,155098.68,178929.29,83473.52,92966.3,77,Completed
TXN0000273,2024-10-28 00:00:00,D003,R003,Subscription,127119.35,126590.2,87211.3,,116,Completed
TXN0000274,2024-02-24 00:00:00,D004,R001,Hardware,279932.61,349300.9,159634.83,218279.02,111,Completed
TXN0000275,2026-03-01 00:00:00,D007,R004,Services,170770.05,137947.08,92916.53,94759.94,25,Completed
TXN0000276,11/17/2025,D004,R005,Support,120530.3,111395.06,68580.54,63318.37,42,Completed
TXN0000277,2024-10-11 00:00:00,D001,R001,Consulting,132271.27,124257.57,74205.15,71101.64,125,Pending
TXN0000278,2025-06-08 00:00:00,D010,R005,Software,142094.69,130529.01,59448.19,60112.31,60,Completed
TXN0000279,2026-12-16 00:00:00,D009,R001,Subscription,207844.27,232631.24,83417.81,74494.13,113,Completed
TXN0000280,2024-04-07 00:00:00,D005,R002,Software,204821.0,261449.77,131594.02,114906.58,66,Pending
TXN0000281,2026-10-20 00:00:00,D010,R002,Software,151553.36,180864.18,95446.91,90003.98,157,Cancelled
TXN0000282,2025-05-10 00:00:00,D001,R001,Subscription,202989.43,150936.2,86095.82,87556.47,41,Completed
TXN0000283,2026-05-03 00:00:00,D007,R006,Services,158568.47,114544.44,81173.95,86986.84,52,Completed
TXN0000284,2026-12-13 00:00:00,D009,R001,Software,129373.51,142854.63,100688.67,125376.4,144,Cancelled
TXN0000285,2026-08-20 00:00:00,D009,R001,Consulting,131605.05,123529.39,59503.97,80895.96,16,Pending
TXN0000286,2026-01-01 00:00:00,D006,R003,Software,156199.23,172315.2,95739.56,100797.93,22,Completed
TXN0000287,2024-07-31 00:00:00,D004,R001,Support,96946.83,76517.07,61099.33,64343.81,153,Completed
TXN0000288,2024-12-24 00:00:00,D003,R006,Support,72631.35,68392.46,29292.12,40068.41,180,Pending
TXN0000289,2024-05-09 00:00:00,D008,R004,Services,80454.1,,71267.66,72355.84,122,Completed
TXN0000290,2024-03-26 00:00:00,D005,R002,Services,135391.01,107403.23,103698.32,116535.81,85,Completed
TXN0000291,2026-08-27 00:00:00,D009,R001,Subscription,146096.99,156930.51,76272.07,79177.2,69,Completed
TXN0000292,2025-11-10 00:00:00,D004,R001,Software,170545.31,224656.39,82487.84,94518.53,74,Completed
TXN0000293,2026-06-19 00:00:00,D006,R003,Consulting,120939.2,97038.36,114828.19,124060.87,103,Completed
TXN0000294,2026-01-22 00:00:00,D003,R003,Consulting,127548.58,136915.07,58510.54,70570.47,137,Completed
TXN0000295,2026-05-31 00:00:00,D002,,Software,165506.77,,132545.89,135449.21,159,Completed
TXN0000296,2024-06-12 00:00:00,D009,R001,Software,159148.99,180610.95,128127.31,145570.35,88,Completed
TXN0000297,2026-05-22 00:00:00,D005,R002,Support,74527.01,74614.2,58727.67,64770.94,47,Pending
TXN0000298,2025-12-23 00:00:00,D006,R003,Support,88709.81,109723.94,58980.87,62872.19,162,Pending
TXN0000299,2024-06-02 00:00:00,D005,R002,Software,173936.53,168570.78,127348.85,103085.25,176,Pending
TXN0000300,2024-11-23 00:00:00,D006,R003,Support,99390.06,82718.39,57867.01,65897.18,12,Completed
TXN0000301,2024-03-12 00:00:00,D010,R002,Consulting,128790.37,143103.37,92021.99,89822.62,37,Completed
TXN0000302,2026-01-11 00:00:00,D004,R001,Hardware,135974.55,127180.69,130898.53,147605.61,103,Cancelled
TXN0000303,2026-07-10 00:00:00,D001,R001,Support,103618.04,83556.47,59811.26,56585.73,99,Completed
TXN0000304,2024-10-08 00:00:00,D008,R004,Subscription,206522.82,225303.38,85358.59,88072.68,140,Completed
TXN0000305,2025-05-26 00:00:00,D007,R004,Hardware,235987.71,239771.42,144438.66,133994.56,34,Completed
TXN0000306,2024/08/29,D003,R003,Consulting,114546.11,108315.89,78446.1,88769.31,72,Completed
TXN0000307,2025-08-07 00:00:00,D008,R004,Subscription,185093.36,189796.84,70617.89,71708.91,130,Completed
TXN0000308,2026-07-14 00:00:00,D002,R002,Software,196650.61,230718.2,113160.64,135017.41,49,Pending
TXN0000309,2025-12-12 00:00:00,D002,R002,Hardware,236228.82,249235.37,139402.82,140720.69,21,Cancelled
TXN0000310,2024-11-18 00:00:00,D009,R001,Hardware,263840.39,259129.51,142207.16,138837.92,168,Completed
TXN0000311,2025-02-15 00:00:00,D006,R003,Software,190756.16,194450.52,113352.79,129213.71,40,Completed
TXN0000312,2024-09-22 00:00:00,D008,R006,Consulting,141623.24,97291.54,83482.87,111829.11,161,Completed
TXN0000313,2026-09-07 00:00:00,D002,R002,Support,81317.39,94837.24,62110.91,58701.6,139,Pending
TXN0000314,2024-09-13 00:00:00,D007,R004,Software,172759.7,130146.57,103852.02,94663.22,86,Completed
TXN0000315,2025-12-06 00:00:00,D008,R004,Subscription,129653.95,143515.15,"₹1,25,000",59887.23,37,Cancelled
TXN0000316,2026-06-05 00:00:00,D010,R002,Services,137367.88,158365.35,82704.02,63497.28,133,Completed
TXN0000317,2024-12-03 00:00:00,D002,R002,Hardware,183276.82,158868.73,150530.16,176016.03,46,Completed
TXN0000318,2025-08-04 00:00:00,D004,R001,Subscription,165459.95,161273.87,104415.06,95736.48,25,Completed
TXN0000319,2025-07-16 00:00:00,D004,R001,Subscription,174722.63,211249.61,109780.68,112318.76,37,Completed
TXN0000320,2024-12-11 00:00:00,D010,R002,Subscription,207230.98,,100686.64,102685.28,156,Cancelled
TXN0000321,2025-11-22 00:00:00,D003,R003,Subscription,222523.15,285108.69,87467.24,97942.79,149,Completed
TXN0000322,2025-06-26 00:00:00,D001,R001,Support,79913.08,71317.67,56712.55,55496.81,171,Completed
TXN0000323,2024-03-03 00:00:00,D010,R002,Support,83045.3,101235.25,48906.7,47745.73,132,Cancelled
TXN0000324,2026-09-16 00:00:00,D005,R002,hardware,160413.07,144858.99,162633.3,166402.46,67,Pending
TXN0000325,2024-05-02 00:00:00,D005,R002,Support,95170.63,94594.15,66795.96,66936.99,45,Pending
TXN0000326,2025-11-27 00:00:00,D007,R004,Services,145372.56,125231.14,74773.22,73350.21,160,Completed
TXN0000327,2025-12-08 00:00:00,D006,R003,Hardware,295287.15,371733.57,143592.67,117582.01,107,Completed
TXN0000328,2025-10-15 00:00:00,D006,R003,Software,121578.27,128430.44,82119.21,90163.34,66,Pending
TXN0000329,2024-10-15 00:00:00,D002,R002,Services,127826.86,126629.15,86996.38,79606.07,29,Completed
TXN0000330,2026-05-06 00:00:00,D005,R002,Subscription,152266.32,150915.08,77166.83,72069.65,68,Completed
TXN0000331,2025-10-02 00:00:00,D006,R003,Support,87873.64,72663.54,55676.3,55535.04,53,Completed
TXN0000332,2026-10-18 00:00:00,D008,R004,,100466.02,110035.05,93156.94,67781.97,83,Pending
TXN0000333,2026-11-01 00:00:00,D001,R001,Consulting,146445.57,149513.68,79491.43,70282.48,122,Completed
TXN0000334,2024-04-13 00:00:00,D004,R001,Software,178923.35,174972.53,106337.14,104618.92,77,Pending
TXN0000335,2026-08-21 00:00:00,D010,R002,Support,92589.67,96079.72,45956.46,53789.76,78,Cancelled
TXN0000336,2024-10-01 00:00:00,D001,R001,Consulting,110459.89,122090.39,97587.78,93597.34,72,Completed
TXN0000337,2024-04-14 00:00:00,D007,R004,Consulting,156330.47,179108.5,72959.43,86368.21,150,Cancelled
TXN0000338,2024-05-30 00:00:00,D004,R001,Hardware,251422.15,260508.56,104434.06,116190.65,103,Cancelled
TXN0000339,2024-08-31 00:00:00,D008,R004,Hardware,176797.73,174087.03,135469.11,123734.85,37,Completed
TXN0000340,2026-01-18 00:00:00,D007,R004,Hardware,271888.23,257073.97,177379.86,151420.23,41,Completed
TXN0000341,2024-03-23 00:00:00,D010,R002,Subscription,187787.73,187618.73,113264.39,112007.68,16,Completed
TXN0000342,2026-11-29 00:00:00,D003,R003,Consulting,106783.92,109515.34,81156.58,58452.26,121,Completed
TXN0000343,2025-11-02 00:00:00,D010,R002,Services,129003.08,91432.96,83509.31,87274.52,161,Completed
TXN0000344,2025-09-04 00:00:00,D003,R003,Subscription,176154.48,148907.18,85745.08,110266.86,156,Completed
TXN0000345,2026-09-30 00:00:00,D009,R001,Subscription,193785.99,247359.33,95322.85,95028.17,149,Completed
TXN0000346,2025-11-09 00:00:00,D008,R004,Hardware,157793.3,173039.44,118858.99,117537.46,177,Completed
TXN0000347,2024-02-24 00:00:00,D007,R004,Support,100336.43,97500.41,59407.43,56853.42,157,Pending
TXN0000348,2025-04-11 00:00:00,D005,R002,Subscription,155157.46,130077.34,83201.9,110854.94,18,Cancelled
TXN0000349,2026-02-17 00:00:00,D008,R004,Support,72621.56,63512.53,57105.37,59331.43,42,Completed
TXN0000350,2024-08-13 00:00:00,D001,R001,Support,107835.55,112630.56,72233.46,70555.7,53,Completed
TXN0000351,2026-04-25 00:00:00,D008,R004,Services,206637.45,191527.4,64559.6,85517.64,57,Pending
TXN0000352,2024-05-07 00:00:00,D009,R001,Consulting,149430.19,138821.41,77191.48,87726.89,40,Cancelled
TXN0000353,2026-09-06 00:00:00,D004,R001,Support,100069.46,129446.48,51747.43,45473.36,139,Pending
TXN0000354,2026-12-27 00:00:00,D006,R003,Consulting,150336.13,154827.64,75375.05,71880.1,92,Cancelled
TXN0000355,2025-06-25 00:00:00,D006,R003,Support,80350.29,84152.09,67095.06,66244.28,161,Pending
TXN0000356,2025-09-03 00:00:00,D004,R001,Hardware,217826.2,255389.45,,174888.15,62,Completed
TXN0000357,2026-09-28 00:00:00,D005,R002,support ,86803.12,101960.39,53668.8,46126.56,86,Pending
TXN0000358,2025-07-14 00:00:00,D006,R003,Support,100625.59,76497.23,56713.68,57663.96,78,Completed
TXN0000359,2026-03-19 00:00:00,D010,R002,Consulting,107610.25,104476.67,80949.76,81952.44,93,Completed
TXN0000360,2026-06-24 00:00:00,D005,R005,Hardware,257743.75,264124.59,156903.58,115964.41,172,Completed
TXN0000361,2025-07-09 00:00:00,D008,R004,Subscription,141525.33,157625.9,96219.68,113202.53,148,Completed
TXN0000362,2025-05-05 00:00:00,D003,R003,Support,95693.46,77881.6,64417.32,61490.19,67,Completed
TXN0000363,2024-04-17 00:00:00,D009,R001,Services,122985.51,112381.27,83034.55,73795.6,30,Pending
TXN0000364,2024-10-08 00:00:00,D006,R003,Software,180039.06,195470.48,95619.24,97044.21,6,Cancelled
TXN0000365,2026-09-04 00:00:00,D003,R003,Consulting,107694.3,127995.82,64570.78,83352.78,171,Completed
TXN0000366,2024-05-01 00:00:00,D005,R002,Support,85714.86,79073.43,37366.01,39844.54,27,Cancelled
TXN0000367,2024-03-17 00:00:00,D004,R001,Support,112042.67,92209.01,43482.38,50409.21,49,Pending
TXN0000368,2026-03-24 00:00:00,D003,R003,Software,238336.56,201247.26,131805.46,134112.13,131,Completed
TXN0000369,2025-09-03 00:00:00,D005,R002,Software,195433.99,198259.39,118896.27,122601.65,150,Cancelled
TXN0000370,2025-08-05 00:00:00,D002,R002,Hardware,218987.26,214375.28,103957.44,92366.2,121,Cancelled
TXN0000371,2026-10-29 00:00:00,D888,R001,Services,119275.02,84041.8,100246.02,105785.97,124,Completed
TXN0000372,2024-11-28 00:00:00,D004,R001,Hardware,252673.89,240830.23,124882.58,105144.97,122,Completed
TXN0000373,2025-01-30 00:00:00,D003,R006,Hardware,201141.65,238800.8,165285.83,189281.95,49,Cancelled
TXN0000374,2025-11-02 00:00:00,D007,R004,Subscription,171245.39,124812.79,88513.61,92455.88,27,Pending
TXN0000375,2026-09-04 00:00:00,D002,R002,Services,175853.25,132020.57,97596.53,90087.79,87,Completed
TXN0000376,2026-07-03 00:00:00,D001,R001,Services,142234.17,145682.49,87683.49,81254.68,73,Completed
TXN0000377,2024-01-24 00:00:00,D005,R002,Subscription,155983.95,190418.78,83517.27,79426.89,71,Completed
TXN0000378,2025-09-20 00:00:00,D004,R005,Consulting,112612.92,110346.68,61156.14,58232.9,45,Pending
TXN0000379,2025-09-28 00:00:00,D009,R001,Support,95293.27,91410.61,57644.17,60359.7,35,Completed
TXN0000380,2024-09-30 00:00:00,D006,R003,Services,156896.11,168417.77,70422.74,65947.31,127,Completed
TXN0000381,2026-02-04 00:00:00,D008,R004,Subscription,134953.7,137286.95,106206.26,106380.35,111,Cancelled
TXN0000382,2025-03-23 00:00:00,D008,R004,Support,84676.38,84823.69,60308.05,50866.27,68,Cancelled
TXN0000383,2026-01-10 00:00:00,D002,R002,Subscription,181335.74,129098.69,82609.72,77377.87,24,Cancelled
TXN0000384,2024-11-02 00:00:00,D002,R005,Subscription,86204.79,86081.52,87249.2,90665.25,47,Completed
TXN0000385,2025-02-24 00:00:00,D009,R001,Support,90363.95,98361.16,59814.65,60198.36,154,Pending
TXN0000386,2024-04-23 00:00:00,D002,R002,Consulting,134865.7,127440.75,76238.54,56690.86,121,Completed
TXN0000387,2024-04-28 00:00:00,D009,R001,Subscription,149803.63,108510.49,81740.13,85681.8,148,Pending
TXN0000388,2025-06-05 00:00:00,D005,R002,Consulting,97120.09,70750.27,58154.89,57146.49,5,Completed
TXN0000389,2024-05-10 00:00:00,D010,R006,Hardware,226864.33,246806.02,150659.71,142841.24,143,Completed
TXN0000390,2024-03-05 00:00:00,D002,R002,Consulting,122676.77,130141.81,56018.82,55599.78,78,Pending
TXN0000391,2026-05-10 00:00:00,D003,R003,Support,69585.33,68632.42,49576.02,44853.82,100,Pending
TXN0000392,2026-02-08 00:00:00,D008,R004,Consulting,99992.2,122893.73,78997.5,79861.49,25,Cancelled
TXN0000393,2024-08-30 00:00:00,D003,R003,Hardware,187890.04,224762.09,115824.19,113067.19,50,Cancelled
TXN0000394,2025-04-01 00:00:00,D007,R004,Support,84818.47,75026.48,56335.47,45158.52,5,Completed
TXN0000395,2026-05-18 00:00:00,D005,R002,Support,63955.89,63271.75,56625.72,58670.62,5000,Pending
TXN0000396,2024-11-13 00:00:00,D004,R001,Hardware,212856.49,200325.67,176850.08,171766.5,75,Completed
TXN0000397,2024-02-02 00:00:00,D002,R006,Subscription,147637.76,178748.34,98475.17,88321.97,66,Completed
TXN0000398,2026-07-03 00:00:00,D002,R002,Software,245587.63,204448.25,86008.14,90392.79,158,Completed
TXN0000399,2026-06-17 00:00:00,D004,R001,Consulting,110566.54,114165.33,81932.53,82097.6,64,Cancelled
TXN0000400,2024-10-13 00:00:00,D004,R001,Software,149011.46,155698.13,118314.35,136058.39,133,Completed
TXN0000401,2025-10-15 00:00:00,D004,R001,Support,69743.39,68051.24,60319.73,69952.63,152,Cancelled
TXN0000402,2026-12-03 00:00:00,D006,R003,Services,128994.66,126987.96,84100.6,86103.98,61,Pending
TXN0000403,2024-12-24 00:00:00,D005,R002,Subscription,,228077.91,87390.37,67677.76,165,Pending
TXN0000404,2026-02-19 00:00:00,D009,R001,Hardware,276216.28,301223.17,131070.17,176234.8,139,Completed
TXN0000405,2026-02-09 00:00:00,D007,R004,Hardware,192888.66,193803.67,163342.51,164314.1,52,Cancelled
TXN0000406,2025-09-07 00:00:00,D008,R004,Services,140359.68,126851.5,72026.42,54192.51,41,Pending
TXN0000407,2026-12-21 00:00:00,D001,R001,Consulting,127382.63,135468.69,83106.46,87579.03,39,Pending
TXN0000408,2024-06-10 00:00:00,D004,R001,Hardware,184408.15,210405.12,114136.72,153723.31,120,Completed
TXN0000409,2024-04-15 00:00:00,D002,R002,Services,136785.76,129772.36,105551.71,104677.02,73,Pending
TXN0000410,2025-01-20 00:00:00,D010,R002,Software,208735.15,173286.0,102594.59,91158.61,155,Cancelled
TXN0000411,2025-09-12 00:00:00,D004,R001,Hardware,237294.85,243280.75,154379.64,169015.16,8,Completed
TXN0000412,2026-09-07 00:00:00,D004,R001,Software,122373.76,124877.03,115625.87,81106.82,67,Cancelled
TXN0000413,2025-10-20 00:00:00,D004,R001,Services,122972.16,151315.78,85464.47,80063.38,77,Pending
TXN0000414,2025-09-23 00:00:00,D008,R004,Hardware,246903.18,246530.27,118347.98,132170.3,71,Completed
TXN0000415,2024-07-20 00:00:00,D009,R001,Consulting,151867.46,178564.53,64069.03,55616.07,125,Completed
TXN0000416,2024-04-03 00:00:00,D004,R001,Consulting,111556.02,118675.97,93296.02,95503.69,149,Completed
TXN0000417,2024-11-08 00:00:00,D003,R006,Hardware,187114.4,220905.52,157122.33,156260.58,55,Completed
TXN0000418,2026-10-19 00:00:00,D004,R001,Services,166509.08,187675.36,71426.38,73428.93,145,Completed
TXN0000419,2026-10-01 00:00:00,D005,R002,Consulting,138651.27,157845.62,73772.33,82918.39,122,Completed
TXN0000420,2026-09-27 00:00:00,D006,R003,Support,93727.15,102370.96,59380.14,66929.2,52,Cancelled
TXN0000421,2024-04-09 00:00:00,D001,R001,Software,161911.02,165075.43,90637.29,121255.79,6,Pending
TXN0000422,2024-05-19 00:00:00,D003,R003,Services,151535.88,187852.4,107773.1,104301.5,43,Completed
TXN0000423,2024-05-03 00:00:00,D004,R001,Hardware,247543.3,234186.01,164699.17,116512.63,163,Cancelled
TXN0000424,2024-01-14 00:00:00,D008,R004,Software,208848.41,208899.27,120123.61,153255.28,141,Cancelled
TXN0000425,2025-08-10 00:00:00,D007,R006,Subscription,180126.26,151934.76,96062.01,114421.06,9,Cancelled
TXN0000426,2024-08-07 00:00:00,D007,R004,Services,127933.3,133868.94,73266.25,86354.01,29,Cancelled
TXN0000427,2026-12-14 00:00:00,D003,R003,Subscription,179686.8,188104.63,70330.24,81395.97,69,Completed
TXN0000428,2026-02-03 00:00:00,D005,R002,Software,122449.98,111488.99,117192.29,119744.27,108,Pending
TXN0000429,2025-04-07 00:00:00,D010,R002,Support,79805.93,63511.98,68496.8,75015.14,81,Completed
TXN0000430,2026-02-11 00:00:00,D001,R001,Consulting,99878.2,82700.22,91027.47,90732.34,146,Pending
TXN0000431,2024-12-16 00:00:00,D001,R001,Support,108101.86,97965.24,67746.79,66964.47,26,Pending
TXN0000432,2024-07-14 00:00:00,D007,R004,Hardware,181835.15,182123.76,122794.1,unknown,140,Completed
TXN0000433,2026-08-31 00:00:00,D004,R001,Support,86267.51,84797.28,46866.75,47165.16,74,Completed
TXN0000434,03/08/2024,D002,R002,Hardware,160737.44,139766.08,129919.44,121498.1,50,Completed
TXN0000435,2024-10-22 00:00:00,D001,R001,Subscription,165969.3,172428.7,90998.56,79100.77,106,Completed
TXN0000436,2026-03-07 00:00:00,D005,R002,Services,182170.99,197645.07,103230.27,97261.57,178,Cancelled
TXN0000437,2024-10-13 00:00:00,D006,R003,Support,103264.2,106927.78,68533.8,67760.41,25,Cancelled
TXN0000438,2024-06-04 00:00:00,D006,R006,Services,153897.2,147450.41,89632.01,98090.22,92,Cancelled
TXN0000439,2025-10-30 00:00:00,D010,R002,Consulting,119838.71,129889.32,75471.32,73772.83,12,Completed
TXN0000440,2026-02-07 00:00:00,D008,R004,Hardware,264524.39,243155.18,137249.41,143100.62,115,Completed
TXN0000441,2025-08-27 00:00:00,D010,R002,Software,187299.98,212250.27,103496.33,94357.46,68,Completed
TXN0000442,2024-11-11 00:00:00,D002,R002,Consulting,164365.64,171712.7,92798.48,91743.51,104,Completed
TXN0000443,2025-09-23 00:00:00,D006,,Software,189532.86,195261.72,105874.42,73191.2,118,Completed
TXN0000444,2025-01-18 00:00:00,D005,R002,Software,150315.38,128169.39,95359.93,99996.61,115,Pending
TXN0000445,2024-07-30 00:00:00,D009,R001,Consulting,111948.8,145792.89,78911.16,92182.72,11,Completed
TXN0000446,26-10-2025,D006,R003,Subscription,162187.51,154775.11,100694.63,108923.61,103,Completed
TXN0000447,2025-05-12 00:00:00,D005,R002,Software,155269.53,162994.97,110667.71,154269.06,151,Cancelled
TXN0000448,2024-10-11 00:00:00,D003,R003,Services,120193.15,136929.27,66217.79,74469.77,73,Completed
TXN0000449,2024-12-08 00:00:00,D005,R002,Software,136629.17,159173.03,122195.37,116378.17,116,Completed
TXN0000450,2026-01-09 00:00:00,D007,R004, software ,162194.35,162377.15,125128.75,81646.14,69,Completed
TXN0000451,2026-07-26 00:00:00,D008,R004,Services,139651.29,175992.16,75619.7,71453.69,32,Completed
TXN0000452,2026-02-17 00:00:00,D005,R006,Hardware,170242.33,163578.21,163866.36,146174.69,89,Pending
TXN0000453,2024-10-05 00:00:00,D006,R003,Support,99243.93,77473.48,63520.03,60433.72,81,Completed
TXN0000454,2026-09-08 00:00:00,D010,R002,Services,214317.18,217015.63,101927.64,101749.79,85,Completed
TXN0000455,2026-10-02 00:00:00,D007,R004,Hardware,241735.8,310177.68,139085.03,123431.38,152,Completed
TXN0000456,2026-01-17 00:00:00,D006,R003,Consulting,119829.51,121666.92,65646.9,67976.11,34,Cancelled
TXN0000457,2025-01-03 00:00:00,D004,R001,Subscription,186547.88,227691.94,96950.71,107422.11,179,Cancelled
TXN0000458,2025-03-05 00:00:00,D001,R001,Consulting,135656.72,122717.35,64735.21,67074.89,117,Completed
TXN0000459,2026-10-19 00:00:00,D002,R002,Consulting,146955.88,143407.98,87168.41,72882.34,40,Completed
TXN0000460,2026-05-16 00:00:00,D004,R001,Services,134531.17,126816.51,80804.63,82924.63,101,Completed
TXN0000461,2026-03-31 00:00:00,D008,R004,Consulting,147981.12,157335.95,101395.46,100551.98,141,Cancelled
TXN0000462,2024-06-23 00:00:00,D007,R004,Hardware,185615.61,188500.43,157403.39,159616.09,32,Completed
TXN0000463,2024-03-31 00:00:00,D006,R003,Subscription,130799.8,132917.57,91233.9,78816.66,149,Pending
TXN0000464,2024-08-04 00:00:00,D006,R003,Consulting,102594.15,102785.34,,92101.77,7,Completed
TXN0000465,2026-11-28 00:00:00,D005,R002,Support,85145.24,107351.88,54558.2,45564.89,147,Cancelled
TXN0000466,2026-03-12 00:00:00,D010,R002,Hardware,277981.42,258212.51,168127.12,131251.53,123,Cancelled
TXN0000467,2026-09-15 00:00:00,D009,R001,Software,192056.22,-78305.00125598349,116849.2,111759.24,31,Completed
TXN0000468,2024-08-25 00:00:00,D007,R004,Software,137256.39,152084.57,106427.54,122112.16,41,Completed
TXN0000469,2026-12-03 00:00:00,D005,R002,Services,171183.44,201612.17,78780.7,69565.66,128,Completed
TXN0000470,2026-07-15 00:00:00,D008,R004,Support,80171.46,73415.87,56859.3,66751.56,86,Completed
TXN0000471,2025-12-03 00:00:00,D005,R005,Software,159414.26,155060.1,89061.87,68669.95,170,Completed
TXN0000472,2025-05-14 00:00:00,D003,R003,Support,104532.47,113149.9,66218.9,45174.7,137,Completed
TXN0000473,2026-05-23 00:00:00,D009,R001,Subscription,154197.04,172627.89,89906.09,103687.19,123,Completed
TXN0000474,2026-06-04 00:00:00,D007,R004,Services,151523.47,174721.42,104799.18,125314.62,106,Completed
TXN0000475,2026-05-29 00:00:00,D010,R002,Consulting,134219.66,140057.62,65529.17,73900.89,104,Completed
TXN0000476,2024-05-08 00:00:00,D004,R001,Support,94804.52,115145.05,59076.03,70294.83,152,Completed
TXN0000477,2025-02-07 00:00:00,D009,R001,Hardware,227549.17,257124.02,166838.41,145553.13,122,Completed
TXN0000478,2026-12-16 00:00:00,D005,R002,Consulting,105928.24,104075.7,68070.6,62436.26,168,Completed
TXN0000479,2024-08-21 00:00:00,D010,R002,Consulting,125351.41,110784.52,86971.69,81153.71,94,Completed
TXN0000480,2025-09-01 00:00:00,D008,R004,Support,98274.83,109085.09,64069.11,64746.27,162,Cancelled
TXN0000481,2024-08-29 00:00:00,D002,R002,Hardware,226804.84,232060.45,157835.43,149178.3,66,Completed
TXN0000482,2024-10-16 00:00:00,D002,R002,Support,97503.94,91691.91,42969.19,46494.03,135,Pending
TXN0000483,2026-02-24 00:00:00,D007,R004,Subscription,139932.97,108290.29,98381.18,96234.79,113,Completed
TXN0000484,2024-12-20 00:00:00,D008,R004,,95664.33,71323.23,41229.74,42626.72,147,Completed
TXN0000485,2025-10-06 00:00:00,D008,R004,Services,131697.92,153328.93,94953.44,124514.4,120,Cancelled
TXN0000486,2026-09-19 00:00:00,D001,R001,Software,195204.27,165516.38,82973.93,75711.92,39,Completed
TXN0000487,2026-10-10 00:00:00,D007,R004,Subscription,130719.53,96254.76,86485.24,89908.46,109,Pending
TXN0000488,2026-09-27 00:00:00,D007,R004,Consulting,149339.75,140502.92,60043.41,47271.22,47,Completed
TXN0000489,2024-03-07 00:00:00,D010,R005,Hardware,235317.62,251630.59,170310.75,184887.8,75,Completed
TXN0000490,2026-10-11 00:00:00,D009,R001,Consulting,128259.98,131863.43,76290.66,79423.25,145,Cancelled
TXN0000491,2026-01-21 00:00:00,D002,R002,Hardware,239794.62,310172.43,112536.1,134116.77,143,Completed
TXN0000492,2024-07-28 00:00:00,D008,R004,Consulting,139073.93,,86764.41,74815.22,172,Completed
TXN0000493,2026-07-10 00:00:00,D005,R002,Software,145691.39,200615.61,136077.28,119764.26,72,Completed
TXN0000494,2025-04-30 00:00:00,D002,R002,Software,212771.4,204611.99,133609.98,124990.84,58,Cancelled
TXN0000495,2026-05-26 00:00:00,D006,R003,Subscription,176210.97,,77330.67,82429.62,47,Cancelled
TXN0000496,2024-05-01 00:00:00,D003,R003,Services,179164.84,206283.25,96614.07,113003.86,150,Completed
TXN0000497,2024-12-10 00:00:00,D009,R001,Subscription,87148.67,82649.25,85728.85,89279.2,87,Completed
TXN0000498,2024-07-14 00:00:00,D005,R002,Subscription,210557.7,210084.44,112651.48,97507.33,39,Pending
TXN0000499,2024-09-16 00:00:00,D001,R001,Support,93159.4,103063.1,48327.12,56946.15,38,Completed
TXN0000500,2026-03-15 00:00:00,D003,R003,Services,155864.15,157281.87,74061.31,87959.67,130,Completed
TXN0000501,2026-04-28 00:00:00,D010,R002,Support,89455.48,101014.65,59001.72,51489.29,101,Pending
TXN0000502,2026-04-05 00:00:00,D002,R002,Software,173330.15,140857.95,96860.22,88109.1,136,Completed
TXN0000503,2025-11-01 00:00:00,D006,R003,Consulting,113949.04,104524.3,,65289.11,153,Completed
TXN0000504,2026-01-03 00:00:00,D002,R002,Consulting,144676.63,142240.62,68098.85,65667.04,21,Cancelled
TXN0000505,2025-03-09 00:00:00,D007,R004,Consulting,107675.09,117110.74,60239.22,51315.95,131,Completed
TXN0000506,2024-09-24 00:00:00,D006,R003,Hardware,203645.29,233915.41,123500.6,103759.64,149,Pending
TXN0000507,2024-04-04 00:00:00,D006,R003,Software,198569.34,229678.35,78568.75,80989.85,30,Pending
TXN0000508,2026-06-22 00:00:00,D001,R001,Services,148814.96,136458.41,71344.86,67085.57,121,Completed
TXN0000509,2024-09-27 00:00:00,D007,R004,Support,104829.32,,50164.05,48454.03,171,Completed
TXN0000510,2024-07-10 00:00:00,D003,R003,Hardware,292569.26,339920.06,163888.32,177291.07,172,Completed
TXN0000511,2024-12-04 00:00:00,D005,R002,Support,85482.09,78454.87,62437.39,64937.67,18,Pending
TXN0000512,2026-05-29 00:00:00,D005,R002,Services,171421.67,161879.99,84156.75,93637.07,172,Completed
TXN0000513,2024-09-28 00:00:00,D002,R006,Software,230637.6,225896.37,105177.72,99710.61,156,Completed
TXN0000514,2024-01-17 00:00:00,D009,R001,Software,251888.48,242371.33,107200.8,107422.61,92,Completed
TXN0000515,2024-05-25 00:00:00,D007,R004,Consulting,129877.45,116447.88,62656.8,59764.73,63,Pending
TXN0000516,2024-07-30 00:00:00,D002,R002,Software,162236.09,199707.18,,163037.06,85,Completed
TXN0000517,2024-10-19 00:00:00,D005,R002,Services,170692.57,177299.03,78020.53,69318.03,22,Cancelled
TXN0000518,2025-12-20 00:00:00,D010,R005,Consulting,113047.68,121873.58,81883.94,79310.52,59,Completed
TXN0000519,2025-03-20 00:00:00,D007,R004,Consulting,106131.82,79089.0,65217.96,78736.75,27,Completed
TXN0000520,2026-02-25 00:00:00,D003,R003,Subscription,141645.54,141446.76,96600.77,91393.89,94,Pending
TXN0000521,2025-07-21 00:00:00,D006,R003,Services,116400.04,94553.94,75918.2,80095.55,170,Completed
TXN0000522,2025-08-06 00:00:00,D004,R001,Subscription,142522.28,139154.3,96590.69,99656.89,11,Completed
TXN0000523,2025-01-21 00:00:00,D004,R001,Subscription,148911.37,108120.23,95515.04,85934.7,105,Completed
TXN0000524,2026-10-10 00:00:00,D001,R001,Services,159358.82,147687.79,87929.39,98189.83,103,Completed
TXN0000525,2024-05-25 00:00:00,D004,R001,Subscription,151721.51,105592.56,94137.54,93441.02,140,Completed
TXN0000526,2026-03-03 00:00:00,D006,R003,Services,101767.22,91105.77,95207.88,97578.03,150,Pending
TXN0000527,2026-08-22 00:00:00,D006,R003,SERVICES,126509.56,149324.83,89874.97,94362.74,23,Completed
TXN0000528,2024-03-22 00:00:00,D010,R006,Services,135575.79,111721.32,94093.71,72153.43,20,Pending
TXN0000529,2026-10-23 00:00:00,D009,R001,Support,78354.92,78685.22,61556.05,44875.28,111,Pending
TXN0000530,2024-11-08 00:00:00,D007,R004,Subscription,156652.6,171614.35,93091.87,96106.52,76,Completed
TXN0000531,2025-10-31 00:00:00,D005,R005,SERVICES,117591.13,122496.99,97992.09,132396.79,105,Cancelled
TXN0000532,2025-05-03 00:00:00,D002,,Consulting,111410.44,116393.29,73208.69,70326.37,19,Completed
TXN0000533,2026-07-17 00:00:00,D002,R002,Software,200751.55,166949.48,106647.15,88799.65,161,Cancelled
TXN0000534,2024-12-25 00:00:00,D001,R001,Support,91380.39,88411.54,28678.0,29814.74,35,Completed
TXN0000535,2026-10-13 00:00:00,D003,R003,Services,151760.11,169210.19,105685.68,127479.57,93,Cancelled
TXN0000536,2025-06-14 00:00:00,D009,R001,Support,105101.5,124954.96,52918.31,58422.21,47,Completed
TXN0000537,2024-08-29 00:00:00,D003,R003,Hardware,187349.24,183124.43,130880.72,126761.75,12,Completed
TXN0000538,2025-06-22 00:00:00,D007,R004,Software,191421.16,177652.93,99961.82,97660.59,152,Completed
TXN0000539,2024-04-23 00:00:00,D008,R004,Hardware,165814.72,160569.54,191104.8,168785.6,132,Cancelled
TXN0000540,2024-07-29 00:00:00,D003,R003,Hardware,270042.78,288568.73,125365.47,170354.76,151,Completed
TXN0000541,2024-03-31 00:00:00,D004,R001,Software,203732.74,202849.24,115081.54,113190.74,8,Completed
TXN0000542,2024-11-03 00:00:00,D001,R001,Consulting,99570.42,89229.71,105325.99,138754.22,50,Completed
TXN0000543,2026-05-08 00:00:00,D009,R001,Support,91167.0,92094.91,53132.56,44024.78,62,Completed
TXN0000544,2025-10-17 00:00:00,D004,R001,Support,95413.66,102857.6,53633.72,67830.99,74,Completed
TXN0000545,2024-04-17 00:00:00,D010,R002,Subscription,148088.16,139351.74,117182.7,117471.54,50,Completed
TXN0000546,2024-05-21 00:00:00,D009,R001,Consulting,149360.55,165328.81,70271.12,64618.46,124,Completed
TXN0000547,2026-07-24 00:00:00,D005,R002,Subscription,143192.34,122013.14,104952.66,82162.58,7,Completed
TXN0000548,2025-05-11 00:00:00,D004,R001,,202134.11,198513.56,157800.39,188163.07,123,Completed
TXN0000549,2025-05-17 00:00:00,D010,R002,Services,92882.51,119955.99,79716.12,71677.53,43,Completed
TXN0000550,2024-01-20 00:00:00,D007,R006,Support,81741.13,83373.76,55303.08,52035.97,90,Completed
TXN0000551,2025-09-21 00:00:00,D007,R004,Support,90955.54,92947.04,58932.48,51406.04,31,Completed
TXN0000552,2026-10-04 00:00:00,D009,R001,Consulting,138729.86,150626.7,77908.79,62327.91,20,Completed
TXN0000553,2026-11-30 00:00:00,D005,R002,Services,169208.67,186908.59,80426.94,82036.18,110,Completed
TXN0000554,2024-07-14 00:00:00,D008,R004,Software,170651.02,166651.09,96205.94,101915.55,134,Completed
TXN0000555,2024-09-24 00:00:00,D007,R005,Consulting,97951.64,89648.57,71188.52,80257.63,65,Completed
TXN0000556,2025-10-30 00:00:00,D005,R002,Consulting,90924.42,92050.74,79910.57,94003.04,86,Pending
TXN0000557,2024-10-05 00:00:00,D005,R002,Services,108012.87,110388.66,108154.2,119743.32,154,Completed
TXN0000558,2026-08-12 00:00:00,D003,R003,Consulting,unknown,137048.38,82724.97,95560.41,85,Pending
TXN0000559,2026-07-14 00:00:00,D002,R002,Services,90429.84,103677.42,69806.26,72554.64,83,Pending
TXN0000560,2024-11-18 00:00:00,D005,R002,Software,116784.3,123111.25,112527.15,112122.89,180,Completed
TXN0000561,2024-07-05 00:00:00,D010,R006,Services,118230.15,124598.66,102400.72,119732.35,68,Completed
TXN0000562,2025-09-04 00:00:00,D007,R004,Support,78548.34,106480.01,62528.89,47376.14,71,Completed
TXN0000563,2025-05-26 00:00:00,D001,R001,Consulting,108583.94,132521.74,80394.83,72487.52,29,Pending
TXN0000564,2024-09-05 00:00:00,D002,R002,Services,151355.21,149670.39,59570.5,48309.82,8,Completed
TXN0000565,2026-02-01 00:00:00,D004,R001,Consulting,133752.02,114920.19,79057.92,82509.2,180,Completed
TXN0000566,2024-02-14 00:00:00,D010,R002,Software,164332.61,121856.17,99225.86,112534.41,21,Completed
TXN0000567,2025-11-10 00:00:00,D008,R004,Software,175483.53,130149.13,123017.9,94373.41,36,Completed
TXN0000568,2026-03-19 00:00:00,D008,R006,Support,91177.42,65326.5,51378.86,59003.03,132,Completed
TXN0000569,2025-12-25 00:00:00,D007,R004,Services,96373.73,128687.05,105331.16,107125.77,59,Completed
TXN0000570,2024-03-11 00:00:00,D005,R002,Services,151931.49,151376.56,81360.08,83378.49,162,Cancelled
TXN0000571,2026-10-18 00:00:00,D010,R002,Hardware,237117.61,217174.35,155905.03,147586.4,110,Cancelled
TXN0000572,2024-10-08 00:00:00,D008,R006,Consulting,143944.63,103499.66,71510.44,68940.77,112,Completed
TXN0000573,2024-02-09 00:00:00,D009,R001,Subscription,130089.94,138593.24,66509.63,59655.94,102,Completed
TXN0000574,2025-12-05 00:00:00,D008,R004,Consulting,111353.67,96673.57,81543.8,74587.36,149,Cancelled
TXN0000575,2024-02-23 00:00:00,D006,R003,Services,130173.92,88429.05,87149.53,87474.57,86,Cancelled
TXN0000576,2026-08-24 00:00:00,D004,R006,Software,137324.93,150707.7,123658.09,138896.09,140,Completed
TXN0000577,2024-07-24 00:00:00,D010,R002,Services,103037.01,114698.4,78180.93,91683.36,68,Completed
TXN0000578,2024-04-24 00:00:00,D005,R002,Support,72120.55,72139.34,52089.05,53013.41,61,Cancelled
TXN0000579,2024-12-26 00:00:00,D007,R004,Services,162502.44,199655.05,109882.83,105585.2,65,Cancelled
TXN0000580,2026-01-04 00:00:00,D006,R003,Support,65132.35,63792.0,38455.91,41340.8,156,Completed
TXN0000581,2024-10-18 00:00:00,D006,R003,Subscription,165333.06,184038.19,96126.41,98495.54,149,Completed
TXN0000582,2026-10-01 00:00:00,D008,R004,Services,120528.98,143650.56,96290.61,86269.9,14,Completed
TXN0000583,2024-02-10 00:00:00,D001,R001,Services,169824.04,184132.97,68978.64,78485.69,139,Pending
TXN0000584,2025-02-16 00:00:00,D001,R001,Subscription,112289.25,122411.74,82447.95,83525.97,38,Completed
TXN0000585,2024-05-01 00:00:00,D003,R003,Hardware,274273.23,254828.38,161128.71,136063.6,10,Completed
TXN0000586,2024-08-15 00:00:00,D010,R002,Services,118659.36,116319.06,101994.82,125705.52,139,Completed
TXN0000587,2026-03-21 00:00:00,D002,R002,Support,72652.19,76278.99,71820.49,60441.2,155,Completed
TXN0000588,2024-11-18 00:00:00,D006,R003,Services,144654.7,143989.83,97755.65,106243.11,116,Pending
TXN0000589,2025-12-31 00:00:00,D006,R003,Subscription,155023.31,144087.02,101115.65,99482.99,62,Cancelled
TXN0000590,2025-08-26 00:00:00,D003,R003,Support,99772.61,116061.93,57623.79,60830.78,37,Completed
TXN0000591,2026-03-12 00:00:00,D001,R001,Subscription,134625.23,141178.84,79744.02,83896.83,150,Completed
TXN0000592,2025-03-28 00:00:00,D003,R003,Subscription,133947.11,136362.66,106887.7,110871.26,168,Cancelled
TXN0000593,2025-11-09 00:00:00,D002,R002,Services,145832.44,124518.48,93792.26,94368.27,24,Completed
TXN0000594,2024-06-30 00:00:00,D006,R003,Services,116909.89,114110.21,103434.02,74929.1,176,Completed
TXN0000595,2024-05-18 00:00:00,D008,R005,Services,142005.87,129952.52,92535.19,84410.91,94,Completed
TXN0000596,2026-03-01 00:00:00,D002,R002,Software,129407.62,114535.33,136460.19,118817.6,117,Pending
TXN0000597,2026-02-14 00:00:00,D003,R003,Consulting,156916.96,186839.33,45748.25,60500.31,94,Cancelled
TXN0000598,2025-04-06 00:00:00,D007,R004,Consulting,97842.01,92075.26,62924.2,69527.85,46,Pending
TXN0000599,2025-08-26 00:00:00,D002,,Software,190969.11,183617.5,93492.51,102837.17,10,Completed
TXN0000600,2025-12-01 00:00:00,D005,R002,Software,197237.0,188727.51,116365.23,135797.71,48,Pending
TXN0000601,2024-07-09 00:00:00,D003,R003,Subscription,220078.16,,75387.46,62804.67,91,Cancelled
TXN0000602,2024-03-04 00:00:00,D010,R002,Support,108174.1,89408.83,75416.36,64377.45,115,Completed
TXN0000603,2024-04-19 00:00:00,D010,R002,Services,100966.19,107010.7,88508.47,99781.22,30,Completed
TXN0000604,2025-06-27 00:00:00,D004,R001,Consulting,100426.32,108375.51,86150.58,92203.28,174,Completed
TXN0000605,2026-03-15 00:00:00,D005,R002,Software,225346.87,228966.91,86378.55,83917.11,151,Cancelled
TXN0000606,2024-01-08 00:00:00,D008,R004,Hardware,247960.72,169499.67,139369.79,143716.4,114,Completed
TXN0000607,2026-09-10 00:00:00,D005,R002,Support,74371.77,81278.23,69330.52,67642.52,56,Completed
TXN0000608,2025-08-20 00:00:00,D001,R001,Support,81585.78,84343.2,52000.01,67235.62,25,Pending
TXN0000609,2026-08-22 00:00:00,D002,R002,Consulting,126767.98,110859.88,50114.59,47490.8,130,Completed
TXN0000610,2025-01-13 00:00:00,D002,R002,Consulting,84637.42,87086.27,59517.76,58867.76,99,Pending
TXN0000611,2025-06-23 00:00:00,D006,R003,Software,192975.6,187984.23,112306.75,118012.28,117,Pending
TXN0000612,2024-05-06 00:00:00,D005,R002,Hardware,153366.72,145549.88,121242.54,114593.71,43,Completed
TXN0000613,2026-04-27 00:00:00,D002,R002,Subscription,222353.61,262784.42,107143.9,110470.88,155,Completed
TXN0000614,2026-05-07 00:00:00,D009,,Subscription,136492.94,134589.74,91125.26,101903.88,142,Pending
TXN0000615,2025-09-04 00:00:00,D010,R002,Consulting,123335.61,125863.56,75079.91,83360.81,25,Pending
TXN0000616,2024-10-28 00:00:00,D001,R001,Subscription,225417.75,260481.5,84176.68,96447.34,35,Pending
TXN0000617,2025-03-09 00:00:00,D003,R003,Services,150986.58,158799.92,50561.45,72689.22,54,Completed
TXN0000618,2026-06-10 00:00:00,D001,R001,Support,79066.07,77085.65,51452.93,53702.12,56,Completed
TXN0000619,2024-05-17 00:00:00,D010,R002,Support,103619.9,101433.42,56828.66,55522.2,27,Pending
TXN0000620,2025-07-19 00:00:00,D009,R001,Hardware,236863.41,253297.82,154702.37,159638.61,138,Pending
TXN0000621,2026-12-06 00:00:00,D001,R001,Subscription,172792.91,202054.25,105859.05,110799.51,112,Completed
TXN0000622,2024-07-24 00:00:00,D007,R004,Subscription,225446.12,199165.26,102802.13,108996.02,32,Cancelled
TXN0000623,2025-12-05 00:00:00,D002,R002,Subscription,164191.01,193270.24,81156.64,81106.84,110,Completed
TXN0000624,2026-08-26 00:00:00,D007,R004,Subscription,156788.55,141188.53,78408.48,64480.98,14,Completed
TXN0000625,2026-04-02 00:00:00,D005,R002,Subscription,156323.55,163291.67,81927.25,78934.02,14,Pending
TXN0000626,2026-08-31 00:00:00,D006,R003,Software,180609.74,160309.19,89378.88,87001.49,73,Completed
TXN0000627,2025-09-28 00:00:00,D001,R001,Hardware,226205.07,291085.02,168745.91,113744.05,76,Pending
TXN0000628,2024-10-02 00:00:00,D002,R002,Services,129622.05,163370.76,86794.22,99069.93,81,Pending
TXN0000629,2024-07-01 00:00:00,,R003,Consulting,122943.51,109522.95,75016.52,74862.21,53,Pending
TXN0000630,2026-09-19 00:00:00,D004,R001,Consulting,147000.85,126308.65,50395.33,-31467.340075690987,137,Completed
TXN0000631,2024-05-14 00:00:00,D001,R001,Services,132385.05,126725.7,49597.34,33958.34,84,Cancelled
TXN0000632,2024-02-29 00:00:00,D007,R004,Subscription,204069.62,201976.71,99574.95,96815.01,49,Completed
TXN0000633,2024-03-08 00:00:00,D004,R001,Services,152504.22,166221.28,77719.69,81442.18,121,Completed
TXN0000634,2026-01-24 00:00:00,D006,R003,Hardware,212747.24,213145.2,136725.18,157530.91,123,Cancelled
TXN0000635,2024-03-03 00:00:00,D007,R004,Software,163742.19,167343.92,85844.61,109250.15,66,Completed
TXN0000636,2026-08-29 00:00:00,D008,R004,Services,,173199.41,73075.88,78346.13,155,Cancelled
TXN0000637,2024-07-04 00:00:00,D006,R003,Hardware,188495.94,192920.09,154845.94,148127.27,77,Completed
TXN0000638,2025-04-06 00:00:00,D007,R005,Services,115665.25,103154.05,107156.66,90306.67,178,Completed
TXN0000639,2024-02-11 00:00:00,D005,R002,Subscription,154299.39,163882.96,119777.85,124070.02,179,Completed
TXN0000640,2024-12-20 00:00:00,D008,R004,Support,88324.41,90768.62,44096.34,44513.87,158,Completed
TXN0000641,2025-07-17 00:00:00,D004,R001,Hardware,218058.44,258506.07,141279.65,142094.85,113,Pending
TXN0000642,2026-08-13 00:00:00,D006,R003,Services,174687.71,178944.12,89258.6,93599.72,82,Cancelled
TXN0000643,2024-01-16 00:00:00,D010,R002,Software,162780.87,159299.17,82405.67,86383.92,135,Completed
TXN0000644,2025-08-01 00:00:00,D009,R001,Subscription,178447.64,165661.66,91772.33,87212.53,81,Completed
TXN0000645,2025-10-27 00:00:00,D008,R006,Support,54523.27,55347.94,65512.41,77702.77,75,Completed
TXN0000646,2025-05-07 00:00:00,D005,R002,Subscription,166460.98,193483.16,103017.85,101656.08,19,Cancelled
TXN0000647,2024-10-13 00:00:00,D007,R004,Support,69425.01,60935.66,57525.21,48276.47,11,Pending
TXN0000648,2026-04-08 00:00:00,D005,R002,Consulting,172807.36,173163.63,92189.08,92866.27,104,Completed
TXN0000649,2025-01-23 00:00:00,D010,R002,Subscription,139963.99,146801.62,76778.97,90470.65,92,Completed
TXN0000650,2026-01-04 00:00:00,D009,R001,Consulting,176831.87,182574.89,58009.96,63972.14,134,Completed
TXN0000651,2025-01-05 00:00:00,D003,R003,Subscription,169680.97,169225.29,86724.34,84992.31,80,Completed
TXN0000652,2025-01-09 00:00:00,D008,R004,Hardware,250972.35,276741.93,126651.13,121709.87,179,Completed
TXN0000653,2025-09-20 00:00:00,D002,R002,Services,140857.49,184177.58,86514.67,87282.14,112,Completed
TXN0000654,2026-08-07 00:00:00,D006,R003,Hardware,180962.17,179738.74,138407.6,161207.33,35,Pending
TXN0000655,2024-05-25 00:00:00,D001,R001,Subscription,103027.11,97687.45,90675.86,97960.16,125,Completed
TXN0000656,2026-02-20 00:00:00,D009,R001,Support,65006.62,58956.59,49431.76,58483.73,140,Completed
TXN0000657,2025-02-14 00:00:00,D007,R005,Services,150622.96,172523.5,88628.73,79549.82,92,Pending
TXN0000658,2024-10-20 00:00:00,D010,R002,Consulting,113819.03,109764.03,73779.96,61539.66,85,Completed
TXN0000659,2024-12-28 00:00:00,D002,R002,Support,94190.31,95659.3,56872.11,66614.68,85,Completed
TXN0000660,2024-12-11 00:00:00,D001,R001,Services,151208.3,193586.82,73771.11,70365.64,152,Completed
TXN0000661,2024-09-22 00:00:00,D008,R004,Software,185199.86,154552.0,148940.55,147336.2,162,Pending
TXN0000662,2026-02-24 00:00:00,D007,R004,Consulting,151836.54,160236.0,"₹1,25,000",70839.58,6,Completed
TXN0000663,2024-01-29 00:00:00,D009,R001,Hardware,260766.52,275843.25,165237.72,162355.63,87,Cancelled
TXN0000664,2025-05-24 00:00:00,D004,R005,Support,91185.79,87155.43,53677.86,60863.78,62,Completed
TXN0000665,2026-10-27 00:00:00,D005,R002,Consulting,129020.63,131124.93,90947.25,105394.26,155,Completed
TXN0000666,2025-08-18 00:00:00,D003,R005,Hardware,270505.47,321801.41,141480.23,154686.97,121,Cancelled
TXN0000667,2024-10-01 00:00:00,D010,R002,Consulting,144624.43,157967.54,72168.55,62831.25,92,Pending
TXN0000668,2026-04-06 00:00:00,D006,R003,Services,166842.33,152708.85,104755.59,103706.36,9,Completed
TXN0000669,2025-03-08 00:00:00,D004,R001,Services,126780.91,119013.21,103389.96,74574.89,10,Cancelled
TXN0000670,2024-03-17 00:00:00,D009,R001,Hardware,163137.98,172049.19,114473.07,119279.43,101,Completed
TXN0000671,2024-04-08 00:00:00,D009,R001,Subscription,253401.08,231967.72,123233.99,159821.38,174,Completed
TXN0000672,2026-06-28 00:00:00,D001,R005,Consulting,147400.58,144290.41,96710.58,96547.89,102,Completed
TXN0000673,2024-11-09 00:00:00,D009,R001,Support,98049.35,101138.2,64413.99,61303.68,57,Completed
TXN0000674,2026-12-01 00:00:00,D005,R002,Software,114600.99,127187.92,112553.12,145782.01,74,Cancelled
TXN0000675,2024-08-02 00:00:00,D010,R002,Consulting,114698.41,101949.14,74062.16,74165.6,135,Cancelled
TXN0000676,2026-10-16 00:00:00,D002,R002,Software,190422.38,174747.52,112957.85,100188.21,55,Cancelled
TXN0000677,2025-02-17 00:00:00,D004,R001,Subscription,201151.1,221238.36,68772.5,58906.19,96,Pending
TXN0000678,2026-10-13 00:00:00,D005,R002,Subscription,140063.19,150242.08,61647.51,64649.68,58,Pending
TXN0000679,2024-07-01 00:00:00,D006,R003,Software,190435.47,203487.08,109804.78,107686.18,33,Cancelled
TXN0000680,2026-11-13 00:00:00,D008,R004,Software,148398.14,111632.52,132941.74,127850.05,24,Completed
TXN0000681,2025-08-29 00:00:00,D005,R002,Consulting,147541.06,102319.55,69949.54,66241.05,72,Pending
TXN0000682,2024-03-21 00:00:00,D001,R001,Services,95369.07,83745.78,91412.98,89292.08,79,Completed
TXN0000683,2024-07-13 00:00:00,D006,R003,Software,175129.62,178473.08,104250.15,99742.72,16,Completed
TXN0000684,2025-11-04 00:00:00,D003,R003,Services,147972.23,137148.4,72960.62,68636.49,96,Pending
TXN0000685,2024-07-09 00:00:00,D010,R002,Support,99495.89,91564.58,51370.76,58360.03,100,Completed
TXN0000686,2026-07-23 00:00:00,D003,R003,Consulting,121302.46,114359.75,78579.06,72142.65,74,Pending
TXN0000687,2024-12-07 00:00:00,D008,R004,Support,70280.02,74621.79,56403.27,45304.17,33,Completed
TXN0000688,2024-07-31 00:00:00,D001,R001,Services,156505.38,161099.32,96026.86,84835.72,111,Cancelled
TXN0000689,2026-06-16 00:00:00,D008,R004,Support,69515.13,48672.75,39220.66,38164.05,51,Cancelled
TXN0000690,2024-02-29 00:00:00,,R004,Subscription,148546.82,187580.58,72949.96,65165.43,180,Completed
TXN0000691,2026-04-22 00:00:00,D008,R004,Software,178545.47,196858.84,113212.02,113093.04,117,Completed
TXN0000692,2024-01-26 00:00:00,D002,R002,hardware,266802.89,227895.94,156157.07,144780.67,178,Cancelled
TXN0000693,2025-11-23 00:00:00,D010,R002,Services,115552.87,117064.98,79593.21,90477.15,137,Cancelled
TXN0000694,2025-05-24 00:00:00,D010,R002,Support,80047.97,85839.58,48753.86,53013.66,128,Completed
TXN0000695,2024-04-21 00:00:00,D007,R004,Subscription,191416.82,172745.63,83333.67,unknown,7,Completed
TXN0000696,2024-12-04 00:00:00,D009,R001,Consulting,154161.42,109168.69,62536.97,65203.87,24,Pending
TXN0000697,2024-04-13 00:00:00,D006,R003,Hardware,164726.75,160749.59,158719.3,135094.82,134,Completed
TXN0000698,2025-04-26 00:00:00,D009,R001,,124841.49,116451.79,73378.19,76937.62,25,Pending
TXN0000699,2024-06-29 00:00:00,D008,R004,Consulting,128147.46,122660.62,88112.8,73049.41,132,Pending
TXN0000700,2024-02-06 00:00:00,D006,R003,Consulting,108364.14,143456.18,90493.5,104806.25,31,Pending
TXN0000701,2025-09-15 00:00:00,D007,R005,Software,130340.5,124885.62,106545.46,118609.88,135,Cancelled
TXN0000702,2025-11-29 00:00:00,D004,R001,Consulting,123558.25,124273.49,82521.3,83453.69,98,Completed
TXN0000703,2026-08-26 00:00:00,D004,R001,Hardware,247437.16,243978.3,158515.65,161154.81,173,Completed
TXN0000704,2025-03-30 00:00:00,D008,R004,Support,112573.96,127458.03,,70154.62,5,Completed
TXN0000705,2026-12-05 00:00:00,D006,R003,Hardware,286095.15,297758.96,123132.65,133443.03,100,Completed
TXN0000706,2024-10-14 00:00:00,D001,R001,Consulting,138182.84,143230.2,67040.88,63131.44,109,Completed
TXN0000707,09/04/2024,,R002,Services,102224.8,130358.1,83750.91,89802.74,105,Completed
TXN0000708,2025-11-23 00:00:00,D008,R004,Services,163929.78,161989.79,84191.95,82922.22,32,Pending
TXN0000709,2024-09-09 00:00:00,D001,R001,Support,85744.92,65193.44,52039.79,38486.12,120,Pending
TXN0000710,2026-10-18 00:00:00,D010,R002,Services,110279.9,121866.71,87342.66,94296.67,6,Cancelled
TXN0000711,2026-09-16 00:00:00,D001,R001,Consulting,126351.93,124604.74,80721.87,82409.36,135,Completed
TXN0000712,2024-07-31 00:00:00,D010,R002,Services,149554.66,147246.22,101731.02,102802.21,104,Cancelled
TXN0000713,2026/02/26,D010,R002,Subscription,175483.74,164742.93,96165.88,91239.15,112,Cancelled
TXN0000714,2025-08-25 00:00:00,D004,R001,Hardware,306490.23,281153.1,158235.77,153681.94,120,Completed
TXN0000715,2026-11-15 00:00:00,D003,R003,Support,108092.71,114755.78,56640.46,57199.1,81,Cancelled
TXN0000716,2025-03-21 00:00:00,D006,R003,Subscription,142483.08,155380.84,95228.87,104636.63,56,Completed
TXN0000717,2025-12-08 00:00:00,D010,R002,Support,83565.44,89859.77,45300.03,59311.5,177,Completed
TXN0000718,2025-10-22 00:00:00,D003,R003,Support,98201.1,95250.24,67736.29,74732.46,34,Completed
TXN0000719,2026-05-04 00:00:00,D009,R001,Subscription,250779.23,254319.39,73821.69,75539.25,177,Cancelled
TXN0000720,2024-01-27 00:00:00,D005,R002,Consulting,168277.53,158400.09,66580.68,67532.41,138,Completed
TXN0000721,2024-04-25 00:00:00,D001,R001,Software,113091.31,104916.54,110500.85,78151.3,56,Completed
TXN0000722,2025-05-28 00:00:00,D003,R003,,116622.73,116687.59,58173.7,52232.64,42,Completed
TXN0000723,2024-03-07 00:00:00,D005,R002,Subscription,120634.48,117509.53,98532.97,98842.29,96,Pending
TXN0000724,2025-04-04 00:00:00,D002,R002,Support,90366.62,100375.64,42631.05,37952.42,170,Cancelled
TXN0000725,2025-08-12 00:00:00,D007,R004,Support,88719.11,100163.28,49903.71,48711.83,175,Completed
TXN0000726,2025-10-02 00:00:00,D007,R004,Support,125152.97,130219.04,42471.59,40922.04,146,Completed
TXN0000727,2026-06-26 00:00:00,D001,R001,Services,120314.86,147313.9,81466.72,108633.97,62,Completed
TXN0000728,2025-02-06 00:00:00,D010,R002,Subscription,184832.04,179652.0,69606.33,71658.34,54,Completed
TXN0000729,2024-06-01 00:00:00,D008,R004,Support,98374.53,,53050.68,53674.6,52,Completed
TXN0000730,2026-05-27 00:00:00,D009,R001,Software,127645.27,132690.31,115273.8,144949.35,76,Cancelled
TXN0000731,2025-06-06 00:00:00,D005,R002,Subscription,156994.93,169360.36,95663.62,84885.42,6,Completed
TXN0000732,2024-03-22 00:00:00,D008,R004,Services,114303.68,126549.03,87806.52,100171.66,44,Completed
TXN0000733,2026-01-03 00:00:00,D010,R006,Consulting,141872.76,145426.64,79395.9,67944.43,23,Completed
TXN0000734,2026-12-02 00:00:00,D009,R001,Services,,156660.57,89042.52,84865.59,22,Cancelled
TXN0000735,2026-04-06 00:00:00,D003,R003,Subscription,115717.56,120336.66,87913.37,56070.78,28,Completed
TXN0000736,2025-11-10 00:00:00,D004,R001,Support,83708.78,83055.31,52310.55,55951.53,89,Completed
TXN0000737,2026-12-22 00:00:00,D005,R002,Subscription,197761.62,232927.21,86769.81,76644.72,126,Cancelled
TXN0000738,2026-07-01 00:00:00,D001,R001,Hardware,265126.4,234248.43,136013.2,185056.09,66,Cancelled
TXN0000739,2025-10-19 00:00:00,D010,R002,Software,176323.23,180610.76,113899.43,116998.86,102,Completed
TXN0000740,2025-08-02 00:00:00,D007,R004,Support,,92722.72,55636.05,56472.95,11,Cancelled
TXN0000741,2026-07-01 00:00:00,D006,R003,Subscription,158195.98,180643.12,93500.98,92465.59,129,Completed
TXN0000742,2025-10-18 00:00:00,D005,R002,Services,168879.96,178005.96,74427.75,76882.04,136,Completed
TXN0000743,2026-12-28 00:00:00,D002,R002,Subscription,153010.28,136880.52,62783.85,61033.86,6,Completed
TXN0000744,2026-05-18 00:00:00,D004,R001,Services,164136.35,146073.22,87823.41,98330.24,31,Completed
TXN0000745,2026-06-10 00:00:00,D009,R001,Support,78089.74,81943.06,69574.63,52891.9,170,Completed
TXN0000746,2024-06-28 00:00:00,D003,R006,Software,176409.67,232221.77,103166.92,101122.2,23,Completed
TXN0000747,2024-05-24 00:00:00,D003,R003,Subscription,177823.93,194776.48,113592.38,121160.61,152,Completed
TXN0000748,2026-04-08 00:00:00,D005,R002,Consulting,,141460.74,74846.94,69293.76,115,Completed
TXN0000749,2026-12-31 00:00:00,D001,R001,Software,182789.99,186581.06,96854.15,109281.67,6,Cancelled
TXN0000750,2024-04-03 00:00:00,D002,R002,Subscription,141284.99,179125.45,91212.02,89161.73,23,Completed
TXN0000751,2025-09-09 00:00:00,D009,R001,Support,82989.06,79900.89,61985.6,52980.99,160,Completed
TXN0000752,2026-02-20 00:00:00,D005,R002,Consulting,90286.93,82187.08,74046.73,74059.97,106,Completed
TXN0000753,2024-10-06 00:00:00,D008,R004,Services,139765.93,138739.74,89174.94,101385.4,105,Cancelled
TXN0000754,2025-09-02 00:00:00,D005,R002,,147014.39,144333.34,"₹1,25,000",69927.95,178,Completed
TXN0000755,2024-10-16 00:00:00,D001,R001,Subscription,227653.38,230186.5,79688.97,58324.84,36,Completed
TXN0000756,2024-06-23 00:00:00,D001,R001,Consulting,153892.16,159378.66,46495.07,40805.6,83,Completed
TXN0000757,2026-11-15 00:00:00,D006,R003,Support,41276.36,38851.41,60026.38,-37689.64882766387,41,Completed
TXN0000758,2025/02/01,D003,R003,Hardware,180972.63,181945.34,122501.95,155619.9,34,Completed
TXN0000759,2026-08-02 00:00:00,D010,R002,Subscription,174229.04,158650.14,48893.38,45978.54,170,Cancelled
TXN0000760,2025-05-28 00:00:00,D002,R002,Software,unknown,237055.2,77275.67,58095.16,30,Completed
TXN0000761,2026-01-01 00:00:00,D010,R002,Hardware,293523.24,313989.87,133823.03,163507.53,37,Completed
TXN0000762,2025-01-31 00:00:00,D002,R002,Software,102500.62,94260.54,124868.03,167513.89,86,Pending
TXN0000763,2025-09-18 00:00:00,D008,R004,Support,67750.87,68746.57,59575.14,62572.72,154,Completed
TXN0000764,2026-05-27 00:00:00,D010,R002,Hardware,157793.09,167707.36,176449.29,148434.51,48,Completed
TXN0000765,2026-06-12 00:00:00,D006,R003,Services,176164.2,165849.57,80276.69,95351.22,75,Completed
TXN0000766,2026-09-09 00:00:00,D003,R003,Hardware,196640.26,182354.84,161209.58,182008.15,123,Pending
TXN0000767,2024-08-10 00:00:00,D006,R003,Consulting,136092.2,145305.4,75300.58,83277.13,49,Cancelled
TXN0000768,2025-02-06 00:00:00,D002,R002,Services,,154132.99,99082.03,94081.97,72,Completed
TXN0000769,2024-03-04 00:00:00,D002,R002,Subscription,188731.8,178494.15,85870.16,110580.88,153,Cancelled
TXN0000770,2024-03-16 00:00:00,D007,R004,Services,138492.38,132213.42,91712.42,99458.03,146,Completed
TXN0000771,2026-08-24 00:00:00,D009,R001,Subscription,156194.47,143254.95,82458.27,80444.49,172,Completed
TXN0000772,2025-08-18 00:00:00,D006,R003,Subscription,142765.0,196135.66,76081.13,69116.73,39,Pending
TXN0000773,2026-01-15 00:00:00,D009,R001,Consulting,151086.07,157863.07,87832.91,77857.46,133,Completed
TXN0000774,2024-12-05 00:00:00,D004,R001,Subscription,203462.97,177687.97,98720.73,112778.35,136,Completed
TXN0000775,2024-10-26 00:00:00,D008,R004,Subscription,194750.31,188448.52,68008.78,56994.64,128,Completed
TXN0000776,2025-04-19 00:00:00,D001,R001,Consulting,115469.03,115860.32,59394.09,53348.68,21,Completed
TXN0000777,2025-02-27 00:00:00,D006,R003,Support,79793.6,65590.44,61441.21,56371.83,137,Completed
TXN0000778,2024-04-05 00:00:00,D007,R004,Consulting,136130.88,150913.03,80662.57,82478.16,15,Completed
TXN0000779,2025-07-14 00:00:00,D002,R002,Subscription,164449.42,126213.39,85153.64,79574.52,72,Cancelled
TXN0000780,2026-02-14 00:00:00,D009,R001,Consulting,107843.32,132516.99,88601.44,85607.96,98,Cancelled
TXN0000781,2025-04-01 00:00:00,D002,R002,Consulting,140330.65,,61971.1,69304.23,137,Pending
TXN0000782,2026-09-24 00:00:00,D006,R003,Hardware,unknown,162503.5,156675.45,154654.95,128,Cancelled
TXN0000783,2026-06-19 00:00:00,D001,R001,Services,189098.23,188832.96,98941.48,81689.11,47,Completed
TXN0000784,2025-03-09 00:00:00,D002,R002,Hardware,182760.2,180568.37,131990.35,119647.76,43,Completed
TXN0000785,2024-08-30 00:00:00,D003,R003,Support,96548.25,81298.76,61299.68,71991.12,174,Completed
TXN0000786,2024-08-20 00:00:00,D007,R004,Support,94979.94,107079.06,47743.41,54746.05,128,Pending
TXN0000787,2026-04-21 00:00:00,D008,R004,Services,126754.1,124602.91,85440.74,73331.31,10,Completed
TXN0000788,2024-11-25 00:00:00,D001,R001,Subscription,128546.91,121081.1,91948.87,113092.65,39,Cancelled
TXN0000789,2024-04-24 00:00:00,D001,R001,Services,147441.05,165822.86,74439.61,86278.47,47,Completed
TXN0000790,2024-02-08 00:00:00,D003,R003,Consulting,111331.87,103154.51,71082.96,71440.61,174,Completed
TXN0000791,2026-08-23 00:00:00,D002,R002,Subscription,174828.65,148733.34,101806.92,112190.9,128,Completed
TXN0000792,2024-10-19 00:00:00,D004,R001,Subscription,134060.66,178510.01,76115.52,58197.21,154,Completed
TXN0000793,2024-12-09 00:00:00,D010,R002,Hardware,239297.29,252553.59,169868.77,154396.44,180,Completed
TXN0000794,2025-04-15 00:00:00,D008,R004,Software,176266.73,197894.66,103225.01,108117.52,101,Pending
TXN0000795,2026-12-06 00:00:00,D003,R003,Services,,146526.51,51026.37,46949.18,134,Pending
TXN0000796,2026-09-01 00:00:00,D003,R003,Services,131158.59,138188.85,54830.47,60787.95,162,Cancelled
TXN0000797,2026-10-27 00:00:00,D001,R001,Subscription,134063.0,,73687.9,75634.11,35,Completed
TXN0000798,2024-01-03 00:00:00,D008,R004,Subscription,108702.64,85596.39,57881.26,63280.43,178,Pending
TXN0000799,2026-12-21 00:00:00,D009,R001,Software,218019.53,240952.52,105203.21,104081.02,114,Completed
TXN0000800,2025-12-18 00:00:00,D008,R004,Consulting,137417.43,102998.53,84271.6,94597.82,155,Cancelled
TXN0000801,2026-09-04 00:00:00,D002,R002,Hardware,185220.78,191978.33,147317.38,151797.33,64,Completed
TXN0000802,2026-04-16 00:00:00,D005,R002,Subscription,193110.55,147152.57,94270.71,68914.33,70,Completed
TXN0000803,2026-12-06 00:00:00,D001,R001,Software,142509.42,159617.88,86536.94,92943.4,35,Cancelled
TXN0000804,2025-10-08 00:00:00,D001,R001,Services,161246.25,153107.0,100814.6,100218.43,109,Completed
TXN0000805,2025-06-03 00:00:00,D002,R002,Support,91740.6,85564.82,58408.87,54224.2,71,Cancelled
TXN0000806,2025-07-18 00:00:00,D007,R004,Subscription,197295.58,206181.83,97836.77,115235.92,179,Pending
TXN0000807,2026-09-15 00:00:00,D004,R001,Subscription,119838.54,145748.39,105176.04,76755.64,50,Completed
TXN0000808,2025-09-20 00:00:00,D009,R001,Hardware,186531.9,175311.51,157838.62,151329.91,152,Completed
TXN0000809,2024-08-31 00:00:00,D007,R004,Support,104274.58,93811.01,55011.67,56753.24,63,Pending
TXN0000810,2026-03-31 00:00:00,D003,R003,Subscription,184673.03,181867.48,114154.23,107572.06,91,Cancelled
TXN0000811,2024-04-16 00:00:00,D010,R002,Support,74467.79,78165.21,43097.92,43070.66,46,Pending
TXN0000812,2026-08-23 00:00:00,D001,R001,Services,157399.91,148491.39,88612.39,114959.7,158,Pending
TXN0000813,2024-06-12 00:00:00,D002,R005,Hardware,172995.06,157589.78,169541.29,160856.16,160,Completed
TXN0000814,2026-12-03 00:00:00,D007,R004,Consulting,115607.82,103920.66,80183.7,87458.85,78,Cancelled
TXN0000815,2026-10-09 00:00:00,D001,R001,Services,152509.28,153887.78,113220.88,121479.05,117,Completed
TXN0000816,2025-08-08 00:00:00,D004,R001,Subscription,158470.52,185446.42,82065.86,83006.65,54,Completed
TXN0000817,2025-04-19 00:00:00,D010,R002,Support,102027.83,82874.91,49389.23,unknown,162,Completed
TXN0000818,2024-01-01 00:00:00,D001,R001,Support,73148.86,74481.62,72117.72,71960.85,45,Completed
TXN0000819,2026-03-20 00:00:00,D005,R002,Hardware,216021.16,210999.46,143668.54,170087.04,108,Cancelled
TXN0000820,2024-05-20 00:00:00,D004,R001,Support,104139.75,71360.46,46497.82,46360.23,28,Cancelled
TXN0000821,2025-12-13 00:00:00,D005,R002,Subscription,144515.8,147450.22,99437.82,98238.55,93,Completed
TXN0000822,2026-07-20 00:00:00,D004,R001,SERVICES,159954.85,209516.04,77239.29,,108,Cancelled
TXN0000823,2026-11-02 00:00:00,D001,R001,Consulting,157672.65,142076.78,76172.06,98114.16,32,Cancelled
TXN0000824,2024-08-27 00:00:00,D002,R002,Hardware,252033.2,241675.94,131440.64,126226.92,136,Completed
TXN0000825,2025-05-27 00:00:00,D009,R001,Subscription,143687.84,119164.63,101975.28,86193.93,118,Pending
TXN0000826,2025-11-26 00:00:00,D010,R002,Services,139849.94,166547.92,95662.44,96873.5,122,Pending
TXN0000827,2024-08-26 00:00:00,D010,R002,Consulting,114657.72,124266.12,62869.12,48723.24,71,Completed
TXN0000828,2025-04-15 00:00:00,D007,R004,Services,139795.55,163126.85,87150.01,89861.67,85,Pending
TXN0000829,2025-06-23 00:00:00,D006,R003,Software,173002.88,175519.63,126499.6,131708.41,68,Completed
TXN0000830,2025-12-01 00:00:00,D002,R002,Support,84408.33,77899.88,59305.44,63757.42,24,Cancelled
TXN0000831,2025-03-23 00:00:00,D003,R003,Hardware,277101.02,255424.54,133112.92,94045.33,151,Completed
TXN0000832,2025-01-24 00:00:00,D003,R003,Support,108565.65,76534.17,30029.94,33227.04,132,Completed
TXN0000833,2025-02-27 00:00:00,D004,R001,Hardware,184861.75,206719.75,162905.67,166799.74,63,Completed
TXN0000834,2024-11-15 00:00:00,D004,R001,Hardware,263404.37,266804.54,154867.45,156629.14,32,Completed
TXN0000835,2026-10-05 00:00:00,D002,R002,Support,78996.46,65414.33,29354.55,24591.16,162,Completed
TXN0000836,2026-01-30 00:00:00,D009,R001,Consulting,143314.57,167998.38,77563.99,80926.26,163,Completed
TXN0000837,2025-07-16 00:00:00,D008,R004,Subscription,119889.22,118298.08,89502.47,89968.23,130,Completed
TXN0000838,2024-09-19 00:00:00,D009,R001,Services,141148.21,147851.44,93478.34,94952.78,18,Cancelled
TXN0000839,2024-03-07 00:00:00,D007,R004,Subscription,167087.21,163467.52,78447.17,88517.51,133,Completed
TXN0000840,2026-07-25 00:00:00,D007,R004,Services,158104.12,162795.82,82854.64,81318.47,35,Cancelled
TXN0000841,2024-01-25 00:00:00,D008,R004,Software,201134.72,168388.35,81288.5,101032.58,177,Completed
TXN0000842,2026-01-10 00:00:00,D007,R004,Hardware,252582.2,298050.17,122666.5,,161,Completed
TXN0000843,2025-07-05 00:00:00,D003,R003,Services,134171.22,131675.31,77160.69,97930.62,125,Cancelled
TXN0000844,2026-05-18 00:00:00,D006,R003,Consulting,101666.01,86314.71,84090.89,80941.02,58,Pending
TXN0000845,2025-07-26 00:00:00,D006,R003,Consulting,123138.91,127895.44,78956.0,58450.09,120,Completed
TXN0000846,2025-04-13 00:00:00,D010,R002,Subscription,154502.88,178486.72,87145.98,89814.41,30,Completed
TXN0000847,2025-02-05 00:00:00,D004,R001,Consulting,102660.51,120946.41,58426.3,66799.12,42,Completed
TXN0000848,2026-05-13 00:00:00,D008,R004,Services,,172047.99,78415.99,92192.99,132,Completed
TXN0000849,2026-09-23 00:00:00,D009,R001,Hardware,236221.59,257239.26,153281.77,206134.99,81,Completed
TXN0000850,2026-03-26 00:00:00,D009,R001,Software,203419.59,215813.44,111967.67,127427.13,30,Completed
TXN0000851,2026-09-02 00:00:00,D001,R001,Hardware,216795.67,191787.95,71446.12,75130.62,166,Completed
TXN0000852,2026-01-09 00:00:00,D008,R004,Hardware,172917.05,185852.41,143842.78,132137.12,97,Cancelled
TXN0000853,2025-12-05 00:00:00,D009,R001,Hardware,188681.08,204568.01,145788.99,145748.88,10,Pending
TXN0000854,2025-02-11 00:00:00,D002,R002,Support,90026.23,90525.35,58650.0,65058.02,152,Cancelled
TXN0000855,2025-12-28 00:00:00,D009,R001,Hardware,185616.87,183540.8,147269.27,166999.72,88,Cancelled
TXN0000856,2024-06-09 00:00:00,D008,R004,Consulting,112967.97,116418.94,79586.85,80189.7,102,Cancelled
TXN0000857,2024-12-09 00:00:00,D005,R002,Services,,108907.0,94096.23,109059.12,168,Completed
TXN0000858,2026-04-08 00:00:00,D007,R004,Subscription,125927.98,133580.83,86360.21,95804.94,23,Completed
TXN0000859,2025-10-10 00:00:00,D003,R003,Hardware,245565.27,245352.02,145449.64,149514.87,172,Completed
TXN0000860,2025-07-09 00:00:00,D005,R002,Consulting,100356.41,106956.52,37371.28,40002.34,118,Completed
TXN0000861,2026-04-27 00:00:00,D010,R002,Consulting,186992.4,161581.49,72283.77,82608.76,47,Completed
TXN0000862,2025-05-30 00:00:00,D001,R001,Services,133306.77,unknown,79561.66,73672.8,25,Completed
TXN0000863,2024-05-10 00:00:00,D003,R003,Software,195752.39,199402.93,75691.06,73924.7,126,Cancelled
TXN0000864,2024-06-19 00:00:00,D001,R006,Subscription,119811.08,105496.41,79806.08,80558.35,31,Completed
TXN0000865,2026-03-09 00:00:00,D010,R002,Support,113122.35,115496.37,51308.97,52105.74,84,Completed
TXN0000866,2024-09-15 00:00:00,D004,R001,Consulting,131915.28,135053.31,72987.33,83085.73,38,Cancelled
TXN0000867,2026-09-02 00:00:00,D003,R006,Hardware,,213179.8,140734.59,125245.63,124,Cancelled
TXN0000868,2024-12-28 00:00:00,D005,R002,Services,142129.53,135624.29,95852.73,96611.82,156,Cancelled
TXN0000869,2026-06-09 00:00:00,D008,R004,Support,99523.27,97836.68,60453.7,57575.34,139,Cancelled
TXN0000870,2025-04-10 00:00:00,D005,R002,Consulting,155394.18,158822.13,68051.26,59454.5,27,Pending
TXN0000871,2024-11-14 00:00:00,D005,R002,Hardware,266188.27,261244.06,157318.64,156952.56,82,Completed
TXN0000872,2025-12-05 00:00:00,D001,R001,Services,73854.61,84902.67,119666.53,163534.92,78,Pending
TXN0000873,2025-09-05 00:00:00,D009,R006,Consulting,144591.8,130645.48,87537.57,98156.82,7,Pending
TXN0000874,2026-02-04 00:00:00,D005,R002,Software,157740.74,146496.08,86230.22,84345.76,53,Pending
TXN0000875,2024-11-30 00:00:00,D009,R001,Services,143702.77,135066.69,77899.01,94208.26,170,Pending
TXN0000876,2026/05/14,D007,R004,Software,139676.82,118854.16,114098.48,113718.26,165,Completed
TXN0000877,2025-07-10 00:00:00,D009,R001,Subscription,140376.25,135506.36,103936.69,96410.38,77,Cancelled
TXN0000878,2025-01-08 00:00:00,D005,R002,Software,152382.67,134635.3,118366.43,143203.29,39,Completed
TXN0000879,2026-07-16 00:00:00,D002,R002,Subscription,166551.88,131311.26,99157.94,124515.89,74,Cancelled
TXN0000880,2024-11-07 00:00:00,D008,R004,Software,161549.83,149392.59,107817.22,89950.95,17,Cancelled
TXN0000881,2025-07-31 00:00:00,D001,R001,Software,201737.52,178201.22,120626.71,116571.8,73,Completed
TXN0000882,2024-07-03 00:00:00,D008,R004,Services,156241.87,145242.44,97624.14,92871.64,43,Completed
TXN0000883,2025-09-30 00:00:00,D008,R004,Consulting,113339.32,113780.08,92115.36,106575.31,132,Completed
TXN0000884,2025-11-07 00:00:00,D008,R004,Software,214430.1,239274.78,103388.85,109901.36,25,Completed
TXN0000885,2024-05-26 00:00:00,D001,R001,Consulting,138216.31,124916.29,93196.52,107901.2,144,Pending
TXN0000886,2026-02-20 00:00:00,D003,R003,Hardware,168893.77,178543.38,141676.39,89297.73,8,Completed
TXN0000887,2025-05-21 00:00:00,D004,R001,Consulting,159525.85,183470.46,89648.07,91594.28,13,Completed
TXN0000888,2026-12-03 00:00:00,D008,R004,Software,211838.93,212435.33,85358.76,107762.43,175,Completed
TXN0000889,2025-10-23 00:00:00,D008,R004,Hardware,289226.23,262694.21,169129.43,168266.96,45,Completed
TXN0000890,2026-09-12 00:00:00,D009,R001,Hardware,229512.15,266815.3,174072.68,174718.38,168,Completed
TXN0000891,2025-03-22 00:00:00,D004,R001,Software,173659.37,219989.0,128657.58,121553.26,33,Completed
TXN0000892,2025-07-19 00:00:00,D007,R004,Services,136891.73,153753.64,89203.05,101782.08,154,Completed
TXN0000893,2024-03-27 00:00:00,D007,R004,Software,149561.39,183002.58,129698.71,126748.13,153,Pending
TXN0000894,2025-05-24 00:00:00,D010,R002,Software,147326.26,157251.24,73288.2,72332.06,45,Pending
TXN0000895,2024-05-02 00:00:00,D002,R002,Hardware,235428.34,252077.65,93486.23,90762.72,20,Completed
TXN0000896,2024-09-14 00:00:00,D003,R003,Software,198300.89,211585.64,138790.04,110454.11,129,Completed
TXN0000897,2025-12-12 00:00:00,D006,R003,Support,55990.43,45498.86,,54937.78,117,Completed
TXN0000898,2024-10-02 00:00:00,D001,R001,Hardware,193968.05,145917.41,143864.01,169112.09,69,Completed
TXN0000899,2025-08-26 00:00:00,D008,R004,Subscription,183271.44,157117.61,77787.86,67264.99,143,Pending
TXN0000900,2025-12-13 00:00:00,D004,R001,Subscription,181105.48,187272.71,71651.06,81889.21,87,Pending
TXN0000901,2024-11-24 00:00:00,D005,R002,Subscription,206031.67,148833.1,100563.09,103748.89,22,Cancelled
TXN0000902,2026-01-21 00:00:00,D003,R003,Hardware,136651.92,174404.87,192378.53,,121,Completed
TXN0000903,2024-02-08 00:00:00,D009,R001,Services,135314.7,129535.69,63248.23,64913.76,163,Completed
TXN0000904,2024-05-09 00:00:00,D010,R002,Support,110866.83,120150.44,55127.68,55209.68,173,Cancelled
TXN0000905,2026-10-15 00:00:00,D007,R004,Support,101594.89,81014.67,76070.38,73038.2,146,Completed
TXN0000906,2025-10-21 00:00:00,D010,R002,Consulting,161537.41,147762.49,80659.33,82221.31,33,Completed
TXN0000907,2024-09-22 00:00:00,D009,R001,Software,206829.11,249804.95,128851.02,126177.04,50,Completed
TXN0000908,2024-07-21 00:00:00,D004,R001,Services,168270.91,180280.46,82461.17,93907.87,13,Cancelled
TXN0000909,2025-06-08 00:00:00,D007,R004,Subscription,124962.47,124075.99,73849.97,94478.95,17,Completed
TXN0000910,2024-01-27 00:00:00,D004,R001,Software,170111.88,161857.22,128425.65,124955.68,58,Pending
TXN0000911,2024-05-04 00:00:00,D002,R002,Support,90508.61,111606.9,69146.69,67280.48,97,Cancelled
TXN0000912,2024-04-29 00:00:00,,R004,Support,99874.32,106015.42,41312.71,55988.27,162,Completed
TXN0000913,2024-06-08 00:00:00,D009,R005,Hardware,233243.77,233987.07,179291.27,151574.64,60,Cancelled
TXN0000914,2026-12-24 00:00:00,D002,R002,Services,164098.63,210519.56,116615.56,111857.06,103,Completed
TXN0000915,2025-01-01 00:00:00,D004,R001,Services,94116.84,100439.4,75401.48,72147.25,147,Cancelled
TXN0000916,2026-01-03 00:00:00,D007,R004,Support,88135.22,78323.69,51955.91,54703.46,177,Pending
TXN0000917,2025-01-04 00:00:00,D007,R004,Services,165924.98,178121.8,91822.92,120055.41,145,Pending
TXN0000918,2026-12-29 00:00:00,D009,R001,Services,114044.7,111353.07,85626.68,83985.37,158,Pending
TXN0000919,2025-10-26 00:00:00,D006,R003,Subscription,158851.04,214038.86,69778.95,66261.34,100,Pending
TXN0000920,2025-05-07 00:00:00,D007,R004,Hardware,157335.85,155068.79,163950.62,160267.73,149,Cancelled
TXN0000921,2025-06-04 00:00:00,D004,R001,Subscription,179847.94,163708.23,80155.67,70485.61,97,Pending
TXN0000922,2024-03-11 00:00:00,D008,R004,Software,184846.97,215400.99,111721.76,119303.62,77,Cancelled
TXN0000923,2024-01-14 00:00:00,D001,R001,Hardware,157343.96,174852.87,146165.28,164267.65,81,Completed
TXN0000924,2025-07-19 00:00:00,D004,R001,Software,161399.14,139791.24,119440.88,153480.33,146,Cancelled
TXN0000925,2024-11-12 00:00:00,D009,R001,Subscription,186149.31,237475.69,91778.11,65319.26,29,Completed
TXN0000926,2025-06-26 00:00:00,D008,R004,Services,158814.61,161715.98,89427.86,92099.97,98,Cancelled
TXN0000927,2024-07-07 00:00:00,D004,R001,Hardware,185576.24,183955.75,144747.88,145430.24,151,Pending
TXN0000928,2024-06-07 00:00:00,D010,R002,Support,94422.77,102948.7,36743.17,28597.05,88,Pending
TXN0000929,2024-07-14 00:00:00,D003,R003,Support,81842.17,83994.67,53674.6,67295.24,157,Completed
TXN0000930,2026-02-20 00:00:00,D001,R001,Subscription,168924.97,158928.94,71660.37,76712.31,25,Completed
TXN0000931,2026-05-03 00:00:00,D006,R003,Consulting,95714.27,102550.42,53467.3,37139.64,35,Completed
TXN0000932,2026-02-22 00:00:00,D010,R002,Support,86749.64,85421.46,58234.09,61616.18,18,Completed
TXN0000933,2026-10-25 00:00:00,D009,R005,Hardware,183648.15,188541.14,185163.14,129888.01,61,Completed
TXN0000934,2026-07-01 00:00:00,D001,R001,Consulting,83452.11,79219.93,70787.56,84219.74,157,Cancelled
TXN0000935,2025/08/16,D009,R001,Consulting,117557.56,162382.25,69796.44,75801.06,105,Completed
TXN0000936,2024-04-10 00:00:00,D003,R003,Consulting,151096.4,151632.25,69847.45,58187.08,145,Pending
TXN0000937,2026-06-08 00:00:00,D005,R002,Subscription,154951.52,180056.42,95750.17,108287.47,38,Completed
TXN0000938,2026-03-20 00:00:00,D008,R004,Consulting,113437.24,112312.97,61420.75,67810.34,171,Cancelled
TXN0000939,2026-12-09 00:00:00,D004,R001,Support,137557.66,160352.07,45554.71,42195.6,68,Completed
TXN0000940,2025-10-24 00:00:00,D002,R002,Consulting,165671.19,167210.35,82154.88,78583.7,180,Cancelled
TXN0000941,2026-05-17 00:00:00,D002,R002,Consulting,93549.38,107071.81,90623.33,92593.5,98,Completed
TXN0000942,2024-02-19 00:00:00,D004,R001,Subscription,181625.14,177786.28,99423.81,108725.74,83,Completed
TXN0000943,2024-10-25 00:00:00,D006,R003,Consulting,143435.9,112788.52,81154.5,91690.41,117,Completed
TXN0000944,2024-11-15 00:00:00,D004,R001,Hardware,201516.35,181765.23,110594.76,104098.42,26,Completed
TXN0000945,2024-10-29 00:00:00,D001,R001,Subscription,113142.26,114885.76,119125.3,138496.97,78,Completed
TXN0000946,2025-09-16 00:00:00,D006,R003,Software,218591.18,208967.06,95592.55,81710.66,120,Pending
TXN0000947,2025-03-09 00:00:00,D001,R001,Support,68359.03,64040.02,61372.4,65978.65,57,Cancelled
TXN0000948,2026-09-16 00:00:00,D009,R001,Subscription,,147678.45,101280.37,68375.89,164,Completed
TXN0000949,2026-12-14 00:00:00,D001,R001,Support,77430.83,92742.27,55694.88,55900.06,16,Completed
TXN0000950,2025-07-09 00:00:00,D003,R005,Support,116224.36,121019.26,58659.27,59489.01,18,Pending
TXN0000951,2026-01-07 00:00:00,D001,R006,Support,115494.49,120256.37,59018.85,57466.41,32,Completed
TXN0000952,2026-03-02 00:00:00,D005,R002,Support,91289.09,96015.23,61677.65,70241.43,64,Pending
TXN0000953,2025-10-08 00:00:00,D009,R001,Software,207795.92,238036.26,119742.82,113600.65,129,Cancelled
TXN0000954,2026-10-22 00:00:00,D009,R001,Services,120873.94,137479.53,71689.12,67281.09,122,Cancelled
TXN0000955,2026-09-30 00:00:00,D001,R006,Hardware,188118.23,174829.87,149372.64,130168.8,105,Completed
TXN0000956,2025-12-28 00:00:00,D001,R001,Hardware,212329.27,204883.87,157534.68,166631.17,165,Completed
TXN0000957,2025-07-18 00:00:00,D004,R001,Subscription,165713.73,178700.32,89867.77,72794.82,20,Completed
TXN0000958,2025-07-27 00:00:00,D007,R004,Software,162544.15,118876.22,105512.93,108653.24,62,Completed
TXN0000959,2024-10-08 00:00:00,D006,R003,Support,77497.8,70048.1,50617.94,51301.34,27,Pending
TXN0000960,2025-04-10 00:00:00,D009,R001,Subscription,129649.54,127540.81,96160.53,100266.81,111,Completed
TXN0000961,2025-11-05 00:00:00,D010,R002,Hardware,209117.83,214519.01,93931.15,94230.17,119,Cancelled
TXN0000962,2025-02-18 00:00:00,D003,R003,Services,144222.77,156716.9,,95713.77,40,Completed
TXN0000963,2024-10-24 00:00:00,D009,R001,Consulting,84341.57,108266.62,72657.88,68384.96,172,Cancelled
TXN0000964,2026-12-27 00:00:00,D003,R003,Subscription,154521.06,151392.19,"₹1,25,000",84422.47,35,Completed
TXN0000965,2024-03-01 00:00:00,D006,R003,Services,108695.39,118860.86,69692.02,61098.21,86,Pending
TXN0000966,2025-07-14 00:00:00,D007,R004,Support,96992.43,99183.88,61509.14,63358.91,43,Completed
TXN0000967,2025-06-30 00:00:00,D002,R002,Software,161000.15,176724.7,99092.01,97212.23,160,Cancelled
TXN0000968,2025-04-17 00:00:00,D010,R002,Services,174045.6,152670.0,64429.61,76353.4,180,Completed
TXN0000969,2026-10-25 00:00:00,D006,R006,Services,122374.75,113160.78,87199.1,113866.59,159,Pending
TXN0000970,2026-10-03 00:00:00,D006,R003,Consulting,93251.22,97775.09,85766.36,91001.61,126,Completed
TXN0000971,2026-04-16 00:00:00,D003,R003,Software,141516.41,143876.3,103007.11,133936.85,8,Completed
TXN0000972,2025-02-19 00:00:00,D888,R004,Support,65189.13,73071.98,65122.35,62668.04,57,Completed
TXN0000973,2026-09-30 00:00:00,D003,R003,Consulting,107805.8,122064.4,86654.28,78914.26,88,Pending
TXN0000974,2026-02-18 00:00:00,D004,R001,Software,161521.82,155267.1,89247.7,93309.35,85,Pending
TXN0000975,2026-12-11 00:00:00,D010,R002,,154885.24,149949.55,99444.85,107975.28,169,Completed
TXN0000976,2024-03-27 00:00:00,D009,R001,Consulting,109563.88,82325.66,68494.7,70055.96,67,Cancelled
TXN0000977,2024-03-21 00:00:00,D009,R001,Support,89075.93,86908.93,65419.09,83651.71,147,Pending
TXN0000978,2025-01-23 00:00:00,D009,R001,Software,152440.13,142721.76,100478.28,123329.97,79,Pending
TXN0000979,2026-08-02 00:00:00,D007,R004,Hardware,232670.62,261631.27,112358.91,74471.37,47,Pending
TXN0000980,2026-11-24 00:00:00,D005,R002,Software,211623.72,204162.29,134630.96,117580.02,41,Pending
TXN0000981,2024-08-19 00:00:00,D008,R004,Subscription,158946.21,146355.33,99498.96,114347.32,51,Cancelled
TXN0000982,2025-10-24 00:00:00,D009,,Consulting,131604.59,147078.09,79032.92,58064.17,120,Completed
TXN0000983,2025-02-17 00:00:00,D003,R003,Support,83951.43,95932.68,50598.26,40031.57,121,Completed
TXN0000984,2024-12-01 00:00:00,D005,R002,Support,87030.53,107140.52,54825.81,54720.64,36,Completed
TXN0000985,2026-01-13 00:00:00,D002,R002,Support,91340.92,91823.92,55323.69,55159.57,26,Cancelled
TXN0000986,2024-11-23 00:00:00,D007,R004,Subscription,139509.89,158012.31,,90272.12,101,Cancelled
TXN0000987,2024-11-03 00:00:00,D007,R005,Hardware,237062.15,175080.4,115404.16,122373.01,46,Completed
TXN0000988,2026/05/09,D003,R003,Software,202781.82,234390.0,119384.45,79875.93,83,Completed
TXN0000989,2024-08-28 00:00:00,D008,R004,Services,127812.85,126541.05,96448.22,94037.28,38,Completed
TXN0000990,2024-01-26 00:00:00,D001,R001,Hardware,225368.31,249411.09,161901.63,177376.85,122,Pending
TXN0000991,2026-10-07 00:00:00,D008,R004,Software,196348.45,190977.67,121027.08,115695.75,65,Completed
TXN0000992,2026-04-19 00:00:00,D010,R002,Consulting,141951.94,136188.94,68527.21,60343.6,118,Completed
TXN0000993,2025-07-23 00:00:00,D010,R002,Services,135482.87,142849.72,83503.93,96745.2,163,Cancelled
TXN0000994,2025-12-15 00:00:00,D004,R005,Software,174802.41,135737.37,154015.85,198664.39,14,Completed
TXN0000995,2025-09-03 00:00:00,D001,R001,Subscription,124505.98,139809.61,103715.45,108189.79,89,Completed
TXN0000996,2024-11-26 00:00:00,D001,R001,Services,130795.93,128040.97,"₹1,25,000",69901.09,177,Completed
TXN0000997,2024-12-29 00:00:00,D010,R002,Support,74241.21,94799.89,58578.27,54214.67,121,Cancelled
TXN0000998,2025-09-04 00:00:00,D006,R003,Software,182448.67,226006.49,128460.01,125775.26,87,Completed
TXN0000999,2024-05-12 00:00:00,D007,R004,Consulting,110948.51,127748.25,85083.29,99943.6,79,Pending
TXN0001000,2025-11-05 00:00:00,D003,R003,Hardware,263073.33,242002.95,161045.55,166005.9,139,Pending
TXN0001001,2024-04-29 00:00:00,D009,R001,Services,131329.59,127587.99,79906.34,78965.7,32,Cancelled
TXN0001002,2025-08-11 00:00:00,D009,R001,Consulting,94666.02,108563.69,76190.7,81189.26,114,Cancelled
TXN0001003,2025-12-25 00:00:00,D006,R003,Subscription,193624.28,201215.61,79574.91,83528.58,38,Cancelled
TXN0001004,2026-10-16 00:00:00,D010,R002,Support,81038.53,63737.69,52765.22,69436.63,131,Completed
TXN0001005,2025-01-31 00:00:00,D010,R002,Hardware,264547.33,307832.49,104567.69,73684.04,5,Completed
TXN0001006,2025-02-28 00:00:00,D001,R001,Software,183673.98,167440.16,118078.29,108178.29,162,Pending
TXN0001007,2025-03-10 00:00:00,D007,R006,Subscription,172060.29,177811.77,93176.4,82130.94,7,Completed
TXN0001008,2025-09-22 00:00:00,D005,R002,Software,201368.82,239052.11,141090.61,124569.63,81,Cancelled
TXN0001009,2024-08-21 00:00:00,D009,R001,Software,163443.95,136834.68,65057.53,63079.19,180,Completed
TXN0001010,2024-02-29 00:00:00,D006,R003,Subscription,150772.91,170801.09,64376.66,,49,Completed
TXN0001011,2026-09-08 00:00:00,D006,R003,Support,95310.54,98363.41,63381.81,57678.6,126,Completed
TXN0001012,2026-08-01 00:00:00,D003,R003,Support,92452.73,105504.86,57626.38,54256.44,142,Completed
TXN0001013,2024-04-24 00:00:00,D008,R004,Consulting,117355.42,154146.97,78816.35,88937.78,138,Completed
TXN0001014,2024-02-08 00:00:00,D010,R002,Hardware,107812.0,102465.4,176533.2,194455.31,58,Cancelled
TXN0001015,2024-05-15 00:00:00,D006,R003,Hardware,277332.74,292820.56,166776.45,153307.07,43,Completed
TXN0001016,2026-12-30 00:00:00,D001,R001,,105293.55,112185.88,66201.48,74090.3,47,Cancelled
TXN0001017,2024-08-27 00:00:00,D010,,Subscription,158422.38,202827.77,76717.25,82902.07,83,Completed
TXN0001018,2026-10-14 00:00:00,D001,R001,Software,164200.68,176372.89,84721.93,103299.32,65,Completed
TXN0001019,2025-03-18 00:00:00,D008,R004,Hardware,318897.64,307290.72,146067.35,143262.62,139,Completed
TXN0001020,2025-02-17 00:00:00,D003,R003,Software,185819.76,164105.65,133674.6,152221.77,28,Pending
TXN0001021,2024-11-11 00:00:00,D009,R006,Subscription,131000.49,164069.77,90688.68,74427.51,53,Completed
TXN0001022,2025-09-27 00:00:00,D008,R004,Subscription,196148.2,196585.78,82833.52,66606.21,88,Completed
TXN0001023,2024-09-28 00:00:00,D002,R002,Subscription,169551.45,177165.18,74920.93,75984.37,57,Completed
TXN0001024,2024-08-25 00:00:00,D008,R004,Subscription,156976.93,113396.96,98824.19,94673.81,6,Completed
TXN0001025,2024-06-27 00:00:00,D001,R001,Subscription,150115.67,154172.49,59964.59,75794.72,90,Pending
TXN0001026,2025-10-01 00:00:00,D001,R001,Support,91409.67,94493.92,45881.94,33910.7,10,Cancelled
TXN0001027,2025-10-19 00:00:00,D005,,Services,149943.42,174957.7,79209.72,90201.2,56,Completed
TXN0001028,2026-06-22 00:00:00,D005,R002,Hardware,242015.28,194634.44,100805.29,82568.31,176,Completed
TXN0001029,2024-08-22 00:00:00,D005,R002,Hardware,189624.13,197059.52,130990.95,87267.61,8,Cancelled
TXN0001030,2025-12-18 00:00:00,D009,R001,Services,84351.32,83540.0,81864.02,106569.57,145,Completed
TXN0001031,2025-08-03 00:00:00,D005,R002,Support,106570.03,108655.68,53324.07,50031.64,151,Completed
TXN0001032,2026-06-27 00:00:00,D003,R006,Subscription,141909.46,130687.37,91424.65,90719.45,17,Completed
TXN0001033,2024-04-13 00:00:00,D001,R001,Support,61341.39,77135.02,58227.37,67406.49,32,Pending
TXN0001034,2025-01-01 00:00:00,D001,R001,Consulting,124597.36,114403.3,64126.98,79616.44,157,Cancelled
TXN0001035,2025-11-11 00:00:00,D008,R004,Hardware,275082.51,258095.61,113541.49,109348.36,55,Cancelled
TXN0001036,2024-09-26 00:00:00,D002,R002,Consulting,113330.0,130476.65,86374.93,63760.55,28,Pending
TXN0001037,2026-08-11 00:00:00,D002,R002,Support,74102.52,61150.01,42637.61,54727.43,125,Completed
TXN0001038,2025-06-12 00:00:00,D004,R001,Subscription,178041.32,175884.01,88849.32,92700.51,98,Pending
TXN0001039,2025-11-07 00:00:00,D003,R003,Support,101300.91,94824.28,47642.39,49241.37,88,Pending
TXN0001040,2025-12-20 00:00:00,D008,R006,Software,180945.77,184238.51,122284.34,129070.83,127,Pending
TXN0001041,2024-09-17 00:00:00,D003,R003,Hardware,214531.94,212028.31,158714.36,156088.87,135,Completed
TXN0001042,2025-10-29 00:00:00,D007,R004,Software,127332.37,132921.49,65884.34,85182.39,147,Completed
TXN0001043,2026-04-26 00:00:00,D005,R002,Consulting,194711.74,180610.96,72860.59,83065.45,66,Cancelled
TXN0001044,2026-02-25 00:00:00,D004,R001,Consulting,115763.33,104242.27,98117.81,111738.01,21,Completed
TXN0001045,2026-06-01 00:00:00,D004,R001,SUBSCRIPTION,237847.19,225880.01,86678.47,104871.24,116,Cancelled
TXN0001046,2024-12-20 00:00:00,D006,R003,Services,145517.89,120238.71,73551.23,unknown,174,Completed
TXN0001047,2026-08-06 00:00:00,D010,,Software,153601.91,153844.68,113100.25,100710.03,88,Cancelled
TXN0001048,2025-09-22 00:00:00,D002,R002,Services,111906.48,88420.7,101277.99,125968.19,108,Completed
TXN0001049,2026-02-15 00:00:00,D010,R002,Subscription,156860.13,178875.87,90495.0,94589.12,88,Pending
TXN0001050,2024-01-01 00:00:00,D001,R001,Services,112199.75,81337.62,96159.53,105878.51,42,Completed
TXN0001051,2026-07-04 00:00:00,D008,R004,Consulting,97377.2,105011.56,68810.06,85815.54,55,Completed
TXN0001052,2025-09-15 00:00:00,D006,R003,Support,65805.14,71078.9,36309.26,39568.07,116,Completed
TXN0001053,2026-11-11 00:00:00,D002,R002,Subscription,133462.21,113357.94,81858.34,82428.34,108,Completed
TXN0001054,2026-01-05 00:00:00,D005,R005,Software,135236.43,133069.37,78351.42,74006.07,33,Completed
TXN0001055,2026-03-18 00:00:00,D001,R001,Support,110143.17,108103.04,65806.67,63170.93,165,Completed
TXN0001056,2025-03-08 00:00:00,D007,R004,Consulting,110214.46,98219.6,67515.74,60047.15,174,Completed
TXN0001057,2026-02-26 00:00:00,D008,R004,Subscription,170378.62,160024.7,76886.71,82101.85,97,Pending
TXN0001058,2024-09-14 00:00:00,D003,R003,Support,76757.99,79178.24,57827.36,53369.77,39,Completed
TXN0001059,2026-09-23 00:00:00,D002,R002,Services,102734.82,81826.14,107742.82,104395.31,173,Pending
TXN0001060,2026-05-01 00:00:00,D003,R003,Support,86310.94,87934.41,61296.34,62285.22,121,Cancelled
TXN0001061,2026-11-09 00:00:00,D007,R004,Consulting,89649.07,103284.14,89151.21,67507.96,113,Cancelled
TXN0001062,2025-01-15 00:00:00,D008,R004,Services,138230.45,145673.26,50697.02,40106.34,113,Cancelled
TXN0001063,2025-04-29 00:00:00,D001,R001,Support,75521.31,81538.17,51585.91,48571.16,133,Completed
TXN0001064,2026-01-21 00:00:00,D007,R004,Subscription,174565.18,183535.58,88751.5,98847.57,13,Completed
TXN0001065,2024-08-19 00:00:00,D010,R002,Hardware,251594.89,295017.96,101536.16,82977.36,153,Pending
TXN0001066,2026-12-14 00:00:00,D002,R002,Support,110287.0,103782.88,56419.44,49829.48,76,Pending
TXN0001067,2026-08-25 00:00:00,D009,R005,Services,95840.1,108204.05,73294.08,96653.44,166,Completed
TXN0001068,2024-04-18 00:00:00,D009,R001,Hardware,181718.61,209882.07,126531.31,97926.1,92,Cancelled
TXN0001069,2026-08-18 00:00:00,D001,R001,Subscription,208195.13,216160.34,96361.15,109212.61,151,Completed
TXN0001070,2025-08-15 00:00:00,D007,R004,Hardware,167693.22,137518.21,162896.52,134391.22,47,Completed
TXN0001071,2025-06-17 00:00:00,D010,R002,Support,97984.72,106682.08,62335.71,57800.53,20,Pending
TXN0001072,2025-08-20 00:00:00,D010,R002,Software,184425.76,164512.37,110446.78,83083.9,164,Completed
TXN0001073,2026-11-01 00:00:00,D005,R002,Services,unknown,193828.89,96670.69,101720.26,24,Completed
TXN0001074,2025-07-17 00:00:00,D005,R002,Hardware,187823.19,184836.43,193842.9,204265.27,70,Completed
TXN0001075,2024-11-05 00:00:00,D002,R002,Subscription,184512.37,157544.71,107623.53,123769.77,173,Pending
TXN0001076,2025-04-28 00:00:00,D006,R003,Hardware,247159.97,241936.3,95033.45,112902.37,129,Completed
TXN0001077,2024-06-21 00:00:00,D009,R001,Hardware,229498.37,260792.33,156282.39,155435.64,42,Cancelled
TXN0001078,2026-02-23 00:00:00,D003,R003,Consulting,160784.08,162958.79,"₹1,25,000",59591.94,65,Pending
TXN0001079,2025-12-07 00:00:00,D003,R003,Support,98711.84,77349.81,57696.23,76146.44,18,Completed
TXN0001080,2026-09-02 00:00:00,D002,R006,Consulting,144429.39,146769.14,78085.07,78431.67,82,Pending
TXN0001081,2026-03-09 00:00:00,D009,R001,Support,71951.88,71180.94,49447.81,45355.81,126,Completed
TXN0001082,2024-01-25 00:00:00,D003,R003,Consulting,117773.92,117480.32,56718.79,66584.08,78,Pending
TXN0001083,2024-03-25 00:00:00,D007,R004,Subscription,165748.78,166431.68,105756.19,111743.6,29,Cancelled
TXN0001084,2025-07-12 00:00:00,D006,R003,Consulting,121684.84,152398.49,87721.33,100043.16,90,Completed
TXN0001085,2026-03-12 00:00:00,D005,R002,Hardware,207416.67,190119.78,147704.62,151684.58,123,Completed
TXN0001086,2025-11-22 00:00:00,D010,R002,Subscription,112943.02,94775.89,83882.43,88326.16,178,Completed
TXN0001087,2024-01-18 00:00:00,D006,R003,,103973.2,88210.86,40084.23,37072.2,22,Completed
TXN0001088,2026-07-02 00:00:00,D007,R004,Software,210912.36,211701.27,131445.25,136185.19,94,Completed
TXN0001089,2024-02-18 00:00:00,D005,R002,Software,180064.05,189979.75,136978.57,138727.16,163,Completed
TXN0001090,2025-03-20 00:00:00,D001,R001,Support,84117.27,,62518.74,67901.07,158,Completed
TXN0001091,2024-09-23 00:00:00,D002,R002,,236089.94,250571.04,98612.63,130797.23,101,Cancelled
TXN0001092,2025-01-12 00:00:00,D003,R003,Support,84082.45,65939.13,76014.12,89830.12,69,Completed
TXN0001093,2026-07-17 00:00:00,D008,R004,Software,208096.87,174789.88,101246.56,109795.9,75,Pending
TXN0001094,2025-07-21 00:00:00,D006,R003,Software,185993.05,unknown,117968.51,119927.05,20,Pending
TXN0001095,2025-06-12 00:00:00,D007,R004,Software,136695.18,123240.25,133525.17,97547.07,72,Completed
TXN0001096,2026-03-15 00:00:00,D008,R005,Subscription,195173.29,138538.27,91929.0,84518.34,50,Pending
TXN0001097,2025-03-23 00:00:00,D002,R002,Consulting,130945.73,130132.21,75509.54,95513.97,162,Completed
TXN0001098,2024-03-12 00:00:00,D008,R004,Software,182337.76,184015.67,122992.98,105074.33,23,Completed
TXN0001099,2024-02-08 00:00:00,D010,R002,Consulting,111773.23,114002.86,78804.23,72578.8,132,Completed
TXN0001100,2026-03-10 00:00:00,D001,R001,Support,127872.81,121390.42,47425.34,51755.57,73,Completed
TXN0001101,2024-01-08 00:00:00,D006,R003,Subscription,173840.9,165196.67,77428.96,72867.25,136,Pending
TXN0001102,31-02-2025,D008,R004,Support,98941.82,111040.53,51971.94,46198.11,143,Completed
TXN0001103,2026-09-14 00:00:00,D001,R001,Support,114791.42,118740.75,48152.77,47359.28,36,Cancelled
TXN0001104,2025-11-13 00:00:00,D009,R001,Hardware,231957.65,224898.3,132300.15,132261.63,179,Completed
TXN0001105,2026-12-30 00:00:00,D007,R005,Hardware,263160.24,298372.8,131748.53,138069.57,92,Completed
TXN0001106,2025-02-19 00:00:00,D008,R004,Hardware,219343.89,219904.0,160853.13,206952.75,50,Cancelled
TXN0001107,2025-01-26 00:00:00,D001,R001,Support,66062.68,63279.77,57266.89,58214.63,81,Pending
TXN0001108,2026-09-23 00:00:00,D002,R002,Hardware,248693.83,227403.2,155404.86,106566.99,26,Pending
TXN0001109,2024-02-21 00:00:00,D004,R001,Services,142327.9,131744.85,63721.14,,156,Completed
TXN0001110,2025-09-22 00:00:00,D008,R004,Subscription,123965.46,131235.53,67931.74,77567.11,132,Cancelled
TXN0001111,2024-03-16 00:00:00,D008,R004,Software,174752.66,182491.1,117716.06,97779.96,91,Completed
TXN0001112,2026-04-10 00:00:00,D006,R003,Software,190934.42,187117.75,105365.78,107116.01,35,Completed
TXN0001113,2024-11-01 00:00:00,D009,R001,Support,105619.33,111736.53,52312.09,49618.49,153,Completed
TXN0001114,2024-02-09 00:00:00,D002,R005,Consulting,134378.04,159949.74,90192.19,,125,Cancelled
TXN0001115,2024-09-24 00:00:00,D001,R001,Support,79084.6,73933.61,63426.33,61109.38,8,Completed
TXN0001116,2026-07-23 00:00:00,D001,R001,Software,170318.23,135684.67,103694.9,86424.08,161,Completed
TXN0001117,2026-10-15 00:00:00,D010,R005,Software,254257.93,266637.25,142867.33,140578.41,157,Cancelled
TXN0001118,2025-11-21 00:00:00,D004,R005,Consulting,123576.34,121193.58,67977.46,74208.12,178,Pending
TXN0001119,2024-10-08 00:00:00,D006,R003,Support,75523.76,68525.84,40555.85,45597.87,87,Completed
TXN0001120,2024-05-09 00:00:00,D001,R001,Hardware,267492.26,288124.45,144251.18,139464.88,35,Completed
TXN0001121,2026-01-27 00:00:00,D003,R003,Services,104064.34,97369.93,90356.68,102674.03,146,Completed
TXN0001122,2024-03-24 00:00:00,D008,R004,Subscription,154699.87,173863.87,54175.36,53280.95,39,Completed
TXN0001123,2024-02-02 00:00:00,D010,R002,Services,120950.04,106641.32,89902.01,91262.34,129,Completed
TXN0001124,2025-08-04 00:00:00,D001,R005,Support,80200.51,86131.27,59380.54,70502.15,111,Pending
TXN0001125,2025-07-08 00:00:00,D003,R003,Support,80770.88,79380.12,51851.11,49592.02,138,Pending
TXN0001126,2024-03-18 00:00:00,D007,R004,Services,175022.06,195656.11,66705.15,,157,Completed
TXN0001127,2025-09-08 00:00:00,D008,R004,Software,225891.74,284818.65,123609.02,121751.32,94,Pending
TXN0001128,2024-08-28 00:00:00,D001,R001,Services,141848.09,148329.82,98175.27,115423.76,140,Completed
TXN0001129,2026-11-05 00:00:00,D010,R002,Subscription,157351.31,172617.77,74420.43,52922.01,61,Pending
TXN0001130,2024-08-18 00:00:00,D004,R001,Services,109528.19,145347.37,85771.69,102101.78,43,Pending
TXN0001131,2024-03-29 00:00:00,D008,R004,Support,80373.78,90411.96,49577.94,47893.2,18,Completed
TXN0001132,2025-11-15 00:00:00,D005,R002,Hardware,210439.35,231525.19,179029.36,209820.38,162,Pending
TXN0001133,2024-12-26 00:00:00,D001,R001,Software,149895.98,121319.19,90041.24,81900.1,45,Completed
TXN0001134,2025-04-26 00:00:00,D008,R004,Software,211065.65,159052.97,129847.28,173106.68,118,Cancelled
TXN0001135,2025-10-29 00:00:00,D010,R002,Services,119574.68,125712.61,96654.87,73712.74,63,Completed
TXN0001136,2026-04-24 00:00:00,D006,R003,Services,108762.38,128306.44,93266.63,105458.2,56,Pending
TXN0001137,11-06-2026,D004,R006,Software,211016.68,208223.97,108132.8,130099.44,42,Completed
TXN0001138,2026-02-03 00:00:00,D010,R002,Consulting,113939.86,137991.03,58821.25,57982.66,39,Pending
TXN0001139,2025-02-18 00:00:00,D004,R001,Hardware,272200.6,249416.43,113490.34,100359.25,90,Completed
TXN0001140,2025-07-28 00:00:00,D001,R001,Software,202385.52,195719.11,102171.4,132322.69,39,Completed
TXN0001141,2025-12-04 00:00:00,D008,R004,Services,136379.78,172145.27,82754.9,91219.88,61,Completed
TXN0001142,2024-12-14 00:00:00,D010,R002,Support,71054.41,66180.9,48655.46,52704.09,152,Cancelled
TXN0001143,2026-09-28 00:00:00,D004,R001,Subscription,100178.95,87494.38,86612.06,85545.61,60,Cancelled
TXN0001144,2024-01-30 00:00:00,D008,R004,Hardware,255575.04,306145.54,171094.82,178039.53,114,Completed
TXN0001145,2025-03-31 00:00:00,D004,R001,Subscription,152905.54,151248.34,56858.81,49359.46,156,Completed
TXN0001146,2024-03-31 00:00:00,D010,R002,Consulting,150175.13,191365.8,91497.05,108561.0,15,Pending
TXN0001147,2024-07-19 00:00:00,D009,R006,Consulting,133047.38,143336.44,76784.39,83929.28,120,Pending
TXN0001148,2026-04-12 00:00:00,D004,R001,Software,163308.46,187629.06,107773.27,106904.12,60,Completed
TXN0001149,2024-07-04 00:00:00,D006,R003,Support,103648.73,97924.21,61643.64,58948.53,9,Pending
TXN0001150,2024-02-19 00:00:00,D005,R002,Consulting,104686.8,100712.19,85840.66,85773.92,121,Pending
TXN0001151,2025-01-13 00:00:00,D003,R003,Consulting,132427.56,130599.17,66101.63,49126.16,99,Pending
TXN0001152,2026-02-27 00:00:00,D001,R001,Software,196894.96,248873.84,133530.66,131660.8,90,Cancelled
TXN0001153,2025-02-28 00:00:00,D001,R001,Hardware,237403.65,,142719.21,135919.82,180,Completed
TXN0001154,2024-04-22 00:00:00,D010,,Support,69192.93,90336.15,67987.74,48447.19,136,Completed
TXN0001155,2026-08-11 00:00:00,D001,R001,Hardware,174973.5,170128.33,125933.9,147780.18,163,Completed
TXN0001156,2024-05-17 00:00:00,D006,R003,Support,76806.75,74543.54,68207.42,72678.64,148,Completed
TXN0001157,2024-08-20 00:00:00,D003,R003,Services,102664.16,76650.74,66783.21,69166.41,171,Pending
TXN0001158,2025-03-05 00:00:00,D010,R002,Support,98186.46,93206.43,59644.99,60435.89,62,Completed
TXN0001159,2026-05-16 00:00:00,D006,R003,Subscription,182583.42,144815.71,77068.41,66159.64,75,Completed
TXN0001160,2026-09-22 00:00:00,D002,R002,Consulting,74312.15,79966.92,80085.37,76601.53,133,Cancelled
TXN0001161,2026-12-27 00:00:00,D002,R002,Subscription,116612.07,119139.92,75538.22,74474.48,79,Pending
TXN0001162,2024-05-14 00:00:00,D010,R002,Support,83831.63,102956.56,43828.71,44732.18,53,Pending
TXN0001163,2025-08-13 00:00:00,D002,R002,Services,118587.03,109310.49,78431.42,89126.18,24,Completed
TXN0001164,2024-10-30 00:00:00,D003,R003,Support,92095.76,101355.36,34049.5,31365.44,132,Completed
TXN0001165,2024-02-16 00:00:00,D004,R001,Support,86046.74,73053.91,57593.53,61771.67,80,Pending
TXN0001166,2025-12-11 00:00:00,D009,R001,Consulting,105064.09,110227.91,71955.83,71276.41,112,Pending
TXN0001167,2024-02-15 00:00:00,D001,R001,Software,193033.49,165185.01,133249.53,142831.6,64,Cancelled
TXN0001168,31-02-2025,D006,R003,Hardware,179367.2,189544.48,153849.07,unknown,129,Cancelled
TXN0001169,2026-07-26 00:00:00,D009,R001,Consulting,152613.66,145731.45,61284.45,63564.21,82,Cancelled
TXN0001170,2024-12-17 00:00:00,D003,R003,Hardware,270235.9,210829.1,156400.78,145895.52,71,Completed
TXN0001171,2024-04-06 00:00:00,D008,R004,Hardware,281429.31,282709.07,165469.05,141531.24,42,Completed
TXN0001172,2024-11-25 00:00:00,D005,R002,Services,182647.13,180697.45,86962.84,84968.83,142,Completed
TXN0001173,2024-11-10 00:00:00,D003,R003,Support,,87848.55,62102.01,71326.37,46,Completed
TXN0001174,2024-09-16 00:00:00,D002,R006,Subscription,160564.47,209227.66,78445.01,84023.41,117,Completed
TXN0001175,2024-03-12 00:00:00,D006,R003,Subscription,204364.71,142754.27,108077.04,127241.67,175,Completed
TXN0001176,2024-11-28 00:00:00,D006,R003,Consulting,103603.55,82371.84,84462.53,79662.59,141,Completed
TXN0001177,2026-10-19 00:00:00,D002,R002,Consulting,131301.02,131713.23,43477.26,41484.99,42,Pending
TXN0001178,2026-11-05 00:00:00,D006,R003,Support,64413.13,74016.7,47802.55,57517.97,89,Completed
TXN0001179,2024-10-28 00:00:00,D008,R004,Subscription,171445.03,157037.34,79236.64,81655.47,149,Pending
TXN0001180,2026-09-07 00:00:00,D006,R003,Support,101101.7,115571.06,67337.68,69228.42,15,Completed
TXN0001181,2026-04-02 00:00:00,D009,R001,Software,179291.84,180864.24,122447.27,146485.36,163,Completed
TXN0001182,2024-04-22 00:00:00,D008,R004,Hardware,214733.07,293716.8,114355.3,128783.96,160,Completed
TXN0001183,2025-02-04 00:00:00,D010,R002,Hardware,226286.74,210416.69,171819.35,157983.12,10,Completed
TXN0001184,2024-06-27 00:00:00,D009,R001,Support,85335.92,84248.09,57156.34,56241.0,136,Pending
TXN0001185,2026-11-13 00:00:00,D004,R001,Subscription,201217.18,,86255.48,71664.88,19,Completed
TXN0001186,2026-01-27 00:00:00,D007,R004,Consulting,158070.15,-43440.28879508434,68433.19,65216.75,103,Completed
TXN0001187,2025-09-22 00:00:00,D001,R001,,150090.65,158121.71,185389.84,165589.02,119,Cancelled
TXN0001188,2026-05-01 00:00:00,D002,R002,Consulting,123657.78,154233.33,55307.74,54772.5,118,Completed
TXN0001189,2026-04-28 00:00:00,D003,R003,Consulting,107288.58,140738.1,78472.85,85322.5,40,Cancelled
TXN0001190,2025-09-13 00:00:00,D010,R002,Services,109100.28,129763.21,114874.39,149330.87,126,Cancelled
TXN0001191,2024-01-14 00:00:00,D006,R006,Software,215300.99,198176.28,151631.18,149446.22,109,Completed
TXN0001192,2024-10-07 00:00:00,D007,R004,Consulting,133221.37,135089.04,75523.79,78437.83,56,Completed
TXN0001193,2024-03-27 00:00:00,D007,R004,Consulting,111702.08,116437.3,81351.13,77406.36,82,Cancelled
TXN0001194,2026-08-07 00:00:00,D005,R002,Support,77682.11,70037.93,51536.22,54021.79,62,Completed
TXN0001195,2026-08-25 00:00:00,D001,R001,Hardware,176478.05,153750.69,186682.63,193380.16,36,Completed
TXN0001196,2025-05-16 00:00:00,D007,R004,Support,98957.06,105820.6,46757.99,53013.84,12,Completed
TXN0001197,2026-01-10 00:00:00,D005,R002,Software,155718.92,155923.16,115944.68,120384.88,153,Pending
TXN0001198,2026-09-01 00:00:00,D010,R002,Hardware,215591.77,283289.26,151938.79,171074.16,35,Completed
TXN0001199,2025-06-15 00:00:00,D009,R001,Software,208001.65,202817.72,62347.23,40824.13,46,Cancelled
TXN0001200,2024-10-04 00:00:00,D001,R001,Consulting,96796.11,112519.92,73386.15,75031.75,96,Completed
TXN0001201,2025-12-30 00:00:00,D001,R001,Consulting,133302.87,100658.35,77511.31,78322.98,17,Completed
TXN0001202,2026-11-18 00:00:00,D005,R002,Software,180987.44,164238.52,94208.35,84082.77,54,Completed
TXN0001203,2025-10-22 00:00:00,D002,R002,Services,158022.39,145470.9,84304.79,110083.46,85,Completed
TXN0001204,2026-01-12 00:00:00,D005,R002,Support,81642.33,83345.66,46856.55,44373.01,29,Cancelled
TXN0001205,2024-01-27 00:00:00,D010,R002,Services,134007.26,128870.21,91343.47,99743.63,40,Cancelled
TXN0001206,2026-04-23 00:00:00,D005,R002,Consulting,99578.38,133415.78,65982.14,85330.35,92,Completed
TXN0001207,2025-03-28 00:00:00,D002,R002,Subscription,96070.4,85738.85,69844.59,68564.32,53,Cancelled
TXN0001208,2026-12-25 00:00:00,D010,R002,SUBSCRIPTION,202112.93,223419.29,85817.46,91133.45,146,Completed
TXN0001209,08/26/2024,D007,R004,Software,116389.43,114626.76,118110.52,135470.4,38,Completed
TXN0001210,2026-01-12 00:00:00,D008,R004,Support,118262.26,137201.73,62566.54,60210.68,40,Pending
TXN0001211,2024-12-18 00:00:00,D010,R002,Hardware,200234.1,191039.54,172774.3,162388.13,82,Completed
TXN0001212,2024-10-18 00:00:00,,R002,Support,117240.18,98350.75,47221.95,50704.35,63,Completed
TXN0001213,2026-05-20 00:00:00,D003,R003,Software,206299.26,193982.92,115841.76,119904.26,33,Completed
TXN0001214,2024-03-28 00:00:00,D001,R001,Consulting,89720.26,-63221.926969226006,57851.66,58270.01,55,Completed
TXN0001215,2024-05-01 00:00:00,D001,R001,Subscription,145421.76,132094.92,87414.99,101843.97,125,Completed
TXN0001216,2024-01-22 00:00:00,D005,R006,Support,58546.6,74759.78,34012.83,39462.56,29,Completed
TXN0001217,2025-01-13 00:00:00,D010,R888,Services,160657.44,158402.53,82341.57,87864.95,176,Completed
TXN0001218,2025-07-22 00:00:00,D001,R001,Support,124596.51,124481.13,57481.9,60429.75,153,Completed
TXN0001219,2025-05-10 00:00:00,D006,R003,Subscription,96133.38,107483.16,73178.24,72881.21,134,Cancelled
TXN0001220,2024-01-29 00:00:00,D002,R002,Subscription,183734.16,242872.09,87636.25,77151.54,140,Completed
TXN0001221,2024-01-09 00:00:00,D004,R001,Services,141458.17,135609.54,81387.94,89746.82,30,Completed
TXN0001222,2026-01-20 00:00:00,D009,R001,Consulting,100274.38,,84359.11,80825.85,155,Completed
TXN0001223,2025-01-05 00:00:00,D008,R004,Software,173513.48,181892.98,134626.41,146772.83,95,Pending
TXN0001224,2026-04-14 00:00:00,D007,R004,Services,116086.39,111248.1,72666.12,70782.59,33,Completed
TXN0001225,2024-10-05 00:00:00,D002,R002,Subscription,133782.66,125906.69,100010.38,92848.74,131,Completed
TXN0001226,2024-06-17 00:00:00,D005,R002,Software,152868.05,138723.4,72918.75,64943.34,88,Pending
TXN0001227,2025-09-30 00:00:00,D002,R002,Consulting,124946.7,120607.09,69389.74,74552.93,180,Pending
TXN0001228,2026-05-26 00:00:00,D004,R001,Hardware,249671.59,306418.87,131138.49,115330.54,53,Completed
TXN0001229,2025-01-02 00:00:00,D008,R004,Hardware,213155.31,185965.31,134890.26,142267.46,8,Pending
TXN0001230,2024-06-23 00:00:00,D002,R002,Subscription,171115.94,167416.01,73056.31,75780.3,35,Completed
TXN0001231,2024-07-27 00:00:00,D007,R004,Subscription,141676.76,157300.58,81863.13,87529.94,48,Completed
TXN0001232,2025-02-14 00:00:00,D006,R003,Hardware,223645.38,213785.71,156048.78,159472.99,157,Pending
TXN0001233,2026-10-19 00:00:00,D002,R002,Consulting,125723.22,134023.65,55014.62,56875.59,76,Cancelled
TXN0001234,2026-03-30 00:00:00,D010,R002,Support,79985.8,91745.04,62906.9,62213.62,96,Pending
TXN0001235,2026-11-13 00:00:00,D010,R002,Consulting,124740.91,122108.13,88532.82,97792.81,76,Completed
TXN0001236,09/29/2026,D008,R004,Hardware,236198.97,224343.14,160465.77,152043.41,132,Completed
TXN0001237,2026-10-17 00:00:00,D003,R005,Software,197852.95,183371.05,97090.72,94954.1,178,Completed
TXN0001238,2025-10-31 00:00:00,D003,R003,,78190.86,58801.96,53336.67,59975.77,44,Completed
TXN0001239,2026-11-30 00:00:00,D010,R002,Software,159481.96,,,115691.11,131,Pending
TXN0001240,2026-10-01 00:00:00,D004,R001,Consulting,109080.07,136021.43,69448.31,76443.57,134,Completed
TXN0001241,2024-02-06 00:00:00,D009,R001,Subscription,158810.81,120403.35,68767.16,72403.53,13,Pending
TXN0001242,2026-02-09 00:00:00,D002,R002,Hardware,236728.42,261994.04,134184.42,116005.95,118,Pending
TXN0001243,2024/12/02,D001,R006,Support,76074.26,73602.72,47162.99,48779.16,130,Pending
TXN0001244,2026-09-25 00:00:00,D003,R003,Consulting,149047.83,166745.33,60362.24,59059.18,33,Cancelled
TXN0001245,2026-08-20 00:00:00,D008,R004,Support,94169.44,109851.33,49448.55,41936.93,126,Cancelled
TXN0001246,2025-06-23 00:00:00,D003,R003,Consulting,79272.04,72593.89,59929.88,59659.41,131,Cancelled
TXN0001247,2025-08-05 00:00:00,D007,R004,Hardware,189018.78,196753.67,164793.44,217019.0,87,Completed
TXN0001248,2026-01-20 00:00:00,D001,R001,Services,176453.39,142285.83,78745.91,64872.63,94,Cancelled
TXN0001249,2025-11-29 00:00:00,D001,R001,Support,83050.51,81574.45,63489.98,69047.39,102,Completed
TXN0001250,2026-04-23 00:00:00,D007,R004,Hardware,147194.66,117463.12,165836.32,219661.91,94,Completed
TXN0001251,2025-10-01 00:00:00,D004,R001,Support,68414.34,64821.2,65306.28,60140.72,156,Completed
TXN0001252,2025-11-22 00:00:00,D002,R002,Software,183062.69,253521.96,141787.17,102514.25,48,Completed
TXN0001253,2026-05-15 00:00:00,D009,R001,Consulting,150125.33,139090.69,78822.27,92279.55,150,Cancelled
TXN0001254,2026-08-19 00:00:00,D007,R004,Support,80628.95,99367.34,54318.05,53118.3,155,Completed
TXN0001255,2025-10-22 00:00:00,D006,R003,Consulting,168020.12,169625.11,90154.97,106725.02,151,Completed
TXN0001256,2025-02-25 00:00:00,D008,R004,Support,115276.14,121195.91,37825.89,35591.59,91,Pending
TXN0001257,2025-11-26 00:00:00,D009,R001,Support,69682.59,73782.78,50115.85,48986.04,47,Cancelled
TXN0001258,2025-02-17 00:00:00,D005,R002,Consulting,138231.73,143371.4,87702.12,91181.71,132,Completed
TXN0001259,2024-04-07 00:00:00,D009,R001,Hardware,250453.65,327490.31,132764.57,119798.73,81,Cancelled
TXN0001260,2024-07-07 00:00:00,D007,R004,Subscription,180584.67,217963.03,86634.37,104501.96,153,Completed
TXN0001261,2026-12-23 00:00:00,D010,R002,Software,223628.92,229913.2,135408.6,179252.33,126,Pending
TXN0001262,2025-09-10 00:00:00,D004,R001,Software,169986.25,148680.05,117124.89,115025.27,134,Completed
TXN0001263,2025-02-13 00:00:00,D007,R004,Hardware,301128.85,311137.8,107288.58,,111,Pending
TXN0001264,2025-01-04 00:00:00,D005,R002,Consulting,131985.64,133084.25,62292.47,53200.47,9,Cancelled
TXN0001265,2026-08-15 00:00:00,D003,R003,Services,152623.12,152980.55,71640.39,72052.35,73,Cancelled
TXN0001266,2024-05-02 00:00:00,D010,R002,Consulting,73570.01,88437.46,66483.69,85170.56,138,Completed
TXN0001267,2024-11-04 00:00:00,D006,R003,Services,151612.09,139551.27,64296.25,73624.92,180,Completed
TXN0001268,2025-02-20 00:00:00,D007,R004,Software,138801.83,154690.29,89705.72,104590.07,110,Completed
TXN0001269,04/28/2025,D005,R002,Hardware,225662.43,242849.77,104956.55,79553.07,108,Completed
TXN0001270,2025-05-17 00:00:00,D002,R002,Software,229768.38,245255.3,120516.66,101922.38,84,Pending
TXN0001271,2026-05-14 00:00:00,D008,R004,Consulting,116351.28,122380.38,73497.87,74324.91,170,Completed
TXN0001272,2024-02-29 00:00:00,D004,R001,Services,,116232.95,101047.21,113103.05,71,Completed
TXN0001273,2026-09-22 00:00:00,D009,R001,Software,198102.65,222206.55,107246.0,109739.99,10,Completed
TXN0001274,2024-05-10 00:00:00,D002,R002,Hardware,207765.18,208232.11,96173.68,106001.04,109,Completed
TXN0001275,2024-10-14 00:00:00,D002,R002,,82274.6,89641.57,69758.62,64588.17,65,Completed
TXN0001276,2026-12-04 00:00:00,D010,R002,Software,267829.74,266245.61,108878.08,106139.93,175,Cancelled
TXN0001277,2025-05-02 00:00:00,D009,R001,Software,183325.72,154727.92,104758.79,119815.42,158,Completed
TXN0001278,2026-03-09 00:00:00,D006,R003,Subscription,91816.64,105735.72,95094.3,80267.49,65,Pending
TXN0001279,2025-03-14 00:00:00,D004,R001,Services,166743.66,162036.9,79105.9,85397.81,75,Pending
TXN0001280,2024-04-24 00:00:00,D007,R004,Subscription,147449.26,185676.87,,76164.88,130,Cancelled
TXN0001281,2025-10-10 00:00:00,D006,R003,Software,223486.64,287455.72,75960.06,85521.47,144,Pending
TXN0001282,2024-10-23 00:00:00,D008,R004,Hardware,217055.92,226643.68,140718.41,185927.56,97,Pending
TXN0001283,2024-03-12 00:00:00,D006,R003,Software,158858.08,199536.79,99243.28,120083.28,174,Completed
TXN0001284,2025-09-25 00:00:00,D004,R001,Consulting,52527.13,49873.6,80810.48,86297.29,168,Completed
TXN0001285,2026-06-25 00:00:00,D002,R002,Services,154858.91,158703.69,48935.14,58795.06,104,Completed
TXN0001286,2025-09-08 00:00:00,D007,R004,Hardware,185282.8,195558.92,160322.67,152620.96,28,Completed
TXN0001287,2026-06-17 00:00:00,D005,R002,Services,118466.76,121535.94,79518.3,98819.53,166,Completed
TXN0001288,2024-06-13 00:00:00,D007,R004,Hardware,190601.5,200151.46,142308.87,149647.93,130,Pending
TXN0001289,2026-05-15 00:00:00,D007,R004,hardware,200847.12,269180.89,139275.99,138576.62,30,Completed
TXN0001290,2026-05-11 00:00:00,D005,R002,Hardware,267008.28,248414.73,122616.88,118082.58,159,Cancelled
TXN0001291,2024-04-16 00:00:00,D006,R003,Software,203644.64,245794.96,93614.37,107630.27,169,Completed
TXN0001292,2024-01-07 00:00:00,D008,R004,Services,132864.57,140377.84,57459.46,78067.34,107,Completed
TXN0001293,2024-08-14 00:00:00,D005,R002,Software,204217.22,217000.75,115242.62,143306.94,45,Completed
TXN0001294,2024-09-23 00:00:00,D009,R001,Support,92262.36,78604.15,55572.22,64253.06,157,Pending
TXN0001295,2024-09-30 00:00:00,D006,R003,Support,94555.93,108751.98,68108.47,65915.22,71,Completed
TXN0001296,2025-02-10 00:00:00,D010,R002,Hardware,168878.69,210960.45,135558.19,151356.26,26,Pending
TXN0001297,2025-04-04 00:00:00,D006,R003,Consulting,99923.02,98902.37,"₹1,25,000",67071.58,10,Completed
TXN0001298,2025-04-13 00:00:00,D009,R001,Support,89804.89,83198.84,45137.24,41177.75,27,Pending
TXN0001299,2024-04-11 00:00:00,D004,R001,Services,113814.4,127368.92,107950.65,117721.89,107,Cancelled
TXN0001300,2024-07-01 00:00:00,D007,R004,Services,133522.28,126694.45,88774.71,85490.96,99,Completed
TXN0001301,2026-12-12 00:00:00,D010,R002,Support,76168.07,69651.06,49339.99,56774.05,116,Pending
TXN0001302,2025-02-20 00:00:00,D008,R004,Support,58938.95,52134.15,42054.09,46283.77,53,Completed
TXN0001303,2024-09-23 00:00:00,D005,R002,Consulting,141181.29,177790.05,98128.42,103621.06,115,Completed
TXN0001304,2025-01-22 00:00:00,D010,R002,Hardware,298551.89,342039.85,145275.63,148730.99,112,Completed
TXN0001305,2025-08-17 00:00:00,D007,R004,Software,208317.27,240882.42,111380.53,94344.07,72,Completed
TXN0001306,2026-01-27 00:00:00,D010,R002,Services,96714.66,116289.65,88211.54,113907.25,154,Pending
TXN0001307,2026-03-25 00:00:00,D002,R005,Hardware,276882.61,276155.79,128669.14,117694.66,180,Completed
TXN0001308,2025-06-08 00:00:00,D007,R004,Support,77445.6,62841.73,67039.23,58908.4,23,Completed
TXN0001309,2026-08-22 00:00:00,D009,R006,Services,171492.7,186617.51,70631.64,74110.31,95,Cancelled
TXN0001310,2024-01-11 00:00:00,D010,R002,Software,84282.33,unknown,98705.6,94888.05,69,Cancelled
TXN0001311,2026-01-29 00:00:00,D010,R002,Consulting,106446.23,119108.04,63124.99,60297.08,38,Cancelled
TXN0001312,2024-12-13 00:00:00,D001,R001,Hardware,201914.77,210905.16,152864.65,168838.82,133,Pending
TXN0001313,2024-07-02 00:00:00,D006,R003,Services,113535.3,105706.47,71776.74,63723.02,86,Cancelled
TXN0001314,2025-10-03 00:00:00,D007,R004,Software,143779.15,154964.33,137089.87,126387.3,16,Completed
TXN0001315,2026-01-08 00:00:00,D008,R004,Hardware,245159.04,264045.35,142270.12,129301.74,115,Completed
TXN0001316,2026-11-24 00:00:00,D005,R002,Hardware,266658.81,292557.64,154468.75,155581.43,85,Pending
TXN0001317,2024-11-05 00:00:00,D003,R003,Consulting,178308.96,229444.48,92968.48,107830.03,147,Pending
TXN0001318,2025-04-15 00:00:00,D001,R001,Software,178814.81,201319.62,79414.64,85197.96,51,Completed
TXN0001319,2026-08-14 00:00:00,D008,R004,Support,103795.77,92532.32,46994.81,43222.18,116,Completed
TXN0001320,2026-09-20 00:00:00,D008,R006,Support,75412.73,73602.41,67491.21,61985.77,122,Pending
TXN0001321,2024-09-10 00:00:00,D002,R002,Services,173041.29,152523.49,96751.35,117872.05,94,Completed
TXN0001322,2024-12-10 00:00:00,,R001,Services,120856.24,126669.11,94025.59,110727.75,135,Completed
TXN0001323,2025-03-10 00:00:00,D010,R002,Subscription,209765.36,211102.02,83241.41,81786.15,154,Completed
TXN0001324,2026-05-02 00:00:00,D009,R001,Services,130085.37,140490.29,59034.91,64057.72,24,Completed
TXN0001325,2024-02-23 00:00:00,D008,R004,Hardware,242668.83,254477.41,154211.48,172726.47,77,Completed
TXN0001326,2025-10-24 00:00:00,D007,R004,Software,171933.25,138709.47,115528.68,134241.07,44,Completed
TXN0001327,2026-09-09 00:00:00,D002,R002,Support,97114.23,92406.24,62331.98,70922.55,121,Completed
TXN0001328,2024-03-30 00:00:00,D010,R002,Hardware,221744.88,225100.78,102410.16,125691.74,172,Cancelled
TXN0001329,2024-09-21 00:00:00,D008,R004,Support,79791.69,65033.67,60051.57,68654.31,59,Completed
TXN0001330,2024-05-24 00:00:00,D005,R002,Software,154980.97,164728.06,139314.62,141720.27,145,Cancelled
TXN0001331,2024-12-30 00:00:00,D007,R004,hardware,261667.56,321059.05,147260.47,134088.49,66,Pending
TXN0001332,2026-03-06 00:00:00,D002,R005,Services,159707.09,159595.55,72602.0,51430.65,108,Completed
TXN0001333,2026-06-04 00:00:00,D003,R003,Consulting,115362.84,113313.89,75872.74,75996.17,84,Cancelled
TXN0001334,2026-01-22 00:00:00,D003,R003,Software,169420.24,156152.56,89391.72,87600.65,136,Completed
TXN0001335,2026-09-02 00:00:00,D008,R004,Consulting,135378.62,139638.63,64759.81,56812.43,73,Cancelled
TXN0001336,2026-01-24 00:00:00,D010,R002,Consulting,90938.81,91394.65,83671.45,90251.16,162,Completed
TXN0001337,2024-03-23 00:00:00,D007,R004,Software,122307.73,162142.74,136448.12,154786.04,136,Completed
TXN0001338,2024-11-13 00:00:00,D008,R004,Support,110042.33,122720.6,52760.61,48676.91,131,Cancelled
TXN0001339,2026-06-14 00:00:00,D009,R001,Consulting,101240.23,104230.77,63231.33,57868.8,25,Pending
TXN0001340,2025-09-07 00:00:00,D005,R002,Services,,153049.74,84564.22,84876.72,68,Cancelled
TXN0001341,2024-06-05 00:00:00,D007,R004,Software,248406.0,225499.75,94854.05,86205.49,16,Cancelled
TXN0001342,2024-07-12 00:00:00,D002,R002,Consulting,146333.22,154636.5,72279.59,76094.18,123,Cancelled
TXN0001343,2024-06-16 00:00:00,D005,R002,Subscription,95327.13,93883.97,92813.81,98518.34,133,Completed
TXN0001344,2025-01-02 00:00:00,D002,R002,Consulting,112427.09,98334.5,72205.21,72162.78,51,Pending
TXN0001345,2025-09-01 00:00:00,D001,R001,Support,94060.18,66771.65,62115.42,52958.33,85,Cancelled
TXN0001346,2025-06-26 00:00:00,D008,R004,Consulting,111440.95,108860.37,76021.68,73357.73,92,Completed
TXN0001347,2025-06-15 00:00:00,D004,R001,Support,45064.2,63894.67,53419.35,52619.02,177,Completed
TXN0001348,2026-03-19 00:00:00,D007,R004,Software,204410.73,205890.01,111756.94,106109.14,34,Completed
TXN0001349,2026-04-09 00:00:00,D003,R003,Consulting,106992.45,108078.49,69932.31,72016.04,173,Cancelled
TXN0001350,2026-01-08 00:00:00,D008,R004,Subscription,126095.88,110870.3,96746.98,113671.2,177,Pending
TXN0001351,2024-01-29 00:00:00,D005,R002,Services,164832.07,210575.65,63432.5,63915.5,53,Completed
TXN0001352,2024-02-24 00:00:00,D001,R001,Services,165601.62,172662.38,79514.04,80020.41,58,Pending
TXN0001353,2025-01-25 00:00:00,D003,R003,Consulting,126979.4,114663.77,70646.26,62788.27,27,Completed
TXN0001354,2024-02-14 00:00:00,D008,R004,Consulting,108438.57,102812.88,72219.0,51876.3,34,Completed
TXN0001355,2026-09-20 00:00:00,D003,R003,Consulting,142885.77,151518.23,92405.48,103284.71,125,Completed
TXN0001356,26-08-2025,D008,R004,Services,158646.59,184359.37,107844.56,101421.9,150,Pending
TXN0001357,2026-06-03 00:00:00,D001,R001,Software,130571.48,147865.0,89686.72,103071.66,111,Pending
TXN0001358,2025-08-18 00:00:00,D010,R002,Subscription,135002.31,100892.72,86924.26,72430.42,14,Pending
TXN0001359,2026-09-26 00:00:00,D007,R004,Subscription,188006.39,,102568.14,94320.9,64,Completed
TXN0001360,2024-05-10 00:00:00,D009,R006,Subscription,149677.98,142729.19,72360.0,83321.27,73,Pending
TXN0001361,2025-12-11 00:00:00,D008,R004,Subscription,141563.55,116459.82,111365.91,109027.76,119,Pending
TXN0001362,2025-01-28 00:00:00,D001,R001,Support,80896.73,62526.86,42425.64,50257.42,125,Completed
TXN0001363,2025-11-25 00:00:00,D008,R004,Services,139288.91,122326.16,103554.84,121869.2,159,Pending
TXN0001364,2026-03-10 00:00:00,D003,R003,Support,96421.14,99486.62,56493.78,49490.16,111,Completed
TXN0001365,2025-02-28 00:00:00,D008,R004,Services,176462.99,182031.07,76012.65,75358.49,77,Completed
TXN0001366,2024-11-16 00:00:00,D008,R004,Services,136752.29,127523.83,78076.32,79493.87,160,Pending
TXN0001367,2025-09-13 00:00:00,D002,R002,Consulting,104802.66,132270.37,68248.15,48990.23,65,Completed
TXN0001368,2025-06-18 00:00:00,D009,R005,Hardware,229324.05,242568.6,59429.93,46034.32,96,Completed
TXN0001369,2024-03-06 00:00:00,D003,R003,Subscription,164688.54,169435.32,111528.44,107481.19,21,Completed
TXN0001370,2024-09-04 00:00:00,D007,R004,Services,119761.61,125931.34,75046.74,80471.86,148,Completed
TXN0001371,2025-12-28 00:00:00,D008,R004,Hardware,156392.23,153322.63,154163.02,106047.66,16,Cancelled
TXN0001372,2026-11-21 00:00:00,D005,R002,Support,105638.29,101686.89,61198.16,63462.48,159,Completed
TXN0001373,2026-07-25 00:00:00,D001,R001,Consulting,157300.35,191002.57,53766.58,47586.36,33,Completed
TXN0001374,2024-03-26 00:00:00,D010,R002,Software,165660.11,152174.46,110136.01,135652.13,134,Completed
TXN0001375,2026-01-10 00:00:00,D003,R003,Services,114869.85,114514.86,70597.1,82828.15,45,Completed
TXN0001376,2024-07-22 00:00:00,D008,R004,Consulting,149380.62,153179.56,71945.12,72990.21,44,Completed
TXN0001377,2025-02-17 00:00:00,D006,R003,Software,224461.59,264561.79,112499.98,113074.32,117,Pending
TXN0001378,2025-11-30 00:00:00,D001,R001,Consulting,101831.83,77067.65,70114.35,62586.76,78,Cancelled
TXN0001379,2026-04-29 00:00:00,D003,R003,Hardware,233239.35,212692.27,138272.43,114620.69,97,Completed
TXN0001380,2026-05-13 00:00:00,D003,R003,Subscription,139802.86,127241.9,77388.27,86809.88,63,Completed
TXN0001381,2026-07-28 00:00:00,D007,R004,Consulting,147372.91,133083.71,86971.62,114713.92,137,Completed
TXN0001382,2026-11-25 00:00:00,D001,R001,Software,172421.71,169377.6,106548.76,121826.5,22,Completed
TXN0001383,2026-06-07 00:00:00,D006,R003,Services,155582.69,170694.91,104796.17,70662.91,20,Pending
TXN0001384,2024-11-05 00:00:00,D001,R001,Support,97207.31,87065.4,62486.33,67798.68,152,Completed
TXN0001385,2026-04-03 00:00:00,D009,R001,Consulting,107860.39,104226.52,72355.7,80541.09,179,Cancelled
TXN0001386,2025-12-05 00:00:00,D005,R002,Hardware,233175.69,296288.32,114070.97,,7,Completed
TXN0001387,2026-04-07 00:00:00,D009,R001,Services,172738.58,217106.61,94078.65,86795.84,119,Completed
TXN0001388,2026-06-24 00:00:00,D009,R001,Subscription,151373.97,175137.6,72205.88,70806.84,93,Pending
TXN0001389,2024-03-16 00:00:00,D004,R001,Software,233045.66,235728.72,84808.15,83844.56,142,Completed
TXN0001390,2024-09-15 00:00:00,D007,R004,Support,114992.33,92838.74,57142.58,56003.68,138,Cancelled
TXN0001391,2025-10-01 00:00:00,D005,R002,Subscription,163389.97,134986.9,65926.64,66479.64,138,Completed
TXN0001392,2025-09-14 00:00:00,D003,R006,Services,145292.21,141757.26,93366.23,123414.23,113,Cancelled
TXN0001393,2025-06-15 00:00:00,D002,R002,Hardware,235274.15,241696.56,126210.55,153215.27,165,Cancelled
TXN0001394,2024-09-12 00:00:00,D006,R003,Support,90354.6,77006.87,57789.18,64862.86,119,Completed
TXN0001395,2025-11-25 00:00:00,D010,R002,Consulting,126216.16,126752.66,77526.67,72029.9,65,Cancelled
TXN0001396,2026-12-28 00:00:00,D010,R002,Support,111290.47,123252.16,61276.74,53856.96,157,Completed
TXN0001397,2024-10-13 00:00:00,D006,R003,Support,132100.93,155124.91,39828.26,41370.09,101,Cancelled
TXN0001398,2025-01-29 00:00:00,D004,R001,Subscription,151635.29,167389.77,96395.69,107187.11,97,Pending
TXN0001399,2026-04-23 00:00:00,D002,R002,Consulting,119875.15,138396.35,64569.41,71202.87,25,Completed
TXN0001400,2026-09-02 00:00:00,D001,R001,Services,144873.84,118472.66,85811.81,93936.88,59,Pending
TXN0001401,2026-04-04 00:00:00,D002,R002,Subscription,163282.36,163755.08,78574.18,73442.19,155,Cancelled
TXN0001402,2026-10-18 00:00:00,D009,R001,Hardware,166916.65,193224.08,137580.03,110434.93,167,Pending
TXN0001403,2026-05-03 00:00:00,D008,R004,Consulting,106244.04,111815.88,67732.56,57916.58,46,Completed
TXN0001404,2026-07-26 00:00:00,D009,R001,Support,96932.99,99010.45,70163.06,73279.56,38,Cancelled
TXN0001405,2026-07-21 00:00:00,D009,R001,Services,143909.91,162254.27,79583.35,88473.2,126,Completed
TXN0001406,2024-08-31 00:00:00,D003,R003,Hardware,202231.65,228217.53,150434.81,159602.85,159,Pending
TXN0001407,2025-08-16 00:00:00,D002,R002,Subscription,187720.07,215501.56,106784.57,76089.53,15,Cancelled
TXN0001408,2026-02-05 00:00:00,D003,R003,Hardware,227568.52,267352.93,118326.79,114392.7,82,Completed
TXN0001409,2026-05-13 00:00:00,D008,R005,Services,145486.5,143941.17,73784.76,94690.32,17,Completed
TXN0001410,28-09-2026,D005,R002,Support,88981.12,87597.3,51058.68,61940.94,5,Completed
TXN0001411,2026-05-05 00:00:00,D009,R001,Software,151113.99,146429.26,,143157.58,128,Cancelled
TXN0001412,2026-02-11 00:00:00,D005,R002,Hardware,299296.13,335385.01,137864.34,153584.44,126,Cancelled
TXN0001413,2026-08-01 00:00:00,D003,R003,Subscription,125266.56,138413.4,77242.02,76229.34,120,Pending
TXN0001414,2024-07-01 00:00:00,D003,R003,Hardware,163915.75,158372.1,130087.59,132185.34,164,Cancelled
TXN0001415,2025-11-25 00:00:00,D007,R004,Consulting,99002.33,119268.53,84816.99,86315.78,143,Completed
TXN0001416,2024-06-30 00:00:00,D008,R004,Support,135752.37,141802.09,51882.98,46534.92,47,Completed
TXN0001417,2025-09-24 00:00:00,D010,R002,Support,68614.75,69124.49,52898.98,61879.39,148,Completed
TXN0001418,2024-04-18 00:00:00,D009,R001,Subscription,193715.05,194781.54,66164.76,79905.3,150,Cancelled
TXN0001419,2024-02-08 00:00:00,D004,R001,Subscription,125607.42,78050.59,75417.92,84753.64,35,Cancelled
TXN0001420,2025-02-25 00:00:00,D003,R003,Hardware,272685.12,239077.21,142202.38,160715.8,67,Cancelled
TXN0001421,2025-10-18 00:00:00,D008,R004,Subscription,117149.58,114898.48,73797.32,77231.15,107,Cancelled
TXN0001422,2025-11-27 00:00:00,D001,R001,Software,182773.27,212601.65,105100.64,123350.8,116,Completed
TXN0001423,2025-06-10 00:00:00,D007,R006,Consulting,120227.98,118854.76,82593.19,58077.15,28,Completed
TXN0001424,2024-10-21 00:00:00,D002,R002,Hardware,192711.17,233151.18,155850.41,186020.36,51,Completed
TXN0001425,2024-12-12 00:00:00,D002,R002,Consulting,96727.28,106705.3,91676.71,90274.79,20,Cancelled
TXN0001426,2024-04-29 00:00:00,D006,R003,Support,95082.32,108715.93,41935.48,47024.62,81,Pending
TXN0001427,2025-10-25 00:00:00,D002,R002,Consulting,120731.9,128209.19,86330.95,83739.07,71,Pending
TXN0001428,2025-04-29 00:00:00,D002,R005,Subscription,103203.84,85706.41,94147.61,69387.75,131,Cancelled
TXN0001429,2025-07-05 00:00:00,D009,R001,Software,193334.73,211960.74,93431.3,107484.97,20,Completed
TXN0001430,2026-09-18 00:00:00,D008,R004,Software,134137.02,169748.71,127210.55,118551.31,12,Pending
TXN0001431,2025-07-05 00:00:00,D004,R001,Software,223806.08,237891.91,146949.57,142336.57,146,Cancelled
TXN0001432,2024-09-14 00:00:00,D002,R002,Subscription,141842.8,146774.72,113573.99,109645.4,82,Cancelled
TXN0001433,2026-10-21 00:00:00,D007,R004,Support,106690.05,128444.18,51655.68,52040.88,57,Completed
TXN0001434,2025-05-17 00:00:00,D006,R003,Services,123499.8,152547.7,78055.72,84416.84,142,Pending
TXN0001435,2026-08-09 00:00:00,D009,R001,Software,182770.63,182246.06,79803.53,78539.94,163,Completed
TXN0001436,2025-05-28 00:00:00,D003,R006,Hardware,229431.58,190991.77,125494.09,147685.5,179,Pending
TXN0001437,2026-11-11 00:00:00,D006,R003,Services,170472.61,176739.31,84669.7,96416.7,77,Completed
TXN0001438,2024-05-23 00:00:00,D003,R003,Subscription,169417.44,179371.13,77974.21,80059.78,81,Completed
TXN0001439,2025-07-26 00:00:00,D007,R004,Services,135656.15,144365.17,94720.35,114021.64,115,Completed
TXN0001440,2025-12-02 00:00:00,D010,R002,Hardware,207611.68,237754.08,168917.33,165215.04,167,Completed
TXN0001441,2025-10-20 00:00:00,D008,R004,Support,83886.34,84811.01,66834.72,67649.29,92,Completed
TXN0001442,2024-02-02 00:00:00,D008,R004,Hardware,125549.5,128436.42,131886.0,110545.67,39,Completed
TXN0001443,2024-12-21 00:00:00,D010,R002,Software,78312.12,66611.25,107588.98,95043.12,110,Cancelled
TXN0001444,2024-06-15 00:00:00,D008,R004,Subscription,148050.41,154843.11,111628.12,135519.71,171,Completed
TXN0001445,2024-09-09 00:00:00,D009,R006,Support,64840.83,68002.86,42648.68,41392.57,95,Pending
TXN0001446,2024-01-18 00:00:00,D010,R002,Services,103663.86,79975.77,97864.64,115227.19,36,Pending
TXN0001447,2024-01-20 00:00:00,D006,R003,Consulting,110842.53,105440.5,67406.45,55738.33,61,Completed
TXN0001448,2026-01-02 00:00:00,D005,R002,Support,83136.21,95891.21,50695.43,43978.03,54,Completed
TXN0001449,2025-03-28 00:00:00,D010,R002,Support,92964.81,101498.56,46274.56,55406.27,64,Pending
TXN0001450,2025-03-04 00:00:00,D006,R006,Support,75720.77,80387.62,55794.73,63366.44,6,Completed
TXN0001451,2026-10-21 00:00:00,D007,R004,Hardware,257521.47,218683.03,160652.92,158333.25,131,Completed
TXN0001452,2024-12-25 00:00:00,D009,R001,Support,,99448.83,64998.48,70752.34,21,Cancelled
TXN0001453,2025-06-15 00:00:00,D003,R003,Services,126671.31,115557.05,95575.31,92755.53,150,Completed
TXN0001454,2025-01-27 00:00:00,D009,R001,Hardware,237438.02,294676.81,132913.53,100605.23,178,Completed
TXN0001455,2026-07-18 00:00:00,D009,R001,Support,88323.9,113205.42,50691.78,42298.75,5,Pending
TXN0001456,2026-06-04 00:00:00,D001,R001,Hardware,265678.71,260533.91,171971.71,219625.14,109,Completed
TXN0001457,2026-10-11 00:00:00,D002,R002,Consulting,114187.08,113995.46,53201.31,54626.33,97,Cancelled
TXN0001458,2024-04-06 00:00:00,D001,R001,Services,167890.72,158052.25,90641.07,84513.71,76,Pending
TXN0001459,2026-03-13 00:00:00,D009,R001,Software,151200.95,158600.63,107188.43,94372.22,54,Completed
TXN0001460,2025-04-07 00:00:00,D002,R002,Software,216944.12,214543.02,89227.92,119891.43,113,Completed
TXN0001461,2025-09-28 00:00:00,D004,R001,Hardware,254808.96,290627.85,123041.41,123973.71,21,Completed
TXN0001462,2025-11-15 00:00:00,D001,R001,Software,189110.62,182569.4,142253.08,-51066.24414900518,69,Completed
TXN0001463,2024-04-21 00:00:00,D002,R002,hardware,155959.99,194084.37,153034.45,105926.67,90,Cancelled
TXN0001464,2026-06-17 00:00:00,D004,R001,Subscription,118340.85,122358.01,83302.91,101791.05,29,Pending
TXN0001465,2024-03-09 00:00:00,D010,R002,Software,188545.68,169830.18,100165.13,108502.37,101,Completed
TXN0001466,2026-06-24 00:00:00,D002,R002,Software,210010.74,196348.71,103206.35,105014.13,19,Completed
TXN0001467,2024-07-27 00:00:00,D010,R002,Software,175408.64,162678.09,125449.74,176253.03,178,Completed
TXN0001468,2024-07-15 00:00:00,D009,R006,Consulting,164281.83,130945.08,84787.73,97160.56,163,Pending
TXN0001469,2024-01-22 00:00:00,D004,R001,Support,81196.59,64886.48,66121.93,71894.64,121,Pending
TXN0001470,2024-07-26 00:00:00,D008,R004,Subscription,206082.82,185337.13,112007.97,129878.95,91,Completed
TXN0001471,2025-01-29 00:00:00,D008,R004,Subscription,159947.33,150718.96,92015.74,98892.51,32,Completed
TXN0001472,2025-01-31 00:00:00,D001,R001,Software,202107.78,185429.13,126659.76,146059.67,151,Completed
TXN0001473,2026-09-12 00:00:00,D009,R001,Consulting,127423.24,146100.98,88138.33,92787.38,163,Pending
TXN0001474,2024-05-03 00:00:00,D003,R003,Software,55692.36,48368.17,131768.25,127167.66,37,Completed
TXN0001475,2026-01-02 00:00:00,D010,R002,Support,99918.77,108156.5,41276.97,37735.12,84,Cancelled
TXN0001476,2026-08-19 00:00:00,D009,R001,Services,120166.69,150976.2,71695.59,83265.49,84,Cancelled
TXN0001477,2026-11-26 00:00:00,D006,R003,Software,228129.47,197982.96,73965.11,76740.41,155,Completed
TXN0001478,2024-04-21 00:00:00,D001,R001,Subscription,175685.19,172916.31,96471.84,118811.25,113,Completed
TXN0001479,2025-02-16 00:00:00,D004,R001,Support,86005.55,78644.88,61469.16,63268.86,22,Completed
TXN0001480,2026-08-15 00:00:00,D004,R001,Support,107108.84,126465.84,61936.97,78346.55,158,Completed
TXN0001481,2025-09-05 00:00:00,D010,R002,Hardware,283988.55,282458.46,122614.48,167162.65,112,Completed
TXN0001482,2026-10-12 00:00:00,D003,R003,Software,157154.42,137468.34,86246.95,93535.93,61,Completed
TXN0001483,2025-03-12 00:00:00,D004,R001,Consulting,115789.84,116364.55,63157.68,66233.61,66,Pending
TXN0001484,2025-02-24 00:00:00,D006,R003,Consulting,150238.01,170180.52,78785.79,74555.32,107,Completed
TXN0001485,2026-01-02 00:00:00,D001,R001,Software,173870.24,179892.92,108480.45,101612.87,12,Cancelled
TXN0001486,2025-02-02 00:00:00,D002,R002,Consulting,108108.79,81265.92,85639.37,101700.99,166,Cancelled
TXN0001487,2025-02-09 00:00:00,D006,R005,Services,126589.97,147960.66,79715.47,72806.71,77,Completed
TXN0001488,2024-12-22 00:00:00,D004,R001,Support,75998.58,90302.4,64993.46,57218.68,91,Cancelled
TXN0001489,2024-12-26 00:00:00,D004,R001,Software,147467.82,131108.55,126621.18,124564.8,72,Completed
TXN0001490,02/15/2026,D001,R001,Services,137772.99,150980.8,115065.38,124312.08,172,Completed
TXN0001491,2026-07-23 00:00:00,D006,R003,Hardware,298173.52,355693.34,153752.51,147893.66,66,Completed
TXN0001492,2026-06-07 00:00:00,D006,R003,Subscription,139218.81,165423.22,91999.53,69112.79,21,Completed
TXN0001493,2025-01-23 00:00:00,D003,R003,Services,104110.98,99056.11,110997.84,106852.42,54,Cancelled
TXN0001494,2026-05-29 00:00:00,D007,R004,Hardware,229586.0,241709.16,125257.38,148921.5,167,Completed
TXN0001495,2025-01-22 00:00:00,D001,R001,Subscription,136231.59,147800.43,82901.98,87153.08,142,Completed
TXN0001496,2025-07-27 00:00:00,D003,R003,Software,182131.55,148195.34,139267.59,159086.73,37,Cancelled
TXN0001497,2024-06-15 00:00:00,D010,R002,Services,141424.07,163478.44,83301.07,84057.48,125,Cancelled
TXN0001498,2026-11-08 00:00:00,D002,R002,Consulting,148206.06,148949.96,80720.34,78585.31,100,Pending
TXN0001499,2026-02-04 00:00:00,D009,R001,Hardware,223460.7,205949.17,144627.55,153786.71,139,Pending
TXN0001500,2026-04-01 00:00:00,D008,R004,Subscription,149159.03,161886.64,94551.38,97274.76,168,Cancelled
TXN0001501,31-02-2025,D001,R001,Services,150804.78,150486.77,95478.3,97224.74,65,Pending
TXN0001502,2024-11-17 00:00:00,D004,R001,Consulting,112303.48,112423.44,68792.73,77786.5,100,Completed
TXN0001503,2025-08-27 00:00:00,D009,R001,Software,208432.54,232648.79,116189.26,134656.24,118,Cancelled
TXN0001504,2026-08-10 00:00:00,D006,R003,Software,167492.86,166165.98,93882.71,97671.15,136,Cancelled
TXN0001505,2026-06-04 00:00:00,D006,R003,Consulting,94299.41,100466.31,64712.29,75350.43,109,Completed
TXN0001506,2024-02-20 00:00:00,D008,R004,Consulting,127084.12,125068.04,91113.21,96794.7,50,Pending
TXN0001507,2026-01-05 00:00:00,D004,R001,Software,160908.18,172242.04,87940.13,112800.18,26,Completed
TXN0001508,2024-06-09 00:00:00,D009,R001,Support,,83455.38,62883.01,72232.55,75,Completed
TXN0001509,2024-03-19 00:00:00,D002,R002,Hardware,229261.06,241161.85,172027.79,209919.96,144,Completed
TXN0001510,2025-05-27 00:00:00,D006,R003,Hardware,301262.1,299973.07,105421.75,81740.84,82,Completed
TXN0001511,2025-06-18 00:00:00,D004,R001,Services,113342.52,78368.62,88546.43,87778.98,7,Completed
TXN0001512,2026-04-10 00:00:00,D005,R002,Consulting,123542.62,115095.58,77130.1,70743.38,153,Completed
TXN0001513,2026-03-25 00:00:00,D008,R004,Services,124923.36,129574.15,73184.76,92060.48,63,Completed
TXN0001514,2026-08-17 00:00:00,D004,R001,Subscription,108752.16,104676.35,82324.74,75113.43,123,Completed
TXN0001515,28-05-2026,D002,,Services,132738.61,170788.18,87046.45,77263.73,111,Completed
TXN0001516,2024-03-02 00:00:00,D008,R004,Subscription,159305.08,167349.55,97352.65,90684.02,100,Completed
TXN0001517,2024-01-20 00:00:00,D010,R002,Hardware,227447.7,234172.73,125252.61,133443.0,132,Completed
TXN0001518,2026-04-06 00:00:00,D006,R003,Consulting,85501.12,105012.87,81519.49,91847.91,142,Completed
TXN0001519,2024-03-06 00:00:00,D006,R003,Subscription,128282.95,122750.62,100542.98,121346.71,40,Completed
TXN0001520,2026-03-11 00:00:00,D006,R003,Subscription,138388.19,133644.23,58866.73,60437.98,102,Completed
TXN0001521,2026-08-30 00:00:00,D007,R006,Services,155213.57,154789.82,104060.4,107206.87,32,Completed
TXN0001522,2025-09-15 00:00:00,D010,R002,Support,79334.2,73536.56,49768.37,53820.24,28,Completed
TXN0001523,2024-03-06 00:00:00,D002,R002,Services,195801.11,223369.47,66671.15,76561.39,159,Pending
TXN0001524,2026-03-01 00:00:00,D001,R001,Software,241971.1,-67858.46778018211,86682.71,86684.46,77,Completed
TXN0001525,2024-05-23 00:00:00,D004,R001,Subscription,176448.87,175724.65,79581.79,81561.9,121,Completed
TXN0001526,2025-10-31 00:00:00,D006,R003,Services,115114.42,122414.28,95081.95,103454.23,110,Pending
TXN0001527,2026-05-06 00:00:00,D003,R003,Services,203137.31,195451.82,78857.68,81761.41,127,Completed
TXN0001528,2024-09-23 00:00:00,D007,R004,Services,166414.74,191394.09,73600.8,74116.5,57,Completed
TXN0001529,2026-08-30 00:00:00,D007,R004,Support,93852.84,96145.47,59220.7,54948.77,-5,Cancelled
TXN0001530,2025-02-19 00:00:00,D010,R002,Subscription,141732.89,159825.05,106255.4,89847.17,133,Pending
TXN0001531,2026-07-01 00:00:00,D005,R002,Services,96032.04,116094.97,70647.59,60654.31,21,Pending
TXN0001532,2025-11-04 00:00:00,D010,R002,Subscription,134599.53,162893.97,69224.91,75241.91,150,Pending
TXN0001533,2024-07-05 00:00:00,D008,R004,Software,200688.8,228482.48,139878.18,140879.1,78,Pending
TXN0001534,2025-09-01 00:00:00,D006,R003,Support,78921.65,101238.54,54919.4,52566.9,105,Cancelled
TXN0001535,2026-06-03 00:00:00,D003,R003,Services,142048.18,123241.89,101032.27,86384.48,122,Pending
TXN0001536,2026-03-16 00:00:00,D003,R003,Software,197074.2,206360.98,110133.06,136105.52,16,Completed
TXN0001537,2025-08-20 00:00:00,D003,R003,Support,88478.76,105091.43,65234.41,64388.4,175,Completed
TXN0001538,2024-09-05 00:00:00,D004,R001,Consulting,72024.13,78574.78,76221.95,82419.58,99,Completed
TXN0001539,2026-04-19 00:00:00,D002,R002,Hardware,191469.98,218915.65,154543.5,164624.45,120,Completed
TXN0001540,2026-08-04 00:00:00,D005,R002,Software,180530.53,131793.33,92629.81,122315.19,11,Completed
TXN0001541,2026-03-28 00:00:00,D008,R004,Support,92817.94,97429.71,49560.06,49793.98,54,Pending
TXN0001542,2024-10-06 00:00:00,D001,R005,Support,120197.59,96043.46,36155.41,46541.4,88,Pending
TXN0001543,2025-05-11 00:00:00,D008,R004,Software,227136.37,226445.16,,84387.81,117,Completed
TXN0001544,2024-12-15 00:00:00,D008,R004,Services,129006.17,,99254.39,84752.61,9,Cancelled
TXN0001545,2026-12-30 00:00:00,D002,R002,Software,263785.6,293119.72,117375.29,130954.14,105,Completed
TXN0001546,2025-07-13 00:00:00,D002,R002,Software,98709.79,115091.03,96469.71,93806.33,44,Pending
TXN0001547,2024-03-11 00:00:00,D006,R003,Support,89805.64,97691.32,46393.4,48951.42,177,Cancelled
TXN0001548,2026-12-06 00:00:00,D004,R001,Software,154403.45,184922.09,122193.55,120679.0,169,Completed
TXN0001549,2024-04-17 00:00:00,D007,R004,Consulting,117360.57,101332.73,87684.94,99960.54,158,Completed
TXN0001550,2025-05-26 00:00:00,D001,R001,,178188.43,185326.66,100592.23,94719.22,100,Completed
TXN0001551,2024-02-27 00:00:00,,R001,Consulting,136459.14,133627.64,68508.57,57945.45,8,Completed
TXN0001552,2025-03-27 00:00:00,D004,R001,Software,217044.91,201183.94,113253.51,117945.7,29,Completed
TXN0001553,2025-10-22 00:00:00,D003,R005,Hardware,229777.48,248517.25,118895.41,103829.06,148,Completed
TXN0001554,2026-03-20 00:00:00,D010,R002,Subscription,182469.81,193855.26,73091.49,72084.38,114,Completed
TXN0001555,2025-10-24 00:00:00,D004,R001,Hardware,311315.48,327135.66,112535.26,123147.88,49,Completed
TXN0001556,2026-03-08 00:00:00,D007,R004,Software,148182.57,109463.21,97913.51,74011.42,59,Pending
TXN0001557,2026-01-25 00:00:00,D004,R006,Support,108159.17,123150.75,68812.73,69421.08,16,Completed
TXN0001558,2026-10-20 00:00:00,D004,R001,Subscription,165975.68,145503.24,96417.76,101607.8,31,Cancelled
TXN0001559,2025-10-26 00:00:00,D010,R002,Software,125332.16,109047.57,124629.32,163457.66,166,Pending
TXN0001560,2025-10-13 00:00:00,D003,R003,Support,71837.63,,67145.22,70946.31,175,Pending
TXN0001561,2026-07-08 00:00:00,D002,R002,Subscription,175274.63,185569.9,88278.35,66821.0,102,Cancelled
TXN0001562,2024-01-28 00:00:00,D004,R001,Support,127999.11,123490.47,42679.37,40532.76,64,Completed
TXN0001563,2025-09-24 00:00:00,D010,R002,Software,133240.29,183106.62,121232.09,,65,Pending
TXN0001564,2024-10-08 00:00:00,D004,R001,Software,186635.45,185830.15,117200.88,121069.09,100,Pending
TXN0001565,2025-02-22 00:00:00,D005,R002,Consulting,98723.03,76619.19,72006.96,65088.59,169,Completed
TXN0001566,2026-06-27 00:00:00,D004,R001,Subscription,178556.14,162290.79,,97405.93,89,Completed
TXN0001567,2026-12-02 00:00:00,D005,R002,Software,188991.51,135077.88,115635.31,100098.41,111,Completed
TXN0001568,2025-11-09 00:00:00,D001,R001,Support,141155.89,128239.04,62979.73,72138.93,92,Completed
TXN0001569,2025-05-23 00:00:00,D004,R001,Support,94743.83,95489.53,38452.17,37156.72,180,Completed
TXN0001570,2025-10-20 00:00:00,D010,R002,Subscription,,215563.25,68653.49,70465.85,51,Pending
TXN0001571,2025-01-29 00:00:00,D001,R006,Software,246460.4,314754.25,97789.04,111258.72,18,Completed
TXN0001572,2025-02-22 00:00:00,D004,R001,Services,90744.26,99655.78,80778.6,91618.66,65,Cancelled
TXN0001573,2025-09-29 00:00:00,D002,R002,Consulting,110237.81,117668.75,91434.15,84905.67,47,Completed
TXN0001574,2025-05-24 00:00:00,D004,R001,Subscription,187976.68,198843.52,71348.28,68282.69,82,Completed
TXN0001575,2025-02-16 00:00:00,D010,R002,Support,106453.17,134909.67,56649.64,62932.87,74,Pending
TXN0001576,2026-03-26 00:00:00,D002,R002,Hardware,188793.31,185771.96,160240.75,174877.59,101,Completed
TXN0001577,2026-06-06 00:00:00,D008,R004,Subscription,193328.64,229902.65,87530.46,81587.07,44,Pending
TXN0001578,2024-06-19 00:00:00,D001,R001,,97911.94,101308.41,78739.12,88391.17,81,Cancelled
TXN0001579,2024-12-25 00:00:00,D009,R001,Support,55741.96,64330.89,51269.67,58353.27,70,Pending
TXN0001580,2026-02-07 00:00:00,D008,R004,Hardware,174119.31,211291.74,102876.94,107708.14,148,Cancelled
TXN0001581,2026-08-19 00:00:00,D008,R005,Support,76782.27,89740.22,44847.38,47143.55,55,Completed
TXN0001582,2026-04-08 00:00:00,D004,R006,Consulting,105495.1,122040.63,75638.98,80426.52,111,Pending
TXN0001583,2024-05-25 00:00:00,D006,R003,Hardware,223360.67,234400.67,160906.37,209649.77,109,Completed
TXN0001584,2024-11-28 00:00:00,D002,R002,Subscription,173956.23,201746.72,93851.65,96207.83,54,Pending
TXN0001585,2025-12-14 00:00:00,D005,R002,Support,104314.43,112432.32,42977.45,35081.05,135,Pending
TXN0001586,2026-02-28 00:00:00,D006,R003,Support,83798.36,98911.53,49666.46,48631.06,113,Completed
TXN0001587,2024-02-27 00:00:00,D004,R001,Hardware,198379.91,204064.01,113688.13,134915.02,175,Completed
TXN0001588,2024-10-28 00:00:00,D005,R002,Support,88862.38,80515.86,52473.44,55364.32,70,Completed
TXN0001589,2024-11-26 00:00:00,D010,R002,Support,81908.89,75914.44,60887.95,59528.52,8,Completed
TXN0001590,2026-03-25 00:00:00,D002,R002,Consulting,121614.47,131840.55,67935.92,72609.06,155,Completed
TXN0001591,2024-12-05 00:00:00,D009,R001,Consulting,131658.5,123482.77,77646.81,79960.45,114,Completed
TXN0001592,2026-02-22 00:00:00,D005,R002,Subscription,168005.89,161336.37,77796.38,81980.83,155,Completed
TXN0001593,2024-07-01 00:00:00,D007,R004,Support,61355.86,55454.16,52354.07,57513.49,32,Cancelled
TXN0001594,2025-03-05 00:00:00,,R003,Hardware,242435.02,251069.14,129955.51,125112.21,106,Completed
TXN0001595,2024-01-04 00:00:00,D001,R001,Consulting,164104.66,190414.15,81216.25,93008.36,29,Completed
TXN0001596,2025-08-13 00:00:00,D007,R004,Support,88893.76,98858.84,52681.87,49261.27,115,Completed
TXN0001597,2024-10-02 00:00:00,D003,R003,Support,71804.24,72305.44,73001.76,85323.38,55,Pending
TXN0001598,2026-07-11 00:00:00,D003,R003,Software,176223.09,155093.58,113769.37,100822.23,150,Completed
TXN0001599,2025-01-09 00:00:00,D003,R003,Support,83133.9,85167.09,48262.62,52181.62,54,Completed
TXN0001600,2024-08-11 00:00:00,D007,R004,Subscription,134666.26,170945.45,78187.27,57310.16,167,Completed
TXN0001601,2024-09-12 00:00:00,D002,R002,Consulting,121560.76,112984.86,81272.12,87846.53,75,Completed
TXN0001602,2026-09-20 00:00:00,D006,R005,Consulting,unknown,128118.41,80776.06,57782.13,177,Completed
TXN0001603,2024-03-26 00:00:00,D001,R005,Support,71879.92,68264.3,60657.13,53657.29,29,Completed
TXN0001604,2026-12-01 00:00:00,D009,R001,Consulting,116757.31,98875.38,78149.43,81908.65,73,Pending
TXN0001605,2026-05-29 00:00:00,D008,R004,Subscription,131530.36,140587.67,122269.34,165580.68,91,Completed
TXN0001606,2026-01-09 00:00:00,D006,R003,Services,136337.19,135222.44,89724.61,79586.07,175,Pending
TXN0001607,2025-11-07 00:00:00,D007,R004,Hardware,233177.31,206264.62,157988.02,162718.26,30,Completed
TXN0001608,2024-10-11 00:00:00,D008,R004,Consulting,118649.59,123414.63,88777.42,77212.5,11,Cancelled
TXN0001609,2025-05-24 00:00:00,D002,R002,Hardware,238232.46,307197.24,141762.62,123425.97,99,Pending
TXN0001610,2026-11-20 00:00:00,D010,R002,Consulting,140008.97,163678.8,57212.11,54885.24,110,Completed
TXN0001611,2024-02-04 00:00:00,D001,R001,Hardware,204515.42,223980.06,179323.98,170439.44,167,Completed
TXN0001612,2025-10-28 00:00:00,D001,R001,Support,94974.04,93867.95,54549.12,73925.87,178,Pending
TXN0001613,2024-06-15 00:00:00,D004,R001,Consulting,122778.78,126753.83,86049.3,82461.31,94,Pending
TXN0001614,2024-07-24 00:00:00,D008,R004,Support,114697.18,121022.27,51084.47,49649.45,103,Completed
TXN0001615,2026-12-01 00:00:00,D010,R002,Services,139513.18,106985.91,86382.17,81417.03,151,Cancelled
TXN0001616,2025-09-09 00:00:00,D001,R001,Software,157806.42,185067.95,124100.8,121758.85,177,Cancelled
TXN0001617,2024-08-24 00:00:00,D008,R004,Consulting,121503.0,141254.2,61946.6,64197.86,128,Cancelled
TXN0001618,2024-07-02 00:00:00,D004,R001,Services,148612.2,147414.21,67342.77,,32,Pending
TXN0001619,2026-02-24 00:00:00,D001,R001,Hardware,152655.16,197058.56,127953.96,134721.67,76,Completed
TXN0001620,2024-09-09 00:00:00,D005,R002,Support,73223.21,92154.26,62753.32,68248.68,175,Completed
TXN0001621,2024-07-04 00:00:00,D009,R001,Consulting,131642.56,97228.53,67737.95,62796.67,90,Completed
TXN0001622,2024-05-12 00:00:00,D010,R002,Subscription,159154.67,187981.62,95692.42,100450.11,169,Completed
TXN0001623,2026-02-20 00:00:00,D007,R004,Support,93510.36,92424.87,57601.86,57216.18,172,Cancelled
TXN0001624,2025-06-14 00:00:00,D007,R004,Services,172212.68,200409.6,84172.45,78651.64,34,Completed
TXN0001625,2025-01-20 00:00:00,D002,R002,Hardware,217192.15,262654.06,137224.13,116753.63,34,Cancelled
TXN0001626,2026-02-17 00:00:00,D006,R003,Hardware,212731.8,224597.2,142333.14,139704.28,152,Completed
TXN0001627,2026-05-17 00:00:00,D005,R005,Consulting,134014.44,118810.35,66416.99,78122.82,86,Completed
TXN0001628,2025-03-30 00:00:00,D003,R003,Subscription,202960.21,192735.44,100437.54,120867.67,32,Pending
TXN0001629,2025-10-09 00:00:00,D888,R001,Consulting,171226.59,152200.04,94760.53,87746.77,42,Completed
TXN0001630,2024-10-28 00:00:00,D004,R001,Consulting,122583.98,163785.48,95525.04,92386.09,158,Completed
TXN0001631,2024-03-11 00:00:00,D003,R003,Support,122975.61,103350.06,72530.43,70315.27,158,Completed
TXN0001632,2024-09-09 00:00:00,D005,R002,support ,71263.81,66717.49,66274.9,73511.18,75,Cancelled
TXN0001633,31-02-2025,D008,R004,Services,142702.18,168213.31,78201.75,81323.4,79,Pending
TXN0001634,2024-11-08 00:00:00,D001,R001,Hardware,180771.32,205102.55,137037.96,160032.76,58,Completed
TXN0001635,2026-09-25 00:00:00,D001,R001,Services,186572.35,244760.74,92344.24,80162.98,105,Completed
TXN0001636,2026-03-14 00:00:00,D003,R003,Subscription,160411.47,169503.86,103117.6,113231.89,91,Pending
TXN0001637,2026-03-11 00:00:00,D008,R004,Consulting,75680.48,78708.05,58705.63,76513.12,23,Cancelled
TXN0001638,2026-03-17 00:00:00,D005,R002,Services,154387.83,184381.09,73924.12,unknown,29,Completed
TXN0001639,2024-04-20 00:00:00,D006,R003,Subscription,167030.04,143919.33,93944.32,106122.89,82,Pending
TXN0001640,2026-09-15 00:00:00,D003,R003,Consulting,120655.65,138745.89,88771.89,86457.86,79,Completed
TXN0001641,2025-02-04 00:00:00,D004,R001,Support,94032.08,85616.88,51557.82,49470.74,171,Completed
TXN0001642,2024-07-27 00:00:00,D006,R003,Subscription,145139.75,160218.79,96002.97,112475.44,178,Completed
TXN0001643,2024-12-10 00:00:00,D007,R004,Consulting,118361.24,143104.64,70371.67,77511.42,19,Completed
TXN0001644,2024-04-17 00:00:00,D006,R003,Services,126354.88,150566.34,83612.71,87576.17,35,Cancelled
TXN0001645,2026-04-07 00:00:00,D006,R003,Services,108398.63,118505.82,71414.47,82278.17,67,Completed
TXN0001646,2025-09-11 00:00:00,D002,R002,Consulting,139202.55,145490.61,62001.08,69679.55,157,Completed
TXN0001647,2024-07-02 00:00:00,D007,R004,Support,73368.67,52047.84,50968.39,50683.75,123,Pending
TXN0001648,2026-01-22 00:00:00,D005,R002,Consulting,121148.46,130774.6,75196.07,67363.31,7,Completed
TXN0001649,2026-11-09 00:00:00,D002,R002,Consulting,122992.93,126083.27,95581.16,94722.98,62,Completed
TXN0001650,2026-09-09 00:00:00,D010,R002,Subscription,130957.13,122894.83,67971.62,69720.59,75,Completed
TXN0001651,2026-06-07 00:00:00,D010,R002,Consulting,162444.32,143844.29,70211.08,56603.23,81,Cancelled
TXN0001652,2025-01-13 00:00:00,D003,R003,Software,214102.53,177344.43,77564.31,72157.54,108,Completed
TXN0001653,2026-12-21 00:00:00,D007,R004,Subscription,118204.68,143699.73,76690.54,101616.11,130,Completed
TXN0001654,2024-09-11 00:00:00,D009,R001,Subscription,142222.17,144994.48,107312.39,121920.83,58,Completed
TXN0001655,2025-01-03 00:00:00,D003,R003,Support,94639.47,71520.66,53340.37,48908.06,6,Cancelled
TXN0001656,2024-03-21 00:00:00,D008,R004,Software,131585.86,108328.98,113183.33,111005.67,37,Cancelled
TXN0001657,2025-06-09 00:00:00,D004,R001,Software,178290.73,154672.81,121501.23,133951.56,13,Completed
TXN0001658,2024-12-17 00:00:00,D002,R002,Hardware,241241.01,270049.58,106229.39,131064.79,113,Completed
TXN0001659,2025-08-23 00:00:00,D004,R001,Subscription,182519.95,209811.52,89058.09,74386.88,173,Cancelled
TXN0001660,2025-10-02 00:00:00,D008,R004,Consulting,118256.9,115445.32,66716.26,64958.31,138,Completed
TXN0001661,2024-07-21 00:00:00,D010,R002,Services,119675.7,111328.44,107809.93,104037.39,174,Completed
TXN0001662,2025-03-16 00:00:00,D004,R005,Hardware,186899.54,196309.26,119575.8,136053.17,39,Cancelled
TXN0001663,2025-07-22 00:00:00,D009,R001,Hardware,143747.53,124036.28,179654.07,210508.32,37,Cancelled
TXN0001664,2026-02-20 00:00:00,D007,R006,Hardware,210222.03,223383.07,100317.31,112748.1,171,Completed
TXN0001665,2026-05-21 00:00:00,D007,R004,Hardware,180360.02,176623.56,168970.0,167896.9,41,Cancelled
TXN0001666,2025-01-29 00:00:00,D004,R006,Support,82503.67,79467.79,52297.97,61687.14,100,Cancelled
TXN0001667,2024-11-10 00:00:00,D009,R001,Consulting,129447.7,148965.46,45337.29,54848.65,85,Pending
TXN0001668,2025-07-07 00:00:00,D007,R005,Software,158214.45,181769.34,115922.4,109226.58,36,Cancelled
TXN0001669,2024/05/15,D002,R002,Consulting,107904.45,138767.69,67366.21,62787.26,89,Completed
TXN0001670,2024-10-26 00:00:00,D006,R003,Hardware,236681.4,245438.87,164646.69,,62,Completed
TXN0001671,2026-02-14 00:00:00,D001,R001,Services,160920.07,195829.75,90070.65,91333.85,31,Completed
TXN0001672,2026-09-29 00:00:00,D003,R003,Hardware,262693.77,239172.12,142999.76,134355.63,29,Cancelled
TXN0001673,2025-07-09 00:00:00,D006,R003,Hardware,201631.36,197680.97,119522.08,153023.26,160,Completed
TXN0001674,2025-01-05 00:00:00,D001,R001,Consulting,127176.99,130820.41,56364.64,58503.92,93,Cancelled
TXN0001675,2026-09-03 00:00:00,D009,R001,Consulting,130068.57,127196.14,83378.23,98534.94,156,Completed
TXN0001676,2024-09-15 00:00:00,D005,R005,Support,98254.12,95403.04,53351.49,37946.14,41,Pending
TXN0001677,2026-01-28 00:00:00,D010,R002,Software,181061.87,191118.54,110373.52,99086.56,68,Cancelled
TXN0001678,17-06-2026,D007,R004,Services,140782.8,165311.96,82799.96,85811.62,95,Pending
TXN0001679,2026-12-02 00:00:00,D009,R001,Consulting,132307.59,129439.52,81836.07,73482.64,63,Completed
TXN0001680,2025-10-02 00:00:00,D002,R002,Consulting,139857.72,158861.14,85090.16,62204.42,28,Completed
TXN0001681,2024-12-04 00:00:00,D002,R002,Software,226136.1,297452.77,134882.35,125581.17,152,Completed
TXN0001682,2026-10-06 00:00:00,D002,R002,Subscription,150695.42,150099.82,109232.21,125437.37,7,Pending
TXN0001683,2026-09-09 00:00:00,D009,R001,Services,125134.13,103560.16,89502.13,91866.22,132,Cancelled
TXN0001684,2024-01-29 00:00:00,D009,R001,Consulting,116005.16,100429.43,77910.89,73296.52,162,Completed
TXN0001685,2026-12-30 00:00:00,D001,R001,Support,78284.67,61328.85,58226.13,79536.25,93,Completed
TXN0001686,2026-07-07 00:00:00,D009,R001,Software,213279.69,243702.01,124227.13,121605.04,48,Cancelled
TXN0001687,2024-09-30 00:00:00,D004,R001,Hardware,226730.99,214197.3,161282.29,182718.91,136,Completed
TXN0001688,2024-12-15 00:00:00,D001,R001,Consulting,113007.64,96242.45,83781.22,107719.8,100,Completed
TXN0001689,2024-08-29 00:00:00,D006,R003,Services,,99294.47,82180.5,84839.18,79,Completed
TXN0001690,2024-01-05 00:00:00,D008,R004,Services,130187.03,109882.06,103438.95,99994.4,166,Cancelled
TXN0001691,2026-11-21 00:00:00,D007,R004,Hardware,171514.26,172462.55,124287.66,,14,Pending
TXN0001692,2025-12-29 00:00:00,D010,R002,Software,189465.62,207088.91,114932.15,149513.46,6,Cancelled
TXN0001693,2024-08-07 00:00:00,D008,R004,Hardware,181273.62,188865.86,130791.79,123361.54,6,Completed
TXN0001694,2024-07-26 00:00:00,D003,R003,Software,170868.23,171692.45,98790.97,103253.0,115,Pending
TXN0001695,2024-11-10 00:00:00,D004,R001,Subscription,183812.95,177591.11,88502.27,87018.71,110,Completed
TXN0001696,2026-08-21 00:00:00,D008,R006,Services,176141.26,159912.83,61343.82,56498.99,106,Completed
TXN0001697,2025-07-05 00:00:00,D005,R002,Services,135626.68,148119.95,90654.92,77286.51,32,Pending
TXN0001698,2026-06-07 00:00:00,D008,R004,Hardware,250941.78,254296.73,146215.05,167911.79,6,Completed
TXN0001699,2024-03-23 00:00:00,D004,R001,Hardware,216189.99,253342.4,151007.19,166410.79,39,Pending
TXN0001700,2024-11-24 00:00:00,D007,R004,Software,226449.73,255486.54,77269.93,100036.13,175,Completed
TXN0001701,2024-08-31 00:00:00,D008,R004,Hardware,236329.3,217613.16,181567.2,178119.27,112,Pending
TXN0001702,2024-09-17 00:00:00,D009,R001,Support,94401.27,,68999.0,71491.41,88,Pending
TXN0001703,2026-03-07 00:00:00,D009,R001,Support,67174.84,70621.9,57420.02,58901.01,38,Completed
TXN0001704,2024-11-14 00:00:00,D002,R002,Services,127898.6,,88656.37,116587.63,93,Cancelled
TXN0001705,2024-04-16 00:00:00,D001,R001,Services,116660.69,124029.32,68551.68,84495.92,178,Completed
TXN0001706,2024-01-17 00:00:00,D007,R004,Support,85662.2,85462.17,66639.79,72151.34,116,Pending
TXN0001707,2026-05-28 00:00:00,D005,R002,Software,176078.92,173172.25,122798.21,163285.93,68,Cancelled
TXN0001708,2025-05-25 00:00:00,D003,R003,Services,79744.82,78849.09,,91621.08,76,Completed
TXN0001709,2026-05-28 00:00:00,D005,R002,Services,145230.07,114913.7,66683.71,80734.07,55,Pending
TXN0001710,2025-01-06 00:00:00,D002,R002,Subscription,154220.27,169577.55,84172.38,96199.49,53,Cancelled
TXN0001711,2026-04-01 00:00:00,D003,R003,Services,116756.75,100758.14,73856.34,86436.78,14,Completed
TXN0001712,2024-02-06 00:00:00,D004,R001,Consulting,128951.08,129059.83,74152.27,76045.09,162,Completed
TXN0001713,2026-04-14 00:00:00,D002,R002,Consulting,143453.23,145612.92,70312.3,67989.25,139,Completed
TXN0001714,2026-09-08 00:00:00,D004,R001,,132394.49,,69022.35,78993.43,20,Cancelled
TXN0001715,2024-08-13 00:00:00,D007,R004,Hardware,246582.3,249756.95,,159480.87,73,Completed
TXN0001716,2026-05-06 00:00:00,D005,R002,Support,99004.38,89534.49,53006.56,73327.17,68,Completed
TXN0001717,2024-04-16 00:00:00,D001,R001,Software,132295.73,119428.93,122917.53,104632.31,174,Completed
TXN0001718,2024-07-25 00:00:00,D004,R001,Hardware,242620.48,203084.91,177262.93,204451.99,115,Completed
TXN0001719,2025-11-15 00:00:00,D005,R002,Hardware,180936.96,177628.3,156990.35,161585.55,82,Completed
TXN0001720,2024-09-23 00:00:00,D002,R002,Support,82071.49,,30841.36,34040.45,89,Completed
TXN0001721,2026-12-19 00:00:00,D006,R003,Subscription,128837.89,119029.26,85123.17,90348.83,159,Completed
TXN0001722,2026-02-25 00:00:00,D004,R001,Services,168967.08,182780.85,63588.95,75842.2,27,Completed
TXN0001723,2024-09-03 00:00:00,D003,R003,Subscription,185246.25,141392.32,85510.29,115254.61,15,Cancelled
TXN0001724,2024-07-21 00:00:00,D004,R001,Consulting,127320.15,130168.95,70510.42,61063.68,24,Cancelled
TXN0001725,2026-08-29 00:00:00,D010,R002,Support,54400.48,47694.17,66164.68,72827.12,56,Cancelled
TXN0001726,2025-06-01 00:00:00,D003,R005,Consulting,61956.99,66314.05,81280.65,81587.64,148,Completed
TXN0001727,2024-08-28 00:00:00,D006,R003,Support,81912.19,97854.43,38515.49,31315.6,116,Completed
TXN0001728,2024-02-14 00:00:00,D008,R004,Subscription,189579.34,175578.89,80670.64,95981.99,47,Cancelled
TXN0001729,2025-08-16 00:00:00,D005,R002,Services,109079.25,110790.14,75753.28,86477.4,16,Cancelled
TXN0001730,2025-01-24 00:00:00,D001,R001,Support,122471.66,100181.23,54143.66,49966.01,106,Pending
TXN0001731,2024-12-04 00:00:00,D009,R001,Software,177529.86,165281.64,136345.09,121629.55,117,Cancelled
TXN0001732,2026-03-31 00:00:00,D007,R004,Consulting,130950.84,109889.19,76774.62,75151.53,160,Completed
TXN0001733,2025-03-22 00:00:00,D004,R001,Services,147937.29,154228.48,87923.77,,156,Completed
TXN0001734,2026-12-11 00:00:00,D009,R001,Support,93124.36,109278.01,68362.11,67728.0,71,Completed
TXN0001735,2024-08-31 00:00:00,D004,R888,Hardware,271671.46,344703.61,148136.09,146490.13,48,Completed
TXN0001736,2024-03-21 00:00:00,D001,R001,Hardware,196561.71,133385.08,174563.12,172630.75,168,Completed
TXN0001737,2024-04-15 00:00:00,D005,R002,Hardware,227409.44,232914.64,154011.45,159542.14,169,Completed
TXN0001738,2025-12-12 00:00:00,D004,R001,Software,146746.14,143883.79,137974.17,173274.54,166,Cancelled
TXN0001739,2025-06-24 00:00:00,D006,R003,Support,106001.2,115122.64,48174.66,43859.26,39,Pending
TXN0001740,2024-01-22 00:00:00,D010,R002,Software,179412.45,183278.12,115161.81,131433.35,96,Completed
TXN0001741,2024-08-05 00:00:00,D005,R002,Software,172522.53,229494.6,95973.03,94218.84,102,Completed
TXN0001742,2025-03-27 00:00:00,D010,R002,Consulting,119465.1,122177.22,81431.92,103402.24,88,Completed
TXN0001743,2024-11-14 00:00:00,D004,R001,Consulting,160052.87,154818.26,88070.36,88369.98,119,Completed
TXN0001744,2024-07-10 00:00:00,D007,R004,Consulting,96093.63,71460.93,71974.74,93366.02,131,Completed
TXN0001745,2025-01-21 00:00:00,D008,R004,Services,146523.97,132984.18,70505.08,81889.13,150,Pending
TXN0001746,2025-09-27 00:00:00,D003,R003,Software,183339.73,205436.18,110422.05,142230.65,46,Completed
TXN0001747,2024-05-22 00:00:00,D007,R004,Services,140055.03,153909.64,66298.84,62275.36,41,Completed
TXN0001748,2026-04-04 00:00:00,D007,R004,Support,110567.73,112074.39,44042.67,49556.44,30,Cancelled
TXN0001749,2024-07-23 00:00:00,D003,R003,Software,209906.65,182599.94,117147.25,115631.25,101,Pending
TXN0001750,2024-03-30 00:00:00,D001,R001,Software,198548.07,177753.29,121457.0,124098.19,38,Completed
TXN0001751,2024-01-28 00:00:00,D002,R002,Support,82149.02,85430.29,56262.08,51813.39,7,Completed
TXN0001752,2024-06-23 00:00:00,D009,R001,Hardware,250632.89,193027.95,133499.62,125856.46,56,Completed
TXN0001753,2024-11-30 00:00:00,D008,R004,Consulting,129459.89,110822.44,79955.16,84146.08,83,Completed
TXN0001754,2025-07-01 00:00:00,D008,R004,Software,202785.42,192527.11,78781.56,76271.14,165,Cancelled
TXN0001755,2025-08-30 00:00:00,D002,R005,Software,170212.06,220751.41,137938.25,135909.27,31,Cancelled
TXN0001756,2024-02-19 00:00:00,D007,R004,Services,161092.18,179041.4,90011.57,89310.38,63,Pending
TXN0001757,2025-08-10 00:00:00,D007,R004,Support,64929.37,63191.23,56794.71,58312.49,62,Pending
TXN0001758,2025-04-04 00:00:00,D002,R002,Software,206654.91,191420.71,115901.58,146465.06,31,Completed
TXN0001759,2026-01-08 00:00:00,D006,R006,Software,160857.49,205068.23,131912.72,124068.89,26,Completed
TXN0001760,2026-12-22 00:00:00,D010,R002,Consulting,146010.73,150123.6,82119.31,82238.18,90,Cancelled
TXN0001761,2025-09-09 00:00:00,D003,R003,Services,143965.13,120843.97,98280.49,127067.87,164,Completed
TXN0001762,2026-10-19 00:00:00,D006,R003,Hardware,197696.89,226178.58,"₹1,25,000",136342.14,174,Completed
TXN0001763,2024-06-05 00:00:00,D005,R002,Support,91851.8,98425.61,55015.87,54784.29,5,Completed
TXN0001764,2026-07-03 00:00:00,D003,R003,Consulting,106853.53,89865.08,70415.88,67181.29,127,Completed
TXN0001765,2025-07-24 00:00:00,D002,R002,Support,98464.84,122367.29,49252.39,54847.94,42,Completed
TXN0001766,2026-02-27 00:00:00,D006,R003,Services,128525.37,134264.11,80187.52,88170.07,95,Completed
TXN0001767,2026-04-27 00:00:00,D008,R004,Support,73819.1,76278.36,44243.19,40605.34,159,Completed
TXN0001768,2025-05-18 00:00:00,D003,R003,Support,83017.86,92489.09,52900.27,62343.76,103,Pending
TXN0001769,2026-10-05 00:00:00,D009,R001,,141591.23,126620.08,87749.62,103042.07,141,Cancelled
TXN0001770,2026-05-13 00:00:00,D004,R001,Subscription,135297.28,114500.52,84458.99,117191.43,139,Cancelled
TXN0001771,2026-01-10 00:00:00,D004,R001,Services,155256.19,181517.11,91427.9,62179.24,5,Completed
TXN0001772,2024-09-30 00:00:00,D001,R001,Consulting,127600.93,137155.48,75638.04,97382.59,33,Completed
TXN0001773,2025-08-26 00:00:00,D006,R003,Services,141476.94,164483.81,68301.53,66864.37,122,Completed
TXN0001774,2025-05-11 00:00:00,D009,R001, consulting ,167662.77,131936.2,59452.25,73576.73,58,Completed
TXN0001775,2024-10-20 00:00:00,D001,R001,Software,181489.13,122037.91,105730.54,78095.85,101,Completed
TXN0001776,2024-08-05 00:00:00,D007,R888,Support,98820.25,,45368.45,41998.73,174,Cancelled
TXN0001777,31-02-2025,D002,R002,Subscription,196056.09,179498.5,103187.86,88003.41,12,Completed
TXN0001778,2024-06-06 00:00:00,D006,R003,Services,128825.58,141789.18,81324.32,86648.29,8,Cancelled
TXN0001779,2026-08-20 00:00:00,D007,R004,Services,111843.36,115408.06,84435.72,96554.38,40,Cancelled
TXN0001780,2025-11-21 00:00:00,D005,R002,Support,107201.43,120697.37,67443.46,72566.53,118,Completed
TXN0001781,2024-03-06 00:00:00,D005,R002,Software,201202.18,199855.36,115102.44,132787.84,159,Completed
TXN0001782,2026-05-17 00:00:00,D009,R001,Consulting,101833.75,121752.55,78759.49,93756.16,179,Pending
TXN0001783,2026-10-24 00:00:00,D009,R001,Hardware,221846.84,227903.53,132915.28,120142.34,83,Completed
TXN0001784,2024-07-07 00:00:00,D007,R004,Hardware,192060.7,177223.05,125371.88,144895.44,138,Pending
TXN0001785,2024-04-24 00:00:00,D003,R003,Consulting,132021.4,129184.16,86436.57,90184.48,61,Pending
TXN0001786,2024-06-07 00:00:00,D003,R003,Subscription,218238.61,185784.07,116368.95,111831.03,124,Pending
TXN0001787,2026-02-18 00:00:00,D006,R003,Consulting,120543.34,123326.72,91815.6,102667.18,47,Completed
TXN0001788,2025-07-06 00:00:00,D006,R003,Services,146404.02,,94479.89,79624.67,32,Completed
TXN0001789,2024-02-27 00:00:00,D002,R002,Hardware,245766.44,305159.18,154881.13,147234.45,66,Completed
TXN0001790,2025-03-09 00:00:00,D003,R003,Software,202307.27,210941.96,105872.67,121708.66,157,Completed
TXN0001791,2024-03-07 00:00:00,D005,R002,Services,141597.26,,75093.89,75644.87,66,Completed
TXN0001792,2024-04-01 00:00:00,D002,R002,Subscription,203641.16,197159.97,82198.47,79972.54,149,Pending
TXN0001793,2024-01-18 00:00:00,D001,R005,Hardware,202346.51,,133313.64,151032.88,96,Completed
TXN0001794,2026-03-11 00:00:00,D007,R004,Hardware,205290.1,217906.0,103797.21,102831.68,96,Completed
TXN0001795,2026-10-28 00:00:00,D002,R002,Support,100727.13,99576.72,41812.01,42350.91,30,Cancelled
TXN0001796,2024-03-17 00:00:00,D003,R006,Consulting,136154.73,133167.82,83835.76,74111.14,79,Completed
TXN0001797,2024-07-10 00:00:00,D003,R003,Software,218788.58,212685.67,96429.66,114495.92,64,Completed
TXN0001798,2026-10-24 00:00:00,D003,R003,Services,163232.8,167841.53,96579.18,94788.83,137,Cancelled
TXN0001799,2026-07-05 00:00:00,D009,R001,Hardware,177481.76,201725.27,155632.98,156024.08,38,Completed
TXN0001800,2024-03-22 00:00:00,D005,R002,Consulting,155622.65,166187.5,76787.86,79851.49,179,Pending
TXN0001801,2024-06-02 00:00:00,D004,R001,Subscription,110906.89,120789.24,88802.88,100174.63,44,Cancelled
TXN0001802,2024-10-19 00:00:00,D008,R004,Software,115950.98,111128.51,101284.21,97867.08,84,Cancelled
TXN0001803,2025-10-04 00:00:00,D002,R002,Consulting,127779.41,131304.7,73364.54,64926.2,48,Completed
TXN0001804,2024-07-01 00:00:00,D003,R006,Hardware,237852.17,257937.3,149864.72,176038.27,23,Completed
TXN0001805,2025-06-08 00:00:00,D008,R004,Consulting,109902.17,115383.42,62674.6,50040.46,118,Completed
TXN0001806,2024-03-22 00:00:00,D002,R002,Consulting,135755.85,178195.37,58494.37,72684.84,98,Completed
TXN0001807,2024-09-21 00:00:00,D007,R004,Subscription,120697.32,140182.2,89244.38,86190.32,117,Completed
TXN0001808,2026-02-04 00:00:00,D009,R001,Hardware,202540.27,154522.18,119098.34,107469.92,26,Pending
TXN0001809,2024-03-28 00:00:00,D009,R001,Support,104867.84,97770.52,52268.51,48935.6,163,Completed
TXN0001810,2024-01-17 00:00:00,D004,R001,Subscription,213241.5,249061.9,71169.95,75360.87,44,Completed
TXN0001811,2026-03-28 00:00:00,D005,R002,Subscription,132107.67,137225.49,70102.52,69507.03,23,Completed
TXN0001812,10-07-2024,D007,,Support,50177.66,45754.28,46369.27,63798.12,94,Pending
TXN0001813,2024-08-11 00:00:00,D008,R004,Consulting,140145.51,135962.11,79709.84,78725.89,26,Completed
TXN0001814,2026-06-06 00:00:00,D002,R002,Consulting,77691.48,80506.04,67809.76,59345.95,56,Pending
TXN0001815,2026-09-22 00:00:00,D006,R006,Subscription,157786.28,162957.08,108914.01,107056.85,59,Pending
TXN0001816,2024-11-14 00:00:00,D002,R002,Software,170889.0,191099.91,112172.18,124057.18,125,Completed
TXN0001817,2026-02-17 00:00:00,D004,R001,Software,261102.77,259089.55,101481.88,105996.29,20,Completed
TXN0001818,2024-04-20 00:00:00,D007,R004,Services,151914.94,141578.08,47974.62,46849.84,59,Completed
TXN0001819,2024-12-26 00:00:00,D007,R004,Support,76141.18,71845.03,52592.08,42248.05,26,Completed
TXN0001820,2025-09-02 00:00:00,D002,R002,Software,212981.81,240501.48,87189.54,81815.02,120,Pending
TXN0001821,2025-01-11 00:00:00,D009,R001,Hardware,228959.03,213713.08,170936.06,148143.17,18,Completed
TXN0001822,2024-12-02 00:00:00,D007,R004,Hardware,221354.51,204324.44,125172.71,128792.28,55,Completed
TXN0001823,2024-11-25 00:00:00,D007,R004,Subscription,128402.26,138106.18,81033.53,84477.58,116,Completed
TXN0001824,2025-02-10 00:00:00,D010,R002,Software,189173.44,200112.66,108203.81,106553.04,24,Cancelled
TXN0001825,2025-10-10 00:00:00,D010,R002,Support,73296.08,79997.94,50484.48,-14185.623135891883,8,Completed
TXN0001826,2025-10-10 00:00:00,D008,R004,Consulting,110124.41,148503.85,73561.05,75489.58,34,Pending
TXN0001827,31-02-2025,D005,R002,Software,134011.95,137522.18,113942.31,143855.74,37,Pending
TXN0001828,2025-01-19 00:00:00,D010,R002,Services,107817.47,139314.49,70268.64,88006.06,112,Cancelled
TXN0001829,2025-12-13 00:00:00,D003,R003,Services,118927.89,117054.11,81384.73,95515.6,58,Completed
TXN0001830,2026-01-15 00:00:00,D010,R002,Hardware,230791.71,247206.46,168906.18,195483.95,9,Completed
TXN0001831,2026-10-19 00:00:00,D005,R002,Software,195847.83,250680.84,110971.0,102919.64,171,Pending
TXN0001832,2026-05-22 00:00:00,D007,R004,Hardware,280038.2,226894.78,110024.77,117860.6,138,Completed
TXN0001833,2026-05-27 00:00:00,D002,R002,Consulting,140062.36,144544.86,74636.54,64812.92,100,Completed
TXN0001834,2026-06-11 00:00:00,D009,R001,Subscription,194197.9,181004.91,97505.71,113680.87,102,Completed
TXN0001835,2024-07-22 00:00:00,D007,R004,Support,110649.38,108731.17,63137.55,53758.66,27,Completed
TXN0001836,2026-04-22 00:00:00,D002,R002,Subscription,187515.19,129290.51,72755.53,79694.37,31,Pending
TXN0001837,2026-06-28 00:00:00,D010,R002,Software,131715.98,159836.2,112576.89,98254.21,133,Cancelled
TXN0001838,2025-03-09 00:00:00,D001,R001,Consulting,91120.67,88727.9,"₹1,25,000",92092.02,62,Pending
TXN0001839,2026-08-19 00:00:00,D009,R001,Services,180871.22,196198.27,77930.26,76392.5,36,Completed
TXN0001840,2026-03-21 00:00:00,D008,R004,Support,80958.24,105527.48,63750.53,65247.5,6,Completed
TXN0001841,2025-06-25 00:00:00,D004,R001,Hardware,221944.15,188030.04,113640.39,146211.55,83,Pending
TXN0001842,2024-02-01 00:00:00,D004,R006,Software,165882.97,195021.27,109421.41,114204.28,11,Completed
TXN0001843,2025-10-12 00:00:00,D006,R003,Subscription,181993.64,181045.02,95770.62,70773.78,90,Completed
TXN0001844,2026-03-12 00:00:00,D010,R002,Services,130751.03,134336.73,79690.44,85616.16,54,Cancelled
TXN0001845,2026-05-28 00:00:00,D007,R004,Subscription,163408.48,190131.72,95638.34,100196.73,37,Pending
TXN0001846,2026-11-25 00:00:00,D003,R003,Hardware,261270.75,333602.8,150412.21,157986.34,45,Pending
TXN0001847,2026-10-29 00:00:00,D004,R001,Services,125215.3,120288.88,74784.13,72695.94,35,Cancelled
TXN0001848,2025-06-16 00:00:00,D007,R004,Support,91670.5,95581.83,52612.59,52541.01,146,Completed
TXN0001849,2024-02-22 00:00:00,D006,R003,Software,241802.7,323098.35,92798.39,102471.21,116,Completed
TXN0001850,2024-06-10 00:00:00,D010,R002,Subscription,166875.65,212610.82,71656.74,77809.54,151,Pending
TXN0001851,2026-07-18 00:00:00,D001,R001,Services,142495.16,127921.4,77895.16,58841.62,167,Completed
TXN0001852,2025-08-31 00:00:00,D003,R003,Services,123525.7,120490.83,97449.48,121010.7,54,Cancelled
TXN0001853,2025-06-17 00:00:00,D004,R001,Consulting,150490.84,178249.5,101054.74,105270.01,173,Completed
TXN0001854,2024-02-17 00:00:00,D005,R002,Services,144593.46,187970.14,67126.89,74105.67,168,Cancelled
TXN0001855,2024/09/08,D002,R002,Subscription,137685.7,138965.91,82330.46,86205.75,32,Completed
TXN0001856,2024-07-09 00:00:00,D005,R002,Services,119293.64,107226.01,107080.0,98132.6,24,Pending
TXN0001857,2026-03-11 00:00:00,D006,R003,Services,123587.56,118672.25,71833.45,87363.31,30,Pending
TXN0001858,2024-06-05 00:00:00,D001,R001,Consulting,142576.45,183203.42,73380.88,59939.22,58,Pending
TXN0001859,2026-07-12 00:00:00,D007,R004,Support,87832.77,94902.1,47428.14,45419.04,46,Completed
TXN0001860,2024-03-05 00:00:00,D005,R005,Support,84148.07,69884.47,56077.92,56148.31,35,Completed
TXN0001861,2024-01-11 00:00:00,D006,R888,Subscription,132786.63,131989.26,99299.49,93736.92,45,Cancelled
TXN0001862,2024-03-01 00:00:00,D005,R002,Services,120488.4,99603.56,81958.13,96208.07,142,Completed
TXN0001863,2025-03-18 00:00:00,D009,R001,Services,164207.45,,95764.37,,98,Completed
TXN0001864,2024-06-19 00:00:00,D004,R005,Services,199197.54,197320.73,97918.49,85708.14,37,Completed
TXN0001865,2025-12-14 00:00:00,D005,R002,Software,140164.36,130637.86,102750.15,113241.24,146,Completed
TXN0001866,2026-06-12 00:00:00,D008,R004,Consulting,149516.66,135204.05,71631.09,86931.34,136,Pending
TXN0001867,2025-07-29 00:00:00,D004,R001,Services,133152.4,108830.47,59571.65,42624.39,105,Completed
TXN0001868,2025-09-30 00:00:00,D010,R002,Subscription,194513.01,176253.85,90206.44,121030.58,47,Completed
TXN0001869,2026-05-17 00:00:00,D008,R004,Consulting,127717.78,127732.41,66879.72,77452.52,157,Completed
TXN0001870,2026-02-23 00:00:00,D006,R888,Subscription,129164.75,101142.16,82401.79,87304.54,114,Completed
TXN0001871,2024-05-11 00:00:00,D010,R002,Support,103849.44,110128.72,55082.68,63315.86,120,Completed
TXN0001872,2026-04-19 00:00:00,D001,R001,Hardware,182204.23,167274.09,156760.44,200877.02,80,Cancelled
TXN0001873,2024-08-22 00:00:00,D009,R001,Software,215849.36,250498.53,87996.2,86025.69,51,Completed
TXN0001874,2025-05-17 00:00:00,D007,R004,Hardware,229939.74,244165.13,149162.41,142355.08,23,Completed
TXN0001875,2024-09-07 00:00:00,D006,R003,Hardware,207395.28,174347.45,132434.4,,7,Completed
TXN0001876,2026-08-11 00:00:00,D001,R001,Services,159493.4,202245.65,70707.2,91151.9,150,Completed
TXN0001877,2025-08-03 00:00:00,D004,R001,Consulting,135252.06,138422.82,66354.43,68179.9,159,Completed
TXN0001878,2025-07-23 00:00:00,D009,,Subscription,144680.37,145254.75,127906.36,121785.49,160,Completed
TXN0001879,2026-06-10 00:00:00,D010,R002,Consulting,109551.4,85735.44,65716.42,67923.84,86,Completed
TXN0001880,2026-10-18 00:00:00,D004,R001,Consulting,152535.36,159202.32,87543.45,110908.88,16,Completed
TXN0001881,2024-12-16 00:00:00,D007,R004,Consulting,133167.4,150660.69,"₹1,25,000",61689.7,158,Completed
TXN0001882,2024-02-13 00:00:00,D010,R002,Subscription,191865.97,212084.75,86459.78,78288.43,77,Completed
TXN0001883,2025-08-05 00:00:00,D010,R002,Consulting,137809.01,153551.7,76871.49,72981.77,38,Pending
TXN0001884,2024-03-21 00:00:00,D001,R001,Subscription,130966.53,124004.02,91223.61,63217.73,91,Completed
TXN0001885,2025-09-08 00:00:00,D002,R002,Consulting,109120.5,115357.02,72831.0,71786.28,75,Completed
TXN0001886,2025-10-03 00:00:00,D006,R003,Subscription,204390.05,204534.05,109209.57,144722.13,131,Cancelled
TXN0001887,2026-07-19 00:00:00,D001,R001,Support,83654.94,73498.83,38433.82,40356.0,131,Completed
TXN0001888,2024-02-29 00:00:00,D006,R003,Software,176917.95,195331.59,85147.47,95003.77,62,Completed
TXN0001889,2026-06-11 00:00:00,D001,R001,Hardware,158217.24,151060.37,194121.92,170466.9,62,Completed
TXN0001890,2024-01-11 00:00:00,D002,R002,Hardware,229047.89,220672.7,143001.04,140319.7,18,Completed
TXN0001891,2024-06-02 00:00:00,D001,R001,Hardware,281013.79,308883.68,132785.61,123091.81,72,Completed
TXN0001892,2025-07-06 00:00:00,D010,R002,Consulting,149693.41,151705.93,61749.28,61074.02,48,Completed
TXN0001893,2025-10-15 00:00:00,D010,R002,Services,141740.95,164986.22,46775.45,48911.92,42,Cancelled
TXN0001894,2024-09-07 00:00:00,D007,R004,Support,83722.64,72353.01,61270.04,56828.0,138,Cancelled
TXN0001895,2026-09-30 00:00:00,D004,R001,Support,106355.29,97477.33,41671.75,50922.45,76,Completed
TXN0001896,2025-08-29 00:00:00,D008,R004,Hardware,202638.28,166139.29,159189.16,158788.83,26,Completed
TXN0001897,2025-02-25 00:00:00,D009,R001,Services,172486.12,138753.28,93927.13,88195.56,24,Completed
TXN0001898,2025-03-18 00:00:00,D008,R005,Support,60060.62,59657.22,50408.45,45312.18,124,Pending
TXN0001899,2025-03-03 00:00:00,D004,R001,Hardware,212617.12,186027.76,133878.99,170208.8,156,Cancelled
TXN0001900,2026-07-18 00:00:00,D009,R001,Hardware,200708.18,191921.61,93551.47,93546.03,172,Completed
TXN0001901,2025-03-24 00:00:00,D009,R001,Services,150047.56,137589.08,79967.69,81208.47,98,Pending
TXN0001902,2025-02-19 00:00:00,D008,R004,Subscription,169678.97,220386.26,97201.62,98441.59,107,Completed
TXN0001903,2025-09-21 00:00:00,D002,R002,Services,147261.38,142469.22,89880.33,99330.25,152,Completed
TXN0001904,2024-08-13 00:00:00,D003,R003,Software,185926.43,194095.84,77374.31,97630.17,66,Completed
TXN0001905,2026-09-02 00:00:00,D008,R004,Software,173412.49,174721.31,129750.78,150508.84,174,Cancelled
TXN0001906,2024-06-21 00:00:00,D008,R004,Software,192106.37,189074.23,105378.67,112618.5,95,Pending
TXN0001907,2026-06-01 00:00:00,D004,R001,Subscription,173168.07,206811.93,109479.73,95314.21,135,Completed
TXN0001908,2024-07-19 00:00:00,D001,R001,Hardware,271474.9,298454.9,128434.23,135469.41,17,Pending
TXN0001909,2026-04-04 00:00:00,D007,R004,Services,131639.17,116666.49,64211.16,63373.18,50,Cancelled
TXN0001910,2026-11-28 00:00:00,D005,R002,Consulting,114641.17,99352.18,75659.89,78809.94,115,Completed
TXN0001911,2025-03-25 00:00:00,D001,R001,Software,154477.79,191787.04,113982.74,149652.27,34,Completed
TXN0001912,2024-05-14 00:00:00,D001,R001,Services,130856.04,148313.99,64226.53,50857.03,141,Completed
TXN0001913,2026-04-08 00:00:00,D005,R002,Subscription,135503.72,182622.36,110945.35,94440.01,105,Pending
TXN0001914,2025-07-03 00:00:00,D002,R002,Support,100898.66,97882.31,44628.56,39812.65,131,Completed
TXN0001915,2025-08-12 00:00:00,D003,R003,Hardware,257605.8,265102.78,105209.83,142079.02,157,Completed
TXN0001916,2026-09-03 00:00:00,D001,R001,Subscription,161894.6,156308.78,81348.05,102439.92,83,Completed
TXN0001917,2024-12-07 00:00:00,D003,R003,Software,132139.87,129508.07,101018.88,116954.16,52,Completed
TXN0001918,2026-08-29 00:00:00,D008,R004,Software,162835.53,161542.19,124165.46,112693.78,114,Completed
TXN0001919,2024-06-06 00:00:00,D001,R001,Hardware,157541.76,168202.32,125275.41,119838.31,48,Completed
TXN0001920,2024-01-03 00:00:00,D010,R002,Consulting,113509.61,116933.19,86600.17,96316.25,130,Completed
TXN0001921,2025-08-18 00:00:00,D008,R004,Software,224646.37,262096.08,147817.23,120908.1,63,Cancelled
TXN0001922,2024-07-11 00:00:00,D009,R001,Services,125932.6,148116.17,93334.42,89065.72,30,Completed
TXN0001923,2025-12-19 00:00:00,D006,R003,Support,90522.69,78457.75,47134.27,50846.81,144,Completed
TXN0001924,2024-01-28 00:00:00,D008,R004,Consulting,92798.26,85605.46,52613.69,53838.18,95,Completed
TXN0001925,2026-09-18 00:00:00,D006,R003,Support,114205.1,114299.37,56772.27,55793.66,33,Completed
TXN0001926,2024-10-29 00:00:00,D009,R001,Software,200702.2,197569.82,97530.61,63718.83,110,Completed
TXN0001927,2025-05-15 00:00:00,D003,R003,Software,105762.11,102031.55,90490.45,86312.4,152,Pending
TXN0001928,2025-01-31 00:00:00,D006,R003,Software,148105.02,117495.45,53106.85,42332.84,101,Completed
TXN0001929,2026-07-09 00:00:00,D005,R002,Support,83318.79,80343.88,42196.95,47663.59,139,Completed
TXN0001930,2025-11-09 00:00:00,D005,R002,Hardware,286455.92,218221.54,143307.11,139512.74,105,Cancelled
TXN0001931,2025-09-25 00:00:00,D007,R004,Hardware,232889.21,227778.69,170510.36,167079.96,53,Completed
TXN0001932,2024-09-08 00:00:00,D010,R002,Hardware,214256.67,205336.58,142176.82,151799.69,115,Pending
TXN0001933,2025-08-13 00:00:00,D010,R002,Hardware,207334.64,193211.42,182141.07,200406.0,33,Completed
TXN0001934,2026-08-13 00:00:00,D008,R004,Services,160027.91,174550.06,112287.16,122487.07,179,Completed
TXN0001935,2024-11-29 00:00:00,D009,R001,Subscription,217430.76,219926.42,93118.39,91525.62,82,Pending
TXN0001936,2026-07-18 00:00:00,D005,,Software,139611.39,123106.11,81293.21,75092.08,15,Completed
TXN0001937,2024-04-18 00:00:00,D005,R002,Software,231203.01,218660.01,126131.59,143048.36,130,Completed
TXN0001938,2024-01-02 00:00:00,D001,R001,Support,85808.02,112905.12,50625.94,52545.37,17,Completed
TXN0001939,2026-10-25 00:00:00,D003,R003,Hardware,144611.13,185486.89,133797.24,160959.11,175,Cancelled
TXN0001940,2025-07-08 00:00:00,D003,R003,Support,80801.51,88999.52,59510.38,75909.65,41,Completed
TXN0001941,2025-08-18 00:00:00,D007,R004,Software,161363.96,180433.57,109790.55,97611.42,61,Completed
TXN0001942,2026-03-02 00:00:00,D008,R004,Services,137475.65,127015.25,87922.99,78059.29,113,Pending
TXN0001943,2025-09-28 00:00:00,D002,R002,Hardware,219833.6,205985.67,184564.41,164574.75,-8,Cancelled
TXN0001944,2024-10-12 00:00:00,D007,R004,Hardware,175836.24,197347.11,138543.2,118465.24,179,Completed
TXN0001945,2025-02-12 00:00:00,D005,R002,Subscription,201352.67,211882.94,94097.76,81959.44,82,Completed
TXN0001946,2026-08-02 00:00:00,D002,R002,Support,78833.72,98930.3,48972.03,62355.75,144,Completed
TXN0001947,2024-07-15 00:00:00,D007,R004,Consulting,96207.92,118999.54,62329.73,73477.56,40,Cancelled
TXN0001948,2026-01-02 00:00:00,D008,R004,Subscription,149020.37,,87016.87,89096.61,124,Completed
TXN0001949,2026-08-02 00:00:00,D007,R004,Consulting,105550.32,82482.94,84424.15,80395.88,12,Cancelled
TXN0001950,2024-06-30 00:00:00,D001,R001,Consulting,132201.31,131453.13,60004.27,64940.5,40,Cancelled
TXN0001951,2026-11-14 00:00:00,D005,R002,Subscription,159643.86,-82610.66774067935,85272.18,116151.98,100,Completed
TXN0001952,2025-08-23 00:00:00,D010,R002,Subscription,165117.7,183336.4,78556.91,70144.98,18,Pending
TXN0001953,2026-08-05 00:00:00,D003,R003,Software,,242878.7,120731.38,148372.6,137,Pending
TXN0001954,2024-08-07 00:00:00,D001,R001,Hardware,246421.87,unknown,167822.68,115695.45,90,Cancelled
TXN0001955,2026-09-13 00:00:00,D002,R002,Subscription,135497.46,149167.62,79505.42,73857.51,89,Completed
TXN0001956,2026-11-12 00:00:00,D002,R002,Support,76427.27,81311.22,47566.61,55742.95,18,Completed
TXN0001957,2026-10-11 00:00:00,D009,R001,Support,89517.18,97506.79,59616.35,50949.26,39,Completed
TXN0001958,2024-01-14 00:00:00,D003,R003,Hardware,193190.36,214015.59,136314.15,95051.64,129,Cancelled
TXN0001959,2024-11-09 00:00:00,D004,R001,Software,130932.98,114447.57,119657.13,118745.03,159,Completed
TXN0001960,2024-07-31 00:00:00,D009,R001,Services,126315.85,153640.71,75521.6,75881.6,126,Completed
TXN0001961,2024-09-06 00:00:00,D009,R001,Software,154070.5,103560.41,109684.47,106233.76,81,Pending
TXN0001962,2025-06-17 00:00:00,D008,R004,Services,180958.32,241103.61,66481.22,75570.35,161,Pending
TXN0001963,2024-02-14 00:00:00,D010,R002,Services,140891.36,123764.16,70220.73,61083.92,52,Completed
TXN0001964,2025-02-14 00:00:00,D004,R001,Support,83406.34,84298.59,71286.87,60377.74,126,Pending
TXN0001965,2026-10-06 00:00:00,D005,R002,Software,202253.21,147902.43,102989.44,121341.2,99,Completed
TXN0001966,2026-08-08 00:00:00,D007,R004,Software,143811.12,150419.07,91559.16,110617.77,111,Pending
TXN0001967,2026-03-08 00:00:00,D003,R006,Software,159104.32,163661.29,123961.42,125996.98,7,Cancelled
TXN0001968,2025-12-27 00:00:00,D005,R006,Software,207338.8,191832.96,115563.15,,40,Pending
TXN0001969,2026-01-02 00:00:00,D008,R004,Services,148810.31,144621.0,,86070.92,133,Cancelled
TXN0001970,2026-12-11 00:00:00,D004,R001,Support,94687.29,102655.41,53502.03,36263.73,104,Cancelled
TXN0001971,2025-12-21 00:00:00,D002,R002,Services,155377.92,165630.09,91456.49,120570.31,172,Cancelled
TXN0001972,2025-07-24 00:00:00,D006,R003,Services,115597.94,152179.27,88376.95,75772.15,173,Completed
TXN0001973,2026-08-24 00:00:00,D007,R006,Consulting,149508.63,147478.48,80645.53,80665.65,160,Completed
TXN0001974,2026-12-12 00:00:00,D010,R002,Subscription,187193.39,191192.22,92810.33,109629.68,71,Completed
TXN0001975,2025-12-13 00:00:00,D006,R003,Subscription,157196.44,140814.81,101214.35,71353.09,154,Cancelled
TXN0001976,2024-11-21 00:00:00,D007,R005,Support,68737.68,50662.04,57124.4,43723.95,64,Completed
TXN0001977,2026-09-02 00:00:00,D002,R002,Support,102816.47,80068.06,52493.8,69194.21,87,Completed
TXN0001978,2026-02-25 00:00:00,D004,R001,Services,167990.98,165377.91,95270.52,107055.63,112,Completed
TXN0001979,2024-03-17 00:00:00,D001,R001,Software,178188.95,162971.72,108616.8,121491.87,23,Pending
TXN0001980,2024-12-22 00:00:00,D006,R003,Software,210508.46,268194.83,111346.72,124760.04,87,Completed
TXN0001981,2025-02-13 00:00:00,D008,R004,Support,68423.01,65696.48,66510.08,71865.05,55,Completed
TXN0001982,2025-04-06 00:00:00,D008,R004,Hardware,224925.29,210144.76,182076.17,192600.39,56,Completed
TXN0001983,2024-06-25 00:00:00,D007,R004,Services,124796.92,127367.25,92800.4,87595.58,154,Completed
TXN0001984,2024-01-11 00:00:00,D002,R002,Services,137131.62,99652.74,90888.43,86545.62,97,Pending
TXN0001985,2025-11-28 00:00:00,D010,R002,Software,163602.71,188112.42,90058.45,92038.71,52,Cancelled
TXN0001986,2026-08-28 00:00:00,D008,R004,Services,176676.11,143829.6,77002.95,75144.65,133,Completed
TXN0001987,2024-10-09 00:00:00,D006,R003,Subscription,201597.09,206886.39,65917.37,83010.66,22,Pending
TXN0001988,2024-06-09 00:00:00,D007,R004,Software,152796.69,191461.88,98101.16,74220.26,37,Cancelled
TXN0001989,2025-04-17 00:00:00,D005,R002,,98422.97,110683.5,68429.01,66066.13,18,Cancelled
TXN0001990,16-08-2025,D009,R001,Services,132491.68,136534.94,91163.82,99334.39,69,Pending
TXN0001991,2024-06-02 00:00:00,D006,R005,Hardware,175841.0,120838.64,146698.69,130225.66,141,Cancelled
TXN0001992,2026-10-21 00:00:00,D004,R001,Subscription,144075.79,110609.14,74762.69,71415.64,84,Pending
TXN0001993,2026-08-22 00:00:00,D010,R005,Subscription,185602.85,179224.0,114919.46,132038.33,72,Completed
TXN0001994,2025-02-14 00:00:00,D001,R001,Hardware,228745.33,237124.38,144006.47,196515.88,90,Completed
TXN0001995,2025-11-06 00:00:00,D003,R003,Support,97954.26,123231.25,57902.44,58100.87,174,Completed
TXN0001996,2024-03-13 00:00:00,D004,R001,Subscription,122355.57,124729.12,92679.39,116914.4,93,Completed
TXN0001997,2024-06-14 00:00:00,D007,R004,Subscription,132184.19,135525.12,93408.73,96123.64,146,Pending
TXN0001998,2024-08-01 00:00:00,D003,R003,Software,173753.08,184414.88,86424.48,83011.77,14,Pending
TXN0001999,2026-06-02 00:00:00,D009,R001,Hardware,215387.06,225005.1,156349.71,208883.31,127,Completed
TXN0002000,2025-02-05 00:00:00,D004,R005,Software,193393.25,212634.61,110961.17,131563.41,141,Cancelled
TXN0002001,2024-02-07 00:00:00,D007,R004,Support,73504.29,unknown,45443.52,45403.12,146,Pending
TXN0002002,2024-09-13 00:00:00,D001,R001,Consulting,133157.22,117707.87,90137.8,91051.42,115,Pending
TXN0002003,2024-08-29 00:00:00,D009,R001,Consulting,112896.26,138680.01,73775.92,57589.47,162,Completed
TXN0002004,2024-04-28 00:00:00,D006,R003,Consulting,95181.17,97423.21,92368.62,107264.96,65,Completed
TXN0002005,2026-04-25 00:00:00,D002,R002,Services,107810.25,70770.41,97388.34,87017.05,142,Cancelled
TXN0002006,2025-05-26 00:00:00,D001,R001,Software,146351.28,151071.27,129585.25,unknown,19,Completed
TXN0002007,2025-08-01 00:00:00,D001,R001,Services,173390.12,186096.47,71776.24,70981.46,16,Completed
TXN0002008,2025-08-21 00:00:00,D006,R003,Services,107983.7,104353.97,"₹1,25,000",87464.77,38,Cancelled
TXN0002009,2024-06-06 00:00:00,D007,R004,Software,141579.6,151960.89,104284.54,124034.28,24,Completed
TXN0002010,2026-01-01 00:00:00,D009,R001,Support,84140.18,86890.24,56572.29,54581.98,61,Pending
TXN0002011,2025-08-22 00:00:00,D005,R002,Subscription,146572.65,174980.09,75003.08,55976.68,172,Completed
TXN0002012,2026-10-28 00:00:00,D009,R001,Hardware,252686.42,204733.83,104951.84,99279.84,31,Completed
TXN0002013,2026-09-22 00:00:00,D006,R003,Support,84393.11,91198.53,62476.87,61134.21,76,Completed
TXN0002014,2025-04-17 00:00:00,D004,R001,Subscription,186116.82,194856.41,69093.58,60634.96,83,Cancelled
TXN0002015,2024-10-17 00:00:00,D004,R001,Support,97290.89,106712.23,49811.7,52123.09,14,Completed
TXN0002016,2024-08-21 00:00:00,D008,R004,Consulting,140198.54,166750.71,83022.61,86787.17,10,Pending
TXN0002017,31-02-2025,D001,R001,Subscription,178486.12,177997.94,84483.43,68363.73,81,Completed
TXN0002018,2026-02-25 00:00:00,D001,R001,Subscription,184777.58,183107.12,50150.51,52691.97,131,Completed
TXN0002019,2025-04-04 00:00:00,D007,R004,Software,189816.29,173952.22,99630.78,115373.82,57,Pending
TXN0002020,2024-04-17 00:00:00,D003,R003,Subscription,122170.4,139114.64,90569.8,108251.56,174,Completed
TXN0002021,2024-02-23 00:00:00,D001,R001,Hardware,205995.36,180332.41,150273.96,172354.67,160,Completed
TXN0002022,2025-03-19 00:00:00,D005,R002,Subscription,166176.54,160801.59,88612.06,77050.81,12,Completed
TXN0002023,2024-04-26 00:00:00,D010,R002,Consulting,153875.48,161584.67,74740.37,75131.89,32,Cancelled
TXN0002024,2025-08-11 00:00:00,D007,R004,Support,45783.65,40129.29,55045.81,52682.74,141,Pending
TXN0002025,2026-11-28 00:00:00,D007,R004,Subscription,158618.01,184208.65,70310.5,76738.38,71,Completed
TXN0002026,2024-09-27 00:00:00,D007,R004,SERVICES,167582.97,-92767.48763833429,101816.26,109570.85,8,Completed
TXN0002027,2025-08-28 00:00:00,D005,R002,Services,157848.31,192105.54,95549.18,68834.07,91,Cancelled
TXN0002028,2025-07-04 00:00:00,D007,R006,Hardware,236875.8,213028.98,122254.99,105632.43,173,Completed
TXN0002029,2025-10-19 00:00:00,D010,R006,Subscription,151123.38,135681.8,85006.8,78389.8,72,Completed
TXN0002030,2024-01-19 00:00:00,D008,R004,Consulting,107330.35,129315.94,99699.39,110260.13,124,Completed
TXN0002031,2025-03-22 00:00:00,D006,R003,Subscription,108983.03,107059.39,72289.68,62005.8,109,Completed
TXN0002032,2025-10-05 00:00:00,D010,R002,Hardware,228684.63,219947.39,145818.85,139716.89,21,Pending
TXN0002033,2025-06-15 00:00:00,D003,R003,Hardware,210215.65,192291.19,118791.71,110191.95,131,Completed
TXN0002034,2024-04-11 00:00:00,D004,R001,Services,118607.6,102336.23,67201.9,67237.75,64,Completed
TXN0002035,2026-06-20 00:00:00,D001,R001,Subscription,157988.27,204660.31,78516.21,92780.16,153,Completed
TXN0002036,2024-05-04 00:00:00,D001,R001,Services,143595.75,186376.53,106810.35,125938.16,71,Completed
TXN0002037,2024-04-01 00:00:00,D001,R001,Hardware,225289.19,228363.59,160675.42,143378.54,158,Completed
TXN0002038,2026-06-27 00:00:00,D006,R003,Subscription,174619.22,176088.49,105845.66,101121.04,33,Cancelled
TXN0002039,2026-01-30 00:00:00,D002,R002,Hardware,353759.62,452123.01,156964.7,110024.86,179,Pending
TXN0002040,2024-10-20 00:00:00,D002,,Hardware,200985.57,162404.43,145699.26,160781.08,11,Completed
TXN0002041,2026-04-15 00:00:00,D010,R002,Hardware,274826.4,304993.67,150847.19,155774.97,171,Completed
TXN0002042,2024-03-04 00:00:00,D008,R004,Hardware,249083.26,319296.36,178000.21,160283.18,46,Completed
TXN0002043,2024-02-22 00:00:00,D001,R001,Services,122844.46,118020.37,88974.81,102652.49,32,Cancelled
TXN0002044,2026-11-06 00:00:00,D004,R001,Subscription,153472.13,154426.53,99347.73,101874.22,153,Completed
TXN0002045,2024-03-07 00:00:00,D004,R001,Subscription,137972.34,119833.05,64137.85,67705.57,173,Completed
TXN0002046,2024-06-09 00:00:00,D007,R004,Support,89864.56,91588.41,63587.36,,24,Completed
TXN0002047,2026-05-06 00:00:00,D010,R002,Subscription,118823.94,114764.32,69539.13,63920.73,142,Completed
TXN0002048,2026-08-25 00:00:00,D009,R001,Subscription,177427.83,191434.58,85963.93,75645.94,173,Cancelled
TXN0002049,2025-02-03 00:00:00,D009,R001,Hardware,186960.21,152971.79,128967.54,134194.81,152,Completed
TXN0002050,2025-04-17 00:00:00,D004,R001,Hardware,213697.68,148239.26,128379.65,141371.05,121,Completed
TXN0002051,2026-04-19 00:00:00,D002,R002,Consulting,133551.52,119014.31,82944.61,77614.0,97,Completed
TXN0002052,2026-01-11 00:00:00,D006,R003,Software,169806.91,172702.74,136931.27,135286.24,172,Pending
TXN0002053,2025-04-15 00:00:00,D010,R002,Consulting,125773.86,89045.43,68190.45,69385.21,150,Completed
TXN0002054,2024-10-09 00:00:00,D009,R001,Consulting,unknown,164146.11,83417.01,94889.83,160,Completed
TXN0002055,2024-06-15 00:00:00,D005,R002,Software,142627.17,142037.67,103487.36,103897.77,109,Pending
TXN0002056,2026-10-09 00:00:00,D009,R001,Subscription,152262.08,141513.26,95006.5,88756.48,166,Completed
TXN0002057,2024-12-07 00:00:00,D003,R003,Software,173935.84,173795.22,132462.25,169060.95,35,Pending
TXN0002058,2026-08-20 00:00:00,D005,R002,Support,81187.47,84660.09,58760.91,59401.92,30,Completed
TXN0002059,2024-12-07 00:00:00,D001,R001,Software,211139.43,181196.63,80553.72,74399.5,23,Completed
TXN0002060,2026-05-14 00:00:00,D009,R001,Consulting,179928.26,187014.74,83411.64,86421.64,95,Completed
TXN0002061,2025-08-23 00:00:00,D007,R004,Services,154828.59,160853.77,90950.08,88651.17,35,Completed
TXN0002062,2024-08-08 00:00:00,D006,R003,Subscription,150618.72,167892.31,91632.02,80187.8,16,Completed
TXN0002063,2026-07-10 00:00:00,D006,R003,Consulting,98839.02,124191.93,74034.41,89468.23,116,Completed
TXN0002064,2025-01-10 00:00:00,D008,R004,Support,108972.13,109026.57,55946.22,55567.21,155,Cancelled
TXN0002065,2026-01-27 00:00:00,D002,R002,Software,167862.22,150706.33,101549.02,68269.45,177,Pending
TXN0002066,2026-11-07 00:00:00,D007,R004,Services,124198.32,154416.49,101422.04,89864.99,155,Completed
TXN0002067,2025-11-29 00:00:00,D002,R002,Consulting,130097.21,127719.79,91782.66,103532.01,17,Cancelled
TXN0002068,2026-11-06 00:00:00,D009,R001,Subscription,153057.38,179803.51,83749.92,100845.83,114,Completed
TXN0002069,2024-10-20 00:00:00,D006,R003,Services,186944.3,193580.34,86695.42,,15,Completed
TXN0002070,2025-10-05 00:00:00,D007,R004,Subscription,189042.38,173662.75,91354.61,95046.36,30,Completed
TXN0002071,2025-07-14 00:00:00,D005,R002,Hardware,207730.14,219313.98,163214.94,170826.94,129,Pending
TXN0002072,2025-06-15 00:00:00,D004,R001,Hardware,171579.09,184426.17,123757.33,111191.6,160,Completed
TXN0002073,2024-07-15 00:00:00,D004,R001,Services,155021.25,160793.23,72078.58,58089.53,57,Cancelled
TXN0002074,2024-03-22 00:00:00,D009,R001,Software,211471.55,215978.27,134553.79,160764.28,143,Cancelled
TXN0002075,2025-02-20 00:00:00,D004,R005,hardware,194599.93,225427.54,170767.72,186824.4,77,Cancelled
TXN0002076,2024-09-15 00:00:00,D007,R004,Subscription,166437.48,174457.06,68630.7,71737.36,121,Completed
TXN0002077,2026-06-29 00:00:00,D002,R002,Software,218102.76,203751.56,129971.93,171201.06,115,Pending
TXN0002078,2025-07-24 00:00:00,D005,R002,Services,150650.24,139556.87,57611.98,56606.58,176,Completed
TXN0002079,2025-03-31 00:00:00,D006,R003,Support,70803.78,71468.95,69123.42,78946.52,24,Completed
TXN0002080,2026-07-17 00:00:00,D003,R003,Hardware,242567.1,238872.45,129315.54,148838.81,166,Cancelled
TXN0002081,2024-03-19 00:00:00,D002,R002,Hardware,196590.59,236780.03,152625.43,130138.31,2500,Completed
TXN0002082,2024-03-13 00:00:00,D009,R001,Subscription,156239.43,183229.89,96643.16,88945.73,167,Completed
TXN0002083,2025-03-26 00:00:00,D004,R001,Consulting,111365.22,105278.5,64535.85,59713.41,177,Completed
TXN0002084,2025-01-18 00:00:00,D005,R002,Consulting,177492.87,195932.79,91758.48,104017.46,132,Completed
TXN0002085,2026-11-23 00:00:00,D003,R003,Software,160877.05,152911.37,107879.25,106168.95,59,Completed
TXN0002086,2024-12-30 00:00:00,D007,R005,Support,81182.75,81440.35,45515.85,38406.57,14,Pending
TXN0002087,2025-04-25 00:00:00,D005,R002,Support,100745.03,130672.96,77901.82,99254.39,168,Completed
TXN0002088,2025-09-06 00:00:00,D008,R004,Services,130748.72,105257.17,85429.61,101314.45,64,Completed
TXN0002089,2026-03-14 00:00:00,D008,R004,Support,93523.07,106952.18,62989.1,59592.7,158,Completed
TXN0002090,2025-03-24 00:00:00,D009,R001,Software,250545.18,200128.13,77880.39,98485.59,33,Completed
TXN0002091,2025-05-21 00:00:00,D007,R004,Hardware,319328.93,340679.29,186919.13,217093.44,174,Pending
TXN0002092,2024-08-20 00:00:00,D002,R002,Hardware,258699.63,184418.9,149168.93,149714.81,93,Pending
TXN0002093,2026-09-28 00:00:00,D003,,Consulting,133262.0,130148.66,75617.31,57524.3,158,Pending
TXN0002094,2025-03-16 00:00:00,D004,R006,Subscription,174684.75,168050.53,100335.44,72007.98,109,Completed
TXN0002095,2025-10-12 00:00:00,D009,R001,Hardware,228233.63,230583.02,167874.0,202790.83,110,Pending
TXN0002096,2024-04-21 00:00:00,D008,R004,Hardware,135888.53,148639.36,128991.71,132839.43,73,Pending
TXN0002097,2025-09-23 00:00:00,D004,R001,Software,151429.08,152159.33,99594.61,111217.48,119,Pending
TXN0002098,2025-02-26 00:00:00,D004,R001,Services,161237.91,170365.65,77673.32,95251.82,165,Completed
TXN0002099,2024-02-10 00:00:00,D010,R002,Services,99343.12,93759.18,85104.36,80681.67,10,Pending
TXN0002100,2025-12-23 00:00:00,D002,R002,Hardware,220661.35,210944.87,136528.92,92744.84,146,Completed
TXN0002101,2025-02-10 00:00:00,D001,R001,Hardware,180770.1,191179.62,138348.06,148205.92,45,Cancelled
TXN0002102,2025-08-17 00:00:00,D007,R004,Services,168069.33,190078.01,46920.49,51974.48,46,Completed
TXN0002103,2025-05-24 00:00:00,D006,R003,Subscription,202736.04,182487.75,83244.52,77142.31,8,Completed
TXN0002104,2024-07-28 00:00:00,D001,R001,Subscription,172349.76,187570.52,69032.93,84967.22,133,Pending
TXN0002105,2024-02-19 00:00:00,D008,R006,Hardware,240338.93,264671.53,162392.99,142333.91,63,Completed
TXN0002106,2026-02-12 00:00:00,D001,R001,Software,244862.29,263769.78,110775.54,120038.01,172,Pending
TXN0002107,2024-06-22 00:00:00,D003,R003,Hardware,234693.73,241327.05,127948.58,102238.77,24,Completed
TXN0002108,2026-04-30 00:00:00,D009,R001,Support,86536.92,84775.95,46170.94,43717.03,10,Completed
TXN0002109,2024-07-14 00:00:00,D009,R001,Services,153338.36,107602.76,103443.05,136284.84,155,Pending
TXN0002110,2025-10-24 00:00:00,D004,R001,Hardware,179208.59,172407.66,201741.85,231341.95,113,Cancelled
TXN0002111,2025-02-19 00:00:00,D001,R888,Consulting,117350.37,,99747.81,115119.77,30,Completed
TXN0002112,2026-05-29 00:00:00,D010,R002,Hardware,219273.81,209414.89,142276.08,,28,Completed
TXN0002113,2025-08-05 00:00:00,D007,R004,Consulting,,98285.34,39106.69,29380.74,141,Cancelled
TXN0002114,2026-03-17 00:00:00,D004,R001,Consulting,139542.2,136545.43,93929.89,86414.01,100,Cancelled
TXN0002115,2024-02-20 00:00:00,D002,R002,Subscription,162736.8,172937.53,114887.94,135065.91,106,Completed
TXN0002116,2024-08-11 00:00:00,D008,R004,Subscription,109954.64,139540.65,91228.95,85664.93,169,Completed
TXN0002117,2024-06-20 00:00:00,D006,R003,Support,90119.08,97610.85,45471.0,45589.18,29,Cancelled
TXN0002118,2025-05-26 00:00:00,D003,R003,Consulting,154315.89,152578.39,67913.21,63994.37,26,Completed
TXN0002119,2026-12-07 00:00:00,D007,R004,Consulting,123203.39,117521.52,68562.88,67895.83,150,Completed
TXN0002120,2026-04-23 00:00:00,D001,R001,Hardware,194021.02,192013.25,170789.85,,84,Completed
TXN0002121,2025-07-03 00:00:00,D003,R006,Software,unknown,275236.41,110330.71,94663.66,58,Cancelled
TXN0002122,2025-04-27 00:00:00,D008,R004,Hardware,146096.66,146092.45,127361.4,133927.51,87,Pending
TXN0002123,2024-06-15 00:00:00,D008,R004,Support,81689.82,61866.24,51097.01,54124.93,31,Pending
TXN0002124,31-02-2025,D002,R002,Software,214777.08,195548.76,125304.48,129696.67,138,Completed
TXN0002125,2024-03-20 00:00:00,D003,R003,Software,200917.38,213840.8,122389.78,143662.4,113,Pending
TXN0002126,2026-09-24 00:00:00,D003,R003,Subscription,144270.42,145769.96,69631.73,76072.24,40,Cancelled
TXN0002127,2024-08-28 00:00:00,D007,R004,Hardware,286558.32,298907.12,144947.89,123977.11,116,Completed
TXN0002128,2026-01-31 00:00:00,D005,R002,Subscription,172475.7,172332.93,66906.3,66804.97,149,Completed
TXN0002129,2025-02-22 00:00:00,D003,R003,Support,120378.65,113512.93,55919.72,57557.65,162,Completed
TXN0002130,05-08-2026,D009,R001,Consulting,126606.97,108982.59,74676.4,81895.53,58,Completed
TXN0002131,2026-08-28 00:00:00,D003,R003,Support,53011.53,60628.16,53121.79,70020.55,10000,Completed
TXN0002132,2024-05-17 00:00:00,D007,R004,Consulting,112313.41,127200.19,47722.89,46854.53,6,Completed
TXN0002133,2026-07-28 00:00:00,D004,R001,Software,193652.07,204026.94,92130.85,91769.51,89,Completed
TXN0002134,2024-11-16 00:00:00,D001,R001,Subscription,158081.89,192518.25,57968.87,65965.82,22,Completed
TXN0002135,2024-01-29 00:00:00,D009,R001,Hardware,236176.02,215567.79,125018.12,120746.96,54,Completed
TXN0002136,2025-09-18 00:00:00,D005,R002,Consulting,131731.99,93189.54,68417.06,72082.22,99,Cancelled
TXN0002137,2025-02-18 00:00:00,D007,R004,Subscription,161167.06,130999.82,100960.91,96368.9,24,Cancelled
TXN0002138,2025-07-27 00:00:00,D003,R003,Services,130930.24,128760.3,112623.76,98268.52,50,Completed
TXN0002139,2026-02-23 00:00:00,D010,R002,Subscription,150460.31,163536.46,94021.06,87666.3,89,Cancelled
TXN0002140,2026-08-27 00:00:00,D010,R002,Support,53240.95,58391.13,46401.77,41497.03,58,Completed
TXN0002141,2024-07-06 00:00:00,D001,R001,Services,122620.68,112055.08,84276.31,86050.15,162,Completed
TXN0002142,2025-10-24 00:00:00,D003,R003,Software,144238.22,170009.54,114568.88,129565.79,24,Completed
TXN0002143,2026-05-21 00:00:00,D003,R003,Consulting,141077.37,113199.06,79758.1,83970.62,175,Pending
TXN0002144,2025-05-08 00:00:00,D006,R003,Software,259051.93,234787.06,115301.87,122575.92,148,Pending
TXN0002145,2026-08-29 00:00:00,D007,R004,Support,83532.04,75496.14,62980.46,82449.2,95,Completed
TXN0002146,2025-03-14 00:00:00,D009,R001,Software,205652.55,213375.7,99934.51,137213.89,47,Completed
TXN0002147,2026-06-23 00:00:00,D003,R003,Subscription,188356.28,246134.6,101385.68,90873.87,130,Completed
TXN0002148,2025-12-14 00:00:00,D002,R002,Consulting,170399.96,152643.16,76533.92,76710.13,50,Completed
TXN0002149,2025-12-09 00:00:00,D006,,Support,110639.83,107647.19,32537.65,30806.81,113,Completed
TXN0002150,2026-02-22 00:00:00,D010,R002,Services,174898.75,156241.26,90394.14,83171.12,100,Completed
TXN0002151,2026-12-13 00:00:00,D001,R001,Hardware,220706.16,213445.3,145871.55,143223.6,54,Completed
TXN0002152,2026-01-25 00:00:00,D010,R002,Software,182523.5,134189.32,137176.03,132121.54,69,Cancelled
TXN0002153,2025-07-17 00:00:00,D001,R001,Software,188509.6,234337.3,84479.71,70768.6,169,Pending
TXN0002154,2024-04-27 00:00:00,D007,R006,Hardware,193731.8,224582.21,113096.53,121878.36,151,Completed
TXN0002155,2026-07-19 00:00:00,D008,R004,Support,95778.02,86693.57,74685.35,65061.05,130,Completed
TXN0002156,2024-07-31 00:00:00,D008,R004,Support,100412.02,92657.57,61341.63,55937.01,14,Completed
TXN0002157,2024-11-09 00:00:00,D001,R001,Support,131246.08,149051.92,70068.28,58467.66,50,Completed
TXN0002158,2024-04-24 00:00:00,D002,R002,Software,166840.69,195116.5,93333.1,102135.82,118,Completed
TXN0002159,2025-07-22 00:00:00,D006,R003,Subscription,157902.71,136999.04,102067.4,93261.72,54,Cancelled
TXN0002160,2025-10-10 00:00:00,D001,R001,Support,84689.72,110600.43,54633.39,57287.17,48,Cancelled
TXN0002161,2026-04-05 00:00:00,D006,R003,Support,84037.46,94315.57,51413.21,52247.85,111,Completed
TXN0002162,2024-10-29 00:00:00,D002,R002,Subscription,160547.17,151787.78,82493.93,95633.83,73,Completed
TXN0002163,2025-02-10 00:00:00,D003,R003,Hardware,196385.54,234345.47,157264.33,167976.93,134,Pending
TXN0002164,2025-09-29 00:00:00,D003,R003,Software,143466.05,155179.26,153095.13,144867.0,75,Cancelled
TXN0002165,2024-06-25 00:00:00,D006,R003,Consulting,122203.23,94514.24,75042.36,76626.02,149,Pending
TXN0002166,2025-01-08 00:00:00,D002,R002,Software,171512.98,173866.74,68885.17,71883.24,27,Completed
TXN0002167,2024-12-12 00:00:00,D006,R003,Software,176824.77,181541.33,124253.57,144338.73,7,Completed
TXN0002168,2025-05-20 00:00:00,D006,R003,Support,106484.01,116770.18,50926.34,52020.33,83,Completed
TXN0002169,2025-08-10 00:00:00,D003,R003,Consulting,121212.4,128423.76,78911.92,78196.82,50,Completed
TXN0002170,2025-04-07 00:00:00,D003,R003,Consulting,112017.4,122105.59,59865.17,53173.19,53,Completed
TXN0002171,2025-06-15 00:00:00,D004,R001,Hardware,233730.27,172652.78,137180.99,143037.8,117,Completed
TXN0002172,31-02-2025,D002,R002,Subscription,180297.94,149726.01,101657.4,111494.66,94,Cancelled
TXN0002173,2024-12-15 00:00:00,D008,R004,Support,73076.4,99572.92,59002.91,59420.13,14,Cancelled
TXN0002174,2025-03-07 00:00:00,,R004,Subscription,196255.92,136138.08,91363.41,89327.83,116,Completed
TXN0002175,2026-10-28 00:00:00,D005,R002,Support,76963.02,73651.39,68713.0,50618.48,146,Completed
TXN0002176,2025-06-12 00:00:00,D002,R002,Services,171145.77,157413.48,57527.23,59343.79,60,Pending
TXN0002177,2025-01-16 00:00:00,D005,R005,Subscription,179058.01,183596.35,93285.9,107862.79,126,Completed
TXN0002178,2026-02-12 00:00:00,D008,R004,Hardware,155242.51,177209.95,123688.1,95506.73,173,Cancelled
TXN0002179,2026-01-04 00:00:00,D001,R001, software ,195024.63,207526.91,89451.99,86222.71,7,Completed
TXN0002180,2024-07-24 00:00:00,D007,R004,Hardware,239472.89,272499.6,162710.72,163628.61,52,Completed
TXN0002181,2025-01-16 00:00:00,D005,R002,Subscription,164887.16,157747.37,96940.34,94715.7,10,Pending
TXN0002182,2026-06-09 00:00:00,D010,R002,Subscription,168209.0,167341.15,85587.91,101255.67,107,Pending
TXN0002183,31-02-2025,D004,R001,Hardware,266449.52,257271.75,132848.78,141631.73,128,Pending
TXN0002184,2024-08-08 00:00:00,D005,R005,Subscription,148969.62,184846.92,96250.59,97889.79,112,Pending
TXN0002185,2024-02-28 00:00:00,D005,R002,Consulting,98987.13,103163.4,62517.42,67774.25,46,Cancelled
TXN0002186,2026-12-09 00:00:00,D003,R003,Subscription,190912.2,161510.92,101731.46,98750.6,55,Cancelled
TXN0002187,2024-04-20 00:00:00,D003,R003,Hardware,266652.26,246253.52,118919.35,128970.51,28,Completed
TXN0002188,2026-03-21 00:00:00,D003,R003,Consulting,110161.35,127862.14,78073.09,76683.42,47,Pending
TXN0002189,2024-12-18 00:00:00,D001,R001,Services,179270.42,178845.39,94007.36,82999.57,82,Completed
TXN0002190,2026-06-13 00:00:00,D002,R002,Services,203617.63,192796.35,90043.59,87121.4,28,Completed
TXN0002191,2024-01-11 00:00:00,D003,R003,Hardware,141302.51,149785.41,124779.1,124040.7,127,Completed
TXN0002192,2026-03-18 00:00:00,D006,R003,Subscription,156988.92,183823.79,69922.11,57263.93,59,Pending
TXN0002193,2025-05-12 00:00:00,D007,R004,Support,96629.24,98260.19,51251.86,52587.69,29,Pending
TXN0002194,2026-03-29 00:00:00,D003,R003,Services,146573.83,151680.81,95878.47,110851.58,88,Completed
TXN0002195,2024-05-26 00:00:00,D007,R004,Subscription,135566.72,135318.44,90250.98,96496.95,93,Pending
TXN0002196,2026-01-25 00:00:00,D010,R005,Services,177327.16,195237.46,95320.33,105920.95,97,Completed
TXN0002197,2026-03-26 00:00:00,D009,R001,Subscription,120085.31,127897.89,89908.79,86550.55,24,Completed
TXN0002198,2025-03-08 00:00:00,D003,R003,Software,167987.03,138123.92,108726.68,125595.25,82,Pending
TXN0002199,2025-01-03 00:00:00,D002,R002,Support,99043.36,102800.89,53480.89,64440.27,113,Completed
TXN0002200,2026-09-11 00:00:00,D005,R002,Support,67996.24,69110.64,54188.94,63512.63,13,Completed
TXN0002201,2026-11-25 00:00:00,D007,R004,Consulting,105638.21,98131.71,75118.67,71296.45,32,Pending
TXN0002202,2024-07-26 00:00:00,D002,R002,Support,106279.87,108616.61,51543.35,47383.27,172,Pending
TXN0002203,2026-11-04 00:00:00,D001,R001,Services,179369.08,149618.74,125055.35,130402.99,103,Pending
TXN0002204,2026-04-02 00:00:00,D001,R001,Support,105000.65,98938.24,43584.95,44204.34,113,Completed
TXN0002205,2024-08-25 00:00:00,D005,R002,Support,103220.51,102403.32,65351.83,63848.25,159,Pending
TXN0002206,2025-11-17 00:00:00,D009,R001,Consulting,150021.05,164989.6,69293.57,80132.1,141,Completed
TXN0002207,2026-12-24 00:00:00,D002,R002,Consulting,111393.83,92377.31,83655.43,82498.95,103,Completed
TXN0002208,2026-11-20 00:00:00,D003,R006,Services,135945.2,155129.79,68837.97,73191.63,162,Pending
TXN0002209,2024-09-05 00:00:00,D007,R006,Software,188855.28,193579.32,88803.8,96628.53,130,Pending
TXN0002210,2026-05-21 00:00:00,D006,R006,Hardware,214472.03,194390.27,159077.64,163478.73,91,Completed
TXN0002211,2025-08-23 00:00:00,D001,R001,Services,128364.02,111566.53,67265.56,53877.98,96,Pending
TXN0002212,2024-03-13 00:00:00,D001,R001,Hardware,258728.92,205306.15,174476.28,174722.33,157,Completed
TXN0002213,2026-03-22 00:00:00,D006,R003,Subscription,166539.42,171164.37,88888.01,99769.94,68,Completed
TXN0002214,2024-10-23 00:00:00,D002,R002,Services,157186.23,175773.45,99167.57,105625.47,167,Pending
TXN0002215,2026-07-27 00:00:00,D007,R004,Hardware,186792.21,230885.53,114608.29,114737.32,163,Completed
TXN0002216,2024-06-05 00:00:00,D009,R001,Software,217866.62,236293.53,105682.59,119715.85,88,Completed
TXN0002217,2024-07-26 00:00:00,D001,R001,Support,105385.15,116885.46,57415.32,45179.21,102,Cancelled
TXN0002218,2025-09-10 00:00:00,D002,R002,Support,84074.35,90941.81,54370.05,49321.15,113,Pending
TXN0002219,2025-06-10 00:00:00,D001,R001,Support,51834.11,61370.47,43434.29,43603.72,172,Completed
TXN0002220,2025-06-18 00:00:00,D007,R004,Services,130337.87,89764.62,80544.19,81545.16,82,Cancelled
TXN0002221,2024-04-10 00:00:00,D009,R001,Services,116803.68,113126.1,96560.49,120919.8,100,Cancelled
TXN0002222,2025-07-16 00:00:00,D008,R004,Consulting,110427.81,115049.6,71987.12,72271.72,52,Completed
TXN0002223,2026-03-27 00:00:00,D009,R001,Subscription,145709.27,164308.52,90675.88,83281.37,51,Completed
TXN0002224,2026-04-28 00:00:00,D005,R005,Software,196873.74,231804.35,101325.23,109101.75,173,Completed
TXN0002225,2025-10-13 00:00:00,D005,R002,Subscription,152732.22,180380.75,98405.44,73263.5,29,Completed
TXN0002226,2024-05-10 00:00:00,D004,R006,Services,147429.73,130905.16,82338.14,86664.95,161,Completed
TXN0002227,2026-05-11 00:00:00,D010,R002,Subscription,164988.09,189241.68,63711.14,75444.78,167,Cancelled
TXN0002228,2024-01-26 00:00:00,D006,R003,Consulting,109633.96,107990.34,71609.18,47281.91,92,Completed
TXN0002229,2024-11-06 00:00:00,D006,R003,Consulting,112702.66,126142.19,74812.93,76196.43,123,Pending
TXN0002230,2026-03-09 00:00:00,D004,R001,Services,122465.6,150828.97,82833.13,72330.71,70,Pending
TXN0002231,2024-06-09 00:00:00,D001,R001,Subscription,121767.78,127792.46,82783.05,97660.8,166,Pending
TXN0002232,2025-03-01 00:00:00,D009,R001,Software,106349.22,91819.65,111827.39,-52824.55097678515,140,Completed
TXN0002233,2026-07-13 00:00:00,D005,R002,Hardware,282959.87,338710.04,128292.43,133814.44,177,Pending
TXN0002234,2024-12-07 00:00:00,D001,R001,Subscription,144464.42,126678.94,92492.17,65981.74,164,Completed
TXN0002235,2025-08-04 00:00:00,D010,R002,Software,149062.24,162628.24,82882.66,99118.38,147,Pending
TXN0002236,2024-09-26 00:00:00,D004,R001,Subscription,150766.02,149233.5,81251.7,70518.22,101,Cancelled
TXN0002237,2025-03-08 00:00:00,D002,R002,Services,174002.96,169652.54,105917.02,102954.63,33,Cancelled
TXN0002238,2026-04-01 00:00:00,D005,R002,Services,147793.82,190466.66,82107.01,88500.46,145,Pending
TXN0002239,2025-07-25 00:00:00,D006,R003,Consulting,131627.98,116828.14,68134.47,72736.47,86,Completed
TXN0002240,2025-10-12 00:00:00,D002,R002,Support,77169.54,76465.41,44498.27,,133,Cancelled
TXN0002241,2026-10-10 00:00:00,D009,R001,Consulting,137355.35,130740.62,69555.29,67227.41,123,Completed
TXN0002242,2026-03-30 00:00:00,D008,R004,Services,94812.53,unknown,84342.85,,78,Completed
TXN0002243,2024-12-18 00:00:00,D009,R001,Consulting,130809.56,158062.08,72489.92,73373.35,179,Completed
TXN0002244,2026-05-06 00:00:00,D007,R004,Consulting,158266.56,169518.01,63273.11,86438.79,110,Completed
TXN0002245,2026-10-27 00:00:00,D001,R001,Services,134436.11,133109.74,79485.15,83003.14,25,Cancelled
TXN0002246,2025-10-27 00:00:00,D010,R002, software ,,152291.11,128604.24,119126.92,161,Completed
TXN0002247,2024-07-05 00:00:00,D003,R003,Consulting,124762.48,163198.95,87383.63,100866.48,99,Completed
TXN0002248,2026-03-08 00:00:00,D010,R002,Support,72349.88,62636.24,42375.69,46135.36,146,Cancelled
TXN0002249,2026-07-26 00:00:00,D004,R001,Services,135347.8,120272.58,69255.1,69387.85,99,Completed
TXN0002250,2025-02-13 00:00:00,D003,R003,Support,87756.28,57692.31,65297.69,65206.41,87,Completed
TXN0002251,2026-08-02 00:00:00,D005,R005,Services,120333.8,136400.25,86598.24,115427.51,122,Completed
TXN0002252,2024-12-28 00:00:00,D010,R002,Services,136037.64,149175.2,84198.6,88107.27,123,Cancelled
TXN0002253,2024-11-22 00:00:00,D002,R002,Hardware,220126.64,213331.73,132823.26,120674.01,67,Pending
TXN0002254,2026-04-12 00:00:00,,R005,Support,72646.64,72647.79,66732.25,85525.91,138,Pending
TXN0002255,2024-09-04 00:00:00,D007,R006,Hardware,230695.34,218428.04,170243.75,,160,Cancelled
TXN0002256,2024-05-02 00:00:00,D001,R001,Support,71852.78,64939.3,48546.16,46988.83,79,Pending
TXN0002257,2026-11-13 00:00:00,D001,R001,Support,79457.14,100881.52,48328.16,55946.3,166,Pending
TXN0002258,2024-10-25 00:00:00,D007,R004,Software,169751.99,159942.67,130392.54,139576.56,72,Cancelled
TXN0002259,2026-04-25 00:00:00,D002,R002,Hardware,202784.5,146075.82,110311.42,126813.42,173,Completed
TXN0002260,2025-03-06 00:00:00,D003,R003,Consulting,99762.96,69743.0,58353.17,56932.54,72,Completed
TXN0002261,2026-07-27 00:00:00,D006,R003,Software,144270.05,120690.24,102347.16,115619.38,130,Completed
TXN0002262,2026-06-29 00:00:00,D005,R002,Support,72663.43,69582.8,57350.8,57771.53,89,Pending
TXN0002263,2024-03-14 00:00:00,D005,R002,Subscription,204904.45,254300.78,89297.62,74470.76,40,Completed
TXN0002264,2026-01-29 00:00:00,D009,R001,Services,148772.0,153782.55,79678.32,78288.63,149,Completed
TXN0002265,2024-11-20 00:00:00,D005,R002,Support,113001.48,115594.76,57380.52,59327.88,150,Completed
TXN0002266,2025-08-26 00:00:00,D008,R004,Support,76669.54,76741.59,81131.68,86846.29,44,Completed
TXN0002267,2025-06-10 00:00:00,D003,R003,Consulting,142632.36,140798.77,81378.81,92531.16,168,Completed
TXN0002268,2025-09-12 00:00:00,D001,R001,Subscription,184721.15,199302.59,95258.61,101137.79,42,Cancelled
TXN0002269,2026-11-07 00:00:00,D001,R001,,93540.82,99424.74,69685.51,69367.58,137,Pending
TXN0002270,2025-12-05 00:00:00,D008,R004,Services,182233.15,190459.67,92626.35,106423.44,169,Completed
TXN0002271,2026-12-07 00:00:00,D010,R002,Hardware,191665.69,190594.41,143966.05,139136.75,100,Pending
TXN0002272,2026-09-14 00:00:00,D008,R004,Subscription,166329.03,225248.49,69356.68,unknown,49,Pending
TXN0002273,2025-04-05 00:00:00,D007,R005,Hardware,214224.56,255474.31,122602.81,133688.69,84,Completed
TXN0002274,2024-09-01 00:00:00,D004,R001,Subscription,175736.29,174226.71,84836.99,86915.91,171,Completed
TXN0002275,2024-01-25 00:00:00,D006,R003,Subscription,168910.44,157421.62,113217.29,135187.95,139,Completed
TXN0002276,2026-03-27 00:00:00,D004,R001,Software,224044.08,297642.95,85954.68,77321.43,165,Completed
TXN0002277,2026-12-31 00:00:00,D006,R003,Hardware,226363.15,244109.24,182462.97,213407.5,142,Completed
TXN0002278,2025-05-22 00:00:00,D001,R001,Subscription,148478.35,146131.89,89206.54,76214.66,67,Completed
TXN0002279,2025-05-16 00:00:00,D003,R003,Support,92215.29,77424.59,52148.97,47536.88,63,Pending
TXN0002280,2025-07-22 00:00:00,D003,R006,Subscription,156735.38,134050.98,91894.34,82150.34,28,Completed
TXN0002281,2026-12-06 00:00:00,D002,,Services,156319.67,168379.47,91712.11,105999.63,82,Completed
TXN0002282,2026-09-04 00:00:00,D004,R001,Subscription,179801.46,174842.76,67287.89,65437.49,123,Completed
TXN0002283,2025-10-15 00:00:00,D009,R001,Software,217981.71,228518.15,108358.61,78153.94,167,Completed
TXN0002284,2024-06-19 00:00:00,D004,R001,Consulting,109623.93,102691.48,89481.48,101311.22,126,Completed
TXN0002285,2026-09-24 00:00:00,D002,R002,Services,135363.49,138223.27,91875.33,93230.11,81,Cancelled
TXN0002286,2026-06-25 00:00:00,D001,R001,Software,159860.35,,86535.38,94685.89,169,Completed
TXN0002287,2026-07-23 00:00:00,D010,R002,Subscription,156415.65,165073.66,102487.06,128022.6,5,Completed
TXN0002288,2024-12-27 00:00:00,D007,R004,Consulting,168607.14,209017.02,64550.95,56157.74,89,Cancelled
TXN0002289,2025-09-05 00:00:00,D008,R004,Support,74424.16,88520.81,54544.93,56599.78,72,Cancelled
TXN0002290,2026-10-27 00:00:00,D004,R001,Support,90803.39,91005.31,58589.34,61906.31,84,Pending
TXN0002291,2026-09-25 00:00:00,D002,R002,Services,129806.22,132156.65,82485.7,75784.67,6,Completed
TXN0002292,2025-01-01 00:00:00,D009,R001,Services,100960.1,102677.6,105457.3,121225.08,21,Pending
TXN0002293,2025-12-02 00:00:00,D005,R002,Consulting,169383.05,131728.9,66317.11,76295.55,168,Cancelled
TXN0002294,2025-04-19 00:00:00,D003,R003,,141717.24,150441.78,113874.27,129199.5,59,Completed
TXN0002295,2026-08-24 00:00:00,D009,R001,Subscription,172152.7,179577.23,78123.83,94744.74,31,Completed
TXN0002296,2024-11-12 00:00:00,D010,R002,Support,80494.73,103085.04,55675.25,58877.48,87,Completed
TXN0002297,2024-11-19 00:00:00,D004,R001,Services,133866.16,145825.16,86567.26,102010.79,161,Completed
TXN0002298,2026-05-03 00:00:00,D006,R003,Consulting,121539.3,114916.86,79876.94,78014.47,73,Completed
TXN0002299,2026-01-29 00:00:00,D005,R002,Hardware,265179.48,240719.65,113358.26,124512.63,42,Completed
TXN0002300,2025-10-07 00:00:00,D006,R003,Support,93208.52,72915.86,37097.67,50372.71,120,Completed
TXN0002301,2024-01-12 00:00:00,D007,R004, consulting ,135101.21,119196.23,97257.33,125394.1,108,Completed
TXN0002302,2026-07-24 00:00:00,D007,R004,Services,203081.59,190443.93,85332.92,89090.13,75,Completed
TXN0002303,2025-06-08 00:00:00,D004,R001,Support,115835.14,119327.98,46063.53,29304.52,80,Completed
TXN0002304,2025-10-29 00:00:00,D001,R001,Consulting,120266.95,96676.85,72095.67,94401.43,147,Cancelled
TXN0002305,2026-10-27 00:00:00,D004,R001,Subscription,unknown,261044.33,85635.46,87705.31,117,Completed
TXN0002306,2026-09-09 00:00:00,D002,R005,Hardware,223816.53,249843.51,157702.92,150356.74,156,Pending
TXN0002307,2026-09-24 00:00:00,D001,R001,Consulting,129357.58,149577.49,83810.1,69290.42,68,Completed
TXN0002308,2024-07-26 00:00:00,D010,R002,Software,194876.83,193715.57,90637.49,110271.14,19,Completed
TXN0002309,2025-08-05 00:00:00,D005,R002,Consulting,136168.59,169221.21,62873.6,64195.4,33,Pending
TXN0002310,2025-10-26 00:00:00,D003,R003,Software,192786.47,179390.95,116306.08,113179.77,110,Completed
TXN0002311,2025-02-13 00:00:00,D003,R003,Subscription,222127.82,212059.25,90527.09,91021.14,148,Completed
TXN0002312,31-02-2025,D008,R004,Subscription,194246.94,186765.46,115287.86,94931.42,147,Cancelled
TXN0002313,2024-05-19 00:00:00,D005,R002,Services,158103.97,113893.59,88033.08,81512.22,85,Completed
TXN0002314,2025-01-12 00:00:00,D008,R004,Services,181326.91,165753.81,78154.35,83052.74,87,Pending
TXN0002315,2025-02-11 00:00:00,D004,R001,Hardware,232952.18,216052.88,148587.85,156677.03,178,Completed
TXN0002316,2024-10-14 00:00:00,D005,R002,Software,187506.19,171563.46,111273.28,112644.96,35,Pending
TXN0002317,2024-04-08 00:00:00,D007,R004,Consulting,143622.29,138488.74,86257.57,91088.51,140,Completed
TXN0002318,2026-06-14 00:00:00,D009,R001,Subscription,163902.92,120371.17,86792.43,112872.1,13,Cancelled
TXN0002319,2025-08-01 00:00:00,D006,R003,Consulting,127717.34,121064.09,68228.97,76119.47,152,Completed
TXN0002320,2024-07-07 00:00:00,D002,R002,Subscription,149964.17,99982.76,104313.64,105055.1,147,Completed
TXN0002321,2024-06-28 00:00:00,D009,R001,Subscription,141223.78,139276.38,88559.6,95473.3,151,Pending
TXN0002322,2024-05-29 00:00:00,,R002,Services,138379.38,139305.53,68506.73,86655.82,180,Pending
TXN0002323,2024-11-07 00:00:00,D005,R002,Support,118210.42,136292.68,80014.82,77843.22,171,Completed
TXN0002324,2025-11-26 00:00:00,D002,R002,Subscription,136036.37,140872.64,74376.46,56169.43,121,Cancelled
TXN0002325,2025-08-24 00:00:00,D007,R004,Consulting,135009.31,117441.0,75534.74,99329.46,6,Cancelled
TXN0002326,2026-05-24 00:00:00,D007,R005,Hardware,161444.53,179329.85,93271.5,103636.6,43,Completed
TXN0002327,2026-12-26 00:00:00,D004,R001,Hardware,257349.1,265843.43,144794.19,156215.64,122,Completed
TXN0002328,2024-11-08 00:00:00,D010,R002,Support,57304.61,70236.27,66639.04,72776.53,53,Completed
TXN0002329,2024-02-23 00:00:00,D004,R001,Software,141578.38,144532.4,124644.82,131895.79,141,Cancelled
TXN0002330,2025-12-14 00:00:00,D001,R001,Subscription,178832.11,185391.38,68009.46,-64788.43929847871,22,Completed
TXN0002331,2025-03-03 00:00:00,D006,R003,Support,79972.38,83898.08,61941.04,67337.04,56,Completed
TXN0002332,2025-04-22 00:00:00,D003,R003,Hardware,182857.05,187072.27,182088.62,173496.17,60,Completed
TXN0002333,2024-09-09 00:00:00,D001,R001,Consulting,130935.93,149434.51,78931.49,78056.74,101,Completed
TXN0002334,2025-03-03 00:00:00,D008,R004,Support,108572.84,101776.27,61958.04,63123.24,102,Completed
TXN0002335,2025-02-25 00:00:00,D008,R004,Services,107708.34,118732.24,84024.79,75875.37,102,Cancelled
TXN0002336,2026-11-03 00:00:00,D002,R002,Services,119126.78,135638.98,65146.9,55324.09,153,Cancelled
TXN0002337,2024-09-03 00:00:00,D002,R002,Services,172764.45,172327.04,53653.94,59909.0,130,Cancelled
TXN0002338,2026-04-30 00:00:00,D006,R003,Hardware,281098.37,345629.09,116441.3,116927.95,53,Completed
TXN0002339,2026-09-05 00:00:00,D002,R002,Hardware,214132.13,219848.45,124429.37,107510.08,70,Cancelled
TXN0002340,2024-01-15 00:00:00,D002,R002,Software,214941.01,223100.17,92439.46,84822.66,102,Pending
TXN0002341,2025-12-27 00:00:00,D007,R004,Software,unknown,112526.6,128921.82,117908.15,97,Completed
TXN0002342,2025-09-07 00:00:00,D002,R002,Support,87091.62,103054.22,75627.67,79328.87,63,Completed
TXN0002343,2025-07-16 00:00:00,D007,R004,Software,160982.14,149301.21,115842.57,138658.25,170,Completed
TXN0002344,2024-12-29 00:00:00,D001,R001,Services,192162.68,196093.22,96619.42,106001.36,149,Completed
TXN0002345,2026-08-20 00:00:00,D003,R003,Services,117412.4,109902.07,78395.97,87510.91,14,Completed
TXN0002346,2025-08-23 00:00:00,D010,R002,Support,109387.56,79774.06,,61102.18,100,Cancelled
TXN0002347,2024-12-19 00:00:00,D007,R004,Consulting,130367.74,162380.99,102350.22,90008.37,49,Cancelled
TXN0002348,2025-01-06 00:00:00,D003,R003,Support,83956.45,76688.83,45450.75,60004.11,98,Completed
TXN0002349,2026-04-06 00:00:00,D003,R005,Hardware,240759.52,277455.07,195354.49,214854.94,165,Completed
TXN0002350,2024-02-22 00:00:00,D005,R002,Software,257709.76,322721.34,119347.1,114545.41,89,Completed
TXN0002351,2024-04-05 00:00:00,D008,R005,Consulting,131343.52,111193.81,81551.02,107415.32,143,Pending
TXN0002352,2024-11-19 00:00:00,D010,,Services,140176.02,,76347.7,81983.08,30,Completed
TXN0002353,2026-05-09 00:00:00,D006,R003,Software,213357.97,195387.27,103469.27,99543.06,21,Completed
TXN0002354,2026-06-20 00:00:00,D008,R004,Consulting,152186.18,159060.48,70220.07,69282.39,39,Cancelled
TXN0002355,2025-06-10 00:00:00,D001,R001,Consulting,135154.76,151055.97,62177.81,69439.65,37,Completed
TXN0002356,2024-07-16 00:00:00,D009,R001,Subscription,162854.82,150535.79,90566.72,89959.79,127,Pending
TXN0002357,2026-11-20 00:00:00,D010,R002,Services,149030.02,126738.73,56050.37,43139.33,38,Completed
TXN0002358,2024-07-13 00:00:00,D004,R001,Support,81141.22,71110.84,46306.85,60919.68,108,Completed
TXN0002359,2025-05-28 00:00:00,D010,R002,Services,161976.67,171745.85,82739.11,86667.42,52,Completed
TXN0002360,2026-11-30 00:00:00,D006,R003,Consulting,87773.52,76140.54,81871.44,85889.93,137,Cancelled
TXN0002361,2025-11-02 00:00:00,D005,R002,Services,148813.64,177033.17,51398.98,,113,Completed
TXN0002362,2026-02-27 00:00:00,D003,R003,Software,136851.38,160532.35,126562.77,124024.85,166,Completed
TXN0002363,2024-10-19 00:00:00,D004,R001,Software,175051.55,165438.77,118495.74,115490.08,167,Completed
TXN0002364,2024-01-24 00:00:00,D004,R001,Hardware,221329.28,229332.12,170273.61,125095.29,151,Pending
TXN0002365,2026-04-10 00:00:00,D008,R004,Services,148815.66,141346.38,97250.54,86438.0,120,Completed
TXN0002366,2026-06-19 00:00:00,D008,R004,Subscription,133900.92,133837.62,108814.38,113426.93,35,Completed
TXN0002367,2025/01/16,D009,R001,hardware,158833.85,115991.86,171732.22,171962.59,70,Completed
TXN0002368,2024-07-16 00:00:00,D008,R004,Consulting,104650.99,101729.84,66080.02,78627.71,176,Completed
TXN0002369,2026-05-23 00:00:00,D009,R001,Hardware,181666.69,214675.02,171629.02,157581.49,169,Completed
TXN0002370,2026-07-25 00:00:00,D009,R001,Services,134953.6,144424.37,112048.83,94788.28,33,Completed
TXN0002371,2025-12-12 00:00:00,D009,R001,Services,132796.02,167559.03,87196.58,121654.7,83,Pending
TXN0002372,2026-10-30 00:00:00,D007,R004,Software,152828.59,146599.09,130757.87,146991.23,51,Pending
TXN0002373,2025-03-30 00:00:00,D009,R001,Support,81608.93,86454.08,39285.48,39860.38,9,Completed
TXN0002374,2026-12-22 00:00:00,D006,R003,Services,159806.55,115995.73,93008.11,71932.16,139,Completed
TXN0002375,2026-12-23 00:00:00,D009,R001,Services,124608.78,131980.98,86450.71,90870.37,47,Completed
TXN0002376,2025-04-08 00:00:00,D003,R003,Services,143578.13,144306.86,102093.54,112293.47,43,Cancelled
TXN0002377,2025-07-24 00:00:00,D010,R002,Services,125977.06,144198.82,92034.06,91918.99,17,Pending
TXN0002378,2026-05-12 00:00:00,D005,R002,Subscription,190433.84,197117.91,110679.69,139625.72,126,Pending
TXN0002379,2024-01-01 00:00:00,D006,R003,Hardware,224560.03,244121.76,114567.71,113258.89,24,Completed
TXN0002380,2024-05-16 00:00:00,D009,R001,Services,149584.48,179359.25,105877.66,124698.89,20,Pending
TXN0002381,2025-05-11 00:00:00,D003,R003,Services,85500.49,80941.27,97526.32,109514.24,105,Completed
TXN0002382,2025-05-24 00:00:00,D007,R004,Services,110596.07,105390.49,57595.89,55870.14,94,Completed
TXN0002383,2024-10-14 00:00:00,D004,R001,Hardware,271232.62,307252.73,,141737.98,107,Completed
TXN0002384,2025-02-25 00:00:00,D010,R002,Services,117114.52,118134.02,79258.07,71033.07,118,Completed
TXN0002385,2024-08-28 00:00:00,D005,R002,Software,195536.14,229277.47,119497.92,154982.6,138,Completed
TXN0002386,2026-08-22 00:00:00,D009,R001,Support,84803.91,89026.71,56467.98,60980.64,64,Pending
TXN0002387,2026-07-19 00:00:00,D005,R002,Subscription,154395.96,162980.47,90487.74,79961.92,44,Completed
TXN0002388,2026-02-20 00:00:00,D006,R003,Software,184383.15,163662.67,84528.97,74480.82,70,Completed
TXN0002389,2026-09-24 00:00:00,D008,R004,SERVICES,129184.61,103698.65,86087.94,90655.41,79,Completed
TXN0002390,2026-01-12 00:00:00,D009,R001,Support,109185.65,121883.97,57259.13,52404.79,66,Pending
TXN0002391,2024-08-03 00:00:00,D007,R004,Support,98869.93,106842.46,61385.19,66805.47,76,Completed
TXN0002392,2026-05-09 00:00:00,D005,R002,Hardware,177166.62,205124.08,110147.45,79704.51,175,Completed
TXN0002393,2026-09-21 00:00:00,D006,R003,Software,162377.31,158885.63,124535.01,114844.58,67,Cancelled
TXN0002394,2025-06-28 00:00:00,D008,R004,Consulting,158631.45,185656.39,59472.11,54913.82,31,Pending
TXN0002395,2026-02-08 00:00:00,D009,R001,Subscription,179655.69,144283.52,94172.9,109753.02,160,Cancelled
TXN0002396,2024-07-20 00:00:00,D007,R005,Subscription,155932.24,152232.69,77666.37,76177.74,152,Completed
TXN0002397,2026-01-08 00:00:00,D002,R002,Services,154244.23,154554.45,105593.77,104961.06,153,Cancelled
TXN0002398,2024-03-22 00:00:00,D007,R004,Support,76579.87,84786.59,48354.91,53556.8,93,Pending
TXN0002399,2024-03-17 00:00:00,D008,R004,Subscription,154470.36,192724.91,81357.06,91802.83,107,Pending
TXN0002400,2024-02-19 00:00:00,D001,R001,Services,88269.88,90428.1,75141.1,97087.21,166,Completed
TXN0002401,2024-02-28 00:00:00,D002,R002,Consulting,127964.38,163719.78,80407.4,68990.93,121,Completed
TXN0002402,2025-12-22 00:00:00,D006,R003,Hardware,142251.0,173523.71,131652.84,154103.95,68,Completed
TXN0002403,2026-07-27 00:00:00,D008,R004,Hardware,256007.78,251414.57,166774.85,212474.11,167,Completed
TXN0002404,2025-10-21 00:00:00,D003,R003,Subscription,116584.03,106139.16,104282.69,70596.71,107,Completed
TXN0002405,2025-11-14 00:00:00,D003,R003,Software,153221.68,173699.41,94741.27,89567.18,95,Cancelled
TXN0002406,2025-10-10 00:00:00,D009,R001,Services,135232.66,154258.0,82875.76,105605.12,83,Completed
TXN0002407,2026-10-15 00:00:00,D002,R002,Hardware,228610.59,288839.02,146534.47,140781.59,168,Completed
TXN0002408,2026-09-21 00:00:00,D007,R004,Support,112358.0,120992.88,59922.33,,94,Completed
TXN0002409,2024-12-11 00:00:00,D008,R004,Services,100200.5,111407.35,87776.49,83877.45,87,Completed
TXN0002410,2026-11-02 00:00:00,D002,R002,Hardware,234762.65,219149.78,148890.21,155011.44,169,Cancelled
TXN0002411,2024-12-30 00:00:00,D005,R002,Subscription,168134.55,186624.83,79568.85,74457.56,106,Cancelled
TXN0002412,2026-04-08 00:00:00,D002,R002,Software,178328.77,167492.29,96414.73,80409.93,72,Completed
TXN0002413,2024-09-29 00:00:00,D006,R003,Consulting,171217.15,184326.83,81587.22,74819.77,103,Completed
TXN0002414,2025-10-25 00:00:00,D005,R002,Software,175880.14,187585.35,127186.36,141616.56,62,Pending
TXN0002415,2025-07-14 00:00:00,D001,R001,Services,144129.56,179379.86,89483.02,103787.5,11,Pending
TXN0002416,2025-05-17 00:00:00,D004,R001,Services,124279.23,126152.44,81233.36,89823.7,62,Pending
TXN0002417,2025-05-14 00:00:00,D004,R001,Hardware,203717.53,237332.19,144379.49,143847.19,10,Cancelled
TXN0002418,2025-01-28 00:00:00,D008,R888, consulting ,96502.88,101174.44,90194.26,87075.87,110,Completed
TXN0002419,2026-03-03 00:00:00,D009,R001,support ,110621.15,90934.09,54444.74,48658.34,71,Completed
TXN0002420,2025-04-25 00:00:00,D005,R002,Hardware,346188.37,319756.89,176190.87,180284.29,86,Cancelled
TXN0002421,2025-05-20 00:00:00,D006,R005,Hardware,252555.59,245080.72,148258.83,131344.83,142,Cancelled
TXN0002422,2026-09-01 00:00:00,D003,R003,Subscription,135258.57,132756.89,90395.82,118246.36,142,Completed
TXN0002423,2025-04-11 00:00:00,D002,R002,Subscription,180078.86,208758.89,74056.56,58063.87,94,Cancelled
TXN0002424,2024-04-18 00:00:00,D004,R001,Subscription,176521.32,191935.65,90831.66,97170.25,122,Cancelled
TXN0002425,2024-05-12 00:00:00,D008,R004,Consulting,unknown,93689.82,88218.72,83425.93,48,Completed
TXN0002426,2024-04-27 00:00:00,D009,R001,Support,95664.33,100848.72,56769.09,60382.88,93,Pending
TXN0002427,2025-07-19 00:00:00,D003,R006,Software,158582.89,160500.22,124066.74,158660.02,150,Completed
TXN0002428,2026-06-01 00:00:00,D001,R001,Consulting,106419.79,107818.9,85234.82,62175.54,39,Pending
TXN0002429,2025-09-15 00:00:00,D004,R001,Hardware,163398.67,,174841.05,,89,Completed
TXN0002430,2026-04-13 00:00:00,D010,R002,Subscription,182091.41,198672.09,97746.96,102056.56,41,Cancelled
TXN0002431,2024-04-18 00:00:00,D010,R002,Software,143618.0,105262.33,139353.24,138055.46,96,Cancelled
TXN0002432,2024-05-10 00:00:00,D002,R002,Software,184823.93,189408.28,83333.98,93328.88,140,Pending
TXN0002433,2025-01-02 00:00:00,D003,R003,Services,129033.13,124973.61,73103.04,86472.15,51,Completed
TXN0002434,2024-07-01 00:00:00,D008,R004,Hardware,165338.02,227308.99,159502.56,210639.66,29,Pending
TXN0002435,2026-03-04 00:00:00,D010,R002,Support,100333.95,112508.94,62656.53,84115.26,109,Pending
TXN0002436,2025-01-09 00:00:00,D008,R004,Hardware,237410.92,242806.68,165970.28,160522.14,29,Completed
TXN0002437,2025-05-31 00:00:00,D006,R003,Consulting,55642.35,68002.85,80881.38,88303.34,132,Completed
TXN0002438,2025-04-09 00:00:00,D003,R003,Services,149832.85,170615.62,100287.7,100880.09,94,Completed
TXN0002439,2026-12-08 00:00:00,D006,R003,Software,205607.31,232670.79,112984.92,150229.64,70,Completed
TXN0002440,2026-02-03 00:00:00,D010,R005,Support,65601.46,40857.24,51323.75,43616.86,29,Completed
TXN0002441,2024-01-26 00:00:00,D001,,Subscription,178490.9,216398.82,97277.66,100800.32,6,Completed
TXN0002442,2026-02-06 00:00:00,D007,R004,Subscription,140377.07,144214.38,80509.54,101564.58,22,Completed
TXN0002443,2025-01-07 00:00:00,D004,R001,Consulting,111394.68,102879.12,50621.24,46717.44,142,Completed
TXN0002444,2024-11-12 00:00:00,D006,R003,Support,91693.58,90572.5,53726.77,59003.02,158,Completed
TXN0002445,2024-12-29 00:00:00,D010,R002,Consulting,126242.18,129843.3,64693.05,64982.96,134,Completed
TXN0002446,2024-09-03 00:00:00,D008,R005,Subscription,142509.1,145167.91,96158.55,90078.16,84,Completed
TXN0002447,2026-11-27 00:00:00,D002,R002,,100430.04,73244.84,101759.06,109340.4,47,Completed
TXN0002448,2025-11-21 00:00:00,D008,R004,Services,174442.02,184616.06,89258.75,83129.8,121,Cancelled
TXN0002449,2024-05-14 00:00:00,D007,R004,Software,209443.94,237572.8,124004.09,124241.92,91,Completed
TXN0002450,2025-01-20 00:00:00,D006,R003,Consulting,126552.58,138979.15,66058.21,65150.86,108,Completed
TXN0002451,2024-07-21 00:00:00,D006,R006,Support,95862.91,101040.41,44243.21,44093.75,138,Completed
TXN0002452,2026-12-25 00:00:00,D006,R003,Subscription,177239.54,199775.5,100635.35,103685.08,138,Pending
TXN0002453,2025-10-18 00:00:00,D009,R001,Hardware,237515.17,247752.05,103494.15,101280.8,39,Pending
TXN0002454,2026-05-23 00:00:00,D004,R001,Support,53900.85,55629.46,58306.57,57376.47,108,Pending
TXN0002455,2026-10-03 00:00:00,D007,R004,Software,170492.82,179744.22,102970.12,98825.64,31,Completed
TXN0002456,2025-09-18 00:00:00,D009,R001,Consulting,125496.52,134914.87,51140.94,55448.38,132,Completed
TXN0002457,2025-01-20 00:00:00,D001,R001,Software,223511.79,220425.47,105939.49,126886.07,27,Completed
TXN0002458,2024-12-21 00:00:00,D010,R002,Subscription,164886.93,184755.37,92885.68,98921.41,169,Completed
TXN0002459,2025-09-12 00:00:00,D001,R001,Software,194943.8,153005.45,100928.35,105713.93,103,Completed
TXN0002460,2026-06-07 00:00:00,D006,R003,Software,181063.88,198861.8,137027.11,157443.27,135,Cancelled
TXN0002461,2024-04-01 00:00:00,D003,R003,support ,86524.76,85251.11,62619.68,45273.92,59,Completed
TXN0002462,2025-10-17 00:00:00,D008,R004,Services,175517.75,171618.5,85261.38,86498.07,23,Completed
TXN0002463,2024-02-01 00:00:00,D008,R004,Support,101278.27,96443.13,67948.32,80539.11,16,Pending
TXN0002464,2025-08-17 00:00:00,D004,R001,Software,158321.26,171279.38,124150.16,127940.53,6,Completed
TXN0002465,2025-04-12 00:00:00,D006,R003,Consulting,105830.65,116896.43,79601.8,92863.07,100,Pending
TXN0002466,2025-05-19 00:00:00,D001,R001,Subscription,140256.03,132373.76,68559.52,71336.3,164,Completed
TXN0002467,2025-09-26 00:00:00,D007,R004,Support,66134.05,71818.05,58097.26,52509.57,57,Completed
TXN0002468,2026-04-27 00:00:00,D007,R004,Consulting,110988.56,83910.09,63215.84,64592.39,101,Completed
TXN0002469,2025-06-03 00:00:00,D004,R001,Consulting,117890.81,155633.0,49004.93,50520.4,158,Completed
TXN0002470,2025-04-01 00:00:00,D007,R006,Services,140137.54,137598.76,64224.9,81719.58,23,Completed
TXN0002471,2024-05-16 00:00:00,D002,R002,Consulting,109168.18,117128.27,85025.27,98923.29,51,Cancelled
TXN0002472,2025-06-09 00:00:00,D006,R003,Support,94405.44,98082.69,54543.12,59079.43,179,Pending
TXN0002473,2025-06-19 00:00:00,D005,R002,Hardware,247656.61,247020.43,170913.92,161746.72,32,Completed
TXN0002474,2024-06-26 00:00:00,D007,R004,SERVICES,121557.15,98518.19,68103.09,69121.79,147,Pending
TXN0002475,2026-08-18 00:00:00,D004,R001,Software,251938.43,321020.14,120669.77,105948.52,127,Completed
TXN0002476,2025-01-12 00:00:00,D002,R002,Consulting,115527.82,103147.25,77094.91,71032.06,26,Completed
TXN0002477,2026-06-16 00:00:00,D004,R001,Hardware,248445.93,245278.76,142652.22,148348.12,41,Pending
TXN0002478,2026-10-28 00:00:00,D010,R002,Support,90646.49,87323.77,44943.44,44251.17,53,Completed
TXN0002479,2025-11-30 00:00:00,D006,R005,Services,147564.41,187970.14,58081.12,54764.61,69,Completed
TXN0002480,2024-04-25 00:00:00,D006,R003,Support,83322.99,96630.05,50241.28,42576.19,105,Pending
TXN0002481,2024-05-10 00:00:00,D003,R003,Subscription,150837.49,188672.92,89255.55,91424.09,62,Completed
TXN0002482,2026-06-17 00:00:00,D004,R001,Support,51591.66,54537.59,50326.68,35588.2,11,Pending
TXN0002483,2026-12-18 00:00:00,D002,R002,Subscription,136359.84,139413.62,96346.9,112441.26,78,Cancelled
TXN0002484,2024-04-26 00:00:00,D003,R003,Hardware,204078.85,205056.24,162288.34,160335.5,33,Completed
TXN0002485,2024-12-13 00:00:00,D007,R004,Software,259113.95,253331.74,101761.01,128232.28,87,Completed
TXN0002486,2025-04-23 00:00:00,D001,R001,Software,231376.01,233449.03,126824.51,131990.09,6,Pending
TXN0002487,2024-09-02 00:00:00,D001,R001,Consulting,118540.65,99412.88,63330.65,67014.02,62,Completed
TXN0002488,2026-09-02 00:00:00,D010,R002,Software,189320.9,257101.62,139482.29,142441.76,151,Pending
TXN0002489,2026-07-09 00:00:00,D005,R002,Consulting,150946.32,141365.18,72270.67,76718.56,65,Pending
TXN0002490,2026-07-20 00:00:00,D010,R002,Support,90378.84,99047.92,64039.31,62603.13,127,Completed
TXN0002491,2025-04-03 00:00:00,D008,R004,Hardware,214110.31,215377.78,156150.18,179677.79,41,Completed
TXN0002492,2025-06-10 00:00:00,D003,R003,Consulting,165095.54,190594.93,71514.38,73540.75,46,Completed
TXN0002493,2024-10-21 00:00:00,D001,R001,Hardware,183913.31,182581.88,140237.21,162761.57,15,Pending
TXN0002494,2025-04-09 00:00:00,D007,R004,Subscription,131512.35,147597.34,84041.13,114802.72,107,Completed
TXN0002495,2026-05-12 00:00:00,D006,R003,Consulting,105738.09,115674.83,77353.03,82105.05,111,Pending
TXN0002496,2026-08-07 00:00:00,D008,R004,Consulting,139997.21,174557.85,84193.03,110037.05,98,Completed
TXN0002497,2026-12-21 00:00:00,D006,R003,Services,176770.86,127999.92,82179.95,71493.8,57,Completed
TXN0002498,2025-02-02 00:00:00,D004,R001,Subscription,93360.85,69166.22,90296.5,100670.79,173,Cancelled
TXN0002499,2026-04-16 00:00:00,D006,R003,Subscription,182008.6,187478.22,118404.36,121937.19,100,Completed
TXN0002500,2024-08-10 00:00:00,D004,R001,Consulting,111898.99,128193.68,70382.38,73655.04,143,Pending
TXN0002501,2026-04-24 00:00:00,D005,R002,Subscription,173370.8,173498.97,98179.12,99243.19,18,Completed
TXN0002502,2026-02-26 00:00:00,D004,R001,Services,138716.25,105418.51,81924.02,73164.45,137,Pending
TXN0002503,2025-02-26 00:00:00,D003,R003,Software,175749.76,180106.79,102414.38,106600.16,103,Cancelled
TXN0002504,2024-11-15 00:00:00,D003,R003,Support,116306.27,149204.6,37832.08,32412.89,169,Pending
TXN0002505,2024-11-04 00:00:00,D010,R002,Services,,75674.89,65352.88,69720.87,110,Completed
TXN0002506,2024-09-24 00:00:00,D008,R004,Support,89654.42,82454.46,69807.43,68681.79,129,Completed
TXN0002507,2026-12-22 00:00:00,D010,R002,Subscription,198070.17,177404.15,89322.36,92724.74,165,Completed
TXN0002508,2024-02-13 00:00:00,D002,R002,Software,186733.96,179265.21,102984.78,130428.12,7,Completed
TXN0002509,2025-12-31 00:00:00,D006,R003,Hardware,267849.6,220427.99,150679.0,155178.95,56,Completed
TXN0002510,2026-01-13 00:00:00,D004,R001,Software,151923.11,171622.03,116142.62,124452.33,164,Completed
TXN0002511,2026-08-30 00:00:00,D010,R002,Consulting,110827.56,114600.53,80230.66,85011.87,91,Completed
TXN0002512,2024-11-23 00:00:00,D005,R002,Subscription,118837.11,114565.86,101875.23,118452.98,43,Completed
TXN0002513,2026-04-19 00:00:00,D007,R004,Subscription,172022.82,164635.11,91168.47,107494.16,45,Cancelled
TXN0002514,2025-07-29 00:00:00,D009,R001,Support,74073.73,85717.8,46106.8,43769.74,68,Completed
TXN0002515,2024-03-21 00:00:00,D003,R003,Software,188473.2,197511.59,104177.73,120823.08,39,Pending
TXN0002516,2024-02-10 00:00:00,D008,R004,Services,173139.21,175530.32,77253.03,98203.42,155,Completed
TXN0002517,2026-07-05 00:00:00,D008,R004,Services,142780.45,135548.3,100066.4,94084.82,10,Pending
TXN0002518,2024-06-23 00:00:00,D010,R002,Hardware,243574.8,283777.62,112384.06,107900.13,99,Completed
TXN0002519,2026-03-17 00:00:00,D003,R003,Hardware,227560.58,229027.49,147485.77,134481.48,43,Completed
TXN0002520,2025-08-21 00:00:00,D004,R001,Hardware,318233.78,285650.89,133470.46,141832.14,26,Completed
TXN0002521,2024-02-02 00:00:00,D010,R002,Consulting,113254.23,111548.07,99338.46,97157.89,164,Cancelled
TXN0002522,2025-06-01 00:00:00,D007,R004,Hardware,256554.26,253746.5,155457.87,106624.68,54,Cancelled
TXN0002523,2026-09-29 00:00:00,D005,R002,Software,151230.0,157834.24,128090.76,122129.9,86,Completed
TXN0002524,2025-09-19 00:00:00,D001,R001,Support,101984.1,87650.44,68069.91,61005.59,72,Pending
TXN0002525,2026-07-27 00:00:00,D007,R004,Hardware,263039.79,252773.43,105177.26,100849.54,173,Completed
TXN0002526,2024-01-22 00:00:00,D006,R003,Services,161304.25,168549.62,92287.65,78576.49,151,Completed
TXN0002527,2026-02-17 00:00:00,D005,R002,Consulting,127809.52,123895.19,66484.3,44948.94,104,Completed
TXN0002528,2026-01-21 00:00:00,D005,R002,Hardware,231336.42,212143.92,125402.09,128367.52,136,Pending
TXN0002529,2025-12-10 00:00:00,D007,R004,Services,177964.52,216700.94,75127.51,50675.81,71,Cancelled
TXN0002530,2024-06-19 00:00:00,D004,R001,Hardware,262908.52,328858.78,128256.64,162414.05,120,Completed
TXN0002531,2024-02-17 00:00:00,D006,R003,Software,178300.69,156911.09,120207.51,122184.68,37,Completed
TXN0002532,2024-11-11 00:00:00,D004,R006,Software,176392.12,203266.14,106301.26,91324.36,151,Completed
TXN0002533,2024-01-28 00:00:00,D002,R002,Software,165954.22,185673.84,119850.04,125514.37,92,Cancelled
TXN0002534,2026-08-01 00:00:00,D002,R002,Support,95585.35,92880.42,49543.8,40807.29,166,Completed
TXN0002535,2024-10-11 00:00:00,D002,R002,Software,158358.69,103281.42,100114.77,96353.26,56,Completed
TXN0002536,2024-01-08 00:00:00,D003,R003,Software,176774.56,202726.36,98945.48,104907.13,115,Completed
TXN0002537,2025-10-18 00:00:00,D004,R005,Consulting,76376.24,72689.93,70879.39,88435.47,165,Cancelled
TXN0002538,2026-10-11 00:00:00,D004,R001,Services,185840.75,181430.46,91359.02,94329.11,159,Completed
TXN0002539,2024-05-05 00:00:00,D008,R004,Support,86177.12,88134.28,50688.49,53198.9,118,Completed
TXN0002540,2025-06-23 00:00:00,D009,R005,Services,120134.61,125180.83,73165.78,69622.45,41,Cancelled
TXN0002541,2024-09-10 00:00:00,D010,R002,Support,124723.81,115779.89,52741.97,51024.56,24,Completed
TXN0002542,2024-11-28 00:00:00,D003,R003,Services,157481.19,158380.34,94852.22,101511.81,106,Cancelled
TXN0002543,2025-08-07 00:00:00,D005,R002,Subscription,172737.71,126336.24,77539.69,90419.7,60,Pending
TXN0002544,2025-05-08 00:00:00,D005,R002,Support,87529.51,103409.13,50013.3,unknown,140,Completed
TXN0002545,2024-05-12 00:00:00,D005,R002,Services,106756.28,117209.21,58732.25,58198.89,20,Completed
TXN0002546,2024-05-03 00:00:00,D008,R004,Support,87057.09,89134.01,52822.94,59979.84,163,Pending
TXN0002547,2026-07-02 00:00:00,D002,R002,Support,121430.54,125239.83,61532.14,70074.29,8,Completed
TXN0002548,2024-05-14 00:00:00,D006,R003,Hardware,224357.38,241673.27,182933.11,163997.16,150,Completed
TXN0002549,2026-09-10 00:00:00,D006,R003,Support,82697.29,101190.78,73359.12,87572.54,99,Pending
TXN0002550,2025-01-24 00:00:00,D005,R002,Hardware,268116.6,281245.7,189100.62,174431.78,63,Cancelled
TXN0002551,2026-08-10 00:00:00,D003,R006,Consulting,88854.67,101256.55,70062.18,71716.24,123,Completed
TXN0002552,2026-07-15 00:00:00,D007,R004,Consulting,132006.27,122230.84,81710.29,103433.83,44,Completed
TXN0002553,2024-10-12 00:00:00,D007,R004,Software,226016.78,251782.46,113292.41,110035.03,86,Pending
TXN0002554,2026-06-08 00:00:00,D003,R003,Software,184463.37,141184.7,102231.76,118365.02,174,Completed
TXN0002555,2025/03/20,D003,R003,Services,106525.53,99965.23,87252.37,99908.46,29,Completed
TXN0002556,2025-11-21 00:00:00,D007,R004,Hardware,187053.94,208511.49,158792.61,154728.89,55,Completed
TXN0002557,2025-07-22 00:00:00,D008,R004,hardware,248338.12,185548.26,135876.92,150982.09,63,Completed
TXN0002558,2026-06-05 00:00:00,D008,R004,Consulting,142969.58,145851.33,87210.75,105463.31,116,Completed
TXN0002559,2025-12-24 00:00:00,D008,R004,Software,238462.91,278198.2,105883.72,102877.48,32,Completed
TXN0002560,2025-08-15 00:00:00,D006,R003,Subscription,123999.26,134968.41,94402.1,125335.68,41,Completed
TXN0002561,2026-05-02 00:00:00,D009,R001,SERVICES,148802.18,146198.61,81312.83,92895.54,130,Completed
TXN0002562,2025-09-28 00:00:00,D005,R002,Hardware,150859.63,165969.45,140771.99,184974.33,180,Cancelled
TXN0002563,2024-09-22 00:00:00,D007,R004,Subscription,203795.13,249358.68,86213.16,91044.98,140,Completed
TXN0002564,2024-09-19 00:00:00,D006,R003,Support,73084.17,90763.41,62461.77,80490.7,99,Cancelled
TXN0002565,2026-05-04 00:00:00,D008,R006,Hardware,253306.83,247160.26,173506.49,199061.04,68,Completed
TXN0002566,2026-09-02 00:00:00,D006,R003,Hardware,238160.58,276823.38,166070.76,143938.8,76,Cancelled
TXN0002567,2025-02-02 00:00:00,D006,R003,Hardware,241993.03,221037.22,164953.97,178699.03,37,Completed
TXN0002568,2025-04-30 00:00:00,D010,R002,Services,105147.95,94666.58,56532.78,66751.51,68,Pending
TXN0002569,2025-10-03 00:00:00,D010,R002,Software,199658.05,200230.38,91048.02,110972.07,135,Completed
TXN0002570,2025-10-20 00:00:00,D007,R004,Subscription,164570.08,168367.43,84296.39,83553.15,25,Cancelled
TXN0002571,2025-06-28 00:00:00,D008,R004,Support,86855.9,83795.87,66250.67,64312.31,22,Pending
TXN0002572,2024-10-20 00:00:00,D007,R004,Hardware,222671.81,219694.93,154976.31,165864.3,98,Completed
TXN0002573,2024-01-07 00:00:00,D008,R004,Support,92321.24,90247.18,48340.33,31622.17,88,Completed
TXN0002574,2025-07-12 00:00:00,D010,R002,Services,131563.71,126724.35,75532.81,,86,Pending
TXN0002575,2025-02-13 00:00:00,D006,R003,Subscription,160782.7,153103.1,81052.82,70792.14,170,Completed
TXN0002576,2024-05-04 00:00:00,D010,R002,Hardware,252658.19,295586.39,158590.86,214217.63,54,Cancelled
TXN0002577,2026-05-16 00:00:00,D009,R001,Consulting,99813.71,114619.02,70246.09,90537.68,7,Completed
TXN0002578,2024-02-21 00:00:00,D005,R002,Hardware,108521.1,120259.74,140291.13,143166.16,12,Pending
TXN0002579,2026-07-03 00:00:00,D002,R002,Services,148279.79,143043.33,"₹1,25,000",83979.4,165,Pending
TXN0002580,2025-10-05 00:00:00,D009,R001,Consulting,121680.39,136302.22,69654.12,71862.65,32,Completed
TXN0002581,2026-07-17 00:00:00,D008,R004,Support,97977.48,95515.59,57550.5,46628.32,77,Completed
TXN0002582,2024-09-10 00:00:00,D010,R002,Software,214248.21,231111.47,97753.39,115113.09,18,Completed
TXN0002583,2025-10-07 00:00:00,D009,R001,Services,124494.09,155717.61,110266.76,112614.14,101,Cancelled
TXN0002584,2025-10-25 00:00:00,D001,R001,Support,97732.2,87071.95,56914.12,46919.89,106,Completed
TXN0002585,2025-08-02 00:00:00,D006,R003,Software,138854.49,155267.24,131051.95,113834.52,87,Cancelled
TXN0002586,2024-09-27 00:00:00,D010,R005,Support,113495.51,110240.92,45125.08,48608.02,132,Completed
TXN0002587,2026-12-06 00:00:00,D002,R002,Software,204350.65,218539.1,123787.57,125065.5,46,Completed
TXN0002588,2025-11-23 00:00:00,D888,R002,Hardware,215821.21,241542.59,138781.64,161079.79,25,Pending
TXN0002589,2026-03-31 00:00:00,D006,R003,Consulting,105911.75,81310.33,68906.55,76004.19,144,Completed
TXN0002590,2024-11-13 00:00:00,D009,R001,Consulting,112740.42,99701.14,77680.42,78168.33,145,Completed
TXN0002591,2025-06-18 00:00:00,D004,R001,Software,188476.66,179668.41,114331.67,115316.49,63,Completed
TXN0002592,2024-02-19 00:00:00,D001,R001,Subscription,140543.63,123834.99,100187.82,109295.02,18,Completed
TXN0002593,2024-11-08 00:00:00,D888,R005,Services,147797.29,145308.2,77325.48,65170.15,40,Cancelled
TXN0002594,2026-03-21 00:00:00,D006,R003,Support,61783.42,47978.34,65032.12,54427.1,9,Cancelled
TXN0002595,2026-04-29 00:00:00,D005,R002,Support,92208.24,74070.56,47060.3,50525.58,145,Completed
TXN0002596,2025-03-03 00:00:00,D001,R001,Software,165733.45,178698.33,95774.56,90503.52,63,Cancelled
TXN0002597,2026-01-23 00:00:00,D008,R005,Subscription,201668.5,215345.23,93513.4,95639.6,135,Completed
TXN0002598,2024-01-16 00:00:00,D007,R004,,151876.18,168185.0,73649.77,89063.98,165,Cancelled
TXN0002599,2026-11-12 00:00:00,D005,R002,Hardware,203597.25,166494.67,123081.73,124173.81,104,Completed
TXN0002600,2025-11-16 00:00:00,D004,R001,Hardware,226532.29,184276.85,171264.65,223514.01,55,Completed
TXN0002601,2025-08-07 00:00:00,D005,R002,Support,88479.7,90174.83,62064.0,62995.96,120,Completed
TXN0002602,2026-11-14 00:00:00,D008,R004,Support,97231.26,unknown,49365.97,43165.31,108,Completed
TXN0002603,2024-08-06 00:00:00,D003,R003,Consulting,166005.43,156827.57,64486.91,73615.17,57,Completed
TXN0002604,2025-03-14 00:00:00,D010,R002,Hardware,257996.04,250452.93,136530.72,136652.63,156,Completed
TXN0002605,2025-04-15 00:00:00,D006,R003,Support,102529.08,114816.6,45704.82,42409.98,150,Completed
TXN0002606,2024-01-26 00:00:00,D004,R001,Hardware,173323.83,142170.29,153167.3,169683.03,60,Completed
TXN0002607,2026-03-06 00:00:00,D006,R003,Support,74220.23,71664.14,37824.67,50606.64,88,Pending
TXN0002608,2026-10-03 00:00:00,D007,R004,Services,161148.47,174084.45,54967.42,56166.82,127,Cancelled
TXN0002609,2025-05-23 00:00:00,D010,R002,Support,109000.89,117481.49,55150.21,62714.31,24,Cancelled
TXN0002610,2024-04-12 00:00:00,D002,R002,Software,185574.71,165036.24,99644.84,,7,Completed
TXN0002611,2024-11-22 00:00:00,D001,R001,Consulting,103766.63,137567.57,69858.99,67051.91,29,Completed
TXN0002612,2026-05-16 00:00:00,D006,R003,Services,173644.64,185850.39,97765.11,131130.62,100,Completed
TXN0002613,2025-09-01 00:00:00,D005,R002,Software,219643.98,180405.62,133495.06,133267.02,13,Completed
TXN0002614,2025-02-23 00:00:00,D005,R002,Consulting,155229.8,159727.79,68415.61,52041.36,35,Completed
TXN0002615,2024-06-25 00:00:00,D008,R004,Software,172520.0,130738.86,83448.47,82059.86,65,Pending
TXN0002616,2025-07-07 00:00:00,D010,R002,Hardware,232924.69,308553.08,176576.07,176447.03,10,Cancelled
TXN0002617,2024-05-13 00:00:00,D008,R005,Services,153108.45,199148.73,84842.38,108651.25,106,Pending
TXN0002618,2026-04-24 00:00:00,D001,R006,Consulting,106596.41,110453.73,77708.59,77517.46,49,Completed
TXN0002619,2024-05-09 00:00:00,D010,R002,Support,62750.51,67506.87,66581.68,55041.29,76,Completed
TXN0002620,2024-02-19 00:00:00,D008,R004,Hardware,279093.67,272734.82,139115.54,124978.43,176,Completed
TXN0002621,2024-01-04 00:00:00,D004,R001,Consulting,110417.02,102605.26,52754.43,48090.47,171,Completed
TXN0002622,2026-09-27 00:00:00,D010,R002,Consulting,114019.71,134524.1,78220.27,65313.72,64,Completed
TXN0002623,2026-01-22 00:00:00,D005,R002,Subscription,158145.35,139199.64,42055.15,49500.01,121,Pending
TXN0002624,2026-01-30 00:00:00,D009,R001,,108997.7,110729.38,50811.04,43260.88,146,Cancelled
TXN0002625,2025-12-11 00:00:00,D003,R003,Support,109802.92,110386.42,55547.18,56333.49,109,Completed
TXN0002626,2025-12-12 00:00:00,D010,R002,Consulting,88603.52,95575.84,81468.51,87082.61,79,Completed
TXN0002627,2026-01-07 00:00:00,D008,R004,Consulting,77003.35,69567.05,101532.99,104097.82,115,Completed
TXN0002628,2025-11-12 00:00:00,D010,R002,Services,195642.76,189831.11,86705.56,104732.32,96,Pending
TXN0002629,2024-12-02 00:00:00,D008,R004,Support,79921.53,91301.14,68512.67,83700.73,15,Completed
TXN0002630,2024-10-24 00:00:00,D009,R001,Support,87161.06,85578.2,47882.61,49422.04,158,Completed
TXN0002631,2024-11-22 00:00:00,D009,R001,Support,77991.66,71001.71,68536.74,65996.1,151,Completed
TXN0002632,2024-06-16 00:00:00,D004,R001,Consulting,138416.75,,75375.04,84907.27,112,Completed
TXN0002633,2024-07-31 00:00:00,D009,R001,Subscription,218894.24,166797.2,93242.46,89504.86,152,Completed
TXN0002634,2024-12-03 00:00:00,D005,R002,Support,91569.23,87947.01,71239.52,79897.67,63,Completed
TXN0002635,2026-02-03 00:00:00,D008,R004,Support,129177.36,120543.98,54725.79,54363.53,145,Pending
TXN0002636,2025-03-24 00:00:00,D009,R001,Consulting,51867.5,52940.16,101683.01,129376.99,152,Completed
TXN0002637,2025-04-07 00:00:00,D007,R004,Software,194665.02,221777.34,113332.28,115127.6,168,Pending
TXN0002638,2024-01-02 00:00:00,D003,R003,Services,160859.94,168059.73,95911.73,97647.79,134,Completed
TXN0002639,2025-09-19 00:00:00,D008,R004,Software,193546.16,175180.72,98121.09,111346.85,66,Pending
TXN0002640,2024-07-16 00:00:00,D005,R002,SUBSCRIPTION,148319.08,143884.25,78496.54,84496.98,53,Completed
TXN0002641,2025-01-15 00:00:00,D001,R005,Services,163647.97,170856.64,101598.48,87347.43,179,Completed
TXN0002642,2026-05-14 00:00:00,D002,R002,Software,218984.09,224413.71,100327.84,134677.0,96,Pending
TXN0002643,2025-12-03 00:00:00,D001,R001,Hardware,242187.12,208247.7,98918.06,95480.64,104,Completed
TXN0002644,2026-09-06 00:00:00,D004,R001,Subscription,149733.46,181940.93,95213.15,,167,Cancelled
TXN0002645,2026-10-20 00:00:00,D010,R006,Software,197014.69,187768.46,133931.04,151541.06,86,Completed
TXN0002646,2026-02-24 00:00:00,D001,R001,Consulting,160765.17,159701.73,92846.92,90115.37,142,Completed
TXN0002647,2025-12-19 00:00:00,D007,R004,Subscription,152806.55,164827.48,97610.96,96008.74,180,Pending
TXN0002648,2024-06-26 00:00:00,D001,R001,Consulting,117323.01,136718.89,104017.73,120883.15,126,Completed
TXN0002649,2024-07-11 00:00:00,D009,R001,Services,79945.57,92204.38,81742.47,74509.48,121,Pending
TXN0002650,2024-03-11 00:00:00,D006,R003,Consulting,134677.01,137389.53,66225.49,68727.62,87,Completed
TXN0002651,2025-03-19 00:00:00,D009,R001,Consulting,135865.92,147502.53,83685.4,101437.95,162,Pending
TXN0002652,2024-02-27 00:00:00,D002,R005,Subscription,163199.34,180433.88,74953.08,96909.24,134,Pending
TXN0002653,2025-07-16 00:00:00,D002,R002,Consulting,125696.33,165975.46,57698.33,76914.9,149,Pending
TXN0002654,2025-06-02 00:00:00,D009,R001,Software,198045.11,204927.43,95690.8,86121.43,154,Completed
TXN0002655,2025-08-23 00:00:00,D009,R001,Consulting,76379.47,77213.43,70071.46,79610.12,46,Completed
TXN0002656,2024-08-12 00:00:00,D005,R002,Consulting,72441.04,87685.48,66085.82,62131.44,180,Completed
TXN0002657,2025-05-25 00:00:00,D002,R002,Consulting,147453.97,146837.41,71095.69,73160.37,6,Pending
TXN0002658,2025-09-11 00:00:00,D003,R003,Software,,278121.55,100799.05,102685.66,51,Completed
TXN0002659,2026-10-07 00:00:00,D006,R003,,166080.39,167677.79,83977.22,59933.78,63,Pending
TXN0002660,2024-09-27 00:00:00,D002,R002,Services,140483.93,165293.7,64365.35,74635.93,159,Cancelled
TXN0002661,2026-05-30 00:00:00,D001,R001,Hardware,259674.07,257914.69,145003.72,146412.49,10,Cancelled
TXN0002662,2026-05-07 00:00:00,D006,R003,Software,112923.14,123396.99,110724.76,141031.64,126,Completed
TXN0002663,2026-05-14 00:00:00,D005,R002,Support,91208.97,88650.48,49482.08,45048.19,22,Completed
TXN0002664,2026-01-02 00:00:00,D002,R002,Support,78093.78,76077.96,47054.39,47724.62,126,Pending
TXN0002665,2024-09-04 00:00:00,D009,R001,Services,146110.07,159497.93,89403.07,89253.47,11,Completed
TXN0002666,2025-02-06 00:00:00,D002,R002,Support,111979.0,122662.13,58980.15,60077.84,119,Cancelled
TXN0002667,2024-05-16 00:00:00,D006,R003,Consulting,139246.89,153216.59,67922.5,77740.47,173,Completed
TXN0002668,2024-03-22 00:00:00,D010,R002,Subscription,167639.4,192589.52,83717.42,88711.85,64,Completed
TXN0002669,2026-03-11 00:00:00,D003,R003,Support,unknown,119879.13,59164.13,74805.59,7,Completed
TXN0002670,2024-08-18 00:00:00,D001,R001,Software,201741.24,241245.35,115810.64,150760.1,139,Completed
TXN0002671,2024-10-07 00:00:00,D010,R002,Hardware,148075.85,140073.34,105557.2,122053.32,86,Completed
TXN0002672,2026-08-30 00:00:00,D008,R004,Services,135795.64,132522.48,83689.49,72381.08,127,Pending
TXN0002673,2024-05-25 00:00:00,D004,R001,Consulting,117717.9,155289.77,73243.41,71383.98,42,Completed
TXN0002674,2026-09-05 00:00:00,D009,R001,Software,213167.96,228311.22,137066.25,161433.76,136,Completed
TXN0002675,2026-04-26 00:00:00,D010,R002,Support,91447.64,87356.9,63664.21,73415.1,165,Completed
TXN0002676,2024-05-02 00:00:00,D004,R001,Consulting,122612.03,157773.49,70209.42,71834.48,115,Completed
TXN0002677,2025-01-29 00:00:00,D006,R003,Software,208801.66,239042.15,116219.73,117122.87,176,Completed
TXN0002678,2024-09-17 00:00:00,D007,R004,Services,172788.47,155099.5,77795.02,95026.45,127,Cancelled
TXN0002679,2024-11-18 00:00:00,D009,R001,Support,99254.79,78687.99,40731.22,37137.59,66,Cancelled
TXN0002680,2026-06-05 00:00:00,D009,R001,Software,203390.25,162831.55,98530.01,97730.75,158,Completed
TXN0002681,2024-10-25 00:00:00,D007,R005,Support,81873.32,53675.85,52850.91,54286.39,169,Completed
TXN0002682,2026-08-09 00:00:00,D006,R003,Hardware,240198.64,237044.77,163395.4,176914.68,171,Completed
TXN0002683,2025-10-31 00:00:00,D005,R002,Subscription,250444.18,256821.07,87845.97,98925.6,83,Pending
TXN0002684,2024-10-08 00:00:00,D009,,Support,89023.45,88887.06,46104.24,46988.29,125,Completed
TXN0002685,2026-12-27 00:00:00,D002,R002,Hardware,218584.0,236764.43,138407.96,159684.33,137,Cancelled
TXN0002686,2025-07-09 00:00:00,D002,R002,hardware,316465.01,404323.53,114027.62,130991.13,78,Cancelled
TXN0002687,2025-05-05 00:00:00,D009,R001,Hardware,263725.34,257142.3,133089.2,172585.29,149,Completed
TXN0002688,2025-11-17 00:00:00,D006,R003,Services,132944.85,122078.09,86533.39,90634.12,137,Pending
TXN0002689,2025-01-20 00:00:00,D005,R002,Consulting,126849.57,136189.73,71967.82,93546.27,161,Completed
TXN0002690,2026-01-10 00:00:00,D005,R002,Support,101348.05,107225.51,48359.48,54509.54,143,Cancelled
TXN0002691,2026-12-01 00:00:00,D006,R003,Consulting,,112080.66,79433.41,103148.17,49,Completed
TXN0002692,2025-11-21 00:00:00,D005,R002,Services,142482.86,152776.98,82273.95,88581.66,51,Pending
TXN0002693,2025-07-08 00:00:00,D006,R003,Consulting,134855.53,140130.8,72804.15,82708.78,150,Pending
TXN0002694,2024-05-27 00:00:00,D009,R001,Hardware,181985.09,182395.6,153477.19,133209.68,69,Completed
TXN0002695,2024-01-07 00:00:00,D007,R004,Consulting,92786.08,98502.6,110341.87,111285.65,22,Completed
TXN0002696,2025-07-21 00:00:00,D005,R002,Consulting,144155.2,153866.01,72142.5,76480.99,135,Cancelled
TXN0002697,2026-05-25 00:00:00,D007,R004,Software,170152.91,173996.49,93990.12,98012.98,165,Pending
TXN0002698,2026-03-03 00:00:00,D010,R002,Consulting,121772.98,136302.84,75602.9,76810.15,85,Completed
TXN0002699,2024-04-21 00:00:00,D003,R003,Hardware,268970.14,266065.68,134266.64,140600.09,15,Completed
TXN0002700,2025-07-03 00:00:00,D005,R002,Subscription,186634.99,176952.03,106524.3,97147.86,37,Completed
TXN0002701,2024-05-02 00:00:00,D007,R004,Support,78853.07,53210.51,53252.3,51724.18,7,Completed
TXN0002702,2025-07-21 00:00:00,D006,R003,Support,101082.5,102883.36,56184.33,56247.28,77,Pending
TXN0002703,2025-06-30 00:00:00,D004,R001,Subscription,162712.28,202129.43,100660.8,92658.3,146,Completed
TXN0002704,2025-10-10 00:00:00,D004,R001,Subscription,176042.45,218959.65,115113.75,87281.8,61,Completed
TXN0002705,2024-02-05 00:00:00,D007,R004,Subscription,161250.59,158662.04,70766.04,57547.63,46,Completed
TXN0002706,2026-09-22 00:00:00,D010,R002,Hardware,152916.04,142388.28,125356.11,90219.28,36,Completed
TXN0002707,2025-05-10 00:00:00,D004,R001,Services,127368.8,110266.57,87745.67,102247.55,122,Cancelled
TXN0002708,2025-07-26 00:00:00,D003,R003,Services,136943.02,106918.12,97621.78,85142.44,32,Completed
TXN0002709,2026-03-02 00:00:00,D004,R001,Consulting,120475.52,130036.41,60958.65,56889.74,119,Completed
TXN0002710,2026-04-16 00:00:00,D004,R001,Software,231390.1,214375.98,110670.29,130132.98,118,Pending
TXN0002711,2026-02-17 00:00:00,D003,R003,Consulting,139952.43,98924.09,85421.24,96774.14,10,Cancelled
TXN0002712,2026-10-03 00:00:00,D005,R002,Support,64174.34,69123.43,59604.33,60898.29,116,Cancelled
TXN0002713,2026-11-05 00:00:00,D006,R003,Consulting,86815.34,85693.8,88666.67,86682.19,162,Pending
TXN0002714,2024-10-22 00:00:00,D008,R004,Hardware,221417.78,201797.52,148205.02,149487.79,24,Cancelled
TXN0002715,2025-02-28 00:00:00,D007,R004,Consulting,112509.68,109462.41,49770.43,44395.76,60,Completed
TXN0002716,2025-08-18 00:00:00,D006,R003,Services,148680.01,194140.04,101064.61,94669.33,64,Pending
TXN0002717,2025-05-14 00:00:00,D010,R002,Software,227724.67,232053.57,85002.69,97445.25,170,Completed
TXN0002718,2026-03-07 00:00:00,D008,R004,Software,173099.49,186191.1,105488.14,122157.01,151,Completed
TXN0002719,2026-06-12 00:00:00,D006,R003,Consulting,117796.19,146114.38,69430.13,66133.15,119,Pending
TXN0002720,2025-04-13 00:00:00,D002,R002,Hardware,206113.33,209415.3,133686.77,131863.51,73,Completed
TXN0002721,2025-03-24 00:00:00,D005,R002,Services,154931.53,114079.37,93569.47,92604.25,154,Cancelled
TXN0002722,2024-03-15 00:00:00,D010,R002,Services,133474.24,119060.2,63758.45,62596.24,102,Completed
TXN0002723,2024-11-21 00:00:00,D001,R001,Software,191623.05,222569.42,141335.97,144211.64,28,Cancelled
TXN0002724,2025-06-06 00:00:00,D009,R005,Subscription,176595.39,176163.62,75477.87,99241.77,120,Completed
TXN0002725,2025-07-24 00:00:00,D005,R002,Consulting,113109.85,120648.39,64079.38,55147.49,52,Completed
TXN0002726,2024-05-16 00:00:00,D007,R004,Subscription,176999.78,119187.8,88527.36,104451.79,64,Completed
TXN0002727,2026-08-21 00:00:00,D010,R005,Hardware,176650.2,193836.0,145501.74,144858.75,113,Completed
TXN0002728,2024-06-06 00:00:00,D004,R005,Subscription,135813.83,139337.4,82640.08,78224.83,22,Completed
TXN0002729,2026-12-29 00:00:00,D005,R002,Services,111658.68,110865.8,78259.18,88192.32,36,Pending
TXN0002730,2025-01-01 00:00:00,D009,R001,Support,71630.07,90306.5,55707.39,73810.34,44,Cancelled
TXN0002731,2025-10-28 00:00:00,D003,R003,Software,184079.93,208816.75,118916.8,107918.07,48,Completed
TXN0002732,2026-10-30 00:00:00,D009,R001,Subscription,148730.47,169240.4,76079.02,53844.19,19,Pending
TXN0002733,2024-11-15 00:00:00,D003,R003,Consulting,151942.02,146647.73,84454.76,103160.41,38,Completed
TXN0002734,2025-07-25 00:00:00,D010,R002,Subscription,163259.01,136845.2,101442.83,99113.98,123,Completed
TXN0002735,2025-05-23 00:00:00,D008,R004,Software,234618.11,,131696.02,154367.59,46,Cancelled
TXN0002736,2024-01-02 00:00:00,D001,R006,Services,149483.41,161211.03,93247.38,122760.98,78,Pending
TXN0002737,2026-03-19 00:00:00,D009,R001,Support,133754.04,136600.35,54329.57,64545.5,145,Cancelled
TXN0002738,2026-11-30 00:00:00,D007,R004,Consulting,133199.59,134261.49,96298.04,87419.93,95,Cancelled
TXN0002739,2026-04-09 00:00:00,D010,R002,Support,92906.76,86583.48,66314.68,64818.59,69,Cancelled
TXN0002740,2024-09-15 00:00:00,D007,R004,Consulting,137214.43,137358.68,75666.79,53552.94,14,Completed
TXN0002741,2025-09-03 00:00:00,D002,R002,Hardware,211955.97,,135636.63,157107.45,34,Cancelled
TXN0002742,2026-02-04 00:00:00,D007,R004,Hardware,309367.4,,148728.35,151496.5,11,Completed
TXN0002743,2025-03-17 00:00:00,D008,R004,Software,unknown,185895.61,120964.99,121183.85,116,Completed
TXN0002744,2024-10-13 00:00:00,D008,R004,Support,87175.32,101983.75,48614.57,56538.8,171,Completed
TXN0002745,2025-04-10 00:00:00,D007,R004,Software,160338.86,138104.72,105406.34,125915.86,117,Completed
TXN0002746,2026-08-10 00:00:00,D008,R004,Support,71422.11,88803.5,41527.84,38843.95,100,Completed
TXN0002747,2025-05-17 00:00:00,D008,R004,Software,219362.24,235514.22,93725.07,104665.94,42,Completed
TXN0002748,2026-08-10 00:00:00,D005,R002,Hardware,259549.57,276038.92,123883.39,94510.75,103,Pending
TXN0002749,2026-11-15 00:00:00,D002,R002,Hardware,,237727.13,76880.14,76737.36,146,Pending
TXN0002750,2024-05-18 00:00:00,,R001,Consulting,131372.56,171527.6,64339.43,69733.84,95,Completed
TXN0002751,2024-12-05 00:00:00,D004,R001,Subscription,123851.71,142161.16,68889.05,69539.52,7,Completed
TXN0002752,2025-07-06 00:00:00,D003,R003,Subscription,138976.1,114136.62,102770.53,101083.7,20,Completed
TXN0002753,2026-01-30 00:00:00,D009,R001,Subscription,141859.82,126300.64,91388.6,93477.41,11,Pending
TXN0002754,2026-07-31 00:00:00,D007,R004,Subscription,175030.47,161491.23,85987.23,unknown,93,Cancelled
TXN0002755,2026-11-24 00:00:00,D006,R003,Software,79745.03,67907.55,102128.85,95141.11,154,Completed
TXN0002756,2026-11-18 00:00:00,D008,R004,Consulting,111023.92,108831.87,52703.03,60448.94,14,Cancelled
TXN0002757,2026-02-12 00:00:00,D010,R002,Services,156033.14,153427.77,89724.14,92301.74,89,Pending
TXN0002758,2024-07-09 00:00:00,D005,R002,Services,130102.47,163096.33,64575.02,65058.68,162,Pending
TXN0002759,2024-03-31 00:00:00,D005,R002,Software,229116.62,218025.51,84893.9,84895.41,82,Completed
TXN0002760,2025-01-31 00:00:00,D003,R003,Subscription,149611.71,154572.28,86836.51,unknown,111,Completed
TXN0002761,2025-03-07 00:00:00,D007,R004,Hardware,201955.77,,162098.93,149312.98,5,Completed
TXN0002762,2026-09-15 00:00:00,D003,R003,Hardware,204505.8,210841.92,124376.94,107087.28,21,Completed
TXN0002763,2026-10-07 00:00:00,D008,R004,Services,119238.69,122085.8,80219.42,101109.62,34,Completed
TXN0002764,2026-02-01 00:00:00,D008,R004,Hardware,156124.53,194834.79,146611.89,196199.88,125,Completed
TXN0002765,2025-11-08 00:00:00,D010,R002,Support,66552.18,83061.48,50229.66,55696.97,166,Completed
TXN0002766,2026-12-01 00:00:00,D009,R001,Support,86168.16,91953.99,44300.57,43708.65,179,Completed
TXN0002767,31-02-2025,D010,R002,Services,97252.83,130965.19,89878.88,98281.05,10,Pending
TXN0002768,2025-09-07 00:00:00,D008,R004,Subscription,179248.0,194650.76,73735.41,73385.57,132,Pending
TXN0002769,2025-06-11 00:00:00,D001,R001,Hardware,255171.03,271319.96,165324.26,166547.63,32,Completed
TXN0002770,2025-05-24 00:00:00,D009,R001,Services,124010.06,124109.48,93774.5,105635.7,123,Completed
TXN0002771,2026-01-13 00:00:00,D002,R002,Subscription,207567.2,208378.53,88268.08,89214.71,110,Pending
TXN0002772,2024-06-15 00:00:00,D007,R004,Hardware,167101.26,191311.18,187865.71,216157.27,67,Completed
TXN0002773,2024-05-15 00:00:00,D010,R002,Support,87597.81,110563.35,63956.6,63107.88,85,Completed
TXN0002774,2024-11-11 00:00:00,D007,R004,Consulting,106911.79,105336.99,90792.98,78821.81,111,Pending
TXN0002775,2024-08-30 00:00:00,D001,R001,Hardware,248610.83,250101.35,137653.54,153802.01,83,Completed
TXN0002776,2026-03-22 00:00:00,D008,R004,Consulting,134471.89,151370.96,75806.05,76072.94,155,Completed
TXN0002777,2025-08-09 00:00:00,D007,R004,Services,120622.21,120162.21,86532.52,90971.68,67,Cancelled
TXN0002778,2025-10-31 00:00:00,D003,R003,Subscription,162903.15,143432.47,113827.22,132474.57,156,Pending
TXN0002779,2024-01-18 00:00:00,D002,R002,Software,159175.82,144335.07,118282.06,95336.46,43,Cancelled
TXN0002780,2024-11-07 00:00:00,D007,R004,Software,210325.53,206732.67,129270.84,115615.77,18,Completed
TXN0002781,2025-08-19 00:00:00,D008,R004,Services,133732.17,141506.19,96355.86,100610.68,98,Completed
TXN0002782,2025-09-26 00:00:00,D010,R002,Services,121968.28,132578.25,92309.48,92452.53,89,Completed
TXN0002783,2024-03-21 00:00:00,D001,R001,Software,184478.5,180236.41,136980.42,153656.91,162,Completed
TXN0002784,2026-10-01 00:00:00,D004,R001,Consulting,137403.87,141253.03,63838.31,66466.16,32,Completed
TXN0002785,2024-05-26 00:00:00,D010,R002,Subscription,160478.68,158442.33,102729.36,106908.17,161,Completed
TXN0002786,2026-11-20 00:00:00,D003,R006,Services,104703.12,87676.99,78402.5,99934.76,29,Pending
TXN0002787,2024-03-06 00:00:00,D010,R002,Hardware,230540.64,179381.58,147591.3,171242.1,105,Completed
TXN0002788,2026-01-04 00:00:00,D003,R003,Consulting,121305.19,138303.59,53035.56,53091.03,135,Completed
TXN0002789,2026-05-06 00:00:00,D005,R002,Consulting,149819.37,180606.17,74106.02,76579.23,65,Completed
TXN0002790,2024-10-31 00:00:00,D006,R003,Consulting,101006.83,94865.57,75185.78,88958.2,44,Completed
TXN0002791,2024-08-08 00:00:00,D002,R005,Services,165270.81,154055.26,107927.83,112174.23,119,Completed
TXN0002792,2025-11-12 00:00:00,D003,R003,Hardware,201111.76,213239.4,160934.85,203859.42,86,Cancelled
TXN0002793,2026-04-19 00:00:00,D004,R001,Consulting,73662.6,84196.35,"₹1,25,000",59652.46,36,Cancelled
TXN0002794,2025-03-05 00:00:00,D010,R002,Support,75566.04,82282.14,60779.89,60572.54,126,Completed
TXN0002795,2025-12-07 00:00:00,D006,R003,Services,131137.81,130826.5,111483.34,118292.04,21,Completed
TXN0002796,2026-03-08 00:00:00,D001,,Hardware,189818.52,148753.38,91426.47,93940.64,52,Pending
TXN0002797,2025-10-24 00:00:00,D008,R004,Consulting,121992.29,113205.18,75889.55,67728.37,120,Completed
TXN0002798,2026-05-14 00:00:00,D006,R003,Support,43728.34,42809.22,52452.49,57617.72,173,Completed
TXN0002799,2024-01-16 00:00:00,D010,R002,Services,56640.92,56600.76,82941.46,72841.99,47,Completed
TXN0002800,2024-10-30 00:00:00,D007,R004,Hardware,296223.6,298195.62,151635.57,141473.66,15,Completed
TXN0002801,2025-07-23 00:00:00,D004,R001,Consulting,73262.25,85756.59,97900.71,104540.0,56,Completed
TXN0002802,2026-01-08 00:00:00,D007,R005,Support,91264.86,117206.39,57384.11,49159.11,92,Cancelled
TXN0002803,2026-09-15 00:00:00,D006,R003,Software,178489.36,154526.3,114815.26,125320.53,133,Completed
TXN0002804,2026-10-31 00:00:00,D004,R001,Support,85026.7,81989.75,60145.58,58453.03,75,Cancelled
TXN0002805,2025-02-06 00:00:00,D007,R004,Subscription,140843.96,163119.5,108632.64,147878.61,116,Completed
TXN0002806,2025-08-17 00:00:00,D008,R004,Subscription,171646.95,173122.37,55259.27,55233.37,142,Pending
TXN0002807,2026-04-14 00:00:00,D001,R001,Software,249423.84,251184.94,135336.92,122895.51,155,Completed
TXN0002808,2026-08-07 00:00:00,D008,R004,Consulting,125655.92,131828.2,63537.28,57213.43,160,Cancelled
TXN0002809,2025-04-01 00:00:00,D004,R001,Subscription,137725.65,174557.36,99336.57,96058.06,120,Completed
TXN0002810,2025-04-14 00:00:00,D005,R002,Software,205972.01,216935.81,96881.08,80591.64,176,Cancelled
TXN0002811,2026-12-22 00:00:00,D005,R002,Software,170066.38,178289.18,120328.59,115600.59,63,Completed
TXN0002812,2025-05-04 00:00:00,D004,R001,Consulting,68520.0,97760.12,75529.99,78151.13,106,Completed
TXN0002813,2026-05-03 00:00:00,D007,R005,Hardware,186090.99,233394.7,117927.51,128340.24,9,Cancelled
TXN0002814,2024-04-14 00:00:00,D005,R002,Support,97539.22,88792.1,55380.44,49253.52,132,Cancelled
TXN0002815,2025-08-11 00:00:00,D004,R001,Subscription,160758.63,184165.97,92714.1,106796.42,34,Completed
TXN0002816,2024-12-28 00:00:00,D007,R004,Hardware,164389.07,142368.36,131457.68,134210.5,144,Completed
TXN0002817,2025-11-04 00:00:00,D001,R001,Software,187008.3,177420.83,112051.56,149630.5,170,Completed
TXN0002818,2025-06-12 00:00:00,D008,R005,Support,101243.33,105582.28,36467.15,38811.13,48,Completed
TXN0002819,2025-02-21 00:00:00,D005,R002,Consulting,104956.29,94785.53,52307.72,43115.69,46,Completed
TXN0002820,2025-09-25 00:00:00,D002,R002,Hardware,190956.36,237646.15,144744.65,169608.79,143,Cancelled
TXN0002821,2024-01-07 00:00:00,D002,R005,Software,202085.81,266774.73,151894.82,175748.7,66,Completed
TXN0002822,2026-07-13 00:00:00,D005,R002,Software,159903.44,136763.68,115169.95,126293.82,91,Completed
TXN0002823,2026-08-10 00:00:00,D009,R001,Subscription,152961.28,139842.55,98004.36,83235.67,135,Completed
TXN0002824,2024-06-19 00:00:00,D008,R004,Hardware,266486.48,298111.58,121381.53,140012.76,96,Completed
TXN0002825,2025-05-27 00:00:00,D006,R003,Services,117077.27,89626.18,103918.18,117282.65,9,Cancelled
TXN0002826,2024-10-25 00:00:00,D002,R002,Services,109149.53,116484.14,66535.3,74283.23,92,Completed
TXN0002827,2025-02-01 00:00:00,D009,R001,Subscription,186139.22,167123.23,78131.2,,127,Completed
TXN0002828,2026-06-04 00:00:00,D001,R001,Consulting,144436.12,,83265.27,70691.62,31,Cancelled
TXN0002829,2026-09-17 00:00:00,D007,R004,Services,174548.26,144658.32,52333.52,41306.32,155,Completed
TXN0002830,2026-07-26 00:00:00,D004,R001,Consulting,139069.01,149578.39,76368.25,81138.91,104,Completed
TXN0002831,2024-03-15 00:00:00,D006,R003,Software,182136.17,186571.55,63270.56,56952.64,120,Completed
TXN0002832,2026-02-01 00:00:00,D001,R001,Software,151084.14,167274.3,126498.35,130362.67,171,Completed
TXN0002833,2025-10-07 00:00:00,D007,R004,Software,214860.27,246214.6,112565.35,125666.14,123,Completed
TXN0002834,2026-12-02 00:00:00,D003,R003,Subscription,157634.46,185996.89,104209.37,101049.01,148,Completed
TXN0002835,2025-11-28 00:00:00,D010,R002,Consulting,,151295.9,71676.55,94499.26,35,Cancelled
TXN0002836,2025-10-11 00:00:00,D001,R001,Support,89742.97,102886.68,47187.35,53817.18,67,Completed
TXN0002837,03/20/2024,D009,R001,Hardware,170171.46,191877.02,139951.32,116041.05,32,Completed
TXN0002838,2025-06-12 00:00:00,D005,R002,Services,183150.15,228972.08,83251.71,75837.87,102,Completed
TXN0002839,2024-06-01 00:00:00,D005,R002, consulting ,114954.77,109378.38,75006.08,72635.6,140,Completed
TXN0002840,2025-09-06 00:00:00,D002,R002,Support,66726.24,71019.62,59849.33,56020.39,109,Completed
TXN0002841,2025-01-13 00:00:00,D001,R001,Hardware,128268.78,115333.28,159450.39,113541.88,28,Completed
TXN0002842,2026-01-12 00:00:00,D009,R001,Software,169810.19,169369.94,114077.39,113753.29,34,Completed
TXN0002843,2024-09-10 00:00:00,D005,R002,Hardware,245427.99,251434.1,127376.08,121309.91,51,Cancelled
TXN0002844,2025-04-19 00:00:00,D004,R001,Software,208748.81,158234.59,110611.45,134890.22,17,Completed
TXN0002845,2024-06-12 00:00:00,D005,R002,Subscription,144735.69,178997.11,84200.3,82434.06,145,Cancelled
TXN0002846,2025-09-01 00:00:00,D009,R001,Subscription,183787.42,217334.89,100699.34,93710.29,30,Pending
TXN0002847,2024-07-09 00:00:00,D001,R001,Consulting,164369.75,173994.45,57045.45,49262.9,173,Completed
TXN0002848,2024-05-20 00:00:00,D005,R002,Services,139195.27,125723.13,104476.27,107047.44,29,Cancelled
TXN0002849,2024-03-28 00:00:00,D001,R001,Consulting,126594.46,116722.29,99476.8,111804.54,125,Completed
TXN0002850,2024-11-21 00:00:00,D007,R004,hardware,193530.05,199657.87,248914.75,295355.56,156,Cancelled
TXN0002851,2025-01-14 00:00:00,D004,R001,Services,167705.27,161490.17,110590.05,112706.67,171,Cancelled
TXN0002852,2026-08-21 00:00:00,D002,R002, software ,149416.32,167747.79,115692.76,142166.11,60,Completed
TXN0002853,2026-11-09 00:00:00,D003,R003,Support,120855.81,126484.62,54943.14,53270.02,66,Pending
TXN0002854,2025-01-19 00:00:00,D001,R001,Hardware,211368.45,224605.11,130044.77,172095.57,131,Cancelled
TXN0002855,2026-03-06 00:00:00,D004,R005,Subscription,125079.37,138711.55,95923.59,80004.92,54,Cancelled
TXN0002856,2026-04-22 00:00:00,D005,R002,Consulting,118670.89,132869.58,74558.62,71379.03,153,Completed
TXN0002857,2026-05-10 00:00:00,D005,R002,Software,156998.62,194773.49,129220.18,113384.55,70,Cancelled
TXN0002858,2025-01-26 00:00:00,D008,R005,Consulting,150021.37,197163.31,96323.67,94346.12,69,Completed
TXN0002859,2024-09-02 00:00:00,D010,R002,Support,100402.15,100436.18,43671.07,36642.85,176,Completed
TXN0002860,2025-05-26 00:00:00,D003,R003,Services,119147.59,132382.29,70802.67,94325.76,16,Completed
TXN0002861,2025-07-20 00:00:00,D007,R004,Services,105214.18,111864.69,74021.02,84615.26,33,Cancelled
TXN0002862,2024-08-14 00:00:00,D001,R001,Support,74323.97,81987.58,52331.31,,8,Pending
TXN0002863,2024-10-22 00:00:00,D002,R002,Consulting,129520.83,140998.0,82221.12,106834.65,42,Completed
TXN0002864,2026-02-14 00:00:00,D006,R003,Consulting,111801.15,119172.64,68115.28,47369.62,173,Cancelled
TXN0002865,2024-10-25 00:00:00,D005,R002,Services,174829.88,169439.88,101157.64,116610.19,57,Pending
TXN0002866,2025-05-12 00:00:00,D006,R003,Support,87564.36,86109.71,49642.36,45199.64,130,Pending
TXN0002867,2024-01-07 00:00:00,D005,R002,Hardware,246338.2,254716.79,170538.56,142995.53,115,Pending
TXN0002868,2026-07-28 00:00:00,D003,R005,Support,83056.64,90016.01,64404.6,62249.51,139,Completed
TXN0002869,2024-10-15 00:00:00,D004,R001,Hardware,265937.92,284177.61,155333.21,152335.56,77,Completed
TXN0002870,2026-08-27 00:00:00,D003,R003,Software,152280.74,171468.63,130759.87,154043.9,140,Completed
TXN0002871,2025-04-04 00:00:00,D010,R002,Hardware,256107.82,315348.49,129484.34,152278.96,120,Completed
TXN0002872,2025-07-06 00:00:00,D005,R002,Consulting,89599.69,101075.43,77848.51,79657.65,46,Pending
TXN0002873,2024-02-05 00:00:00,D004,R001,Services,127041.92,128677.32,98599.88,112875.73,65,Pending
TXN0002874,2026-11-09 00:00:00,D007,R004,Subscription,161917.76,150991.51,90889.75,122232.91,169,Completed
TXN0002875,2026-12-05 00:00:00,D002,R002,Hardware,140683.24,134578.71,135330.43,160729.73,70,Completed
TXN0002876,2025-09-27 00:00:00,D005,R002,Subscription,135487.89,unknown,72399.95,51469.44,9999,Completed
TXN0002877,2025-05-09 00:00:00,D002,R002,Software,139704.99,126431.0,121210.36,141461.65,77,Completed
TXN0002878,2026-12-21 00:00:00,D004,R001,Support,109283.85,128841.94,52511.42,60474.61,51,Pending
TXN0002879,2026-05-09 00:00:00,D009,R005,Hardware,183871.91,190644.85,134270.02,145651.29,150,Completed
TXN0002880,2024-08-10 00:00:00,D001,R001,Services,131732.98,132685.68,86502.38,88881.08,83,Pending
TXN0002881,2025-02-12 00:00:00,D005,R002,Hardware,269746.37,275937.11,148291.57,151093.32,165,Pending
TXN0002882,2024-07-15 00:00:00,D010,R002,Hardware,220707.07,213528.86,202427.28,227137.04,102,Pending
TXN0002883,2025-10-27 00:00:00,,R002,Services,148452.62,160904.95,78352.63,78261.68,16,Completed
TXN0002884,2026-12-26 00:00:00,D006,R003,Services,123060.08,144176.88,102077.21,100211.51,90,Pending
TXN0002885,2024-02-03 00:00:00,D004,R001,Subscription,139758.41,155053.47,88642.89,92128.89,24,Completed
TXN0002886,2026-04-21 00:00:00,D010,R002,Services,141129.54,144903.75,94012.43,86971.15,16,Completed
TXN0002887,2024-05-28 00:00:00,D008,R004,Support,110816.67,112181.52,53627.85,51383.35,31,Cancelled
TXN0002888,2025-03-15 00:00:00,D008,R004,Services,140504.75,100031.15,95065.07,89977.77,60,Completed
TXN0002889,2026-04-17 00:00:00,D002,R005,Subscription,151389.26,158371.84,110373.7,116792.91,35,Completed
TXN0002890,2024-07-10 00:00:00,D010,R002,Services,163284.36,167811.95,77513.36,71242.9,92,Completed
TXN0002891,2025-05-08 00:00:00,D010,R002,Hardware,167791.31,220660.73,158941.2,164446.85,16,Pending
TXN0002892,2024-01-14 00:00:00,D005,R002,Support,88858.33,74269.57,50499.35,51854.63,130,Completed
TXN0002893,2024-06-30 00:00:00,D007,R004,Software,153541.74,184297.53,132550.35,131225.91,133,Cancelled
TXN0002894,01-01-2024,D004,R001,Hardware,225707.01,245716.87,163321.79,154786.97,114,Completed
TXN0002895,2024-12-02 00:00:00,D006,R003,Subscription,160888.44,168476.18,125667.78,125699.25,11,Completed
TXN0002896,2024-12-18 00:00:00,D010,R006,Services,171935.3,182622.55,79747.18,86403.16,45,Completed
TXN0002897,2025-03-04 00:00:00,D001,R001,Services,125120.89,101609.75,85261.93,64098.17,55,Completed
TXN0002898,2026-07-09 00:00:00,D005,R002,Support,109515.75,119135.37,54035.04,55601.53,62,Cancelled
TXN0002899,2025-09-05 00:00:00,D003,R005,Hardware,195771.58,201727.75,126152.75,126189.96,180,Pending
TXN0002900,2026-08-28 00:00:00,D003,R003,Services,160753.36,192334.74,85234.19,114685.39,101,Completed
TXN0002901,2024-12-24 00:00:00,D003,R003,Subscription,201329.88,178487.35,111035.79,109074.92,180,Pending
TXN0002902,2025-03-09 00:00:00,D002,R002,Services,112691.62,115450.83,85936.0,74589.86,23,Completed
TXN0002903,2024-12-06 00:00:00,D007,R004,Services,111729.91,119249.47,84276.02,73243.18,73,Cancelled
TXN0002904,2025-11-06 00:00:00,D009,R001,Subscription,211003.58,193786.94,110615.56,112555.23,120,Completed
TXN0002905,2025-03-17 00:00:00,D010,R002,Subscription,145882.5,141555.77,103076.5,121103.56,119,Pending
TXN0002906,2025-07-25 00:00:00,D003,R003,Consulting,128416.57,134360.66,67657.49,87740.36,85,Completed
TXN0002907,2024-02-11 00:00:00,D010,R002,Support,64649.36,64563.42,61737.66,58871.45,55,Pending
TXN0002908,2026-08-10 00:00:00,D005,R002,Subscription,208638.08,216929.5,81569.59,68975.2,28,Cancelled
TXN0002909,2024-04-20 00:00:00,D002,R002,Services,152839.43,,70849.64,80260.52,63,Cancelled
TXN0002910,2024-10-03 00:00:00,D002,R002,Consulting,138038.72,181556.25,72787.22,69033.31,18,Cancelled
TXN0002911,2024-09-15 00:00:00,D003,R003,Services,149226.89,171573.53,78108.82,71236.69,66,Completed
TXN0002912,2024-05-31 00:00:00,D009,R001,Subscription,174028.09,185731.29,68282.36,63850.99,66,Cancelled
TXN0002913,2024-07-10 00:00:00,D009,R001,SUBSCRIPTION,154003.19,107336.41,82276.62,95259.77,71,Completed
TXN0002914,2024-03-31 00:00:00,D006,R003,Services,175299.59,197094.75,91201.17,75025.82,114,Pending
TXN0002915,2024-07-02 00:00:00,D004,R001,Services,141980.05,151292.36,77149.79,85762.08,137,Completed
TXN0002916,2024-06-13 00:00:00,D010,R002,Consulting,157175.68,160943.19,78444.74,86245.32,87,Pending
TXN0002917,2024-03-02 00:00:00,D003,R003,Hardware,164207.41,174350.39,120705.32,105251.29,13,Completed
TXN0002918,2024-02-19 00:00:00,D001,R001,Support,92369.01,112776.49,60203.35,63166.52,12,Completed
TXN0002919,2024-06-15 00:00:00,D006,R003,Support,81558.36,85156.13,60399.12,58918.05,26,Completed
TXN0002920,2026-06-18 00:00:00,D008,R004,Software,140854.56,170108.28,83779.47,88456.31,142,Completed
TXN0002921,2024-02-22 00:00:00,D001,R001,Support,122544.33,99987.51,54077.58,41939.91,43,Completed
TXN0002922,2026-10-29 00:00:00,D006,R003,Software,165505.44,223107.49,124995.46,127592.21,170,Completed
TXN0002923,2024-10-29 00:00:00,D005,R002,Software,194976.98,196757.46,128425.07,138196.62,158,Cancelled
TXN0002924,2026-12-05 00:00:00,D009,R001,Consulting,103682.98,97905.5,72909.48,86969.08,24,Completed
TXN0002925,2026-10-23 00:00:00,D003,R003,Hardware,260669.37,273192.49,144913.03,151676.24,164,Completed
TXN0002926,2026-11-04 00:00:00,D006,R003,Software,198344.15,225959.75,127017.15,128980.57,116,Pending
TXN0002927,2025-06-19 00:00:00,D001,R005,Software,177900.18,195934.15,113611.25,94096.33,67,Pending
TXN0002928,2026-01-10 00:00:00,D006,R003,Software,194495.32,170434.49,102848.12,106342.91,137,Completed
TXN0002929,2024-09-08 00:00:00,D009,R001,Consulting,97159.54,102781.82,69521.23,76491.12,65,Pending
TXN0002930,2025-04-11 00:00:00,D003,R003,Subscription,140342.85,144367.38,82558.55,82992.75,87,Completed
TXN0002931,2026-02-07 00:00:00,D001,R001,Services,137263.62,144536.06,99031.65,94554.33,15,Cancelled
TXN0002932,2026-04-12 00:00:00,D001,R001,Software,128153.87,140891.1,122434.77,106338.57,58,Completed
TXN0002933,2026-07-31 00:00:00,D007,R004,Subscription,145986.46,151769.94,88551.46,81872.17,163,Completed
TXN0002934,2026-12-12 00:00:00,D001,R001,Support,92939.64,93567.36,39406.16,41393.33,52,Completed
TXN0002935,2026-03-13 00:00:00,D002,R005,Software,192945.32,215049.99,107363.33,146167.98,69,Cancelled
TXN0002936,2024-01-11 00:00:00,D002,R002,Subscription,186750.92,236828.99,72052.86,78434.16,71,Completed
TXN0002937,2026-10-17 00:00:00,D888,R003,Consulting,143714.0,150932.49,73683.69,100345.64,68,Cancelled
TXN0002938,2026-12-18 00:00:00,D004,R001,Services,163507.54,167416.81,85984.1,74899.05,170,Completed
TXN0002939,2024-05-14 00:00:00,D007,R004,Services,146347.11,119174.77,79332.99,82479.1,41,Pending
TXN0002940,2024-12-15 00:00:00,D010,R002,Support,82768.34,103040.69,63497.05,63896.37,138,Cancelled
TXN0002941,2024-02-12 00:00:00,D005,R002,Services,140041.73,164874.93,89787.54,89449.51,67,Pending
TXN0002942,2026-12-18 00:00:00,D003,R003,Support,96756.7,93775.4,,25130.71,115,Completed
TXN0002943,2024-06-17 00:00:00,D002,R002,Hardware,230754.66,256933.5,168415.64,215605.0,123,Completed
TXN0002944,2026-03-09 00:00:00,D007,R004,Support,78153.57,93536.52,33691.86,33460.77,45,Completed
TXN0002945,2025-01-17 00:00:00,D006,R003,Software,139444.98,149894.68,110380.26,131961.35,108,Completed
TXN0002946,2025-01-17 00:00:00,D006,R003,support ,78025.99,73463.57,53064.26,59551.32,80,Completed
TXN0002947,2026-02-11 00:00:00,D001,R001,Consulting,103890.95,91099.94,80343.1,71525.87,83,Pending
TXN0002948,2026-12-22 00:00:00,D005,R002,Subscription,138801.32,150443.05,59423.35,74827.6,134,Completed
TXN0002949,2025-05-09 00:00:00,D004,R001,Hardware,189130.04,192866.39,154314.03,175595.93,147,Cancelled
TXN0002950,2025-11-10 00:00:00,D009,R001,Hardware,158872.23,166803.45,167444.36,196023.94,39,Pending
TXN0002951,2025-11-27 00:00:00,D010,R002,Software,208957.88,199538.46,138514.79,159976.91,14,Completed
TXN0002952,2025-05-04 00:00:00,D001,R001,hardware,230160.46,248649.15,161449.49,175463.05,57,Completed
TXN0002953,2025-02-01 00:00:00,D004,R001,Hardware,236605.94,223782.82,,123008.56,139,Completed
TXN0002954,2024-09-07 00:00:00,D010,R002,Support,90563.26,96350.15,64843.16,65809.77,106,Completed
TXN0002955,2024-07-12 00:00:00,D003,R003,Software,166011.26,169451.52,86552.5,91319.9,158,Pending
TXN0002956,2024-04-08 00:00:00,D009,R001,Software,161695.57,166509.22,121072.78,112279.58,160,Completed
TXN0002957,2025-02-09 00:00:00,D004,R001,Support,86697.09,87970.33,61300.07,61650.87,131,Completed
TXN0002958,2025-04-07 00:00:00,D003,R003,Hardware,203656.32,203938.93,105032.84,142850.81,15,Pending
TXN0002959,2026-10-31 00:00:00,D001,R001,Software,204690.87,166489.91,143813.78,152833.39,132,Completed
TXN0002960,2026-04-13 00:00:00,D007,R004,Subscription,189256.67,216107.83,68874.71,75670.09,146,Cancelled
TXN0002961,2024-02-24 00:00:00,D001,R005,Services,152426.56,135697.78,97999.7,109961.29,12,Cancelled
TXN0002962,2024-08-17 00:00:00,D002,R002,Consulting,125456.12,153197.71,57368.18,51708.26,145,Completed
TXN0002963,2025-05-15 00:00:00,D010,R002,Software,200257.4,217720.37,130494.77,,101,Completed
TXN0002964,2025-06-24 00:00:00,D008,R004,Consulting,150119.69,150853.43,87719.05,86967.75,77,Cancelled
TXN0002965,2024-01-07 00:00:00,D002,R002,Consulting,108032.47,135901.51,,71483.7,163,Completed
TXN0002966,2024-10-01 00:00:00,D007,R004,Hardware,266925.38,274102.71,187161.61,194148.09,19,Completed
TXN0002967,2026-12-13 00:00:00,D005,R002,Software,186801.6,218683.13,98869.07,118210.03,168,Cancelled
TXN0002968,2025-04-07 00:00:00,D005,R002,Hardware,184178.19,229626.4,166641.63,141187.2,64,Pending
TXN0002969,2024-10-12 00:00:00,D009,R001,Software,197240.56,199473.67,131399.37,171419.47,109,Completed
TXN0002970,2025-03-17 00:00:00,D003,R003,Services,111626.04,128433.4,68100.37,62227.07,160,Cancelled
TXN0002971,2026-07-13 00:00:00,D009,R001,Services,134569.99,143096.18,92656.52,98761.84,75,Completed
TXN0002972,2025-06-06 00:00:00,D006,R003,Software,191405.18,184266.79,106239.28,100244.23,14,Completed
TXN0002973,2024-03-28 00:00:00,D003,R003,Consulting,133883.45,154900.6,69601.83,65146.82,98,Completed
TXN0002974,2026-05-27 00:00:00,D006,R003,Consulting,123024.31,124526.72,101282.55,72465.66,116,Completed
TXN0002975,2024-09-20 00:00:00,D009,R001,Software,162526.26,161753.36,126482.52,130778.93,114,Completed
TXN0002976,2026-12-01 00:00:00,D001,R001,Software,187317.28,231146.51,86212.76,83228.39,57,Completed
TXN0002977,2024-06-30 00:00:00,D007,R004,Subscription,142111.32,158791.98,76421.33,76822.24,11,Pending
TXN0002978,2025-10-18 00:00:00,D003,R003,Software,130586.58,160817.49,112343.73,121566.71,59,Completed
TXN0002979,2025-11-28 00:00:00,D003,R003,Hardware,254043.92,246880.97,119558.3,133954.61,96,Completed
TXN0002980,2026-06-12 00:00:00,D007,R004,Services,103570.62,122690.53,85549.83,89578.57,151,Completed
TXN0002981,2026-05-19 00:00:00,D008,R004,Consulting,133242.37,125801.08,82331.44,95289.44,148,Completed
TXN0002982,2025-06-24 00:00:00,D010,R002,Subscription,119028.16,126569.51,125336.72,133585.62,79,Completed
TXN0002983,2024-01-11 00:00:00,D002,R002,Subscription,146767.11,141706.56,102714.12,95420.13,140,Pending
TXN0002984,2026-09-03 00:00:00,D004,R001,Services,177243.75,193206.13,109693.21,102162.11,175,Cancelled
TXN0002985,2025-03-10 00:00:00,D009,R001,Software,167355.33,142616.94,99789.12,82407.8,64,Completed
TXN0002986,2024-07-28 00:00:00,D010,R002,Software,176796.53,206724.06,97927.55,111662.8,175,Completed
TXN0002987,2024-04-07 00:00:00,D008,R004,Software,162658.04,222861.8,106245.98,120348.52,134,Completed
TXN0002988,2025-08-15 00:00:00,D010,R002,Software,146271.43,150636.49,120268.43,116312.15,78,Cancelled
TXN0002989,2026-07-16 00:00:00,D003,R003,Support,83878.51,84872.06,56406.55,63818.88,70,Cancelled
TXN0002990,2026-05-11 00:00:00,D003,R003,Subscription,163707.39,184305.75,72211.19,52736.83,164,Cancelled
TXN0002991,2025-08-30 00:00:00,D007,R004,Support,111559.02,106361.64,52013.84,53552.38,146,Cancelled
TXN0002992,2026-07-23 00:00:00,D010,R002,Support,113296.07,134283.62,55606.1,62604.53,27,Cancelled
TXN0002993,2026-02-25 00:00:00,D005,R002,Hardware,247256.09,333940.59,125723.52,85878.67,168,Cancelled
TXN0002994,2024-07-29 00:00:00,D004,R001,Subscription,134587.19,173726.41,97915.25,98885.6,80,Completed
TXN0002995,2025-02-02 00:00:00,D009,R001,Subscription,206464.74,209130.49,102867.01,119007.59,49,Completed
TXN0002996,2025-08-25 00:00:00,D002,R002,Services,168425.67,164917.72,100779.37,107708.7,41,Pending
TXN0002997,2026-04-15 00:00:00,D007,R004,Software,160286.64,159311.11,117155.14,113840.37,164,Completed
TXN0002998,2024-08-29 00:00:00,D009,R001,Consulting,130500.23,166899.45,88632.29,92966.06,122,Pending
TXN0002999,2025-03-18 00:00:00,D001,R001,Services,142154.03,143524.77,82428.81,79933.22,84,Cancelled
TXN0003000,2025-10-29 00:00:00,D004,R001,Services,136073.61,134355.35,80602.39,70947.59,176,Cancelled
TXN0003001,2024-10-10 00:00:00,D006,R003,Subscription,171329.3,187952.89,87400.08,81584.74,173,Cancelled
TXN0003002,2024-01-07 00:00:00,D001,R001,Hardware,199462.45,225485.91,156994.41,181927.2,93,Pending
TXN0003003,2026-06-08 00:00:00,D002,R002,Support,90993.77,104562.91,52253.24,54831.7,92,Completed
TXN0003004,2026-04-11 00:00:00,D009,R001,Services,166917.66,162434.29,98074.5,64642.46,156,Completed
TXN0003005,2025-06-28 00:00:00,D009,R001,Consulting,145365.18,159342.7,83315.21,70796.74,28,Cancelled
TXN0003006,2026-04-13 00:00:00,D007,R004,Hardware,unknown,209098.46,165215.41,213954.77,166,Completed
TXN0003007,2024/07/20,D004,R006,Consulting,131771.79,135779.99,66319.04,60317.71,177,Completed
TXN0003008,2025-11-20 00:00:00,D004,R001,Hardware,185888.06,189685.07,160130.29,105954.83,35,Completed
TXN0003009,2024-11-01 00:00:00,D004,R001,Consulting,116739.27,87332.08,89655.31,87857.42,66,Cancelled
TXN0003010,2024-03-24 00:00:00,D005,R002,hardware,203498.46,234980.54,135957.52,91692.48,12,Completed
TXN0003011,2024-01-14 00:00:00,D008,R004,Software,168721.32,171676.97,106205.98,104123.71,175,Cancelled
TXN0003012,2024-05-08 00:00:00,D007,R004,Consulting,118052.86,158991.91,64917.04,72107.14,19,Completed
TXN0003013,2024-06-15 00:00:00,D007,R004,Software,188151.61,230968.21,101413.5,106455.07,176,Completed
TXN0003014,2024-04-08 00:00:00,D010,R002,Software,218579.61,247615.98,141002.43,106515.42,21,Pending
TXN0003015,2025-08-23 00:00:00,D009,R006,Software,159999.98,155031.61,99105.89,105532.11,166,Cancelled
TXN0003016,2024-04-21 00:00:00,D002,R002,Hardware,240501.74,252760.56,139043.78,133879.48,121,Pending
TXN0003017,2025-02-05 00:00:00,D003,R003,Subscription,157692.05,153736.65,92779.52,84688.99,154,Pending
TXN0003018,2026-01-24 00:00:00,D007,R004,Software,151294.81,161097.89,79098.49,77587.83,61,Completed
TXN0003019,2026-06-25 00:00:00,D005,R006,Consulting,136278.1,116970.68,82523.69,95346.07,158,Completed
TXN0003020,2026-07-08 00:00:00,D007,R004,Support,112665.38,101033.28,60463.3,55886.31,40,Pending
TXN0003021,2024-10-07 00:00:00,D007,R004,Subscription,148334.53,150219.77,78501.99,108855.92,93,Completed
TXN0003022,2026-10-04 00:00:00,D009,R001,Support,104791.75,107351.51,55237.69,51556.65,165,Pending
TXN0003023,2024-05-16 00:00:00,D007,R004,Services,193952.45,205863.15,85196.07,59074.57,72,Completed
TXN0003024,2026-12-28 00:00:00,D007,R004,support ,98047.15,101590.62,44809.58,43991.12,72,Completed
TXN0003025,2025-04-20 00:00:00,D004,R001,Consulting,129621.8,116001.59,90702.49,93863.73,27,Completed
TXN0003026,2025-02-18 00:00:00,D006,R003,Services,124793.37,91572.89,105791.39,123890.23,93,Pending
TXN0003027,2026-08-08 00:00:00,D002,R002,Software,138129.37,149006.64,93081.97,92385.56,7,Completed
TXN0003028,2024-11-30 00:00:00,D003,R003,Software,141173.09,155823.28,127901.8,150701.95,5,Pending
TXN0003029,2025-05-02 00:00:00,D002,R002,Consulting,140359.68,151380.41,66230.91,84019.05,136,Completed
TXN0003030,2025-12-07 00:00:00,D003,R003,Subscription,163689.25,154073.96,78237.19,77058.32,101,Completed
TXN0003031,2025-08-30 00:00:00,D004,R001,Software,190789.27,222798.62,115747.51,105091.65,83,Completed
TXN0003032,2025-10-23 00:00:00,D010,R005,Subscription,209923.11,174927.01,93372.4,100443.59,17,Completed
TXN0003033,2024-07-12 00:00:00,D007,R004,Software,173769.38,206405.52,119585.18,121147.44,115,Completed
TXN0003034,2026-07-14 00:00:00,D005,R002,Services,142969.68,178128.48,70856.43,68280.85,57,Completed
TXN0003035,2024-08-09 00:00:00,D002,R002,Subscription,173128.13,159800.3,81992.84,85225.35,41,Pending
TXN0003036,2025-01-17 00:00:00,D008,R004,Services,83800.72,91509.24,81411.94,80467.33,24,Completed
TXN0003037,2025-01-08 00:00:00,D003,R003,Consulting,103278.59,104143.04,68831.47,66334.24,31,Completed
TXN0003038,2024-12-17 00:00:00,D005,R002,Consulting,81883.23,92587.88,75576.68,69384.99,151,Cancelled
TXN0003039,2026-06-15 00:00:00,D006,R003,Consulting,132983.41,110771.83,83178.8,92822.37,64,Pending
TXN0003040,2025-05-12 00:00:00,D004,R001,Subscription,194884.45,209250.63,101498.47,111904.97,34,Cancelled
TXN0003041,2026-04-16 00:00:00,D003,R003,Hardware,234954.53,164596.62,139917.84,146584.44,12,Completed
TXN0003042,2024-02-16 00:00:00,D004,R001,Consulting,131666.65,126008.02,77152.02,78440.7,131,Cancelled
TXN0003043,2026-04-04 00:00:00,D009,R001,Consulting,93937.15,74329.83,73171.59,77263.08,179,Completed
TXN0003044,2026-04-04 00:00:00,D008,R004,Software,163731.71,179898.9,115459.09,137556.0,132,Completed
TXN0003045,2024-02-01 00:00:00,D007,R004,Services,147127.27,131032.47,82842.48,93938.85,98,Completed
TXN0003046,2024-12-16 00:00:00,,R004,Software,163032.59,179133.05,122877.43,135321.0,51,Completed
TXN0003047,2024-06-25 00:00:00,D006,R003,Services,129240.09,134823.29,70039.77,67533.65,105,Completed
TXN0003048,2026-07-05 00:00:00,D001,R001,Subscription,154467.39,170619.24,87859.87,78448.12,31,Completed
TXN0003049,2024-05-29 00:00:00,D007,R004,Support,71999.12,64253.69,51969.76,59881.69,138,Completed
TXN0003050,2025-11-01 00:00:00,D002,R002,Services,173527.38,188845.78,82975.19,,150,Pending
TXN0003051,2026-12-30 00:00:00,D008,R004,Software,243443.46,246587.61,118620.68,118237.09,179,Completed
TXN0003052,2025-08-14 00:00:00,D004,R001,Subscription,110644.19,99560.0,83277.28,85328.96,144,Completed
TXN0003053,2025-11-08 00:00:00,D003,R003,Software,156867.93,159199.57,119594.48,100858.42,13,Cancelled
TXN0003054,2026-06-06 00:00:00,D004,R001,Subscription,122222.45,119295.65,97083.05,112205.93,158,Completed
TXN0003055,2024-09-23 00:00:00,D009,R001,Support,90898.77,87855.95,57137.54,56326.7,81,Cancelled
TXN0003056,2026-11-14 00:00:00,D006,R003,Subscription,165353.28,161385.85,99161.0,108697.95,146,Completed
TXN0003057,2026-11-05 00:00:00,D002,R002,Consulting,96690.56,107758.55,80045.7,76915.73,122,Completed
TXN0003058,2025-04-26 00:00:00,D008,R004,Services,158932.2,180869.03,89011.11,116333.7,144,Pending
TXN0003059,2025-01-17 00:00:00,D008,R004,Services,174266.25,177139.32,84391.96,83544.9,11,Cancelled
TXN0003060,2024-05-10 00:00:00,D008,R004,Software,159072.58,158952.59,128057.85,90657.46,165,Pending
TXN0003061,2026-02-26 00:00:00,D008,R004,Consulting,130306.96,138986.18,90002.42,79669.58,143,Completed
TXN0003062,2026-11-01 00:00:00,D010,R002,Consulting,144616.5,163787.15,76599.46,88998.89,132,Completed
TXN0003063,2025-02-05 00:00:00,D003,R003,Subscription,152777.32,107938.48,88089.38,79214.55,131,Completed
TXN0003064,2024-01-02 00:00:00,D009,R001,Subscription,162351.37,149564.02,95681.43,93996.54,107,Completed
TXN0003065,2025-07-05 00:00:00,D004,R001,Support,93930.05,,49775.18,49156.42,12,Completed
TXN0003066,2025-11-10 00:00:00,D007,R004,Subscription,151893.95,191548.83,89912.71,99914.52,180,Pending
TXN0003067,2025-07-26 00:00:00,D010,R005,Services,151938.04,125507.32,76797.57,-50997.49319683419,143,Completed
TXN0003068,2025-05-29 00:00:00,D006,R003,Hardware,196762.22,202248.29,117069.85,134172.23,51,Cancelled
TXN0003069,2025-02-05 00:00:00,D007,R004,Consulting,142772.92,121482.28,72346.62,72621.15,40,Completed
TXN0003070,2025-05-20 00:00:00,D010,R002,Support,81666.3,70376.56,45828.86,61747.85,167,Completed
TXN0003071,2026-03-12 00:00:00,D009,R001,Hardware,224766.78,233237.78,149987.64,147231.71,61,Completed
TXN0003072,2024-07-30 00:00:00,D009,R001,Subscription,186128.36,151109.62,84442.56,112343.21,92,Pending
TXN0003073,2025-11-02 00:00:00,D003,R003,Support,101864.04,121136.4,62018.58,60547.71,52,Cancelled
TXN0003074,2024-12-30 00:00:00,D006,R003,Consulting,113446.51,127191.26,92327.81,68389.63,92,Pending
TXN0003075,2026-04-06 00:00:00,D003,R003,Services,138527.76,127416.64,59954.71,64745.37,155,Completed
TXN0003076,2026-01-27 00:00:00,D004,R001,Subscription,175179.65,179704.29,80818.85,85758.8,31,Completed
TXN0003077,2026-03-12 00:00:00,D009,R001,Support,89260.59,104425.39,55183.41,71674.84,99,Completed
TXN0003078,2026-11-28 00:00:00,D001,R001,Consulting,82833.75,81108.07,102707.4,107125.23,72,Pending
TXN0003079,2025-10-18 00:00:00,D009,R001,Subscription,191070.87,187877.21,58906.53,70240.19,129,Completed
TXN0003080,2025-09-19 00:00:00,D005,R002,Services,132815.59,104703.06,78573.99,84609.52,165,Cancelled
TXN0003081,2024-06-01 00:00:00,D002,,Subscription,173094.57,141176.9,97940.14,97785.52,33,Pending
TXN0003082,2025-02-11 00:00:00,D010,R002,Software,109472.34,114965.62,116936.37,140726.36,138,Completed
TXN0003083,2024-06-25 00:00:00,D010,R002,Software,165748.75,119460.83,141494.12,150129.83,98,Completed
TXN0003084,2025-08-24 00:00:00,D007,R004,Hardware,246089.28,318733.57,139689.98,191321.55,121,Completed
TXN0003085,2024-08-07 00:00:00,D006,R003,SERVICES,165357.52,170851.2,116828.08,115693.65,60,Completed
TXN0003086,2026-05-09 00:00:00,D006,R003,Services,158458.41,178249.65,78053.43,87632.01,126,Cancelled
TXN0003087,2026-07-05 00:00:00,D002,R002,Consulting,93846.58,91833.23,99586.65,112983.28,86,Completed
TXN0003088,2024-11-02 00:00:00,D001,R001,Hardware,214622.49,229254.39,143874.9,146164.0,169,Completed
TXN0003089,2024-03-13 00:00:00,D005,R002,Software,162318.48,177417.79,106777.6,105973.55,95,Completed
TXN0003090,2024-09-06 00:00:00,D008,R004,Subscription,136005.77,130866.29,101759.09,105680.16,156,Cancelled
TXN0003091,2024-09-26 00:00:00,D008,R004,Subscription,152717.05,140880.84,54839.42,61925.27,127,Completed
TXN0003092,2026-11-19 00:00:00,D005,R002,Services,153129.3,153390.93,90495.07,92641.29,139,Cancelled
TXN0003093,2025-11-08 00:00:00,D006,R003,Services,101136.74,109594.97,97043.17,109269.04,147,Pending
TXN0003094,2026-11-03 00:00:00,D007,R006,Subscription,131035.98,143988.91,90542.12,95174.26,111,Pending
TXN0003095,2024-12-09 00:00:00,D009,R001,Hardware,230683.44,218936.97,145268.98,127117.05,40,Pending
TXN0003096,2025-07-26 00:00:00,D006,R003,Support,116504.9,113501.15,62241.16,54634.69,143,Completed
TXN0003097,2025-10-11 00:00:00,D010,R002,Hardware,261227.87,356232.14,160149.78,147848.18,162,Completed
TXN0003098,2024-08-31 00:00:00,D003,R003,Hardware,228078.42,221322.98,160709.88,163347.83,26,Pending
TXN0003099,2024-03-28 00:00:00,D006,R005,Software,172189.84,229337.76,114821.27,104766.66,44,Completed
TXN0003100,2025-04-20 00:00:00,D006,R003,Subscription,117862.68,142140.76,93508.13,96384.95,23,Completed
TXN0003101,2025-10-29 00:00:00,D003,R003,Software,143780.22,132825.91,96199.64,112973.01,86,Completed
TXN0003102,2024-03-10 00:00:00,D004,R006,Consulting,112687.59,117602.62,97763.86,,138,Completed
TXN0003103,2024-07-24 00:00:00,D007,R004,Services,149035.57,143560.75,79444.41,73409.26,77,Completed
TXN0003104,2026-02-23 00:00:00,D005,R002,Subscription,107919.75,109804.32,87991.0,103566.58,103,Cancelled
TXN0003105,2024-10-22 00:00:00,D010,R002,Consulting,105064.11,107992.77,75727.8,90727.36,132,Completed
TXN0003106,2026-06-22 00:00:00,D007,R004,Support,91404.45,100921.19,61538.36,65039.17,79,Pending
TXN0003107,2026-01-20 00:00:00,D003,R003,Services,160007.17,171043.22,87904.91,79341.0,136,Completed
TXN0003108,2026-12-12 00:00:00,D006,R003,Software,175852.9,172288.16,96598.38,100410.06,60,Completed
TXN0003109,2024-09-30 00:00:00,D009,R001,Software,187955.11,178852.13,119830.62,127156.03,53,Completed
TXN0003110,2024-01-15 00:00:00,D003,R003,Services,123991.41,156838.31,74804.53,61412.26,165,Completed
TXN0003111,2024-01-17 00:00:00,D010,R002,Consulting,163751.02,162765.48,94071.6,124597.6,28,Cancelled
TXN0003112,2024-11-23 00:00:00,D004,R001,Consulting,164551.11,165488.48,69063.98,64616.76,57,Cancelled
TXN0003113,2024-12-04 00:00:00,D008,R004,Subscription,152890.49,158385.25,67529.76,82265.83,125,Pending
TXN0003114,2026-07-22 00:00:00,D009,R001,Support,113478.54,122883.43,54004.1,53487.93,50,Completed
TXN0003115,2025-06-17 00:00:00,D006,R003,Hardware,273996.42,346265.96,152004.79,160069.96,97,Cancelled
TXN0003116,2024-11-12 00:00:00,D005,R002,Consulting,148369.72,168065.84,51775.02,55439.69,151,Completed
TXN0003117,2026-11-12 00:00:00,D006,R003,Software,225837.7,245022.92,108846.69,104032.55,176,Pending
TXN0003118,2025-05-08 00:00:00,D007,R004,Subscription,163611.26,174177.0,81242.59,106493.14,31,Pending
TXN0003119,2026-06-19 00:00:00,D001,R001,Services,108667.36,113296.23,86088.56,95067.3,35,Pending
TXN0003120,2026-06-26 00:00:00,D003,R005,Services,125873.95,131708.47,108040.79,94032.11,60,Cancelled
TXN0003121,2025-10-29 00:00:00,D010,R002,Software,159999.51,150207.74,122294.93,142413.12,51,Completed
TXN0003122,2025-03-14 00:00:00,D003,R003,Subscription,172154.01,157963.4,86879.3,88592.26,110,Completed
TXN0003123,2024-06-03 00:00:00,D002,R002,Hardware,248132.81,267091.2,120504.4,120281.27,168,Completed
TXN0003124,2025-04-29 00:00:00,D004,R001,Services,159692.01,144794.34,79217.38,59789.76,47,Completed
TXN0003125,2025-02-20 00:00:00,D006,R003,Services,106108.85,123456.32,55859.01,,86,Cancelled
TXN0003126,2026-09-28 00:00:00,D005,R002,Software,114672.06,111705.11,115552.74,120839.7,170,Pending
TXN0003127,2025-08-16 00:00:00,D008,R004,Consulting,194105.08,186019.32,49524.81,55351.59,68,Completed
TXN0003128,2026-10-17 00:00:00,D010,R002,Hardware,230988.18,236352.11,169069.23,184077.64,161,Completed
TXN0003129,2026-06-17 00:00:00,D003,R003,Subscription,171269.01,140677.98,80573.72,76335.47,5,Completed
TXN0003130,2024-11-27 00:00:00,D010,R002,Software,146692.99,,118432.5,152816.35,19,Completed
TXN0003131,2026-08-17 00:00:00,D004,R001,Subscription,151280.09,192791.0,99511.04,114742.97,139,Pending
TXN0003132,2025-10-31 00:00:00,D002,R002,Support,49168.9,49966.33,55147.02,45843.29,40,Cancelled
TXN0003133,2025-05-12 00:00:00,D009,R001,Subscription,121542.71,116070.66,74986.8,66788.98,38,Completed
TXN0003134,2024-10-02 00:00:00,D001,R001,Software,118405.19,108494.39,111465.99,129023.25,98,Pending
TXN0003135,2024-03-18 00:00:00,D001,R888,Services,159267.91,191091.4,63581.63,65203.19,16,Completed
TXN0003136,2026-08-11 00:00:00,D009,R001,Support,98696.56,95206.6,69560.79,72444.18,137,Cancelled
TXN0003137,2025-12-16 00:00:00,D009,R001,Consulting,194675.65,176748.9,56916.63,69697.03,180,Completed
TXN0003138,2025-01-13 00:00:00,D006,R003,Hardware,224940.65,230375.71,117097.57,121845.22,65,Cancelled
TXN0003139,2025-02-17 00:00:00,D007,R004,Software,167560.23,192419.44,107621.71,98086.82,9,Completed
TXN0003140,2024-06-16 00:00:00,D005,R002,Consulting,152743.38,168546.54,66100.89,58787.88,151,Cancelled
TXN0003141,2025-12-11 00:00:00,D006,R003,Software,187332.64,166872.64,118735.7,100672.94,46,Completed
TXN0003142,2024-02-16 00:00:00,D010,R002,Software,202469.26,,89223.23,91267.55,43,Cancelled
TXN0003143,2025-12-14 00:00:00,D003,R003,,81578.83,84300.75,56658.27,61217.1,174,Completed
TXN0003144,2025-07-21 00:00:00,D002,R002,Consulting,80535.14,78339.94,73554.53,81952.84,172,Cancelled
TXN0003145,2026-05-01 00:00:00,D004,R005,Software,184984.66,182451.17,100811.53,120094.3,125,Completed
TXN0003146,2024-07-09 00:00:00,D004,R001,Consulting,101869.13,103779.79,76836.0,72287.56,160,Completed
TXN0003147,2024-11-05 00:00:00,D003,R003,Support,81177.92,94130.99,59339.16,59110.88,43,Completed
TXN0003148,2026-07-31 00:00:00,D004,R001,Support,110103.64,132159.04,,43631.18,109,Pending
TXN0003149,2024-08-18 00:00:00,D003,R005,Software,163040.14,135697.29,132759.41,157567.56,102,Pending
TXN0003150,2024-03-26 00:00:00,D002,R002,Services,151467.14,154809.18,109784.54,125641.13,35,Cancelled
TXN0003151,2025-12-03 00:00:00,,R001,Support,91160.96,97063.88,61130.36,81054.47,174,Cancelled
TXN0003152,2025-03-14 00:00:00,D008,R004,Services,118363.63,118110.59,108059.02,109306.61,14,Completed
TXN0003153,2025-11-21 00:00:00,D010,R002,Consulting,133186.41,151520.22,80207.78,95384.73,58,Cancelled
TXN0003154,2025-09-09 00:00:00,D001,R001,Consulting,100599.41,86671.37,75935.18,69847.81,138,Completed
TXN0003155,2024-12-26 00:00:00,D003,R003,Hardware,238247.24,253659.64,135873.3,155763.2,30,Completed
TXN0003156,2026-12-10 00:00:00,D005,R006,Support,65058.06,74973.89,44486.79,32338.1,40,Completed
TXN0003157,2024-10-02 00:00:00,D001,R001,Hardware,297998.4,269823.17,120906.82,136719.19,43,Cancelled
TXN0003158,2025-01-31 00:00:00,D005,R002,Software,143182.71,146922.65,120331.95,151327.44,98,Completed
TXN0003159,2024-01-03 00:00:00,D007,R004,Software,233664.85,244811.74,143877.28,152833.05,59,Cancelled
TXN0003160,2026-10-13 00:00:00,D010,R002,Support,113196.6,139918.08,50960.76,62703.21,9,Completed
TXN0003161,2024-10-17 00:00:00,D004,R001,Software,246770.78,225691.81,100689.17,67600.04,75,Completed
TXN0003162,2025-10-30 00:00:00,D007,R004,Subscription,187312.17,150451.9,78745.54,91635.64,143,Completed
TXN0003163,2025-03-10 00:00:00,D007,R004,Services,113186.04,152730.51,82571.28,82375.92,11,Completed
TXN0003164,2024-02-22 00:00:00,D002,R002,Services,143289.67,147338.97,87922.16,86880.87,41,Pending
TXN0003165,2024-11-27 00:00:00,D001,R001,Hardware,224555.01,193843.04,168403.29,193478.07,127,Completed
TXN0003166,2024-12-06 00:00:00,D009,R001,Software,189417.59,138963.01,115782.21,106475.01,158,Cancelled
TXN0003167,2024-06-23 00:00:00,D001,R001,Support,80197.97,85017.47,50057.93,48584.45,115,Pending
TXN0003168,2024-09-16 00:00:00,D010,R888,Services,108344.89,108698.72,84394.19,83528.82,77,Cancelled
TXN0003169,2024-11-20 00:00:00,D002,R002,Hardware,158061.57,164379.37,,158893.29,180,Completed
TXN0003170,2024-03-07 00:00:00,D004,R001,Hardware,222033.81,256999.18,126043.39,116364.55,68,Completed
TXN0003171,2026-10-13 00:00:00,D002,R006,Consulting,138972.45,96483.47,109356.25,142929.91,149,Pending
TXN0003172,2024-05-12 00:00:00,D006,R003,Hardware,281337.15,294400.93,179478.89,192655.05,99,Pending
TXN0003173,2026-01-31 00:00:00,D010,R002,Hardware,247870.32,269155.46,136465.57,128817.47,77,Pending
TXN0003174,2026-09-09 00:00:00,D003,R003,Hardware,211955.01,189593.73,152196.33,150219.12,32,Completed
TXN0003175,2024-08-14 00:00:00,D005,R002,Software,213688.3,247324.61,103987.51,108689.82,16,Cancelled
TXN0003176,2024-09-08 00:00:00,D001,R001,Subscription,165584.94,172035.87,90909.99,108318.74,14,Completed
TXN0003177,2026-04-24 00:00:00,D001,R001,Support,109933.85,117549.65,43222.69,51920.67,146,Completed
TXN0003178,2024-07-03 00:00:00,D002,R002,Hardware,197547.73,172963.66,167136.62,167082.61,130,Completed
TXN0003179,2024-01-27 00:00:00,D007,R004,Subscription,132770.51,160297.5,113185.1,86293.65,137,Completed
TXN0003180,2024-03-03 00:00:00,D006,R003,Services,143144.42,157931.3,88506.92,105168.62,32,Completed
TXN0003181,2026-11-07 00:00:00,D001,R001,Services,149571.8,148865.41,92715.36,98461.81,15,Pending
TXN0003182,2026-08-04 00:00:00,D008,R004,Software,149691.89,147141.27,106698.26,116054.93,63,Completed
TXN0003183,2026-01-09 00:00:00,D002,R002,Hardware,264461.74,224998.31,160339.5,152520.7,140,Completed
TXN0003184,2024-12-24 00:00:00,D008,R004,Consulting,148561.47,152097.01,75318.0,84434.5,34,Completed
TXN0003185,2025-12-15 00:00:00,D001,R006,Services,115667.51,105393.15,83543.07,82234.09,141,Cancelled
TXN0003186,2026-05-29 00:00:00,D006,R003,Support,110547.41,118377.66,63243.89,70026.79,157,Completed
TXN0003187,2024-01-12 00:00:00,D008,R005,Subscription,164316.32,182113.75,98593.83,109667.71,90,Completed
TXN0003188,2026-06-19 00:00:00,D004,R001,Services,131774.28,131312.58,90839.17,106801.32,70,Pending
TXN0003189,2024-06-10 00:00:00,,R004,Services,111628.06,111684.43,106860.7,110498.25,95,Cancelled
TXN0003190,2026-08-30 00:00:00,D002,R888,Services,154778.62,102789.11,95214.83,92293.66,9,Completed
TXN0003191,2026-04-29 00:00:00,D001,R001,Consulting,129416.13,156747.13,91960.6,97558.08,113,Completed
TXN0003192,2024-02-21 00:00:00,D005,,Support,88012.99,-78774.12919283984,47796.98,63294.48,22,Completed
TXN0003193,2026-08-15 00:00:00,D001,R001,Consulting,103768.96,113038.13,61758.6,56466.88,36,Completed
TXN0003194,2025-04-28 00:00:00,D001,R006,Subscription,200970.74,176896.68,97011.29,114108.39,144,Cancelled
TXN0003195,2025-07-06 00:00:00,D002,R002,Subscription,133987.74,124403.42,65247.7,84818.15,151,Completed
TXN0003196,2024-05-14 00:00:00,D006,R003,Support,65378.14,67991.46,54512.54,42532.77,86,Completed
TXN0003197,2026-10-24 00:00:00,D001,R001,Subscription,186176.0,188820.94,79611.25,104928.27,14,Cancelled
TXN0003198,2026-10-14 00:00:00,D005,R002,Subscription,213472.16,235290.22,90466.94,65245.17,106,Cancelled
TXN0003199,2025-04-03 00:00:00,D009,R001,Support,70337.86,69145.67,62599.73,,170,Completed
TXN0003200,2024-09-03 00:00:00,D004,R001,Consulting,125186.18,130770.34,66609.62,65785.24,111,Pending
TXN0003201,2024-07-28 00:00:00,D010,R002,Hardware,231297.17,285730.77,152470.88,188492.26,110,Pending
TXN0003202,2025-08-10 00:00:00,D002,R002,Consulting,111754.42,122390.91,80811.85,65504.34,17,Pending
TXN0003203,2025-04-22 00:00:00,D008,R004,Services,120973.14,105743.08,110793.82,108765.72,49,Completed
TXN0003204,2026-11-21 00:00:00,D007,R004,Support,84357.4,77199.86,56692.85,53334.8,176,Cancelled
TXN0003205,2024-08-21 00:00:00,D010,R002,Subscription,160307.97,167329.73,95103.45,101656.52,161,Pending
TXN0003206,2026-06-01 00:00:00,D001,R006,Services,152411.59,143029.87,89458.33,81865.84,174,Completed
TXN0003207,2026-11-21 00:00:00,D001,R001,Software,171322.0,179218.42,65056.09,66782.65,122,Cancelled
TXN0003208,2024-04-22 00:00:00,D003,R003,Consulting,112536.47,105614.58,84869.14,96967.45,45,Completed
TXN0003209,2024-06-20 00:00:00,D005,R002,Subscription,157180.7,183106.9,72252.66,94935.78,65,Completed
TXN0003210,2026-10-30 00:00:00,D010,R002,Subscription,172817.23,146381.12,94016.49,121575.86,154,Pending
TXN0003211,2026-06-29 00:00:00,D003,R003,Software,unknown,193521.71,102999.77,139788.0,10,Cancelled
TXN0003212,2026-11-06 00:00:00,D009,R001,Hardware,139066.76,130243.3,165340.83,153394.28,12,Completed
TXN0003213,2025-09-14 00:00:00,D009,R001,Hardware,187685.49,167991.94,125299.96,133216.66,141,Completed
TXN0003214,2025-12-30 00:00:00,D003,R003,Consulting,79505.15,80984.89,82618.96,94269.76,138,Cancelled
TXN0003215,2026-11-04 00:00:00,D004,R001,Consulting,108163.82,100649.81,70889.59,61774.43,100,Pending
TXN0003216,2024-02-22 00:00:00,D001,R001,Software,139545.95,95581.27,113639.97,131964.52,71,Cancelled
TXN0003217,2026-08-27 00:00:00,D001,R001,Hardware,262830.6,260163.44,181875.17,180907.57,175,Completed
TXN0003218,2024-06-23 00:00:00,D003,R003,Consulting,87867.02,102935.17,64057.76,,81,Cancelled
TXN0003219,2024-06-21 00:00:00,D007,R004,Support,95485.23,110008.68,56704.17,66672.27,45,Cancelled
TXN0003220,2025-07-07 00:00:00,D008,R004,Subscription,95507.51,94056.24,112238.4,112415.04,47,Cancelled
TXN0003221,2024-11-04 00:00:00,D007,R004,Subscription,73736.31,80333.85,89595.01,92991.75,123,Pending
TXN0003222,2026-09-04 00:00:00,D010,R002,Support,80018.4,81582.16,51544.46,,175,Completed
TXN0003223,2024-08-29 00:00:00,D005,R006,Services,152387.98,165492.56,87910.6,98192.53,71,Completed
TXN0003224,2026-05-24 00:00:00,D010,R002,Hardware,210837.51,259886.68,144473.88,142664.14,16,Pending
TXN0003225,2026-09-25 00:00:00,D009,R001,Services,142125.39,147607.99,96552.61,92434.83,77,Cancelled
TXN0003226,2026-02-11 00:00:00,D009,R001,Support,70129.72,65052.55,53364.91,51244.48,95,Completed
TXN0003227,2026-03-26 00:00:00,D008,R004,Support,71310.72,73058.86,54176.13,60385.23,51,Completed
TXN0003228,2025-08-02 00:00:00,D001,R001,Consulting,158472.99,151033.66,82830.41,108789.62,161,Pending
TXN0003229,2025-06-26 00:00:00,D007,R004,Support,103363.12,124482.66,47317.14,unknown,161,Pending
TXN0003230,2025-10-01 00:00:00,D001,R001,Subscription,167192.4,132636.77,83794.41,74764.5,43,Completed
TXN0003231,2026-03-01 00:00:00,D008,R006,Software,216967.2,246920.45,117949.26,117403.58,41,Completed
TXN0003232,2026-04-12 00:00:00,D006,R003,Services,175190.94,190167.0,56750.63,35627.67,75,Cancelled
TXN0003233,2025-03-30 00:00:00,D009,R001,Subscription,195375.84,209429.08,80826.83,75613.22,73,Cancelled
TXN0003234,2025-04-11 00:00:00,D007,R004,Subscription,123913.61,124653.58,87300.27,82077.12,162,Completed
TXN0003235,2026-03-20 00:00:00,D007,R004,Hardware,236890.96,290183.85,179571.33,151134.69,127,Completed
TXN0003236,2024-05-19 00:00:00,D009,R001,Subscription,194307.57,207761.71,105420.35,108592.82,113,Completed
TXN0003237,2025-09-06 00:00:00,D010,R002,Software,215464.17,210307.57,129938.02,150270.72,23,Completed
TXN0003238,2025-05-23 00:00:00,D002,R002,Support,105264.13,116342.14,64014.3,58499.47,96,Cancelled
TXN0003239,2026-04-14 00:00:00,D003,R003,Services,120260.62,129278.53,95679.47,91109.27,32,Completed
TXN0003240,2024-01-01 00:00:00,D004,R001,Consulting,140555.52,131950.28,68821.2,76157.84,92,Completed
TXN0003241,2026-11-12 00:00:00,D004,R006,Hardware,202955.58,229684.9,176741.99,182477.53,29,Pending
TXN0003242,2024-02-14 00:00:00,D006,R003,Support,86946.51,86893.42,51380.74,47524.88,47,Completed
TXN0003243,2024-10-23 00:00:00,D005,R002,Consulting,124231.13,136218.24,101727.77,90372.53,72,Completed
TXN0003244,2024-03-05 00:00:00,D010,R002,Hardware,231582.37,197342.74,136592.26,123759.77,54,Completed
TXN0003245,2024-05-09 00:00:00,D005,R006,Consulting,146849.49,140690.14,58931.03,,125,Pending
TXN0003246,2025-06-13 00:00:00,D002,R002,Services,163404.94,156009.6,79042.13,87388.43,157,Cancelled
TXN0003247,2024-03-26 00:00:00,D010,R002,Support,86376.56,78868.97,38612.52,37024.62,144,Cancelled
TXN0003248,2024-10-24 00:00:00,D001,R001,Consulting,129025.96,139055.88,75155.29,89970.66,29,Completed
TXN0003249,2026-11-24 00:00:00,D002,R002,Consulting,116252.7,116949.46,60655.57,67828.58,31,Completed
TXN0003250,2026-02-10 00:00:00,D006,R003, consulting ,111120.76,121752.81,86296.14,100970.41,72,Cancelled
TXN0003251,2025-05-24 00:00:00,D007,R004,Subscription,163787.85,158430.9,87474.53,75632.19,153,Pending
TXN0003252,2026-11-03 00:00:00,D010,R002,Hardware,234651.18,163147.02,126346.9,109815.57,102,Cancelled
TXN0003253,2025-11-01 00:00:00,D005,R002,Software,153952.4,154906.45,124042.19,101189.61,92,Cancelled
TXN0003254,2024-04-10 00:00:00,D005,R002,Support,82855.41,85292.21,57250.16,74184.71,33,Completed
TXN0003255,2025-01-04 00:00:00,D010,R002,Subscription,160393.2,157277.54,93623.82,105259.36,19,Pending
TXN0003256,2024-04-01 00:00:00,D006,R003,Consulting,117525.55,105121.27,93343.01,99143.37,94,Completed
TXN0003257,2024-05-06 00:00:00,D002,R002,Consulting,104603.57,109376.91,67179.87,81073.03,63,Cancelled
TXN0003258,2026-03-19 00:00:00,D009,R001,Subscription,138876.29,128540.81,77184.54,74900.5,58,Pending
TXN0003259,2024-09-14 00:00:00,D006,R003,,95841.4,81532.89,67293.1,78463.4,30,Cancelled
TXN0003260,2024-04-24 00:00:00,D010,R002,Hardware,142144.48,148211.05,155286.32,162126.36,102,Pending
TXN0003261,2025-09-03 00:00:00,D001,R006,Services,118585.17,123621.6,95895.35,97482.32,140,Cancelled
TXN0003262,2026-02-09 00:00:00,D005,R002,Hardware,225727.25,232502.68,165257.53,151682.81,101,Completed
TXN0003263,2026-10-15 00:00:00,D009,R001,Consulting,150877.9,120183.93,58242.92,51480.8,110,Completed
TXN0003264,2024-11-27 00:00:00,D006,R003,Hardware,180354.95,196053.44,182129.22,209423.94,8,Completed
TXN0003265,2026-09-30 00:00:00,D006,R003,Hardware,322539.83,382163.98,148356.72,158736.8,118,Completed
TXN0003266,2026-07-11 00:00:00,D009,R001,Subscription,155935.16,158191.7,97403.51,79303.92,83,Completed
TXN0003267,2024-02-29 00:00:00,D004,R001,Subscription,161452.29,177064.58,108176.8,77592.41,113,Completed
TXN0003268,2025-06-12 00:00:00,D004,R001,hardware,289180.79,278786.31,131797.78,133898.24,108,Pending
TXN0003269,2026-05-07 00:00:00,D003,R003,Services,124002.97,126682.57,91269.04,97664.96,91,Completed
TXN0003270,2025-11-15 00:00:00,D001,R001,,76056.04,77573.37,66917.06,66728.8,159,Cancelled
TXN0003271,2024-01-19 00:00:00,D006,R003,Software,209979.41,237862.69,133846.12,128772.85,177,Pending
TXN0003272,2024-12-24 00:00:00,D003,R003,Software,171187.2,177921.62,99051.66,116877.23,43,Completed
TXN0003273,2026-05-26 00:00:00,D003,R003,Consulting,118808.4,154023.98,72010.66,74506.92,127,Pending
TXN0003274,2024-05-17 00:00:00,D005,R002,Hardware,253545.6,241913.93,139840.46,137115.51,104,Completed
TXN0003275,2024-07-23 00:00:00,D002,R006,Support,93416.13,86194.05,64203.07,63596.52,28,Completed
TXN0003276,2026-12-28 00:00:00,D009,R001,Hardware,209591.18,216553.33,179190.71,178256.17,137,Pending
TXN0003277,2026-08-29 00:00:00,D001,R005,Software,71916.79,70688.52,132596.44,118477.51,155,Cancelled
TXN0003278,2024-09-18 00:00:00,D007,R004,Consulting,139387.13,164374.47,86856.94,113682.92,55,Completed
TXN0003279,2026-06-28 00:00:00,D003,R003,Hardware,236470.54,279308.56,119694.51,121498.66,8,Completed
TXN0003280,2026-04-16 00:00:00,D008,R004,Support,81666.45,85627.3,63012.33,65457.26,72,Completed
TXN0003281,2024-04-19 00:00:00,D007,R005,Services,101659.66,94617.98,108982.3,93534.35,57,Cancelled
TXN0003282,2025-12-01 00:00:00,D005,R002,Consulting,123372.6,126267.13,67030.46,56651.5,63,Pending
TXN0003283,2026-03-01 00:00:00,D006,R003,Support,67760.78,65126.9,50565.41,58576.85,141,Completed
TXN0003284,2024-12-11 00:00:00,D008,R004,Support,unknown,110908.73,74607.76,75149.68,99,Completed
TXN0003285,2024-09-09 00:00:00,D888,R001,Services,,143405.38,82808.67,84753.21,176,Cancelled
TXN0003286,2026-01-11 00:00:00,D004,R001,Hardware,151618.59,149815.82,164061.49,173772.05,73,Completed
TXN0003287,2025-06-05 00:00:00,D001,R001,Consulting,83787.85,65958.31,65042.58,63495.53,83,Completed
TXN0003288,2024-10-25 00:00:00,D005,R002,Hardware,170121.32,164838.18,153286.87,156115.61,55,Completed
TXN0003289,2024-11-11 00:00:00,D002,R002,Services,184233.84,178823.53,80497.69,98508.42,119,Completed
TXN0003290,2026-10-03 00:00:00,D009,R001,Support,98436.58,104093.58,55039.06,60376.76,179,Cancelled
TXN0003291,2025-02-26 00:00:00,D002,R002,Consulting,118912.92,unknown,83578.79,76292.4,67,Completed
TXN0003292,31-02-2025,D003,R003,Software,192430.42,236812.9,94544.8,82507.84,147,Cancelled
TXN0003293,2026-08-30 00:00:00,D007,R004,Software,163015.0,157555.9,115919.26,102661.05,95,Completed
TXN0003294,2026-03-03 00:00:00,D009,R005,Subscription,139761.46,151942.03,90254.04,101084.1,68,Completed
TXN0003295,2025-02-02 00:00:00,D005,R002,Support,106627.99,98729.71,75399.3,75817.43,13,Pending
TXN0003296,2025-10-27 00:00:00,D010,R002,Services,137696.98,173972.76,70676.39,71327.53,144,Cancelled
TXN0003297,2025-11-08 00:00:00,D003,R003,Services,169350.71,211974.75,88267.14,83255.78,63,Completed
TXN0003298,2024-05-21 00:00:00,D001,R005,Subscription,152322.72,147181.33,82916.94,114381.7,106,Pending
TXN0003299,2024-05-17 00:00:00,D008,R004,Subscription,222553.4,189581.79,84906.65,93852.3,113,Completed
TXN0003300,2026-01-06 00:00:00,D003,R003,Hardware,149620.35,162471.76,156043.45,148147.15,71,Completed
TXN0003301,2026-01-10 00:00:00,D007,R005,Subscription,153049.94,168658.91,85838.73,96750.18,21,Pending
TXN0003302,2024-08-07 00:00:00,D010,R002,Consulting,161128.03,176960.3,65356.07,67600.17,8,Completed
TXN0003303,2024-10-28 00:00:00,D004,R001,Software,206384.61,170476.8,162750.69,171973.05,142,Pending
TXN0003304,2026-03-01 00:00:00,D009,R001,Hardware,199228.35,205900.9,155245.7,141962.54,164,Cancelled
TXN0003305,2026-12-16 00:00:00,D010,R002,Subscription,186011.23,187847.16,61027.47,64577.87,136,Completed
TXN0003306,2024-09-29 00:00:00,D010,R006,Consulting,126296.51,93831.4,73001.91,92254.95,127,Completed
TXN0003307,2024-10-08 00:00:00,D005,R002,Support,92258.53,72756.63,44444.87,51474.69,69,Pending
TXN0003308,2026-02-19 00:00:00,D004,R005,Support,92568.5,112707.41,65344.0,74978.29,69,Completed
TXN0003309,2025-04-08 00:00:00,D005,R002,Services,120841.39,124150.4,96828.76,114363.68,156,Pending
TXN0003310,2024-07-30 00:00:00,D003,R003,Services,101440.7,105221.62,61399.77,43913.29,43,Completed
TXN0003311,2024-11-17 00:00:00,D009,R001,Consulting,154761.71,160224.34,77594.32,77864.74,150,Completed
TXN0003312,2024-04-11 00:00:00,D003,R003,Subscription,191653.3,187313.55,70326.05,71221.23,152,Cancelled
TXN0003313,2024-04-01 00:00:00,D004,R001,Software,272243.11,282167.28,101770.07,87946.74,34,Completed
TXN0003314,2024-02-03 00:00:00,D003,R003,Software,184031.78,149917.56,111701.76,116494.39,21,Cancelled
TXN0003315,2024-08-22 00:00:00,D007,R004,Consulting,124829.8,141122.72,87473.16,74421.46,16,Completed
TXN0003316,2026-09-11 00:00:00,D009,R001,Subscription,148710.58,123477.38,78119.83,85998.88,103,Completed
TXN0003317,2025-01-22 00:00:00,D001,R001,Hardware,119977.07,130084.69,156409.29,144578.49,100,Pending
TXN0003318,2025-04-26 00:00:00,D002,R002,Support,104795.15,94180.89,60001.5,70657.08,146,Completed
TXN0003319,2024-06-23 00:00:00,D006,R003,Support,77562.79,96754.5,67721.59,64813.47,155,Cancelled
TXN0003320,2026-05-12 00:00:00,D001,R001,Hardware,222722.97,218175.74,169457.05,193523.42,145,Completed
TXN0003321,2025-10-09 00:00:00,D004,R001,Consulting,157576.8,116983.04,72606.07,76709.17,178,Completed
TXN0003322,2026-04-07 00:00:00,D001,R005,Consulting,102422.74,106392.47,64219.1,66958.95,51,Completed
TXN0003323,2025-11-05 00:00:00,D006,R003,Hardware,247148.11,318868.83,157867.47,165175.92,155,Pending
TXN0003324,2024-02-10 00:00:00,D008,R004,Hardware,216101.57,256209.0,176157.79,233270.69,16,Pending
TXN0003325,2026-03-09 00:00:00,D007,R004,Support,57413.84,41740.86,63176.87,61901.04,113,Completed
TXN0003326,2025-09-04 00:00:00,D002,R006,Hardware,unknown,242279.37,114770.36,113578.59,27,Completed
TXN0003327,2026-07-04 00:00:00,D004,R001,Software,217287.04,277736.09,108479.62,91427.15,143,Completed
TXN0003328,2025-07-04 00:00:00,D888,R002,Subscription,115065.03,116061.84,116707.13,122182.32,163,Pending
TXN0003329,2026-01-22 00:00:00,D001,R001,Software,171122.64,160177.97,102801.29,137241.64,148,Completed
TXN0003330,2025-08-25 00:00:00,D007,R004,Services,150140.26,175256.59,83360.95,81940.88,146,Completed
TXN0003331,2026-04-09 00:00:00,D007,R004,Subscription,158966.04,175925.45,94971.9,91591.21,45,Pending
TXN0003332,2026-12-17 00:00:00,D010,R002,Software,199799.84,187585.34,90061.26,82545.3,64,Cancelled
TXN0003333,2024-08-30 00:00:00,D007,R004,Subscription,181789.91,181188.62,87051.09,92842.15,125,Cancelled
TXN0003334,2026-01-15 00:00:00,D008,R004,Software,142075.32,130437.55,128159.01,136265.17,12,Completed
TXN0003335,2026-07-17 00:00:00,,R002,Hardware,196633.76,205026.32,110667.13,125302.09,24,Cancelled
TXN0003336,2025-04-29 00:00:00,D008,R004,Software,155625.84,153482.15,113793.6,151126.65,37,Completed
TXN0003337,2026-01-04 00:00:00,D002,R002,Support,120641.57,129712.52,57645.16,51024.54,121,Cancelled
TXN0003338,2026-02-17 00:00:00,D010,R002,Services,125020.77,128686.77,69427.08,66689.77,8,Completed
TXN0003339,2026-01-24 00:00:00,D002,R002,Software,179514.96,225925.96,89399.87,101307.86,40,Completed
TXN0003340,2025-10-05 00:00:00,D008,R004,Subscription,135891.34,134685.09,94082.06,103050.45,35,Pending
TXN0003341,2024-07-03 00:00:00,D008,R004,Support,111988.93,126525.4,53504.94,61096.12,176,Completed
TXN0003342,2025-01-13 00:00:00,D008,R004,Subscription,198433.09,223957.75,73912.35,93404.52,24,Completed
TXN0003343,2024-10-23 00:00:00,D009,R001,Support,70891.82,,56164.32,60020.32,76,Completed
TXN0003344,2024-10-09 00:00:00,D010,R002,Consulting,125757.12,114954.44,80644.17,67532.01,116,Completed
TXN0003345,2026-09-04 00:00:00,D003,R003,Subscription,158713.03,200144.39,84402.07,89775.99,90,Cancelled
TXN0003346,2025-06-25 00:00:00,D010,R005,Support,60505.32,77923.59,52984.01,44236.48,98,Completed
TXN0003347,2025-12-10 00:00:00,D003,R003,Subscription,197022.41,182154.59,90787.05,94203.54,179,Completed
TXN0003348,2025-10-15 00:00:00,D006,R003,Software,167389.56,184707.6,108575.08,142647.43,116,Cancelled
TXN0003349,2026-01-21 00:00:00,D003,R005,Services,100378.65,80741.14,86344.87,90536.51,132,Completed
TXN0003350,2026-03-28 00:00:00,D010,R005,Software,91175.74,79085.44,116832.58,118786.4,61,Completed
TXN0003351,2026-07-29 00:00:00,D007,R004,Software,156270.8,128862.41,94028.06,91255.53,48,Completed
TXN0003352,2024-12-29 00:00:00,D003,R003,Consulting,98000.1,97590.39,69783.83,96608.63,133,Completed
TXN0003353,2025-07-27 00:00:00,D009,R001,Support,101842.81,115567.27,62501.48,62962.06,6,Completed
TXN0003354,2026-11-24 00:00:00,D002,R002,Support,88211.52,,56956.92,74004.03,51,Completed
TXN0003355,2024-07-03 00:00:00,D005,R002,Services,214042.34,223100.9,75933.98,101074.1,39,Pending
TXN0003356,2026-02-03 00:00:00,D002,R002,SUBSCRIPTION,142859.13,154657.93,85803.75,74372.61,6,Pending
TXN0003357,2024-04-30 00:00:00,D002,R006,Subscription,180586.72,173084.11,63243.0,49358.47,28,Completed
TXN0003358,2024-12-30 00:00:00,D010,R002,Software,unknown,175303.32,122214.75,143347.75,123,Completed
TXN0003359,2024-06-14 00:00:00,D002,R002,Consulting,152418.68,147349.72,71741.68,68107.39,16,Completed
TXN0003360,2024-04-19 00:00:00,D004,R001,Consulting,118222.57,97650.3,71878.64,84798.03,150,Completed
TXN0003361,2026-05-31 00:00:00,D004,R006,Software,168085.37,191940.31,116964.28,122465.21,156,Completed
TXN0003362,2024-06-26 00:00:00,D001,R006,Hardware,205173.74,195586.58,141235.83,132128.55,134,Cancelled
TXN0003363,2025-08-23 00:00:00,D005,R002,Hardware,207362.92,233266.16,168555.95,159088.08,63,Completed
TXN0003364,2025-03-12 00:00:00,D010,R002,Consulting,89116.42,89463.67,91962.72,94128.32,110,Completed
TXN0003365,2026-08-25 00:00:00,D003,R003,Hardware,307388.6,330346.69,105872.5,108261.2,34,Pending
TXN0003366,2026-11-20 00:00:00,D002,R002,Support,80705.16,73337.41,72490.3,73466.97,41,Pending
TXN0003367,2024-06-18 00:00:00,D004,R001,Subscription,205819.11,185415.1,80491.23,85688.0,59,Completed
TXN0003368,2024-11-10 00:00:00,D001,R001,Software,199380.86,205164.73,132865.59,122964.82,95,Cancelled
TXN0003369,2025-01-10 00:00:00,D010,,Support,109756.43,112604.52,47041.32,39840.72,22,Pending
TXN0003370,2026-01-07 00:00:00,D005,R002,Support,95734.51,91079.83,33623.81,36429.44,117,Completed
TXN0003371,2025-11-21 00:00:00,D009,R001,Services,164989.49,166650.36,93174.32,108600.8,43,Pending
TXN0003372,2026-06-10 00:00:00,D009,R006,Subscription,180023.7,202436.77,106232.85,137691.69,14,Pending
TXN0003373,2025-03-24 00:00:00,D008,R004,Subscription,142427.69,149527.67,89242.39,89603.45,-10,Completed
TXN0003374,2025-09-13 00:00:00,D009,R001,Subscription,151147.73,175919.16,107912.76,96185.54,50,Completed
TXN0003375,2025-09-02 00:00:00,D004,R001,Support,70873.86,69092.18,45812.04,54804.54,108,Completed
TXN0003376,2026-07-01 00:00:00,D009,R006,Software,145982.8,142250.06,114738.54,146608.74,118,Completed
TXN0003377,2025-11-18 00:00:00,D001,R001,Consulting,100736.81,114724.55,81869.21,77014.13,95,Completed
TXN0003378,2025-02-25 00:00:00,D006,R003,Services,134007.09,132460.31,79412.34,96123.45,149,Completed
TXN0003379,2025-11-13 00:00:00,D001,R001,Subscription,174638.1,180973.78,113942.97,136525.5,88,Completed
TXN0003380,2025-09-25 00:00:00,D001,R001,Support,114831.57,111817.0,"₹1,25,000",72474.65,12,Cancelled
TXN0003381,2024-06-19 00:00:00,D002,R002,Software,126060.84,136103.16,133633.2,135724.08,30,Pending
TXN0003382,2024-02-09 00:00:00,D009,R001,Software,163965.87,175328.72,87395.1,91914.18,41,Completed
TXN0003383,2026-03-07 00:00:00,D005,R002,Consulting,134888.98,106647.58,78366.68,67710.04,18,Completed
TXN0003384,2026-01-29 00:00:00,D003,R003,Consulting,169116.15,177574.38,108493.43,122340.95,64,Completed
TXN0003385,2024-12-28 00:00:00,D005,R002,Software,156274.05,161647.25,100262.49,101048.92,5,Completed
TXN0003386,2026-01-01 00:00:00,D003,R003,Hardware,255365.01,247956.18,139464.08,131988.09,20,Completed
TXN0003387,2024-04-13 00:00:00,D003,R003,Support,85943.39,70350.26,50614.76,58025.84,25,Completed
TXN0003388,2025-01-09 00:00:00,D002,,Support,59611.89,58429.1,68378.45,66772.54,93,Cancelled
TXN0003389,2025-11-26 00:00:00,D005,R002,Subscription,202018.62,215621.09,93879.7,109076.68,13,Pending
TXN0003390,2026-06-26 00:00:00,D005,R006,Software,117379.41,108708.39,105601.43,112743.06,53,Completed
TXN0003391,2025-12-25 00:00:00,D008,R004,Software,161498.09,161056.06,146038.67,141716.21,156,Completed
TXN0003392,2024-05-14 00:00:00,D001,R001,Support,89444.12,78410.79,64413.29,47837.01,17,Completed
TXN0003393,2025-03-18 00:00:00,D007,R004,,90304.2,93222.34,57400.58,59019.02,82,Completed
TXN0003394,2024-08-30 00:00:00,D004,R001,Subscription,191561.16,162349.24,94817.63,97460.7,5,Completed
TXN0003395,2025-03-15 00:00:00,D006,R003,Software,162735.61,140317.07,90059.08,89886.16,114,Completed
TXN0003396,2024-05-11 00:00:00,D009,R001,Hardware,203548.16,170202.87,113997.1,141610.65,23,Cancelled
TXN0003397,2025-03-29 00:00:00,D005,R002,Software,200816.17,212511.09,87620.82,87375.54,172,Completed
TXN0003398,2026-01-05 00:00:00,D010,R002,Services,116159.79,123535.32,114423.26,100074.57,93,Completed
TXN0003399,2024-10-27 00:00:00,D006,R003,Hardware,221896.4,260046.76,138464.83,131964.69,16,Completed
TXN0003400,2026-09-24 00:00:00,D007,R005, consulting ,107763.19,109249.03,68592.91,70074.38,150,Cancelled
TXN0003401,2026-05-27 00:00:00,D001,R001,Consulting,144598.52,183860.78,47034.99,38040.43,145,Completed
TXN0003402,2026-06-18 00:00:00,D002,R002,Support,92328.55,77840.29,51323.15,45122.24,127,Completed
TXN0003403,2026-09-07 00:00:00,D001,R001,Services,92220.75,110170.77,71847.63,70216.05,133,Completed
TXN0003404,2025-01-31 00:00:00,D003,R003,Services,141417.38,138682.08,65910.12,61605.36,150,Completed
TXN0003405,2025-04-05 00:00:00,D005,R002,Hardware,192132.02,170424.02,145320.99,189327.33,10,Completed
TXN0003406,2024-11-17 00:00:00,D007,R004,Consulting,116439.46,129866.88,78038.63,92292.39,90,Completed
TXN0003407,2025-12-13 00:00:00,D001,R001,Support,93864.63,86371.77,51185.8,51696.34,7,Completed
TXN0003408,2025-10-03 00:00:00,D008,R004,Consulting,108672.48,112445.91,75547.43,64233.63,70,Completed
TXN0003409,2026-07-29 00:00:00,D007,R004,Software,157969.08,180967.85,118858.59,102710.5,142,Completed
TXN0003410,2025-01-17 00:00:00,D003,R003,Support,94234.75,93561.66,51352.26,50829.39,174,Cancelled
TXN0003411,2025-09-22 00:00:00,D003,R003,Services,131258.77,155338.93,62156.96,71578.67,89,Completed
TXN0003412,2024-03-22 00:00:00,D002,R005,Subscription,134659.73,143523.67,78475.09,80542.57,169,Pending
TXN0003413,2026-04-27 00:00:00,D001,R001,Software,224343.4,251973.27,97776.74,106314.17,135,Completed
TXN0003414,2026-02-25 00:00:00,D004,R005,Software,196866.17,198950.22,109304.51,100855.74,105,Pending
TXN0003415,2024-01-14 00:00:00,D004,R001,Subscription,163765.42,172189.41,97791.13,108784.0,77,Completed
TXN0003416,2026-07-12 00:00:00,D008,R004,Subscription,171812.37,173543.33,75052.1,54116.65,87,Cancelled
TXN0003417,2026-05-17 00:00:00,D003,R003,Subscription,168097.56,135675.6,88693.25,99923.54,84,Completed
TXN0003418,2025-01-01 00:00:00,D007,R005,Consulting,168138.34,197351.4,93801.03,99042.15,7,Completed
TXN0003419,2025-01-17 00:00:00,D008,R004,Subscription,116639.55,97796.94,86224.84,86274.13,24,Completed
TXN0003420,2024-09-15 00:00:00,D008,R004,Software,190513.94,212771.62,89453.81,88416.25,5,Pending
TXN0003421,2024-11-27 00:00:00,D002,R002,Hardware,212484.78,264446.77,156747.63,204294.41,62,Cancelled
TXN0003422,2024-12-10 00:00:00,D001,R001,Consulting,128796.26,175818.06,78799.0,90525.29,30,Cancelled
TXN0003423,2026-09-28 00:00:00,D003,R005,Subscription,141590.58,156876.68,56617.3,74628.08,6,Completed
TXN0003424,2024-08-17 00:00:00,D010,R002,Software,181898.77,176019.2,129868.76,135897.58,133,Pending
TXN0003425,2024-06-16 00:00:00,D004,R001,Hardware,223898.13,272642.69,139757.19,150102.74,155,Completed
TXN0003426,2026-08-21 00:00:00,D010,R002,Support,76192.19,98923.41,53703.09,57139.9,47,Completed
TXN0003427,2024-04-13 00:00:00,D007,R004,Software,165046.97,228214.05,116771.61,131712.44,91,Completed
TXN0003428,2025-03-18 00:00:00,D008,R004,Support,92351.41,79496.64,"₹1,25,000",49343.41,22,Cancelled
TXN0003429,2026-11-07 00:00:00,D007,R004,Services,116427.99,127465.28,96431.72,102507.31,153,Pending
TXN0003430,2025-11-10 00:00:00,D003,R003,Hardware,250624.33,261431.75,135177.64,125486.72,84,Completed
TXN0003431,2024-12-10 00:00:00,D002,R002,Services,129203.6,121367.42,67550.04,59087.03,127,Completed
TXN0003432,2025-08-26 00:00:00,D001,R005,Subscription,138305.99,165991.76,105901.39,102469.1,142,Completed
TXN0003433,2024-05-01 00:00:00,D004,R001,Services,103773.85,112693.82,78464.61,82967.76,69,Completed
TXN0003434,2025-03-08 00:00:00,D005,R002,Hardware,273867.68,297495.38,124445.49,160423.15,38,Cancelled
TXN0003435,2025-02-05 00:00:00,D002,R006,Subscription,173628.6,171964.0,105871.61,95696.03,7,Completed
TXN0003436,2025-03-01 00:00:00,D001,R001,,121665.53,140028.47,44048.96,43531.2,17,Completed
TXN0003437,2024-09-24 00:00:00,D003,R003,Services,130146.81,131339.55,79177.13,69451.4,117,Pending
TXN0003438,2024-07-30 00:00:00,D006,R003,Services,179527.06,175525.22,79299.78,65233.44,67,Completed
TXN0003439,2024-07-10 00:00:00,D004,R005,Subscription,164008.05,164036.22,79771.94,63929.66,111,Completed
TXN0003440,2025-02-07 00:00:00,D001,R001,Consulting,140094.62,137663.94,52521.06,52771.94,5,Completed
TXN0003441,2025-04-17 00:00:00,D006,R003,Subscription,163235.33,155574.18,124442.98,152853.5,117,Pending
TXN0003442,2024-07-15 00:00:00,D008,R004,Subscription,190602.07,234485.39,98486.92,103976.61,161,Cancelled
TXN0003443,2024-02-16 00:00:00,D004,R001,Software,182307.9,192345.11,94087.16,101318.57,171,Completed
TXN0003444,2024-05-31 00:00:00,D010,R002,Support,61800.99,58819.45,50405.25,50090.83,125,Completed
TXN0003445,2024-11-21 00:00:00,D007,R004,Software,188645.17,186587.66,98044.49,91171.92,154,Cancelled
TXN0003446,2025-06-23 00:00:00,D004,R001,Software,188907.76,191926.01,113598.24,103310.06,68,Cancelled
TXN0003447,2024-11-28 00:00:00,D005,R006,Consulting,102570.49,125884.94,68636.27,75277.71,43,Cancelled
TXN0003448,2024-08-30 00:00:00,D002,R002,Services,131833.38,135980.32,64041.95,70376.09,112,Pending
TXN0003449,2026-04-11 00:00:00,D001,R001,Hardware,206845.76,226174.37,179829.62,186658.79,147,Completed
TXN0003450,2026-08-01 00:00:00,D007,R004,Consulting,114564.56,100553.0,80925.16,107768.44,15,Pending
TXN0003451,2024-06-21 00:00:00,D004,R001,Services,162655.85,184417.57,117599.53,137080.14,151,Cancelled
TXN0003452,2025-09-12 00:00:00,D007,R004,Software,167691.52,137960.26,112039.15,115989.81,153,Completed
TXN0003453,2026-06-22 00:00:00,D005,R002,Software,167696.71,138774.28,128949.3,136923.85,115,Pending
TXN0003454,2025-01-21 00:00:00,D004,R001,Subscription,118029.62,88376.04,96097.8,99468.67,62,Cancelled
TXN0003455,2026-02-10 00:00:00,D007,R004,Hardware,302567.18,325487.14,91889.93,106695.45,47,Pending
TXN0003456,2026-02-28 00:00:00,D004,R001,Services,153877.12,162083.17,96807.19,81471.51,39,Pending
TXN0003457,2025-06-07 00:00:00,D002,R002,Services,158072.68,173395.58,77324.7,98689.13,60,Pending
TXN0003458,2025-12-04 00:00:00,D003,R003,Support,77057.84,86216.91,64050.62,69176.32,172,Cancelled
TXN0003459,2024-07-26 00:00:00,D006,R003,Services,211558.5,275620.11,89842.04,90403.16,178,Cancelled
TXN0003460,2026-12-29 00:00:00,D009,R001,,133924.76,116845.72,120310.38,141410.47,131,Cancelled
TXN0003461,2026-04-14 00:00:00,D010,R002,Subscription,131994.77,118145.61,120724.5,125759.44,42,Completed
TXN0003462,2024-06-22 00:00:00,D005,R002,Support,129080.5,107643.34,47215.62,45123.16,173,Cancelled
TXN0003463,2025-03-27 00:00:00,D010,R002,Hardware,174893.36,138671.02,140469.17,144531.02,56,Cancelled
TXN0003464,2025-07-30 00:00:00,D006,R003,Services,131942.55,124459.44,69575.86,55622.95,122,Completed
TXN0003465,2026-12-24 00:00:00,D006,R003,Hardware,254356.15,267867.08,178180.01,182080.31,65,Completed
TXN0003466,2024-03-12 00:00:00,D004,R001,Services,120288.89,132581.4,87126.02,90422.11,66,Completed
TXN0003467,2026-12-19 00:00:00,D002,R002,Hardware,207026.74,245385.79,153025.89,153395.15,132,Pending
TXN0003468,2025-06-30 00:00:00,D001,R001,Support,49079.43,53725.77,56126.3,52089.24,99,Pending
TXN0003469,2025-07-04 00:00:00,D007,R004,Subscription,173338.39,163149.35,84869.26,107914.75,132,Completed
TXN0003470,2025-07-03 00:00:00,D008,R004,Support,112937.75,106971.4,63809.37,74244.38,167,Completed
TXN0003471,2026-06-13 00:00:00,D004,R001,SERVICES,146012.32,140130.17,99182.97,101489.23,99,Cancelled
TXN0003472,2026-03-15 00:00:00,D008,R004,Hardware,160503.99,155803.72,143544.23,193140.96,103,Cancelled
TXN0003473,2026-06-01 00:00:00,D009,R001,Software,184554.03,178100.2,116036.5,83004.02,58,Completed
TXN0003474,2026-01-27 00:00:00,D003,R006,Hardware,301584.48,234722.77,134610.69,126265.01,10,Cancelled
TXN0003475,2025-09-19 00:00:00,D001,R001,Subscription,174903.57,176765.14,80747.54,90517.72,135,Completed
TXN0003476,2024-10-19 00:00:00,D006,R003,Consulting,146087.57,139359.43,68026.06,74320.09,87,Completed
TXN0003477,2026-07-03 00:00:00,D010,R002,Hardware,196570.91,180167.69,144832.09,149271.96,51,Completed
TXN0003478,2025-05-05 00:00:00,D004,R006,Services,165279.05,163456.51,88152.38,93905.74,99,Cancelled
TXN0003479,2024-09-07 00:00:00,D002,R002,Consulting,122065.67,126155.0,72998.63,72278.05,78,Completed
TXN0003480,2025-02-04 00:00:00,D005,R002,Subscription,185977.55,147939.82,83703.8,60290.31,68,Completed
TXN0003481,2025-10-10 00:00:00,D007,R004,Hardware,,232099.47,139630.31,146205.16,84,Completed
TXN0003482,2025-03-26 00:00:00,,R001,Consulting,152593.77,153243.37,78524.75,82996.36,173,Pending
TXN0003483,2024-02-07 00:00:00,D004,R001,Support,100045.51,96132.07,47842.43,54983.54,12,Cancelled
TXN0003484,2025-12-30 00:00:00,D002,R002,Subscription,150980.95,150264.68,130078.59,153014.18,47,Completed
TXN0003485,2025-07-29 00:00:00,D002,R006,Software,212363.13,202922.9,58756.72,80256.68,86,Completed
TXN0003486,2025-07-26 00:00:00,D004,R001,Support,126388.25,130982.6,59899.8,58808.14,50,Pending
TXN0003487,2025-06-30 00:00:00,D009,R001,Hardware,246011.9,214238.22,139255.41,122091.38,179,Pending
TXN0003488,2024-12-01 00:00:00,D001,R001,Services,158334.19,158225.13,82973.99,66456.87,170,Completed
TXN0003489,2024-10-29 00:00:00,D009,R001,Hardware,214346.11,252297.46,113811.3,121828.95,61,Pending
TXN0003490,2026-05-30 00:00:00,D008,R004,Subscription,189165.54,194972.85,84108.02,75018.54,107,Completed
TXN0003491,2024-01-07 00:00:00,D007,R004,Consulting,108527.55,93523.66,69230.11,73446.22,33,Completed
TXN0003492,2026-01-01 00:00:00,D001,R001,Software,179128.44,149244.33,112968.99,99665.17,44,Pending
TXN0003493,2026-11-29 00:00:00,D009,R006,Hardware,244080.47,261046.42,147260.52,144315.73,173,Completed
TXN0003494,2024-12-30 00:00:00,D001,R005,Consulting,146380.44,117723.55,71796.24,71130.17,37,Completed
TXN0003495,2025-02-03 00:00:00,D005,R002,Consulting,112965.7,116686.84,55917.28,61315.37,35,Pending
TXN0003496,2024-09-09 00:00:00,D001,R001,Services,128336.67,124590.74,94145.36,91724.61,60,Pending
TXN0003497,2024-06-26 00:00:00,D009,R001,Support,98399.91,88420.87,58616.1,60833.06,131,Completed
TXN0003498,2026-02-13 00:00:00,D001,R001,Services,119046.74,124290.0,90834.49,96368.9,164,Completed
TXN0003499,2026-03-11 00:00:00,D006,R003,Subscription,172834.53,189134.33,98946.09,100396.7,50,Completed
TXN0003500,2026-09-19 00:00:00,D010,R002,Subscription,194659.65,184092.91,97691.56,87462.83,68,Completed
TXN0003501,2025-12-22 00:00:00,D003,R003,Subscription,155126.65,153513.06,89416.48,102908.05,173,Completed
TXN0003502,2026-06-25 00:00:00,D004,R001,Services,93632.2,98421.25,81381.53,81274.61,63,Cancelled
TXN0003503,2024-12-22 00:00:00,D004,R001,Subscription,142869.18,161623.22,90587.49,86361.88,5,Completed
TXN0003504,2025-03-30 00:00:00,D006,R003,Support,90852.48,92156.34,56409.27,54126.32,95,Completed
TXN0003505,2024-06-27 00:00:00,D003,R003,Consulting,145343.37,120844.66,95087.38,109659.77,134,Completed
TXN0003506,2024-04-10 00:00:00,D001,R001,Software,125542.74,132451.69,123157.94,112909.92,146,Pending
TXN0003507,31-02-2025,D001,R001,Consulting,114503.58,90396.34,71027.59,78040.25,35,Cancelled
TXN0003508,2026-02-19 00:00:00,D003,R003,Services,124003.15,134582.31,63061.43,69275.67,14,Completed
TXN0003509,2026-03-22 00:00:00,D001,R001,Services,109884.22,88483.96,85727.79,95830.82,30,Completed
TXN0003510,2025-01-09 00:00:00,D009,R001,Subscription,172269.52,175729.13,118377.77,126432.07,27,Pending
TXN0003511,2026-12-29 00:00:00,D007,R004,Hardware,202902.09,193617.19,106409.43,119966.37,71,Pending
TXN0003512,2025-06-21 00:00:00,D008,R004,Consulting,107084.96,110178.47,67564.63,71257.52,38,Completed
TXN0003513,2024-11-08 00:00:00,D004,R001,Services,161390.69,168592.57,90389.29,119433.81,41,Completed
TXN0003514,2025-08-21 00:00:00,D009,R005,Subscription,112057.62,112865.66,94266.03,106199.64,69,Completed
TXN0003515,2024-11-11 00:00:00,D006,R003,Support,67682.46,72301.39,41356.68,49032.08,175,Completed
TXN0003516,2026-04-09 00:00:00,D003,R003,Hardware,121384.84,105048.25,129537.67,116335.7,19,Pending
TXN0003517,2025-11-22 00:00:00,D003,R003,Subscription,123332.95,123357.1,106306.64,94429.11,59,Completed
TXN0003518,2026-09-07 00:00:00,D001,R001,Services,140932.76,157787.92,79191.3,92519.64,67,Completed
TXN0003519,2026-03-23 00:00:00,D002,R002,Hardware,,274985.53,161376.75,180887.32,180,Pending
TXN0003520,2024-01-13 00:00:00,D005,R002,Services,148061.18,122205.15,97821.59,99203.35,129,Completed
TXN0003521,2024-09-06 00:00:00,D004,R001,Hardware,173650.74,219749.31,127199.28,110691.91,172,Cancelled
TXN0003522,2024-05-26 00:00:00,D006,R003,Support,90769.74,93427.36,46548.33,51344.17,61,Pending
TXN0003523,2026-11-07 00:00:00,D003,R003,Software,189953.41,180748.33,110778.03,146418.1,78,Pending
TXN0003524,2026-08-27 00:00:00,D004,R001,Support,85715.42,69817.94,50214.55,49246.43,173,Completed
TXN0003525,2024-04-02 00:00:00,D007,R006,Consulting,104796.55,94654.79,83669.07,82732.15,97,Completed
TXN0003526,2024-05-17 00:00:00,D005,R002,Services,142092.56,152216.84,90740.81,91641.88,99,Completed
TXN0003527,2024-05-27 00:00:00,D007,R004,Hardware,209343.21,227626.54,121699.81,132763.87,24,Cancelled
TXN0003528,2024-02-04 00:00:00,D006,R003,Hardware,229937.35,280262.21,153492.5,149993.84,150,Completed
TXN0003529,2025-03-09 00:00:00,D010,R002,Subscription,134622.79,123471.47,94051.53,89773.91,156,Completed
TXN0003530,2025-01-13 00:00:00,D008,R004,Hardware,256298.46,271412.76,151600.68,150492.37,20,Pending
TXN0003531,2025-06-03 00:00:00,D001,R001,Software,181368.89,170225.4,102886.89,109569.61,48,Pending
TXN0003532,2026-10-13 00:00:00,D003,R003,Software,230809.67,217993.49,116128.69,111310.46,29,Completed
TXN0003533,2025-02-17 00:00:00,D002,R002,Software,200840.83,188217.32,116861.63,102986.08,151,Completed
TXN0003534,2026-04-06 00:00:00,D007,R004,Subscription,171048.96,119089.29,88279.86,111295.22,123,Cancelled
TXN0003535,2024-03-15 00:00:00,D010,R002,Consulting,71337.3,83214.43,73797.71,98156.46,149,Cancelled
TXN0003536,2026-05-23 00:00:00,D008,R004,Services,145738.27,154557.9,75017.53,82934.47,130,Pending
TXN0003537,2026-06-15 00:00:00,D004,R005,Services,121100.77,121678.78,73477.13,69586.1,171,Pending
TXN0003538,2026-12-22 00:00:00,D001,R001,Hardware,67287.54,71599.48,169923.14,178805.44,141,Cancelled
TXN0003539,2025-12-22 00:00:00,D008,R004,Consulting,147431.54,148898.08,69864.01,69047.0,65,Completed
TXN0003540,2025-09-24 00:00:00,D010,R002,Support,,94795.04,51979.61,67879.24,56,Completed
TXN0003541,2025-11-04 00:00:00,D010,R002,Consulting,134397.83,130825.9,77135.32,65506.74,84,Completed
TXN0003542,2025-11-16 00:00:00,D001,R001,Support,84554.37,95443.05,53949.08,57079.6,51,Completed
TXN0003543,2024-09-04 00:00:00,D002,R002,Services,142974.3,165464.88,76722.66,81329.17,155,Completed
TXN0003544,2026-09-22 00:00:00,D006,R003,Hardware,192069.0,,190677.53,186198.04,101,Completed
TXN0003545,2025-08-04 00:00:00,D005,R002,Consulting,118181.56,120930.32,69366.07,73328.72,127,Completed
TXN0003546,2026-08-08 00:00:00,D001,R006,Subscription,167777.43,159910.78,110140.19,109725.52,106,Completed
TXN0003547,2026-10-13 00:00:00,D005,R002,Consulting,127429.55,126771.04,81724.36,57043.41,107,Completed
TXN0003548,2025-09-25 00:00:00,D010,R002,Consulting,151756.39,142866.51,58826.94,61086.82,27,Pending
TXN0003549,2026-05-23 00:00:00,D004,R001,Hardware,213325.58,212259.73,154091.77,131322.57,13,Completed
TXN0003550,2025-12-23 00:00:00,D006,R006,Services,117905.84,129446.25,97495.74,94802.73,85,Completed
TXN0003551,2026-03-01 00:00:00,D008,R004,Subscription,161508.34,145416.58,106754.33,98138.98,74,Cancelled
TXN0003552,2026-06-22 00:00:00,D007,R004,Consulting,154076.61,202249.26,59025.97,79223.25,25,Completed
TXN0003553,2026-02-17 00:00:00,D010,R002,Services,179150.59,209937.04,90237.47,96065.37,62,Completed
TXN0003554,2026-08-12 00:00:00,D004,R006,Subscription,187610.79,178420.67,92211.09,89592.65,7,Completed
TXN0003555,2026-12-19 00:00:00,,R003,Services,163336.9,170879.8,84950.07,97990.51,46,Pending
TXN0003556,2025-09-05 00:00:00,D007,R004,Consulting,135622.18,109045.3,77692.96,88443.33,65,Completed
TXN0003557,2025-11-17 00:00:00,D006,R003,,195379.83,145062.86,68776.69,79367.49,161,Pending
TXN0003558,2026-06-09 00:00:00,D006,R003,Consulting,145103.14,190840.31,69677.51,80310.48,68,Completed
TXN0003559,2025-03-29 00:00:00,D006,R003,Hardware,213542.77,219440.25,,142854.75,83,Completed
TXN0003560,2024-09-05 00:00:00,D002,R002,Hardware,295587.54,247915.34,161096.75,141478.01,106,Cancelled
TXN0003561,2025-05-11 00:00:00,D010,R002,Subscription,185192.93,177029.92,85354.45,90668.35,71,Completed
TXN0003562,2025-07-06 00:00:00,D010,R002,Services,189959.33,222727.82,117535.26,153028.48,109,Completed
TXN0003563,2024-12-16 00:00:00,D001,R001,Support,74673.75,101809.64,62961.8,64296.16,42,Completed
TXN0003564,2026-05-10 00:00:00,D001,R001,Subscription,133380.04,135650.44,86595.47,102308.38,37,Cancelled
TXN0003565,2026-12-27 00:00:00,D008,R004,Services,109729.44,94961.35,73606.71,73108.27,169,Cancelled
TXN0003566,2024-07-23 00:00:00,D010,R002,Hardware,289916.22,332603.55,139265.3,145145.22,68,Completed
TXN0003567,2026-07-01 00:00:00,D002,R002,Subscription,175575.85,192198.93,56119.87,57658.33,38,Completed
TXN0003568,2024-03-29 00:00:00,D003,R003,Consulting,110082.73,116628.85,68841.35,67353.38,127,Completed
TXN0003569,2025-12-13 00:00:00,D005,R002,Subscription,175897.84,166855.99,98197.94,97675.09,54,Completed
TXN0003570,2024-09-27 00:00:00,D007,R004,Consulting,118499.92,124075.57,76187.11,78948.1,37,Completed
TXN0003571,2026-06-05 00:00:00,D004,R006,Hardware,248466.99,214825.67,114017.21,104534.35,82,Pending
TXN0003572,2025-04-02 00:00:00,D002,R002,Subscription,156624.96,206582.95,60839.48,76959.52,150,Completed
TXN0003573,2025-12-29 00:00:00,D001,R001,Support,95607.89,95553.48,55601.87,67415.1,32,Completed
TXN0003574,2025-11-13 00:00:00,D002,R002,Consulting,110190.0,101380.6,85902.17,86286.91,105,Completed
TXN0003575,2025-01-24 00:00:00,D009,R001,Consulting,155458.47,141428.1,93932.28,88461.78,89,Cancelled
TXN0003576,2024-01-05 00:00:00,D006,R003,Consulting,120108.81,116440.77,71845.35,73232.04,147,Pending
TXN0003577,2025-03-23 00:00:00,D002,R002,Subscription,194189.26,185329.6,73960.64,98293.83,22,Completed
TXN0003578,2025-06-15 00:00:00,D006,R003,Services,143055.34,146026.08,77456.53,70552.85,88,Pending
TXN0003579,2025-04-01 00:00:00,D007,R004,Software,140028.31,124692.78,114441.01,112082.51,143,Cancelled
TXN0003580,2025-01-10 00:00:00,D006,R005,Hardware,274539.65,285888.07,114842.91,144700.71,53,Pending
TXN0003581,2024-10-04 00:00:00,D003,R003,Support,90992.29,84566.2,40053.84,38750.69,13,Completed
TXN0003582,2025-01-10 00:00:00,D004,R001,Hardware,260047.3,264530.85,162323.09,166861.72,72,Pending
TXN0003583,2025-09-08 00:00:00,D004,R001,Software,158543.49,191170.34,95861.69,88490.19,64,Pending
TXN0003584,2026-03-22 00:00:00,D010,R002,Support,65727.83,73096.06,75591.97,75158.05,143,Completed
TXN0003585,2025-10-04 00:00:00,D001,R001,Support,105552.99,104606.61,57638.21,66793.03,41,Cancelled
TXN0003586,2024-04-12 00:00:00,D005,R002,Subscription,173390.9,181399.64,93282.44,79997.03,44,Completed
TXN0003587,2024-05-11 00:00:00,D008,R004,Hardware,221286.29,171463.31,122692.67,105069.1,124,Completed
TXN0003588,2025-03-01 00:00:00,D004,R001,Hardware,289190.6,236108.77,,135075.92,86,Completed
TXN0003589,2024-04-06 00:00:00,D003,R003,Hardware,106109.12,127677.66,128098.13,135421.71,46,Completed
TXN0003590,2026-05-14 00:00:00,D009,R001,Hardware,271633.42,263879.37,137377.94,152151.49,105,Completed
TXN0003591,2024-11-22 00:00:00,D003,R003,Hardware,177845.94,169899.14,160290.38,158986.8,55,Completed
TXN0003592,2025-04-23 00:00:00,D003,R003,Services,164257.32,164958.06,91971.35,77809.65,7,Completed
TXN0003593,2024-08-08 00:00:00,D001,R001,Consulting,100145.94,106310.27,67722.43,69683.82,60,Completed
TXN0003594,2025-02-08 00:00:00,D001,R001,Services,162398.74,213204.89,97273.89,96647.02,69,Pending
TXN0003595,2024-09-08 00:00:00,D008,R004,Support,112313.34,113567.17,58329.51,61869.3,176,Pending
TXN0003596,2026-06-15 00:00:00,D008,R004,Software,149656.76,97024.27,120200.68,135352.37,114,Completed
TXN0003597,2025-10-07 00:00:00,D008,R004,Hardware,140836.12,156352.25,181160.14,180135.9,68,Completed
TXN0003598,2025-03-07 00:00:00,D003,R003,Hardware,196785.38,184999.8,120724.68,148144.3,19,Completed
TXN0003599,2025-06-13 00:00:00,D003,R003,Support,74469.0,103288.12,71024.51,82129.16,129,Completed
TXN0003600,2024-09-26 00:00:00,D004,R006,Support,92412.87,104702.52,52040.38,49034.05,16,Completed
TXN0003601,2024-02-03 00:00:00,D009,R001, software ,177316.04,194467.32,102082.35,102093.17,28,Pending
TXN0003602,2024-09-28 00:00:00,D003,R003,Support,101797.46,112286.97,53749.07,58462.58,79,Completed
TXN0003603,2026-08-05 00:00:00,D006,R006,Hardware,206188.5,199028.83,143333.94,145966.85,31,Pending
TXN0003604,2026-04-27 00:00:00,D008,R004,Hardware,192009.0,173782.06,126020.57,130224.36,32,Cancelled
TXN0003605,2025-06-24 00:00:00,,R002,Services,103517.79,135714.0,65828.36,67490.11,17,Pending
TXN0003606,2026-06-21 00:00:00,D006,R003,Services,159879.38,162401.69,100079.36,103282.66,44,Pending
TXN0003607,2025-01-03 00:00:00,D003,R003,Software,155783.45,160345.18,119863.3,119612.29,44,Completed
TXN0003608,2026-03-18 00:00:00,D010,R006,Consulting,128076.48,147714.48,65300.25,71516.23,141,Completed
TXN0003609,2024-10-28 00:00:00,D005,R002,Support,83110.98,82212.15,62372.94,71373.16,68,Pending
TXN0003610,2024-06-05 00:00:00,D004,R001,Consulting,131185.09,106219.36,68934.22,93240.51,52,Completed
TXN0003611,2024-09-01 00:00:00,D003,R003,Software,238147.92,236797.89,99221.76,91695.43,140,Pending
TXN0003612,2026-05-01 00:00:00,D009,R006,Support,90885.16,98496.51,48024.92,49397.65,162,Completed
TXN0003613,2026-09-19 00:00:00,D002,R002,Software,148630.75,177692.76,142356.49,142631.6,79,Completed
TXN0003614,2024-07-31 00:00:00,D004,R001,Hardware,144380.52,148236.61,126664.31,129988.27,155,Cancelled
TXN0003615,2024-12-30 00:00:00,D010,R002,Hardware,223984.64,209800.93,156928.07,181377.7,158,Completed
TXN0003616,2024-12-25 00:00:00,D002,R002,Services,128472.74,149410.6,67311.38,58509.43,41,Pending
TXN0003617,2025-03-27 00:00:00,D007,R004,Services,147724.11,131270.88,72835.56,75651.43,147,Pending
TXN0003618,2025-08-15 00:00:00,D003,R003,Hardware,288976.01,338019.49,163207.95,171609.56,43,Completed
TXN0003619,2025-10-18 00:00:00,D002,R002,Consulting,156959.02,164280.0,88313.64,91213.32,180,Completed
TXN0003620,2025-01-28 00:00:00,D010,R002,Consulting,132194.72,137735.67,73778.37,76541.07,54,Completed
TXN0003621,2025-08-16 00:00:00,D009,R001,Services,144392.64,148241.93,81894.87,85144.63,80,Completed
TXN0003622,2025-09-16 00:00:00,D008,R004,Software,142590.36,139386.57,89596.63,86437.88,133,Cancelled
TXN0003623,2025-11-08 00:00:00,D008,R004,Subscription,199428.97,207258.27,78921.63,79008.66,8,Completed
TXN0003624,2026-02-05 00:00:00,D008,R005,Software,173729.12,186645.12,108158.22,137188.89,162,Pending
TXN0003625,2025-10-03 00:00:00,D009,R001,Software,204183.19,166099.05,114669.77,108782.01,53,Pending
TXN0003626,2025-01-07 00:00:00,D008,R004,Support,90946.71,95926.71,55751.86,60749.57,106,Pending
TXN0003627,2025-10-10 00:00:00,D004,R001,Subscription,166612.12,155073.66,86569.28,72727.41,111,Completed
TXN0003628,2026-08-29 00:00:00,D005,R002,Consulting,92029.84,,83956.26,98882.06,86,Completed
TXN0003629,2024-11-10 00:00:00,D003,R003,Subscription,180546.76,-69879.34889329714,101341.86,99252.44,9,Pending
TXN0003630,2024-06-20 00:00:00,D002,R002,Hardware,210419.92,187695.23,101460.78,87696.02,41,Cancelled
TXN0003631,2024-11-18 00:00:00,D003,R006,Subscription,164973.89,162496.34,107921.51,104552.36,43,Cancelled
TXN0003632,2026-04-20 00:00:00,D005,R002,Hardware,213129.93,245514.08,178573.53,179385.84,60,Completed
TXN0003633,2026-04-03 00:00:00,D003,R003,Hardware,137644.0,135794.56,109517.74,140235.32,64,Pending
TXN0003634,2024-11-11 00:00:00,D004,R001,Support,122589.89,122370.51,47758.45,57510.82,170,Pending
TXN0003635,2025-08-30 00:00:00,D003,R003,Support,113692.99,96105.38,52891.96,61626.32,175,Completed
TXN0003636,2025-11-17 00:00:00,D001,R001,Software,180240.96,142843.93,113594.89,98616.66,174,Completed
TXN0003637,2025-11-26 00:00:00,D010,R002,Support,80593.71,102817.22,62932.12,63223.75,29,Completed
TXN0003638,2024-03-23 00:00:00,D004,R001,Services,121769.38,121007.02,41490.0,36605.33,16,Completed
TXN0003639,2024-11-17 00:00:00,D010,R002,Services,154487.63,132926.32,92214.15,65154.4,21,Completed
TXN0003640,2024-12-20 00:00:00,D003,R003,Software,164232.13,155045.98,96164.97,98087.68,24,Completed
TXN0003641,2026-02-01 00:00:00,D005,R002,Software,175369.56,201705.31,101087.32,101443.22,142,Completed
TXN0003642,2026-10-19 00:00:00,D007,R004,Subscription,135617.78,152905.41,81091.73,87244.5,107,Completed
TXN0003643,2024-08-12 00:00:00,D001,R001,Subscription,164361.29,157616.13,110175.4,116901.47,140,Completed
TXN0003644,2026-03-08 00:00:00,D005,R002,Software,122102.25,120032.75,94202.43,81626.01,84,Completed
TXN0003645,2024-01-02 00:00:00,D003,R003,Support,103369.98,98788.03,52666.03,50135.41,15,Pending
TXN0003646,2026-10-16 00:00:00,D003,R003,Subscription,128693.53,120052.19,93068.5,80724.95,118,Cancelled
TXN0003647,2026-12-02 00:00:00,D008,R004,Hardware,311539.73,303966.02,143263.98,144123.08,88,Pending
TXN0003648,2025-09-28 00:00:00,D007,R004,Consulting,103526.46,108604.82,81052.94,91293.08,35,Cancelled
TXN0003649,2025-08-29 00:00:00,D007,R004,Services,168062.71,138567.74,113169.07,133338.27,173,Completed
TXN0003650,2026-06-12 00:00:00,D002,R002,Support,95562.6,96986.29,61648.44,56918.11,42,Completed
TXN0003651,2025-09-17 00:00:00,D002,R002,Software,153492.45,165112.27,74213.94,67551.21,21,Completed
TXN0003652,2026-12-25 00:00:00,D005,R002,Hardware,226174.38,205220.61,,156357.02,60,Completed
TXN0003653,2024-08-17 00:00:00,D005,R002,Subscription,125644.59,130796.33,111267.54,104920.52,28,Pending
TXN0003654,2025-07-22 00:00:00,D010,R002,Consulting,113819.77,138071.44,82626.34,77377.4,152,Cancelled
TXN0003655,2025-02-11 00:00:00,D002,R002,Subscription,123819.45,134834.93,71210.97,67824.65,33,Cancelled
TXN0003656,2026-04-19 00:00:00,D001,R006,Consulting,124750.19,111453.79,93076.35,98633.93,10,Completed
TXN0003657,2024-11-26 00:00:00,D001,R006,Services,163555.65,166454.98,88055.0,98250.04,143,Completed
TXN0003658,2024-07-16 00:00:00,D004,R001,Services,131906.96,141522.06,99489.64,92943.95,5,Completed
TXN0003659,2025-07-07 00:00:00,D001,R001,Services,138949.67,150909.12,61135.29,51286.79,67,Cancelled
TXN0003660,2025-12-28 00:00:00,D004,R001,Software,203081.22,217505.07,96137.16,92774.17,146,Completed
TXN0003661,2024-12-16 00:00:00,D007,R004,Subscription,140915.87,142878.17,87718.51,90214.46,173,Cancelled
TXN0003662,2026-12-29 00:00:00,D010,R006,Consulting,127747.07,171429.35,90677.44,80053.93,115,Completed
TXN0003663,2025-04-10 00:00:00,D008,R004,,132060.4,168506.59,85900.03,78548.35,50,Cancelled
TXN0003664,2026-02-28 00:00:00,D004,R001,SUBSCRIPTION,204711.43,189814.8,93539.3,94442.25,177,Completed
TXN0003665,2024-06-19 00:00:00,D004,R001,Consulting,111073.0,104919.79,70468.41,81328.27,134,Completed
TXN0003666,2026-04-04 00:00:00,D002,R002,Subscription,157577.07,196452.37,67352.39,79624.38,50,Pending
TXN0003667,2025-09-16 00:00:00,D008,R004,Consulting,109654.51,117118.67,90657.29,97381.17,32,Completed
TXN0003668,2026-11-01 00:00:00,D002,R002,Support,81344.96,77603.38,56761.33,57104.17,45,Completed
TXN0003669,2024-07-22 00:00:00,D004,R001,Services,134518.26,181557.88,71352.78,70661.34,177,Cancelled
TXN0003670,2025-12-16 00:00:00,D009,R001,Services,164487.5,112045.9,80938.15,66773.63,52,Pending
TXN0003671,2026-12-18 00:00:00,D010,R002,Software,150581.07,162449.78,116116.45,133532.12,127,Completed
TXN0003672,2026-10-06 00:00:00,D001,R001,Consulting,101913.61,98600.67,80881.83,92035.94,103,Completed
TXN0003673,2026-01-28 00:00:00,D001,R001,Support,103524.34,92503.75,53567.06,47694.29,153,Completed
TXN0003674,2026-12-06 00:00:00,D001,R001,Subscription,127212.28,123556.79,62788.35,77007.15,30,Completed
TXN0003675,2024-09-17 00:00:00,D004,R001,Subscription,168344.63,182612.92,75741.48,69297.77,124,Cancelled
TXN0003676,2026-08-01 00:00:00,D008,R004,Software,138694.81,142527.89,112672.02,111830.69,133,Completed
TXN0003677,2026-12-28 00:00:00,D006,R003,Consulting,135138.46,113394.21,79198.51,82265.38,169,Completed
TXN0003678,2026-10-15 00:00:00,D009,R001,Hardware,200151.33,201934.2,121318.83,106482.61,50,Completed
TXN0003679,2026-01-24 00:00:00,D003,R003,Consulting,134881.33,146123.14,83829.98,93427.77,107,Cancelled
TXN0003680,2025-12-25 00:00:00,D007,R004,Subscription,162294.81,170389.34,87934.04,113158.04,152,Completed
TXN0003681,2025-09-22 00:00:00,D003,R003,Services,115227.57,126259.85,70537.19,91799.06,162,Cancelled
TXN0003682,2025-12-04 00:00:00,D010,R002,Services,155969.64,150254.14,93338.47,88697.08,88,Completed
TXN0003683,2024-01-19 00:00:00,D010,R002,Consulting,115542.01,114285.6,88149.66,99227.59,118,Completed
TXN0003684,2024-02-16 00:00:00,D003,R003,Subscription,162568.61,157589.17,92916.3,106304.58,118,Completed
TXN0003685,2026-04-23 00:00:00,D008,R004,Subscription,199862.08,151191.85,83691.15,86772.48,113,Cancelled
TXN0003686,2026-03-22 00:00:00,D005,R006,,165037.8,180583.7,73628.77,72251.34,129,Completed
TXN0003687,2026-10-16 00:00:00,D009,R006,Hardware,171390.04,178886.41,146016.27,143689.85,70,Cancelled
TXN0003688,2025-08-05 00:00:00,D006,R003,Subscription,184202.47,189600.58,86026.13,99139.73,108,Completed
TXN0003689,2026-10-29 00:00:00,D002,R002,Services,172970.13,153337.61,82971.51,67613.53,82,Completed
TXN0003690,2026-07-27 00:00:00,D007,R004,Hardware,189422.28,187941.51,135484.84,134503.6,137,Completed
TXN0003691,2026-12-28 00:00:00,D004,R001,Subscription,227146.8,208620.34,114847.47,119197.21,32,Pending
TXN0003692,2024-02-27 00:00:00,D005,R002,Subscription,123300.53,112132.94,94190.54,90237.06,72,Completed
TXN0003693,2026-11-20 00:00:00,D006,R005,Support,123666.14,132356.01,50285.71,66315.42,105,Completed
TXN0003694,2024-03-05 00:00:00,D006,R003,Software,208556.11,220072.87,114689.45,145084.38,46,Pending
TXN0003695,2026-03-23 00:00:00,D003,R003,Software,178027.86,191605.12,114246.31,83050.59,107,Completed
TXN0003696,2024-02-07 00:00:00,D009,R001,Software,172452.26,120179.37,108995.39,126722.89,144,Completed
TXN0003697,2026-01-04 00:00:00,D005,R002,Hardware,211243.32,216494.24,149189.01,171759.98,138,Completed
TXN0003698,2024-03-25 00:00:00,D004,R005,Support,122743.34,117745.44,53096.56,67880.01,89,Pending
TXN0003699,2025-04-30 00:00:00,D005,R002,Subscription,185357.57,178366.62,83769.2,82568.36,163,Cancelled
TXN0003700,2024-08-05 00:00:00,D008,R004,Support,115128.58,137929.83,61771.22,79067.27,146,Completed
TXN0003701,2024-01-30 00:00:00,D007,R004,Services,136392.21,118163.18,70795.67,74023.67,43,Pending
TXN0003702,2024-01-02 00:00:00,D006,R003,Software,112220.49,112214.47,134114.44,120219.8,59,Completed
TXN0003703,2026-04-05 00:00:00,D006,R003,Support,71944.98,82747.76,41076.86,37959.62,31,Cancelled
TXN0003704,2024-02-05 00:00:00,D010,R002,Services,168934.76,170621.29,107907.61,93549.78,96,Pending
TXN0003705,2025-01-27 00:00:00,D005,R002,Hardware,240213.42,236277.97,153232.67,133229.66,117,Cancelled
TXN0003706,2024-04-16 00:00:00,D005,R002,Subscription,172189.16,216751.03,61667.47,58708.52,133,Pending
TXN0003707,2026-08-24 00:00:00,D001,R001,Subscription,147028.64,169120.59,83101.68,73593.89,46,Pending
TXN0003708,2026-02-01 00:00:00,D001,R005,Consulting,77738.43,76444.49,83939.03,79623.61,36,Completed
TXN0003709,2025-09-12 00:00:00,D004,R001,Hardware,211964.8,217168.42,154586.83,145995.97,69,Completed
TXN0003710,2026-03-16 00:00:00,D010,R002,Software,224388.85,249427.03,102011.65,91602.39,128,Completed
TXN0003711,2026-03-31 00:00:00,D006,R003,Subscription,196300.37,202178.49,114143.55,103824.53,100,Completed
TXN0003712,2024-10-17 00:00:00,D005,R002,Consulting,90721.91,110191.46,81166.81,81275.62,37,Completed
TXN0003713,2026-06-12 00:00:00,D006,R003,Subscription,168594.72,164339.65,97320.51,117544.99,127,Completed
TXN0003714,2025-01-12 00:00:00,D006,R003,Services,136430.19,123631.73,88231.86,98082.44,51,Completed
TXN0003715,2025-08-26 00:00:00,D010,R005,Services,121105.65,131512.71,113757.79,127702.96,117,Completed
TXN0003716,2026-03-07 00:00:00,D005,R002,Consulting,119032.35,115959.71,93527.41,70565.58,82,Cancelled
TXN0003717,01-02-2026,D005,R002,Hardware,165469.21,160730.41,117202.72,130966.76,157,Completed
TXN0003718,2024-07-16 00:00:00,D010,R002,Services,171394.7,173139.82,97522.26,88180.55,64,Cancelled
TXN0003719,2024-06-16 00:00:00,D004,R001,Consulting,113559.12,134365.32,78076.16,77399.29,40,Completed
TXN0003720,2024-07-27 00:00:00,D006,R003,Services,134616.52,155377.71,72368.55,75075.34,47,Cancelled
TXN0003721,2024-09-18 00:00:00,D001,R005,Consulting,126556.32,106181.12,78540.46,80821.88,173,Completed
TXN0003722,2026-08-25 00:00:00,D002,R002,Software,196082.27,183585.72,116380.19,123889.82,65,Completed
TXN0003723,2025-07-08 00:00:00,D008,R004,Consulting,131598.61,117035.28,54947.31,62175.8,142,Cancelled
TXN0003724,2025-10-19 00:00:00,D004,R001,Subscription,89683.98,90557.53,81484.21,107935.04,177,Completed
TXN0003725,2025-09-17 00:00:00,D009,R001,Services,136012.6,139126.18,93688.62,90764.7,48,Completed
TXN0003726,2024-07-26 00:00:00,D003,R003,Hardware,253480.24,226723.28,103133.21,124351.27,108,Completed
TXN0003727,2024-06-21 00:00:00,D009,R001,Hardware,266011.28,274972.12,169005.03,178276.79,119,Completed
TXN0003728,2026-12-19 00:00:00,D001,R001,Software,168329.59,174650.54,145711.98,162147.11,168,Completed
TXN0003729,2025-06-13 00:00:00,D006,R003,Software,188108.48,228620.99,93492.56,95074.67,119,Pending
TXN0003730,2026-01-19 00:00:00,D005,R002,Services,162896.5,143361.23,91218.09,86098.18,168,Completed
TXN0003731,2026-06-16 00:00:00,D006,R003,Hardware,210746.54,204646.08,169967.35,174288.78,140,Completed
TXN0003732,2024-08-31 00:00:00,D002,R002,Consulting,68039.38,74768.73,82884.03,73206.41,96,Cancelled
TXN0003733,2026-07-29 00:00:00,D005,R002,Subscription,147594.96,160861.47,98237.92,112449.56,56,Completed
TXN0003734,2025-02-20 00:00:00,D005,R002,,157642.5,153849.53,91627.5,87860.84,14,Completed
TXN0003735,2024-03-03 00:00:00,D004,R001,Subscription,205855.3,254407.7,70945.09,58145.13,61,Completed
TXN0003736,2024-06-19 00:00:00,D002,R002,Consulting,128023.72,140617.33,41845.91,39461.34,22,Completed
TXN0003737,2025-01-08 00:00:00,D004,R001,Subscription,147519.36,146019.42,98168.28,110855.89,114,Completed
TXN0003738,2024-12-24 00:00:00,D009,R001,Subscription,121657.14,116059.48,86835.69,86838.93,147,Completed
TXN0003739,2026-08-31 00:00:00,D006,R003,Consulting,140653.69,137333.13,66660.26,62619.43,55,Completed
TXN0003740,2025-01-11 00:00:00,D005,R002,Consulting,96716.31,131683.51,72652.08,62397.26,85,Completed
TXN0003741,2025-09-18 00:00:00,D006,R003,Consulting,100479.43,103791.16,83927.51,94594.43,109,Completed
TXN0003742,2025-04-08 00:00:00,D004,R001,Support,47871.32,51436.71,44125.79,43475.37,128,Cancelled
TXN0003743,2024-08-07 00:00:00,D001,R001,Subscription,200089.48,209516.01,101959.92,107298.14,96,Pending
TXN0003744,2026-02-20 00:00:00,D008,R004,Hardware,185600.39,164004.15,139648.78,158681.12,132,Completed
TXN0003745,2024-11-28 00:00:00,D008,R004,Consulting,104028.06,94699.88,65425.53,72732.41,156,Pending
TXN0003746,2025-04-04 00:00:00,D010,R002,Hardware,231586.9,182358.47,143269.15,139271.72,58,Pending
TXN0003747,2025-06-10 00:00:00,D003,R003,Subscription,167812.66,203257.83,103653.36,111698.99,101,Pending
TXN0003748,2024-04-17 00:00:00,D005,R002,Hardware,268509.26,333578.91,122015.45,161624.33,161,Cancelled
TXN0003749,2024-03-16 00:00:00,D010,R002,Software,136544.8,180329.93,104889.46,98521.56,33,Completed
TXN0003750,2026-09-09 00:00:00,D009,R001,Hardware,209933.06,191613.56,129921.29,136370.96,63,Cancelled
TXN0003751,2025-11-28 00:00:00,D001,R001,Services,139294.8,123967.37,86203.65,78971.25,46,Completed
TXN0003752,2026-12-05 00:00:00,D002,R002,Consulting,132691.18,128636.16,86879.03,102173.61,79,Completed
TXN0003753,2025-07-21 00:00:00,D003,R003,Consulting,139375.77,138091.32,78643.84,89224.97,136,Cancelled
TXN0003754,2026-07-26 00:00:00,D005,R002,support ,64713.78,89464.4,60819.79,58743.74,154,Completed
TXN0003755,2026-10-01 00:00:00,D008,R004,Hardware,127414.85,107976.12,156160.83,168528.23,89,Cancelled
TXN0003756,2026-11-27 00:00:00,D006,R003,Services,116145.43,141837.07,80901.89,102718.94,33,Cancelled
TXN0003757,2026-06-22 00:00:00,D001,R001,Software,182160.1,198814.83,63810.36,56846.2,154,Pending
TXN0003758,2024-05-31 00:00:00,D009,R001,Support,109893.4,82554.37,43014.14,42485.68,40,Completed
TXN0003759,2026-07-14 00:00:00,D009,R001,Support,96967.26,101878.89,49247.52,65072.96,25,Pending
TXN0003760,2026-12-19 00:00:00,D001,R001,Subscription,161257.2,172353.71,88087.59,59862.15,81,Completed
TXN0003761,2025-02-26 00:00:00,D006,R003,Hardware,206160.94,175834.86,120519.69,122011.11,113,Pending
TXN0003762,2026-12-07 00:00:00,D003,R003,Consulting,104238.16,100597.07,75971.94,95442.62,31,Completed
TXN0003763,2024-03-01 00:00:00,D003,R003,Support,103839.13,108740.25,62943.88,64605.62,58,Cancelled
TXN0003764,2024-08-21 00:00:00,D009,R001,Consulting,121468.74,134385.4,77724.0,80651.88,25,Cancelled
TXN0003765,2024-06-12 00:00:00,D004,R001,Consulting,133916.1,94773.57,83571.6,83773.19,75,Completed
TXN0003766,2024-12-07 00:00:00,D010,R005,Support,105074.27,103565.04,57740.39,69455.25,31,Pending
TXN0003767,2025-10-08 00:00:00,D008,R004,Hardware,295711.01,206287.66,145216.85,171700.46,42,Cancelled
TXN0003768,2025-03-01 00:00:00,D007,R004,Subscription,152684.21,171110.11,98629.38,98386.7,61,Completed
TXN0003769,2025-10-03 00:00:00,D002,R002,Support,82083.03,97701.59,52522.74,52699.31,134,Cancelled
TXN0003770,2024-01-25 00:00:00,D001,R001,Consulting,122570.37,116473.22,77704.59,88532.72,176,Completed
TXN0003771,2024-02-10 00:00:00,D004,R001,Consulting,119954.18,148148.04,84138.11,83245.91,36,Completed
TXN0003772,2024-06-12 00:00:00,D010,R002,Subscription,185925.92,213168.8,68768.89,53800.79,7,Completed
TXN0003773,2026-08-29 00:00:00,D009,R001,Subscription,160038.98,172461.55,78070.92,74104.79,83,Completed
TXN0003774,2026-05-23 00:00:00,D006,R003,Services,128002.32,139965.06,92652.85,80128.27,15,Cancelled
TXN0003775,2026-12-31 00:00:00,D001,R001,Hardware,234917.99,162512.5,161037.29,113390.26,30,Cancelled
TXN0003776,2024-10-04 00:00:00,D002,R006,Software,227322.03,292473.1,130449.59,159743.23,81,Completed
TXN0003777,2025-12-03 00:00:00,D008,R004,Software,261360.69,332291.21,109649.2,123798.2,140,Pending
TXN0003778,2024-10-13 00:00:00,D004,R001,Consulting,133468.26,121228.32,80700.84,98978.83,117,Completed
TXN0003779,2026-04-01 00:00:00,D004,R001,Subscription,166468.21,183054.82,87515.65,80162.29,150,Completed
TXN0003780,2024-05-03 00:00:00,D004,R001,Subscription,152546.54,205958.19,95202.03,87632.97,6,Completed
TXN0003781,2024-07-04 00:00:00,D009,R001,Consulting,107356.34,118013.67,45040.58,47265.89,98,Completed
TXN0003782,2025-11-15 00:00:00,D008,R004,Software,171456.15,198239.95,111835.44,105731.06,103,Pending
TXN0003783,2025-01-15 00:00:00,D004,R001,Subscription,186422.91,206502.85,71795.7,74815.8,96,Completed
TXN0003784,2025-05-19 00:00:00,D002,R002,Hardware,200353.89,229663.93,146949.3,125529.52,105,Cancelled
TXN0003785,2025-05-06 00:00:00,D001,R001,Subscription,144055.65,152364.29,84724.23,81919.58,125,Pending
TXN0003786,2026-05-13 00:00:00,D003,R003,Services,112019.08,115438.03,69218.93,73232.83,171,Pending
TXN0003787,2024-12-28 00:00:00,D007,R005,Hardware,110102.54,101044.71,186584.86,207907.32,138,Completed
TXN0003788,2024-05-20 00:00:00,D007,R004,Hardware,292318.33,331562.94,123942.34,156893.59,179,Pending
TXN0003789,2026-08-03 00:00:00,D002,R005,Subscription,162314.93,164735.78,109732.56,115514.04,87,Completed
TXN0003790,2025-09-05 00:00:00,D006,R003,Support,unknown,79792.68,76318.49,90432.9,109,Completed
TXN0003791,2024-03-17 00:00:00,D001,R001,Software,182652.31,194702.88,115736.96,120533.31,53,Cancelled
TXN0003792,2024-01-17 00:00:00,D009,R006,Services,178421.85,175443.53,84928.92,109489.41,72,Completed
TXN0003793,2024-10-02 00:00:00,D008,R004,Consulting,156030.01,150638.28,47859.77,51492.91,135,Completed
TXN0003794,2025-07-08 00:00:00,D005,R002,Support,110374.37,121213.25,60209.88,63718.04,121,Completed
TXN0003795,2025-10-11 00:00:00,D009,R001,Services,122747.33,123708.18,81436.32,82489.84,59,Completed
TXN0003796,2026-05-06 00:00:00,D010,R002,Software,219381.25,282757.44,88463.42,87780.95,131,Pending
TXN0003797,2024-01-08 00:00:00,D005,R002,Support,107423.1,109607.1,56069.64,60339.25,150,Completed
TXN0003798,2026-11-08 00:00:00,D003,R003,Hardware,179795.93,175572.31,148954.37,151413.17,121,Completed
TXN0003799,2024-08-17 00:00:00,D006,R003,Hardware,258993.2,208477.86,175752.12,180882.84,65,Completed
TXN0003800,2024-10-05 00:00:00,D009,R001,Consulting,103011.45,134728.79,74759.22,67278.49,130,Completed
TXN0003801,2024-02-13 00:00:00,D008,R004,Services,139792.54,160304.74,85775.93,107098.19,169,Pending
TXN0003802,2024-08-04 00:00:00,D009,R001,Software,185188.37,191895.22,99728.19,98735.74,103,Completed
TXN0003803,2026-10-28 00:00:00,D001,R001,Services,161360.47,169942.66,72076.75,71059.76,138,Completed
TXN0003804,2026-08-20 00:00:00,D009,R001,Subscription,145173.19,138123.01,109272.67,109573.13,118,Completed
TXN0003805,2025-03-15 00:00:00,D009,R001,Services,124043.7,156337.65,77861.0,55356.04,108,Completed
TXN0003806,2024-07-12 00:00:00,D008,R004,Hardware,145038.35,139903.6,140790.97,140965.53,64,Completed
TXN0003807,2025-01-30 00:00:00,D010,R005,Hardware,244241.61,248639.78,172914.18,189875.64,136,Pending
TXN0003808,2026-03-21 00:00:00,D001,R001,Services,152843.51,168937.5,91506.37,81641.52,39,Completed
TXN0003809,2025-06-20 00:00:00,D005,R002,Software,139555.9,148786.5,101973.67,114832.05,22,Completed
TXN0003810,2024-03-12 00:00:00,D004,R001,Subscription,194231.66,203589.84,113938.74,117835.07,172,Completed
TXN0003811,2025-07-03 00:00:00,D008,R004,Software,174934.42,189307.46,110678.89,unknown,76,Completed
TXN0003812,2025-07-11 00:00:00,D001,R006,Support,62654.05,69547.7,57116.07,63302.11,30,Cancelled
TXN0003813,2025-05-06 00:00:00,D004,R001,Hardware,172149.26,178767.15,129588.68,105060.56,146,Completed
TXN0003814,2025-09-25 00:00:00,D001,R001,Support,104443.57,105189.21,39512.42,39131.48,30,Completed
TXN0003815,2026-08-11 00:00:00,D003,R003,Subscription,215193.88,208941.52,103159.1,119094.16,12,Cancelled
TXN0003816,09-03-2026,D009,R001,Support,99597.22,111177.9,61193.5,51555.07,70,Cancelled
TXN0003817,2026-02-03 00:00:00,D007,R004,Services,111882.23,116938.56,85334.91,71595.68,25,Pending
TXN0003818,2025-08-16 00:00:00,D005,R002,Services,127291.34,108785.31,85974.19,92280.43,8,Completed
TXN0003819,2024-08-08 00:00:00,D004,,Software,216931.35,201787.44,108563.81,104733.04,141,Cancelled
TXN0003820,2026-12-12 00:00:00,D001,R006,Consulting,112193.68,111862.38,70548.83,63004.14,115,Completed
TXN0003821,2024-01-25 00:00:00,D007,R004,Consulting,140222.35,132415.63,68936.51,71528.36,43,Cancelled
TXN0003822,2024-12-13 00:00:00,D007,R004,,91015.03,79791.9,58950.91,56333.98,19,Completed
TXN0003823,2026-03-11 00:00:00,D001,R006,Services,125944.06,154066.78,69564.35,70741.63,111,Completed
TXN0003824,2026-04-18 00:00:00,D002,R002,Services,172907.7,187947.69,98248.01,126573.91,144,Cancelled
TXN0003825,2025-10-03 00:00:00,D001,R006,Consulting,128170.49,104004.27,70885.27,81725.29,12,Completed
TXN0003826,2025-11-14 00:00:00,D002,R002,Services,157981.87,169888.18,90757.2,67614.32,149,Completed
TXN0003827,2026-08-03 00:00:00,D001,R001,Services,101721.32,99346.49,70347.51,80003.74,27,Completed
TXN0003828,2024-11-24 00:00:00,D001,R001,Services,133354.63,134732.89,92587.95,82824.71,28,Completed
TXN0003829,2024-03-25 00:00:00,D004,R001,Consulting,130014.44,131898.31,82273.42,79712.11,135,Pending
TXN0003830,2024-10-18 00:00:00,D002,R002,Consulting,120849.77,136081.21,84242.54,107859.93,52,Completed
TXN0003831,2025-10-09 00:00:00,D001,R001,Hardware,180446.92,143941.11,116182.04,145015.63,76,Pending
TXN0003832,2024-12-08 00:00:00,D002,R002,Software,179107.19,172355.12,92799.79,87900.63,145,Completed
TXN0003833,2025-06-09 00:00:00,D008,R004,Consulting,170137.36,179841.3,81166.74,92005.0,83,Completed
TXN0003834,2025-09-09 00:00:00,D007,R005,Services,146273.15,151094.09,87290.93,76233.06,80,Completed
TXN0003835,2026-03-24 00:00:00,D003,R003,Software,169136.82,182126.37,,84551.89,8,Completed
TXN0003836,2025-07-06 00:00:00,D006,R003,Subscription,182347.88,181053.16,59407.99,66938.87,26,Completed
TXN0003837,2026-07-02 00:00:00,D001,R001,Hardware,238225.46,292203.94,184338.21,180017.11,126,Completed
TXN0003838,2025-01-09 00:00:00,D007,R004,Services,126410.53,145368.5,67077.77,43893.08,112,Completed
TXN0003839,2026-08-21 00:00:00,D006,R003,Services,141503.48,113642.98,60325.41,60177.65,109,Completed
TXN0003840,2024-02-19 00:00:00,D008,R004,Hardware,240298.29,276745.54,158665.34,176387.51,178,Completed
TXN0003841,2026-01-05 00:00:00,D005,R002,Support,60003.16,68641.46,50189.15,48752.91,154,Cancelled
TXN0003842,2024-09-26 00:00:00,D006,R003,Software,192491.08,219814.2,105247.79,110937.16,32,Completed
TXN0003843,2024-07-05 00:00:00,D010,R002,Hardware,233340.94,297356.73,181629.46,240057.62,48,Pending
TXN0003844,2025-08-07 00:00:00,D009,R001,Support,71610.41,71149.42,52264.62,56641.05,160,Cancelled
TXN0003845,2026-05-26 00:00:00,D007,R004,Subscription,217766.13,281274.39,108187.6,118580.51,136,Pending
TXN0003846,2024-04-30 00:00:00,D003,R003,,113327.0,109647.92,84904.37,114070.28,7,Cancelled
TXN0003847,2025-06-14 00:00:00,D009,R001,Consulting,74164.16,64084.0,68712.82,unknown,11,Cancelled
TXN0003848,2024-06-30 00:00:00,D004,R001,Support,125155.54,160725.92,60435.67,65651.62,149,Completed
TXN0003849,2024-09-24 00:00:00,D010,R006,Subscription,141785.61,138615.45,92687.25,95717.18,26,Pending
TXN0003850,2026-12-19 00:00:00,D005,R006,Subscription,unknown,252761.18,91654.74,76907.21,56,Pending
TXN0003851,2024-09-18 00:00:00,D010,R002,Support,72426.91,83770.81,47029.88,64530.07,55,Completed
TXN0003852,2026-11-10 00:00:00,D004,R001,Hardware,283086.51,290082.79,91408.73,102464.55,116,Completed
TXN0003853,2026-10-29 00:00:00,D008,R004,Software,178696.09,147060.99,111478.08,124748.24,45,Completed
TXN0003854,2026-04-20 00:00:00,D004,R001,Subscription,172433.13,166922.58,86667.72,94138.77,86,Completed
TXN0003855,2024-01-20 00:00:00,D007,R004,Support,59802.15,75192.1,66550.08,57325.9,48,Completed
TXN0003856,2026-10-03 00:00:00,D003,R003,Support,79834.86,90261.91,53836.98,57894.75,180,Completed
TXN0003857,2024-01-04 00:00:00,D001,R001,Hardware,277396.79,243849.8,140865.32,168977.59,58,Completed
TXN0003858,2026-11-28 00:00:00,D001,R005,Subscription,175312.92,155032.05,90260.26,,101,Completed
TXN0003859,2026-07-17 00:00:00,D005,R002,Consulting,113094.96,129535.93,73352.61,93283.69,66,Cancelled
TXN0003860,2026-11-23 00:00:00,D002,R002,Software,148639.45,178424.33,81622.51,79884.25,138,Cancelled
TXN0003861,2025-05-31 00:00:00,D010,R002,Software,189109.04,252298.99,92583.38,79776.23,35,Pending
TXN0003862,2024-11-07 00:00:00,D001,R005,Consulting,122721.66,104050.05,74038.96,88211.41,65,Completed
TXN0003863,2026-12-25 00:00:00,D008,R004,Consulting,103500.83,104311.22,73123.91,75422.8,152,Pending
TXN0003864,2025-11-20 00:00:00,D010,R005,Subscription,199813.66,-11295.465662385554,96677.48,65823.71,81,Cancelled
TXN0003865,2026-05-20 00:00:00,D002,R002,Subscription,149078.77,145811.57,87583.17,90706.94,127,Completed
TXN0003866,2024-02-17 00:00:00,D007,R004,Software,181917.22,132269.35,134187.52,171079.06,157,Cancelled
TXN0003867,2025-05-25 00:00:00,D009,R001,Services,172196.0,225797.18,87887.64,97438.47,116,Completed
TXN0003868,2026-07-01 00:00:00,D002,R002,Services,166176.66,192725.85,99536.89,84848.93,26,Completed
TXN0003869,2024-07-08 00:00:00,D009,R001,Hardware,218178.05,281332.12,159181.95,210422.82,174,Cancelled
TXN0003870,2025-06-14 00:00:00,D009,R001,Support,106398.38,105211.31,49293.67,45107.29,89,Cancelled
TXN0003871,2024-11-03 00:00:00,D003,R003,Hardware,177449.86,177984.34,168672.86,189522.02,9,Completed
TXN0003872,2024-01-25 00:00:00,D005,R002,Support,81208.89,91276.01,51406.64,36854.66,22,Completed
TXN0003873,2025-07-22 00:00:00,D004,R001,Services,106681.24,114908.84,88472.82,117658.19,110,Pending
TXN0003874,2025-05-27 00:00:00,D001,R001,Consulting,101394.6,94964.82,69294.58,67404.1,77,Cancelled
TXN0003875,2026-06-23 00:00:00,D005,R002,Consulting,148027.25,137036.09,87032.45,98526.65,42,Completed
TXN0003876,2024-02-02 00:00:00,D002,R005,Hardware,179179.72,153072.1,137141.16,120938.34,40,Cancelled
TXN0003877,2024-10-09 00:00:00,D002,R002,Services,176557.89,174961.0,95414.62,96566.48,172,Completed
TXN0003878,2024-01-03 00:00:00,D009,R001,Hardware,212753.09,248848.25,128915.99,132178.94,43,Pending
TXN0003879,2024-05-23 00:00:00,D003,R006,Subscription,113900.33,151979.33,90834.84,85357.32,132,Completed
TXN0003880,2025-04-10 00:00:00,D006,R003,Consulting,90168.01,85615.92,71725.96,77772.86,96,Completed
TXN0003881,2025-12-06 00:00:00,D007,R004,Services,116092.72,126445.17,62030.94,66008.77,121,Completed
TXN0003882,2024-07-12 00:00:00,D001,R001,Services,161300.83,160994.81,84963.17,82731.79,148,Completed
TXN0003883,2024-08-25 00:00:00,D009,R001,Software,162282.47,172828.21,,123752.85,180,Pending
TXN0003884,2025-11-01 00:00:00,D002,R002,Support,95795.63,89233.08,54124.15,52447.82,93,Cancelled
TXN0003885,2024-08-22 00:00:00,D001,R001,Consulting,105590.01,110742.67,77335.69,81675.86,13,Completed
TXN0003886,2024-04-23 00:00:00,D008,R004,Services,164805.93,150659.24,66918.89,68704.15,72,Pending
TXN0003887,2025-05-11 00:00:00,D007,R005,Services,150971.02,160990.55,92484.13,112660.43,138,Completed
TXN0003888,2024-12-25 00:00:00,D008,R004,Software,130610.77,147857.63,139842.73,133954.7,56,Completed
TXN0003889,2026-05-24 00:00:00,D010,R002,Support,97850.15,103023.0,64170.73,76433.2,22,Completed
TXN0003890,2025-06-25 00:00:00,D002,R002,Support,105120.15,109013.21,51893.91,43487.32,141,Completed
TXN0003891,2026-06-10 00:00:00,D001,R001,Consulting,100965.41,77335.62,82560.9,91060.15,88,Completed
TXN0003892,2024-04-04 00:00:00,D005,R002,Support,95783.47,64307.05,43000.88,44355.6,83,Completed
TXN0003893,2025-03-24 00:00:00,D003,R003,Consulting,141488.94,121679.32,83235.31,55398.76,167,Completed
TXN0003894,08/07/2024,D007,R004,Software,187252.63,215393.52,135096.02,158041.28,164,Completed
TXN0003895,2026-10-19 00:00:00,D006,R003,Hardware,261292.77,241987.56,146031.19,141883.86,165,Completed
TXN0003896,06/15/2025,D005,R002,Services,95431.64,120369.44,71049.21,94836.72,65,Completed
TXN0003897,2026-10-02 00:00:00,D009,R001,Software,179479.21,188976.73,108731.67,96368.4,109,Cancelled
TXN0003898,2024-07-26 00:00:00,D003,R003,Hardware,160310.38,159654.08,115964.67,147200.21,178,Completed
TXN0003899,2026-03-18 00:00:00,D008,R004,Services,152685.99,130363.98,80907.52,78537.52,120,Completed
TXN0003900,2026-03-04 00:00:00,D009,R001,Consulting,138677.31,136252.54,61485.93,83814.92,94,Pending
TXN0003901,2024-06-05 00:00:00,D003,R003,Hardware,144372.01,131664.22,126395.05,135189.27,164,Pending
TXN0003902,2026-11-11 00:00:00,D007,R004,Consulting,120843.67,125754.24,82552.28,83867.71,74,Cancelled
TXN0003903,2024-11-22 00:00:00,D005,R002,Software,261117.83,193410.83,71153.52,61068.25,153,Completed
TXN0003904,2026-04-25 00:00:00,D004,R001,Software,236910.38,247143.08,118586.46,117536.56,32,Cancelled
TXN0003905,2025-09-09 00:00:00,D005,R002,Consulting,129634.12,134924.64,97209.08,103148.25,42,Completed
TXN0003906,2025-03-05 00:00:00,D004,R001,Hardware,164057.79,172855.85,128847.5,134060.02,83,Completed
TXN0003907,2026-02-13 00:00:00,D005,R002,Support,81252.94,71140.73,55239.93,55692.48,145,Completed
TXN0003908,2026-06-05 00:00:00,D002,R002,Hardware,204924.65,245753.24,145596.35,161063.37,69,Cancelled
TXN0003909,2024-12-18 00:00:00,D006,R003,Hardware,242582.01,287644.8,162516.64,178699.22,9,Pending
TXN0003910,2024-06-29 00:00:00,D005,R002,Support,94128.07,76828.18,70101.47,81680.38,36,Completed
TXN0003911,2024-06-13 00:00:00,D010,R002,Services,159665.97,193885.28,71053.61,64225.48,140,Completed
TXN0003912,2026-05-28 00:00:00,D008,R004,Support,98415.95,110167.99,40374.16,45745.5,64,Completed
TXN0003913,2025-08-11 00:00:00,D004,R001,Subscription,131555.44,129288.03,80175.76,83351.96,133,Cancelled
TXN0003914,2026-11-24 00:00:00,D003,R003,Subscription,154361.2,174204.89,84344.26,80363.47,75,Cancelled
TXN0003915,2026-04-09 00:00:00,D007,R004,Consulting,122372.35,123349.5,81280.98,94018.26,71,Completed
TXN0003916,2024-03-30 00:00:00,D006,R003,Software,133828.95,139444.11,84536.48,80515.5,51,Completed
TXN0003917,2025-09-28 00:00:00,D003,R003,Hardware,198331.89,191412.47,141806.36,163223.74,55,Completed
TXN0003918,2025-05-21 00:00:00,D002,R002,Services,184228.11,144453.42,78161.58,67078.82,12,Completed
TXN0003919,2025-05-05 00:00:00,D007,R006,Software,184171.95,177325.86,122113.04,126796.34,132,Completed
TXN0003920,2026-10-31 00:00:00,D002,R002,Support,101088.79,80706.43,43911.93,41729.66,103,Completed
TXN0003921,2025-02-16 00:00:00,D001,R001,Software,210512.66,220942.74,119297.39,120037.67,31,Cancelled
TXN0003922,2024-04-11 00:00:00,D008,R004,Subscription,125988.25,120949.53,63531.25,55968.39,25,Completed
TXN0003923,2025-09-01 00:00:00,D005,R005,Services,127643.72,130901.22,83422.42,77878.2,126,Completed
TXN0003924,2026-10-13 00:00:00,D004,R001,Support,103249.69,106774.94,60052.65,58028.56,30,Cancelled
TXN0003925,2026-04-29 00:00:00,D008,R004,Subscription,165386.18,121929.12,98447.4,103190.42,16,Completed
TXN0003926,2025-12-27 00:00:00,D007,R004,Services,129298.99,140340.82,90606.2,85654.46,180,Cancelled
TXN0003927,2024-07-20 00:00:00,D001,R001,Hardware,201087.04,209666.28,146118.06,148008.88,153,Completed
TXN0003928,2026-01-16 00:00:00,D008,R004,Hardware,177964.69,224932.7,150856.35,111743.32,7,Completed
TXN0003929,2025-11-28 00:00:00,D002,R002,Consulting,89136.97,99387.94,67171.79,56612.29,62,Completed
TXN0003930,2024-02-16 00:00:00,D009,R001,Software,167432.24,196321.33,"₹1,25,000",113728.16,125,Completed
TXN0003931,2026-12-06 00:00:00,D009,R001,Consulting,101210.65,116608.16,74077.58,77935.61,5,Pending
TXN0003932,2024-04-25 00:00:00,D003,R003,Subscription,166848.56,191338.82,86327.69,90535.31,63,Pending
TXN0003933,2026-05-23 00:00:00,D002,R002,Software,178911.83,181176.59,132840.82,127305.43,12,Cancelled
TXN0003934,2026-08-20 00:00:00,D009,R001,Subscription,181448.46,183226.66,104836.56,111179.74,44,Completed
TXN0003935,2026-02-25 00:00:00,D004,R001,Subscription,195892.37,198211.07,86427.4,83321.15,69,Pending
TXN0003936,2025-02-09 00:00:00,D008,R004,Subscription,135499.15,153336.26,92291.98,92814.63,129,Completed
TXN0003937,2024-08-05 00:00:00,D004,R006,Subscription,162583.66,177898.07,80493.64,79617.06,6,Completed
TXN0003938,2026-01-20 00:00:00,D005,R002,Support,104968.38,122574.94,59801.37,64680.26,95,Pending
TXN0003939,2025-06-10 00:00:00,D009,R005,Support,92614.47,79426.7,52763.69,49702.15,176,Completed
TXN0003940,2025-03-12 00:00:00,D004,R001,Services,116290.49,125039.06,78100.11,55696.37,106,Completed
TXN0003941,2026-03-11 00:00:00,D003,R003,Software,187833.25,186231.09,114810.43,131564.71,154,Completed
TXN0003942,2025-12-22 00:00:00,D007,R004,Consulting,150572.03,174046.14,92344.33,96436.83,121,Completed
TXN0003943,2026-03-07 00:00:00,D007,R004,Software,218190.66,249418.11,118582.07,114754.81,118,Completed
TXN0003944,2024-08-30 00:00:00,D002,R002,Support,104466.67,117318.08,54218.28,57775.86,67,Cancelled
TXN0003945,2024-07-02 00:00:00,D006,R003,Services,174006.72,165806.01,71992.05,79032.13,87,Completed
TXN0003946,2024-10-24 00:00:00,D002,R002,Hardware,205968.84,224052.34,196263.38,231409.67,104,Completed
TXN0003947,2025-03-21 00:00:00,D001,R001,Software,147741.19,139268.42,113425.09,135858.31,55,Completed
TXN0003948,2026-12-06 00:00:00,D001,R001,Support,83167.34,85971.5,54521.07,53374.03,71,Completed
TXN0003949,2024-08-18 00:00:00,D005,R002,Support,90770.79,90102.97,46316.39,62623.82,163,Cancelled
TXN0003950,2025-08-22 00:00:00,D004,R001,Hardware,220032.52,207929.22,145677.06,145680.77,133,Completed
TXN0003951,2026-05-20 00:00:00,D004,R006,Software,149556.46,122627.47,91533.82,85720.02,158,Completed
TXN0003952,2024-04-05 00:00:00,D001,R001,Services,165338.48,132333.15,96342.77,93361.43,42,Completed
TXN0003953,2026-09-02 00:00:00,D006,R003,Consulting,93494.48,107275.52,64331.18,73071.3,98,Cancelled
TXN0003954,2025-05-16 00:00:00,D007,R004,Consulting,116865.95,97185.02,71039.95,69707.63,64,Cancelled
TXN0003955,2024-07-04 00:00:00,D006,R003,SUBSCRIPTION,145314.46,157605.32,108016.54,116159.74,28,Completed
TXN0003956,2026-10-18 00:00:00,D006,R005,Hardware,293514.05,316635.85,162639.41,137353.32,112,Completed
TXN0003957,2026-05-19 00:00:00,D003,R003,Subscription,151793.99,182625.96,105845.64,99227.19,36,Completed
TXN0003958,2025-10-19 00:00:00,,R004,Hardware,213014.28,223167.44,153205.37,135218.9,33,Completed
TXN0003959,2026-10-06 00:00:00,D009,R001,Consulting,146129.5,163999.34,68799.89,63124.48,89,Completed
TXN0003960,2026-10-16 00:00:00,D003,R003,Hardware,234622.92,240564.2,117494.17,120563.4,134,Completed
TXN0003961,2026-02-09 00:00:00,D006,R003,Services,127949.7,119758.48,84956.81,89498.18,168,Completed
TXN0003962,2026-02-24 00:00:00,D010,R002,Services,121747.45,121345.46,98553.51,95385.28,9,Completed
TXN0003963,2026-01-27 00:00:00,D005,R002,Consulting,101051.5,66059.62,99133.55,71005.09,76,Pending
TXN0003964,2026-01-03 00:00:00,D008,R004,Software,124050.51,142108.59,138152.43,180246.82,21,Pending
TXN0003965,2026-10-21 00:00:00,D002,R005,Software,187114.11,170602.11,112318.37,132731.59,123,Completed
TXN0003966,2026-09-11 00:00:00,D006,R003,Hardware,230983.97,239022.21,142349.54,145228.53,141,Completed
TXN0003967,2025-03-19 00:00:00,D008,R004,Software,185694.42,206450.57,87235.27,99517.96,30,Pending
TXN0003968,2026-12-21 00:00:00,D006,R003,Services,157742.09,143023.93,61029.63,61413.2,9,Completed
TXN0003969,2025-09-09 00:00:00,D008,R004,Software,160411.61,109328.74,125203.62,,133,Completed
TXN0003970,2024-04-12 00:00:00,D008,R888,Consulting,154469.54,157380.37,88324.48,86177.27,46,Cancelled
TXN0003971,2026-12-17 00:00:00,D003,R003,Consulting,102986.16,105327.7,69235.65,73360.02,108,Completed
TXN0003972,2025-09-06 00:00:00,D008,R004,Subscription,149707.24,148150.88,99281.27,116412.89,16,Pending
TXN0003973,2024-01-22 00:00:00,D007,R004,Services,163139.72,158782.87,83263.18,77724.26,119,Pending
TXN0003974,2025-02-26 00:00:00,D004,R001,Software,202181.85,256755.01,105707.31,121523.56,91,Completed
TXN0003975,2026-09-01 00:00:00,D009,R001,Consulting,105421.03,115163.38,94887.49,99542.25,111,Completed
TXN0003976,2026-12-19 00:00:00,D006,R003,Services,180691.18,186653.88,75738.85,52486.83,115,Cancelled
TXN0003977,2024-03-02 00:00:00,D008,R004,Consulting,136764.6,128228.92,66732.8,60786.15,72,Cancelled
TXN0003978,2025-04-23 00:00:00,D009,R001,Subscription,133153.76,142907.23,107527.21,121744.83,50,Completed
TXN0003979,2025-06-15 00:00:00,D006,R003,Services,120522.83,120796.28,80073.51,75298.41,6,Completed
TXN0003980,2024-10-23 00:00:00,D001,R001,Subscription,205178.04,188755.28,98739.56,115809.03,126,Completed
TXN0003981,2025-11-01 00:00:00,D010,R002,Software,184950.15,156225.74,138193.45,129865.14,157,Pending
TXN0003982,2025-10-05 00:00:00,D007,R004,Software,209947.22,196582.85,87107.47,104165.9,54,Completed
TXN0003983,2026-08-28 00:00:00,D007,R004,Support,92485.42,78264.56,44443.34,46034.92,133,Cancelled
TXN0003984,2025-12-06 00:00:00,D008,R004,Hardware,224360.26,226565.3,118655.98,131667.81,70,Completed
TXN0003985,2024-02-26 00:00:00,D007,R004,Subscription,101874.11,90853.84,70352.06,53887.35,66,Cancelled
TXN0003986,2026-09-03 00:00:00,D005,R002,Services,148732.64,158909.2,86906.79,84762.63,58,Pending
TXN0003987,2025-01-04 00:00:00,D003,R003,Services,168537.06,162917.59,101965.96,120623.19,20,Completed
TXN0003988,2026-09-14 00:00:00,D003,R003,Services,105600.63,76189.25,111482.69,124598.09,31,Completed
TXN0003989,2026-09-30 00:00:00,,R002,Hardware,171218.01,160341.89,115359.57,147899.99,114,Cancelled
TXN0003990,2026-05-16 00:00:00,D002,R002,Software,135678.89,110863.62,120371.71,104262.14,47,Completed
TXN0003991,2026-01-31 00:00:00,D005,R002,Subscription,122902.41,142406.69,85677.76,78247.84,34,Completed
TXN0003992,2025-04-21 00:00:00,D005,R002,Consulting,114097.03,108562.44,53377.4,61252.93,13,Completed
TXN0003993,01/17/2024,D003,R003,Consulting,131801.09,128339.7,69545.03,61191.48,58,Cancelled
TXN0003994,2026-04-26 00:00:00,D003,R003,Services,115607.34,135658.73,71974.15,63759.39,150,Cancelled
TXN0003995,2025-01-12 00:00:00,D001,R001,Hardware,186661.82,245385.51,135164.56,169066.6,178,Pending
TXN0003996,2024-05-04 00:00:00,D005,R002,Software,164909.59,158018.85,120515.35,,113,Cancelled
TXN0003997,2026-08-09 00:00:00,D001,R001,Consulting,115747.85,145935.79,59923.05,64093.99,9,Completed
TXN0003998,2026-07-01 00:00:00,D002,R002,Services,138717.83,167037.23,72490.58,64393.37,15,Completed
TXN0003999,2025-02-10 00:00:00,D001,R001,Hardware,313073.43,335021.64,174482.84,186597.54,58,Completed
TXN0004000,2025-06-03 00:00:00,D007,R004,Services,159215.27,142548.37,77120.97,54428.02,76,Pending
TXN0004001,2026-06-21 00:00:00,D010,R002,Software,unknown,121994.12,97369.61,95694.51,45,Cancelled
TXN0004002,2025-05-09 00:00:00,D005,R002,Consulting,120183.7,119374.73,62669.05,52648.64,147,Completed
TXN0004003,2024-03-07 00:00:00,D009,R001,,176386.17,183804.37,69650.24,70298.8,106,Completed
TXN0004004,2025-10-27 00:00:00,D005,R006,Subscription,165815.87,164957.96,69156.54,68113.35,32,Cancelled
TXN0004005,2024-09-17 00:00:00,D888,R001,Services,124508.54,134812.03,102325.68,86176.5,123,Completed
TXN0004006,2024-11-23 00:00:00,D008,R004,Software,195767.0,188181.64,89555.01,78222.83,151,Completed
TXN0004007,2024-04-07 00:00:00,D007,R004,Support,78662.32,74172.44,47417.36,46098.88,81,Cancelled
TXN0004008,2026-05-09 00:00:00,D007,R006,Support,81703.9,91339.55,53182.73,49534.73,120,Pending
TXN0004009,2024-12-06 00:00:00,D006,R003,Consulting,83433.5,83565.33,73244.65,81774.28,146,Completed
TXN0004010,2026-09-28 00:00:00,D006,R003,Subscription,unknown,140556.17,98628.88,95319.63,72,Cancelled
TXN0004011,2024-01-02 00:00:00,D010,R002,Consulting,132048.15,131452.72,66136.49,58093.23,134,Cancelled
TXN0004012,2026-05-07 00:00:00,D007,R004,Software,156871.13,169181.63,115233.4,115907.02,131,Completed
TXN0004013,2024-12-13 00:00:00,D007,R004,Software,209610.03,204795.0,126834.34,118110.62,16,Cancelled
TXN0004014,2024-12-17 00:00:00,D001,R001,Software,166590.69,168288.53,94072.39,104996.67,157,Completed
TXN0004015,2026-01-30 00:00:00,D003,R003,Software,167665.4,178095.35,108725.67,123887.66,81,Completed
TXN0004016,2024-03-11 00:00:00,D010,R006,Subscription,108927.4,116718.15,108604.77,113723.69,154,Completed
TXN0004017,2025-01-29 00:00:00,D003,R003,Hardware,244010.33,253244.1,111777.14,144329.31,68,Completed
TXN0004018,2026-01-02 00:00:00,D003,R005,Services,117980.67,128022.91,79871.97,91872.22,22,Completed
TXN0004019,2025-11-09 00:00:00,D003,R003,Support,93846.07,90905.81,46163.84,44887.04,93,Completed
TXN0004020,2025-04-08 00:00:00,D002,R002,Support,90971.07,86673.69,52707.7,64289.44,91,Completed
TXN0004021,2024-03-09 00:00:00,D006,R003,Support,97057.12,70473.83,52763.84,52751.46,62,Pending
TXN0004022,2025-08-06 00:00:00,D010,R002,Subscription,118848.93,131939.1,92270.8,88248.45,58,Cancelled
TXN0004023,2025-01-29 00:00:00,D004,R001,Services,181904.35,214382.43,101740.4,103638.59,46,Completed
TXN0004024,2026-05-23 00:00:00,D004,R001,Services,138143.97,134336.33,75368.72,70029.1,38,Completed
TXN0004025,2024-09-15 00:00:00,D009,R005,Software,136110.97,176550.48,91689.31,119416.5,73,Completed
TXN0004026,2024-04-27 00:00:00,D002,R002,Subscription,176008.67,180139.17,89044.27,89591.2,118,Completed
TXN0004027,2024-10-01 00:00:00,D010,R002,Subscription,126421.5,113994.88,80100.34,60100.1,19,Completed
TXN0004028,2026-04-02 00:00:00,D003,R003,Consulting,128959.94,128071.49,76243.22,61509.6,55,Completed
TXN0004029,2026-01-31 00:00:00,D008,R004,Subscription,130094.72,134496.45,"₹1,25,000",70812.34,76,Completed
TXN0004030,2025-01-08 00:00:00,D002,R002,Consulting,117507.43,120719.44,55053.73,43355.54,157,Completed
TXN0004031,2025-12-01 00:00:00,D002,R002,Consulting,114762.3,121158.18,89215.71,89665.48,164,Completed
TXN0004032,2026-07-03 00:00:00,D010,R002,Consulting,144561.44,142014.24,,55398.93,24,Completed
TXN0004033,2026-03-31 00:00:00,D002,R002,Services,163862.82,173162.35,82554.74,104102.1,37,Pending
TXN0004034,2026-11-07 00:00:00,D005,R002,Services,185665.94,219980.23,65097.85,79582.03,166,Pending
TXN0004035,2024-02-22 00:00:00,D005,R002,Services,136537.81,166901.77,92213.36,119655.77,163,Pending
TXN0004036,2024-02-24 00:00:00,D002,R002,Services,113125.88,125874.38,79771.23,69787.14,6,Cancelled
TXN0004037,2026-12-27 00:00:00,D010,R002,Support,63740.45,63098.43,63990.53,63264.64,73,Completed
TXN0004038,2024-12-06 00:00:00,D003,R003,Services,150640.64,183092.98,84100.5,,32,Completed
TXN0004039,2025-12-27 00:00:00,D006,R003,Hardware,260972.86,279658.08,163257.35,140741.23,7,Completed
TXN0004040,2024-10-12 00:00:00,D002,R002,Support,79071.15,63151.67,56501.07,71705.23,30,Cancelled
TXN0004041,2024-04-11 00:00:00,D002,R002,Support,82170.81,70154.86,67601.69,71104.62,137,Pending
TXN0004042,2024-10-13 00:00:00,D008,R004,Consulting,119974.98,134470.12,81284.47,69547.46,71,Pending
TXN0004043,2025-05-29 00:00:00,D010,R002,Hardware,238160.04,236908.46,112386.69,100457.79,38,Completed
TXN0004044,2025-06-04 00:00:00,D002,R002,Services,129597.6,105523.81,80948.91,70901.96,165,Completed
TXN0004045,2025-01-04 00:00:00,D009,R001,Subscription,,143444.01,97036.73,89291.47,6,Completed
TXN0004046,2026-06-02 00:00:00,D009,R001,Software,184646.91,189057.19,77231.98,91725.79,131,Pending
TXN0004047,2025-04-25 00:00:00,D010,R002,Services,142810.16,120057.24,71277.46,63800.05,48,Cancelled
TXN0004048,2025-12-26 00:00:00,D010,R002,Consulting,107128.66,137194.85,89314.83,100585.32,29,Completed
TXN0004049,2025-11-27 00:00:00,D010,R002,Services,185305.54,177554.64,92839.67,88263.57,124,Cancelled
TXN0004050,2024-04-27 00:00:00,D005,R002,Hardware,214268.6,178000.27,153213.93,141079.92,138,Completed
TXN0004051,2026-12-15 00:00:00,D009,R001,Hardware,245209.3,279207.46,158334.13,164567.08,140,Completed
TXN0004052,2026-06-14 00:00:00,D009,R001,Hardware,144539.3,140970.61,169503.01,166626.7,127,Completed
TXN0004053,2026-11-06 00:00:00,D007,R004,Software,197706.76,195520.21,90606.56,122947.99,73,Pending
TXN0004054,2024-12-10 00:00:00,D008,R004,Subscription,133972.04,132071.97,93958.59,116495.48,97,Completed
TXN0004055,2025-10-15 00:00:00,D004,R001,Support,97685.14,84236.63,50545.46,61146.48,100,Completed
TXN0004056,2024-11-21 00:00:00,D010,R002,Subscription,128231.89,127166.31,125304.66,126490.35,49,Completed
TXN0004057,2025-01-10 00:00:00,D006,R005,Subscription,174392.12,166015.52,102063.55,117189.77,95,Pending
TXN0004058,2026-07-04 00:00:00,D003,R003,Hardware,228832.0,255148.57,134053.2,156452.02,49,Cancelled
TXN0004059,04-01-2025,D007,R004,Hardware,209418.4,247760.07,128760.44,162882.03,170,Completed
TXN0004060,2024-11-28 00:00:00,D002,R002,Services,128491.98,131450.39,85979.89,97864.89,67,Completed
TXN0004061,2024-12-24 00:00:00,D002,R002,Subscription,157739.5,153696.34,89296.17,101347.19,157,Completed
TXN0004062,2026-05-05 00:00:00,D001,R001,Support,62342.69,76751.34,79136.61,79633.35,105,Completed
TXN0004063,2024-01-01 00:00:00,D008,R006,Consulting,120544.39,123518.02,79486.09,77124.51,72,Completed
TXN0004064,2026-05-31 00:00:00,D001,R001,Hardware,223919.86,245717.51,142507.4,141525.12,54,Completed
TXN0004065,2024-03-21 00:00:00,D002,R002,Hardware,204177.7,217407.1,169691.2,173430.11,9,Completed
TXN0004066,2025-03-25 00:00:00,D010,R005,Subscription,156721.97,176111.64,91030.08,98739.27,67,Completed
TXN0004067,2024-10-02 00:00:00,D004,R001,Services,154849.94,144566.33,78105.5,83506.94,46,Completed
TXN0004068,2025-03-31 00:00:00,D008,R004,Subscription,103527.66,105819.17,90557.84,112894.99,102,Completed
TXN0004069,2026-12-19 00:00:00,D001,R001,Software,154862.0,194288.4,128214.91,134711.43,41,Pending
TXN0004070,2026-03-30 00:00:00,D008,R004,Hardware,128840.32,120565.39,164627.48,175415.95,76,Pending
TXN0004071,2026-05-06 00:00:00,D002,R002,Support,113876.84,110169.09,54981.54,46912.3,19,Pending
TXN0004072,2025-07-30 00:00:00,D007,R004,Consulting,118159.08,119234.25,64699.41,52606.58,60,Cancelled
TXN0004073,2026-08-06 00:00:00,D006,R006,Services,149988.82,169437.71,79805.7,93864.66,49,Completed
TXN0004074,2026-05-21 00:00:00,D005,R002,Consulting,106168.49,111600.55,92096.95,77953.95,173,Completed
TXN0004075,2025-02-09 00:00:00,D004,R001,Services,162703.08,157802.83,76647.81,79792.94,110,Completed
TXN0004076,2025-06-14 00:00:00,D001,R001,Subscription,196222.87,223259.79,79652.18,,77,Completed
TXN0004077,2024-07-22 00:00:00,D007,R004,Services,106397.51,114310.66,72095.89,78370.77,104,Completed
TXN0004078,2024-08-26 00:00:00,D005,R002,Hardware,223987.85,225589.07,91550.8,114658.68,55,Pending
TXN0004079,2026-03-06 00:00:00,D003,R003,Support,60902.13,79953.35,59666.69,55746.09,138,Completed
TXN0004080,2026-05-14 00:00:00,D008,R004,Software,178773.64,174333.94,81191.83,82402.72,58,Completed
TXN0004081,2024-04-02 00:00:00,D010,R002,Subscription,161941.35,155989.82,91347.05,75975.5,76,Pending
TXN0004082,2024-07-23 00:00:00,D002,R002,Hardware,196489.5,220923.71,146728.69,127244.93,135,Cancelled
TXN0004083,2025-01-21 00:00:00,D008,R005,Consulting,140635.58,150402.97,69910.83,69511.73,49,Completed
TXN0004084,2025-03-24 00:00:00,D003,R005,Hardware,244783.21,248162.48,,159972.57,118,Completed
TXN0004085,2026-10-13 00:00:00,D005,R002,Software,211341.63,233915.34,112509.52,124952.9,48,Completed
TXN0004086,2025-02-06 00:00:00,D005,R002,Hardware,273161.41,289172.34,172167.12,165205.6,133,Pending
TXN0004087,2024-01-23 00:00:00,D010,R002,Subscription,105607.77,-60274.31188323769,75444.28,89702.07,47,Completed
TXN0004088,2025-04-06 00:00:00,D005,R002,Hardware,257432.3,323156.81,148587.65,195722.06,101,Completed
TXN0004089,2025-07-29 00:00:00,D007,R004,Software,195778.3,176444.55,121861.42,119600.56,124,Completed
TXN0004090,2025-06-29 00:00:00,D004,R001,Support,102101.34,98976.76,53131.66,53160.7,21,Completed
TXN0004091,2026-10-22 00:00:00,D001,R001,Services,159519.0,,86604.12,89275.71,91,Completed
TXN0004092,2024-12-23 00:00:00,D008,R004,Hardware,220499.47,241630.12,115554.06,79692.13,28,Pending
TXN0004093,2024-02-02 00:00:00,D005,R002,Subscription,144512.04,147746.3,90337.42,93183.67,13,Cancelled
TXN0004094,2025-06-20 00:00:00,D004,R001,Software,169488.38,200087.82,145227.73,137131.07,177,Pending
TXN0004095,2026-04-20 00:00:00,D001,R001,Support,60104.61,63798.8,62224.64,58737.41,29,Completed
TXN0004096,2025-06-20 00:00:00,D004,R001,Subscription,137751.5,134809.43,118430.97,115197.43,75,Completed
TXN0004097,2026-07-13 00:00:00,D008,R006,Software,151042.65,155255.87,89607.67,102445.03,171,Completed
TXN0004098,2026-08-15 00:00:00,D007,R004,Consulting,131512.74,142883.71,87344.08,81558.98,38,Pending
TXN0004099,2026-01-23 00:00:00,D004,R001,Software,243111.67,254288.1,111229.53,113597.12,173,Completed
TXN0004100,2024-03-09 00:00:00,D002,R002,Subscription,153056.39,186176.09,96351.9,83406.48,20,Completed
TXN0004101,2024/12/07,D008,R004,Support,72391.83,79844.41,70958.48,71594.5,152,Completed
TXN0004102,2025-11-16 00:00:00,D001,R001,Hardware,245557.23,162565.77,122172.4,123566.72,15,Pending
TXN0004103,2025-04-28 00:00:00,D009,R001,Hardware,307325.42,391831.29,150530.36,183624.67,98,Pending
TXN0004104,2025-05-22 00:00:00,D007,R005,Services,130014.87,125834.35,83756.68,88657.41,118,Completed
TXN0004105,2025-03-08 00:00:00,D007,R004,Services,116400.24,,72134.02,72144.79,11,Pending
TXN0004106,2025-03-08 00:00:00,D008,R004,Support,112690.48,111466.26,56933.83,65448.48,10,Pending
TXN0004107,2024-10-04 00:00:00,D008,R004,Software,171503.81,185103.34,90059.59,72395.68,51,Completed
TXN0004108,2025-07-29 00:00:00,D007,R004,Consulting,64857.42,63229.31,69500.85,59319.49,25,Cancelled
TXN0004109,2026-11-06 00:00:00,D001,R001,Consulting,140513.9,131409.53,95895.96,102390.72,170,Cancelled
TXN0004110,2025-11-05 00:00:00,D007,R004,Subscription,206381.96,202480.68,101717.14,117390.28,178,Cancelled
TXN0004111,2026-04-29 00:00:00,D001,R001,Services,131670.06,126567.15,94018.08,unknown,57,Completed
TXN0004112,2026-10-28 00:00:00,D003,R003,Support,98271.6,99029.66,"₹1,25,000",60136.85,128,Pending
TXN0004113,2025-10-22 00:00:00,D001,R001,Hardware,228437.98,220102.75,142967.13,167159.37,10,Completed
TXN0004114,2026-07-21 00:00:00,D010,R002,Software,184882.22,190535.67,97723.71,112132.95,20,Completed
TXN0004115,2024-06-08 00:00:00,D009,R001,Support,100191.14,129997.89,59853.85,58860.34,144,Pending
TXN0004116,2025-01-17 00:00:00,D008,R006,Services,165850.65,146657.45,101834.03,115259.74,20,Completed
TXN0004117,2024-01-31 00:00:00,D007,R004,Subscription,216265.31,214608.91,94056.42,98492.64,126,Completed
TXN0004118,2024-06-13 00:00:00,D010,R002,Subscription,157345.39,173537.47,78859.43,78198.23,177,Cancelled
TXN0004119,2024-09-02 00:00:00,D009,R001,,115241.46,126230.88,71711.71,67611.59,148,Completed
TXN0004120,2025-04-22 00:00:00,D007,R004,Services,117264.61,129910.8,97954.2,96467.65,123,Completed
TXN0004121,2026-12-29 00:00:00,D008,R004,Software,151651.13,168037.3,122104.69,131861.14,113,Completed
TXN0004122,2025-08-20 00:00:00,D010,R002,Consulting,93656.77,96879.03,78602.65,86097.86,45,Completed
TXN0004123,2025-04-25 00:00:00,D004,R001,Subscription,171487.4,133093.4,89111.21,84853.9,27,Completed
TXN0004124,2024-02-09 00:00:00,D006,R003,Support,83251.18,79326.26,55998.75,55694.13,33,Completed
TXN0004125,2026-05-07 00:00:00,D006,R003,Subscription,144470.19,159378.68,97290.41,67875.63,120,Completed
TXN0004126,2025-11-27 00:00:00,D007,R004,Software,142013.86,139993.27,107445.63,83711.95,142,Pending
TXN0004127,2026-12-22 00:00:00,D004,R006,Subscription,175282.29,190507.13,87369.27,104758.8,46,Completed
TXN0004128,2025-07-23 00:00:00,D004,R001,Subscription,156206.55,164646.48,89988.15,84567.75,173,Completed
TXN0004129,2024-06-03 00:00:00,D001,R001,Support,101983.5,115705.23,35817.93,33522.14,124,Cancelled
TXN0004130,2024-01-12 00:00:00,,R002,Subscription,148014.74,174796.02,61057.02,78931.73,103,Pending
TXN0004131,2024-08-21 00:00:00,D888,R002,Support,85588.34,109365.65,52635.72,52271.9,92,Cancelled
TXN0004132,2024-07-29 00:00:00,D010,R002,Software,198646.72,228662.46,118774.83,129603.62,102,Completed
TXN0004133,2024-10-17 00:00:00,D010,R002,Support,112796.82,117256.7,60124.35,49614.65,172,Cancelled
TXN0004134,2026-07-08 00:00:00,D002,R002,Services,130122.77,125277.59,80335.68,60809.48,16,Completed
TXN0004135,2025-09-03 00:00:00,D008,R005,Consulting,133478.34,156527.65,67353.53,48012.96,15,Pending
TXN0004136,2024-03-05 00:00:00,D001,R001,Subscription,134362.4,126404.13,79733.97,73546.33,137,Completed
TXN0004137,2026-12-18 00:00:00,D008,R004,Services,127733.44,129725.19,92404.4,99848.85,47,Cancelled
TXN0004138,2025-08-29 00:00:00,D007,R004,Support,88458.57,101681.9,65896.89,86421.34,81,Cancelled
TXN0004139,2024-02-09 00:00:00,D006,R003,Software,172431.69,172412.0,127194.9,-29446.357554176917,122,Completed
TXN0004140,2025-11-25 00:00:00,D009,R001,Subscription,171425.12,145269.59,87211.32,91425.25,149,Completed
TXN0004141,2024-06-03 00:00:00,D008,R004,Software,152535.43,133509.77,85411.83,92815.15,112,Cancelled
TXN0004142,2024-08-18 00:00:00,D001,R001,Subscription,144506.89,141540.92,59073.07,63173.86,158,Pending
TXN0004143,2026-04-11 00:00:00,D002,R002,Consulting,97314.29,74260.59,81037.49,93509.28,105,Completed
TXN0004144,2024-09-30 00:00:00,D001,R001,SUBSCRIPTION,218836.81,224121.95,84994.74,80987.31,9,Completed
TXN0004145,2024-12-24 00:00:00,D010,R002,Software,225477.28,223348.48,107110.58,95945.01,112,Completed
TXN0004146,2025-10-29 00:00:00,D005,R002,Services,166198.73,,70903.43,77844.12,157,Pending
TXN0004147,2026-12-04 00:00:00,D003,R003,Hardware,224602.82,229422.63,120417.55,125970.85,179,Pending
TXN0004148,2025-08-27 00:00:00,D001,R001,Software,161835.75,158868.23,108190.17,110292.0,174,Completed
TXN0004149,2025-03-16 00:00:00,D005,R002,Hardware,218470.76,185433.99,129115.4,107501.76,109,Cancelled
TXN0004150,2025-04-01 00:00:00,D001,R001,Services,181271.43,148353.47,88355.5,100147.47,122,Completed
TXN0004151,2026-07-13 00:00:00,D004,R006,Subscription,175175.54,169950.13,91451.65,81967.34,108,Completed
TXN0004152,2026-07-08 00:00:00,D004,R001,Support,67168.42,69250.22,54154.72,50962.37,5,Completed
TXN0004153,2024-09-29 00:00:00,D005,R002,Hardware,158962.24,137035.77,167630.97,174644.16,83,Completed
TXN0004154,2026-05-20 00:00:00,D006,R003,Support,101623.99,114588.8,46268.03,42791.78,70,Cancelled
TXN0004155,2026-01-22 00:00:00,D002,R002,Consulting,158421.51,158583.64,75574.01,73354.9,76,Completed
TXN0004156,2025-07-11 00:00:00,D004,R001,Support,95448.68,92265.45,50803.19,56753.53,135,Cancelled
TXN0004157,2026-07-14 00:00:00,D003,R003,Support,75208.43,87968.2,46960.32,31199.55,-3,Completed
TXN0004158,2026-03-30 00:00:00,D009,R001,Support,82019.83,87555.85,64702.24,66593.51,110,Completed
TXN0004159,2026-05-26 00:00:00,D004,R001,Services,141291.34,136073.44,82952.0,60684.98,14,Pending
TXN0004160,2026-12-19 00:00:00,D007,R004,Subscription,119430.5,124352.04,79677.7,70692.79,109,Completed
TXN0004161,2025-09-27 00:00:00,D010,R006,Subscription,179284.13,220244.84,71383.55,70375.1,150,Pending
TXN0004162,2025-06-09 00:00:00,D003,R003,Software,115762.91,126725.3,126785.03,81493.56,52,Cancelled
TXN0004163,2026-04-21 00:00:00,D009,R001,Services,140164.73,139463.4,79428.16,95635.32,149,Cancelled
TXN0004164,2024-05-28 00:00:00,D003,R006,Consulting,135114.31,149311.24,57185.54,64232.65,121,Cancelled
TXN0004165,2025-12-07 00:00:00,D010,R002,Services,101881.75,105244.97,74239.31,68800.95,101,Cancelled
TXN0004166,2024-11-12 00:00:00,D010,R002,Subscription,172822.07,174451.09,99521.01,112108.32,155,Cancelled
TXN0004167,2026-09-04 00:00:00,D009,R001,Hardware,286322.15,308075.13,171545.56,190060.09,107,Cancelled
TXN0004168,2026-07-12 00:00:00,D009,R001,Consulting,139249.28,134426.16,77389.47,70557.28,161,Completed
TXN0004169,2024-01-26 00:00:00,D006,R003,Consulting,137383.56,112209.52,55519.83,70479.78,82,Completed
TXN0004170,2024-04-10 00:00:00,D004,R001,Services,146359.62,165893.59,79348.54,78174.98,138,Completed
TXN0004171,2025-11-01 00:00:00,D010,R002,Software,130771.05,129278.59,95349.73,104404.58,56,Cancelled
TXN0004172,2024-06-22 00:00:00,D009,R001,Subscription,152274.98,157050.49,133181.77,140077.97,44,Completed
TXN0004173,2025-08-16 00:00:00,D007,R005,Software,154834.53,154101.02,91169.6,100792.52,81,Completed
TXN0004174,2024-05-17 00:00:00,D008,R004,Services,121146.42,121241.17,83273.76,84900.64,83,Completed
TXN0004175,2024-05-24 00:00:00,D001,R001,Support,112718.27,111424.87,80896.22,101376.19,60,Completed
TXN0004176,2024-11-07 00:00:00,D002,R006,Hardware,224628.33,245721.33,140234.04,143842.92,167,Cancelled
TXN0004177,2026-06-09 00:00:00,D008,R004,Subscription,179519.68,,93816.09,98895.01,169,Completed
TXN0004178,2024-10-04 00:00:00,D007,R004,Support,88366.37,78440.04,49718.62,36495.38,80,Completed
TXN0004179,2024-11-05 00:00:00,D006,R003,Support,61663.56,68222.39,61947.59,58820.85,19,Cancelled
TXN0004180,2024-03-04 00:00:00,D003,R003,Services,121801.59,166290.85,100429.72,125346.43,150,Pending
TXN0004181,2025-06-18 00:00:00,D007,R004,Software,,150183.55,94464.85,,148,Cancelled
TXN0004182,2024-03-10 00:00:00,D007,R004,Subscription,139579.82,138868.7,94840.17,82324.78,171,Completed
TXN0004183,2024-06-23 00:00:00,D007,R004,Software,192473.06,213684.1,92276.26,81102.73,126,Completed
TXN0004184,2026-07-07 00:00:00,D004,R001,Software,196318.93,175018.94,123342.21,138807.21,162,Pending
TXN0004185,2026-05-31 00:00:00,D007,R004,,215544.65,179711.84,97317.98,86958.27,151,Completed
TXN0004186,2025-08-17 00:00:00,D008,R004,Support,68603.15,72537.74,72056.08,84579.7,6,Completed
TXN0004187,2026-10-02 00:00:00,D004,R001,Hardware,205893.99,194614.29,114311.43,112376.38,70,Completed
TXN0004188,2025-02-01 00:00:00,D003,R003,Software,167468.89,151305.68,115879.62,132196.95,128,Cancelled
TXN0004189,31-02-2025,D006,R003,Software,218665.98,290903.63,108487.47,115904.78,18,Pending
TXN0004190,2024-12-13 00:00:00,D008,R004,Support,60220.03,75803.73,55964.32,60759.54,23,Pending
TXN0004191,2025-01-02 00:00:00,D006,R006,Software,194271.55,179028.59,121900.91,121070.17,16,Completed
TXN0004192,2024-05-25 00:00:00,D006,R003,Support,70500.75,75417.74,66674.27,69329.69,156,Completed
TXN0004193,2026-07-30 00:00:00,D009,R001,Services,120382.01,122828.76,99678.18,91796.98,15,Completed
TXN0004194,2025-09-27 00:00:00,D005,R002,Hardware,208894.64,210909.21,163309.96,151554.38,75,Pending
TXN0004195,2025-07-08 00:00:00,D005,R002,Software,189936.84,184088.67,104005.03,108399.93,131,Pending
TXN0004196,2026-05-01 00:00:00,D001,R001,Subscription,181989.45,201880.22,103822.21,94539.67,37,Completed
TXN0004197,2026-08-21 00:00:00,D006,R003,Software,133827.84,137262.4,85885.58,80471.46,110,Completed
TXN0004198,2024-05-26 00:00:00,D002,R002,Subscription,219721.53,281165.5,84668.92,86216.27,125,Completed
TXN0004199,2024-07-02 00:00:00,D009,R001,Hardware,184515.05,160365.48,149961.6,166105.64,128,Completed
TXN0004200,2025-12-11 00:00:00,D003,R003,Subscription,171334.87,146492.72,88629.71,100394.48,25,Completed
TXN0004201,2024-03-16 00:00:00,D006,R003,Hardware,196982.26,175781.28,154826.44,150513.64,159,Completed
TXN0004202,2024-01-03 00:00:00,D009,R001,Subscription,211046.17,233737.61,70174.24,91992.45,93,Completed
TXN0004203,2024-07-14 00:00:00,D009,R001,Support,113189.54,114486.22,63145.87,58147.18,87,Pending
TXN0004204,2026-03-14 00:00:00,D005,R002,Subscription,177724.65,178534.87,59257.12,65451.55,176,Completed
TXN0004205,2026-03-26 00:00:00,D004,R001,Software,118487.74,123253.64,131730.64,149770.31,17,Pending
TXN0004206,2025-05-18 00:00:00,D008,R006,Software,189347.07,221485.07,123360.85,129652.46,8,Completed
TXN0004207,2025-07-19 00:00:00,D006,R003,Software,155330.03,,101578.31,105420.19,9,Completed
TXN0004208,2024-11-02 00:00:00,D010,,Support,76738.58,65353.36,45331.23,44392.39,50,Completed
TXN0004209,2026-02-22 00:00:00,D009,R005,Subscription,205756.44,200944.56,71811.71,51726.46,105,Completed
TXN0004210,2026-03-28 00:00:00,,R001,Hardware,232652.23,235624.52,156240.03,160299.77,180,Completed
TXN0004211,2024-01-26 00:00:00,D001,R001,Subscription,172384.39,175658.9,96211.18,94371.22,43,Pending
TXN0004212,2025-11-23 00:00:00,D006,R003,Support,86442.13,102042.63,60790.28,77862.18,28,Pending
TXN0004213,2025-02-27 00:00:00,D005,R002,Support,76196.74,70458.94,43895.11,48766.91,57,Completed
TXN0004214,2025-02-13 00:00:00,D006,R003,Services,131092.81,134676.63,77707.62,82065.65,19,Completed
TXN0004215,2025-06-23 00:00:00,D010,R002,Hardware,233015.66,235103.33,149724.92,161205.41,10,Cancelled
TXN0004216,2026-09-25 00:00:00,D009,R001,Consulting,151773.19,137190.65,87392.69,94253.37,15,Cancelled
TXN0004217,2024-12-10 00:00:00,D010,R002,Software,188112.92,196305.87,124539.86,129313.26,15,Completed
TXN0004218,2025-07-31 00:00:00,D010,R002,Software,210305.33,205693.63,109274.51,116585.69,61,Completed
TXN0004219,2026-03-09 00:00:00,D002,R002,Services,148163.36,192158.19,100478.12,123965.06,101,Completed
TXN0004220,2025-11-24 00:00:00,D002,R002,Hardware,215588.4,230557.02,142688.82,104366.97,148,Completed
TXN0004221,2025-05-08 00:00:00,D006,R003,Consulting,126511.72,157526.68,68584.57,66072.35,52,Completed
TXN0004222,2024-03-07 00:00:00,D002,R002,Consulting,150684.6,123155.5,92498.68,97007.37,80,Pending
TXN0004223,2025-04-07 00:00:00,D003,R003,Hardware,259559.13,264987.45,157777.23,163392.26,158,Pending
TXN0004224,2026-01-14 00:00:00,D001,R001,Hardware,199062.62,256209.13,158621.05,118593.76,76,Completed
TXN0004225,2026-12-25 00:00:00,D008,R004,Software,,208879.17,134146.36,134519.43,178,Completed
TXN0004226,2026-03-10 00:00:00,D004,R005,Hardware,267338.1,322765.43,170870.88,182393.32,23,Cancelled
TXN0004227,2025-07-11 00:00:00,D010,R002,Services,121612.91,99513.81,92929.49,73794.75,112,Pending
TXN0004228,2026-04-14 00:00:00,D007,R004,Services,151642.35,143210.38,86586.45,100147.93,51,Completed
TXN0004229,2026-02-08 00:00:00,D006,R003,Subscription,170949.11,156384.11,91351.19,94664.49,5,Completed
TXN0004230,2026-02-26 00:00:00,D004,R001,Services,167032.26,175548.31,90158.82,90252.12,23,Cancelled
TXN0004231,2026-07-07 00:00:00,D005,R006,Consulting,121244.27,138731.56,95834.81,110807.43,6,Completed
TXN0004232,2025-11-08 00:00:00,D007,R004,Software,218865.03,238282.42,124886.85,129203.2,18,Pending
TXN0004233,2026-06-07 00:00:00,D004,R888,Services,105215.22,128608.68,79355.81,87537.73,7,Completed
TXN0004234,2024-06-28 00:00:00,D001,R001,Subscription,147352.33,149698.64,73041.95,74358.13,170,Pending
TXN0004235,2024-09-04 00:00:00,D005,R002,Subscription,132687.4,84144.06,78346.43,77551.17,7,Completed
TXN0004236,2024-04-30 00:00:00,D010,R005,Services,121550.1,117959.87,107617.23,134820.52,65,Completed
TXN0004237,2025-06-21 00:00:00,D003,R003,Software,135680.95,127541.56,99050.32,99332.08,91,Completed
TXN0004238,2026-01-29 00:00:00,D004,R001,Consulting,114680.77,113587.87,99531.45,95866.69,150,Pending
TXN0004239,2025-01-17 00:00:00,D010,R002,Software,157395.72,119713.71,109877.51,100560.26,105,Completed
TXN0004240,2026-05-31 00:00:00,D001,R001,Subscription,151690.73,136211.45,84209.82,73339.97,16,Completed
TXN0004241,2025-08-27 00:00:00,D008,R004,Consulting,105795.61,102176.67,94531.18,80936.07,174,Completed
TXN0004242,2024-10-07 00:00:00,D005,R002,Support,90399.19,80575.93,54100.34,48492.09,16,Completed
TXN0004243,2025-07-30 00:00:00,D005,R002,Subscription,219189.55,223468.78,77402.29,103131.43,78,Completed
TXN0004244,2024-02-03 00:00:00,D004,R001,Software,186655.37,171025.65,109299.16,101460.98,166,Cancelled
TXN0004245,2026-03-08 00:00:00,D002,R002,Subscription,142896.95,173737.21,105938.69,110598.32,94,Completed
TXN0004246,2025-11-07 00:00:00,D009,R001,Hardware,228210.1,217373.02,137997.18,136447.27,106,Pending
TXN0004247,2026-01-29 00:00:00,D003,R003,Subscription,213182.17,243207.01,103997.55,106298.29,43,Completed
TXN0004248,2025-10-06 00:00:00,D008,R004,Software,164242.78,145053.55,91477.3,87128.28,109,Pending
TXN0004249,2024-07-29 00:00:00,D001,R001,Consulting,144275.57,150543.58,97839.9,96940.66,112,Completed
TXN0004250,2026-07-05 00:00:00,D005,R002,Software,126405.67,128257.91,119223.02,117678.99,7,Completed
TXN0004251,2026-05-13 00:00:00,D008,R004,Services,121480.26,115524.2,92473.56,106019.54,108,Completed
TXN0004252,2026-01-19 00:00:00,D003,R003,Software,197132.38,,107784.52,107744.87,134,Completed
TXN0004253,2024-01-09 00:00:00,D001,R005,Support,94472.48,108491.52,65466.64,76912.7,22,Pending
TXN0004254,2024-07-03 00:00:00,D004,R001,Support,86987.85,90189.94,51005.69,61089.6,113,Pending
TXN0004255,2025-12-11 00:00:00,D002,R002,Software,198364.87,162854.71,88013.45,76563.04,139,Pending
TXN0004256,2025-06-07 00:00:00,D010,R005,Services,127500.82,126541.08,86941.42,99163.03,82,Completed
TXN0004257,2025-09-21 00:00:00,D004,R001,Hardware,266089.29,233939.38,139035.27,171619.92,118,Cancelled
TXN0004258,2026-01-18 00:00:00,D005,R006,Hardware,234364.09,210872.54,127352.18,126002.49,59,Completed
TXN0004259,2024-04-21 00:00:00,D006,R003,Consulting,134778.74,120267.62,83889.99,88796.8,86,Pending
TXN0004260,2024-06-12 00:00:00,D002,R002,Support,62658.59,57299.83,52878.01,59473.41,169,Cancelled
TXN0004261,2025-09-07 00:00:00,D010,R002,Consulting,110809.42,150164.46,,102207.68,108,Cancelled
TXN0004262,2024-09-09 00:00:00,D004,R001,Consulting,117280.79,,90599.66,88327.57,146,Completed
TXN0004263,2026-10-10 00:00:00,D004,R001,Support,108454.82,73533.16,51064.45,47088.24,72,Cancelled
TXN0004264,2026-02-05 00:00:00,D008,R004,Software,177238.13,176205.8,120591.34,133527.3,180,Pending
TXN0004265,2026-09-06 00:00:00,D001,R001,Services,156852.04,152716.92,75482.95,67231.98,126,Completed
TXN0004266,2024-07-24 00:00:00,D009,R001,Software,182541.28,227598.98,114914.58,unknown,149,Completed
TXN0004267,2026-09-28 00:00:00,D003,R006,Consulting,78746.76,81163.9,77763.28,79793.96,66,Completed
TXN0004268,2026-09-08 00:00:00,D004,R001,Services,160223.03,162489.37,87157.61,113525.29,59,Completed
TXN0004269,2025-08-15 00:00:00,D004,R001,Consulting,154887.47,162336.31,80224.51,71091.27,71,Completed
TXN0004270,2025-10-21 00:00:00,D003,R003,Services,129421.8,143145.26,75795.37,97123.14,66,Completed
TXN0004271,2026-02-09 00:00:00,D007,R004,Consulting,80430.79,76887.15,71575.33,67139.18,163,Cancelled
TXN0004272,2026-08-27 00:00:00,D003,R003,Consulting,116847.47,119747.36,94774.44,,65,Cancelled
TXN0004273,2025-11-23 00:00:00,D003,R003,Subscription,182400.49,170110.48,105752.26,114095.05,171,Completed
TXN0004274,2025-01-08 00:00:00,D001,R001,Support,74504.7,58202.36,49898.11,45610.11,10,Cancelled
TXN0004275,2024-05-13 00:00:00,D002,R002,Software,177755.29,173668.66,104353.11,92901.43,113,Cancelled
TXN0004276,2026-11-23 00:00:00,D004,R001,Services,111197.23,94868.66,87419.53,81669.27,76,Completed
TXN0004277,2026-10-10 00:00:00,D003,R003,Hardware,211826.6,236925.58,147807.09,176116.9,173,Completed
TXN0004278,2024-01-19 00:00:00,D010,R002,Services,128855.92,117628.17,91122.04,66884.98,177,Pending
TXN0004279,2025-11-03 00:00:00,D006,R003,Software,173055.77,198960.94,116927.97,138048.07,73,Completed
TXN0004280,2026-06-25 00:00:00,D003,R003,Software,153474.6,161570.26,78849.91,77677.99,87,Pending
TXN0004281,2024-05-22 00:00:00,D010,R002,Subscription,129655.27,127079.37,90943.97,90727.44,56,Cancelled
TXN0004282,2026-03-16 00:00:00,D004,R001,Software,197879.86,196463.03,120191.19,111045.76,77,Completed
TXN0004283,2026-06-04 00:00:00,D004,R001,Services,140402.79,,81594.19,72079.13,165,Completed
TXN0004284,2026-08-14 00:00:00,D003,R003,Consulting,112640.29,118430.16,87257.27,113239.09,60,Completed
TXN0004285,2026-11-02 00:00:00,D002,R002,Support,61435.33,51395.12,46972.7,54561.61,13,Pending
TXN0004286,2026-09-06 00:00:00,D007,R004,Support,67979.52,57783.64,69524.58,71074.6,12,Pending
TXN0004287,2024-04-17 00:00:00,D001,R001,Hardware,174615.71,194789.53,133162.2,156124.18,65,Pending
TXN0004288,2024-12-13 00:00:00,D001,R001,Hardware,291605.67,334092.62,149143.26,176433.65,164,Cancelled
TXN0004289,2024-06-22 00:00:00,D005,R002,Hardware,229386.83,272106.46,163285.78,120050.8,14,Pending
TXN0004290,2026-10-12 00:00:00,D005,R002,Services,152643.25,183512.07,71259.51,63236.86,74,Completed
TXN0004291,2026-11-02 00:00:00,D007,R004,Hardware,197512.62,154222.73,145548.0,123311.62,47,Pending
TXN0004292,2024-01-05 00:00:00,D008,R004,Hardware,238806.83,256747.8,181687.92,,115,Completed
TXN0004293,2026-04-09 00:00:00,D001,R001,Services,151674.66,176212.98,95610.91,74828.62,53,Cancelled
TXN0004294,2025-06-21 00:00:00,D006,R003,Consulting,125650.4,119586.82,91953.83,83658.0,110,Completed
TXN0004295,2025-10-07 00:00:00,D005,R002,Hardware,215230.46,244757.39,153301.45,202693.17,157,Pending
TXN0004296,2025-03-21 00:00:00,D010,R002,Subscription,171446.1,175667.37,75677.02,73302.2,155,Cancelled
TXN0004297,2025-07-22 00:00:00,D008,R004,Subscription,168726.14,182726.1,104508.45,102239.71,158,Completed
TXN0004298,2026-11-02 00:00:00,D005,R002,Support,87331.92,89011.42,45256.64,42133.32,114,Completed
TXN0004299,2025-10-04 00:00:00,D010,R002,Hardware,192192.07,215648.55,117202.21,115097.04,8,Completed
TXN0004300,2025-03-01 00:00:00,D010,R002,Support,94728.15,93791.59,54509.19,62356.6,41,Pending
TXN0004301,2024-09-26 00:00:00,D007,R004,Services,142242.9,139076.74,79661.16,80499.7,61,Cancelled
TXN0004302,2024-09-24 00:00:00,D005,R002,Software,207547.95,197915.46,101708.41,109694.18,30,Completed
TXN0004303,2024-06-01 00:00:00,D009,R001,Subscription,195085.83,192553.25,84628.75,84393.27,174,Completed
TXN0004304,2025-11-26 00:00:00,D006,R003,Subscription,139906.5,151977.39,74833.27,unknown,63,Completed
TXN0004305,2026-07-11 00:00:00,D001,R005,Services,170511.1,139989.92,91720.8,94478.22,116,Completed
TXN0004306,2026-12-23 00:00:00,D003,R003,Subscription,135249.68,137262.57,74447.17,97327.35,82,Pending
TXN0004307,2024-11-26 00:00:00,D005,R002,Support,97142.89,101237.49,52758.47,66792.4,92,Pending
TXN0004308,2026-10-03 00:00:00,D008,R004,Support,67093.7,56749.97,45126.11,46516.29,21,Cancelled
TXN0004309,2025-02-23 00:00:00,D009,R001,Services,145649.32,151112.75,78855.02,82418.79,120,Cancelled
TXN0004310,2025-11-06 00:00:00,D009,R001,Software,205435.52,207851.53,111917.59,100034.5,173,Cancelled
TXN0004311,2024-06-06 00:00:00,D005,R005,Consulting,168741.09,158694.89,79784.28,87085.59,56,Completed
TXN0004312,2025-09-18 00:00:00,D010,R002,Consulting,130705.29,128145.14,75886.04,68518.58,124,Cancelled
TXN0004313,2026-03-12 00:00:00,D010,R002,Hardware,186344.91,126785.26,158099.9,137606.26,11,Completed
TXN0004314,2025-07-05 00:00:00,D009,R001,Consulting,138861.0,158335.4,67441.83,81089.93,150,Pending
TXN0004315,2025-05-09 00:00:00,D004,R001,Subscription,162240.19,166367.9,105872.78,108871.18,5,Cancelled
TXN0004316,2024-09-01 00:00:00,D008,R004,Consulting,101761.68,76631.57,73623.21,61938.1,17,Cancelled
TXN0004317,2026-05-04 00:00:00,D001,R001,Services,154904.1,146490.65,78014.37,102436.69,26,Pending
TXN0004318,2026-05-07 00:00:00,D007,R004,Software,239977.39,256618.07,119228.34,142237.41,87,Completed
TXN0004319,2026-11-03 00:00:00,D006,R003,Support,100834.52,126651.24,56848.56,58120.63,109,Completed
TXN0004320,2026-03-27 00:00:00,D006,R003,Subscription,201051.69,208363.84,116847.56,116431.28,87,Completed
TXN0004321,2024-07-23 00:00:00,D006,R003,Hardware,246786.55,286023.83,165801.15,157505.88,49,Completed
TXN0004322,2024-01-15 00:00:00,D008,R004,Software,190208.95,241061.69,131783.71,152222.57,18,Pending
TXN0004323,2026-04-29 00:00:00,D009,R001,Subscription,165953.22,157009.13,85900.83,59400.36,140,Completed
TXN0004324,2024-05-26 00:00:00,D005,R002,Hardware,272772.76,188152.83,159527.97,166185.87,111,Pending
TXN0004325,2024-11-11 00:00:00,D006,R003,Software,185446.49,183815.17,97276.12,109554.64,49,Completed
TXN0004326,2026-08-25 00:00:00,D005,R002,Subscription,168038.0,207514.3,58902.24,68711.9,80,Completed
TXN0004327,2025-02-16 00:00:00,D003,R003,Services,140188.09,146976.85,68798.4,78442.98,140,Pending
TXN0004328,2026-11-15 00:00:00,D009,R001,Software,203530.95,197675.48,106468.33,102623.65,64,Completed
TXN0004329,2024-05-10 00:00:00,D008,R004,Support,113617.5,147249.61,53820.99,54489.8,120,Completed
TXN0004330,2025-09-02 00:00:00,D004,R001,Software,178046.33,223382.85,110636.28,122057.94,73,Completed
TXN0004331,2024-05-04 00:00:00,D004,R001,Consulting,147052.06,108341.4,90389.85,77566.11,49,Completed
TXN0004332,2026-12-31 00:00:00,D006,R003,Subscription,207942.44,236765.09,58435.45,63014.01,62,Completed
TXN0004333,2024-05-21 00:00:00,D010,R002,Hardware,160132.53,200291.23,119199.24,139500.04,59,Completed
TXN0004334,2024-05-15 00:00:00,D010,R006,Support,86403.27,90095.7,50684.49,49457.22,160,Pending
TXN0004335,2026-09-24 00:00:00,D010,R002,Subscription,97864.47,97410.65,93445.78,118583.16,39,Completed
TXN0004336,2025-07-04 00:00:00,D006,R003,Subscription,178863.42,172653.19,114165.87,106516.87,33,Completed
TXN0004337,2026-12-14 00:00:00,D006,R003,Hardware,175252.96,201618.18,153808.41,151301.15,8,Completed
TXN0004338,2025-02-23 00:00:00,D006,R003,Consulting,119641.19,127790.56,59141.63,59745.0,95,Pending
TXN0004339,2024-01-30 00:00:00,D008,R004,Subscription,149704.21,174365.53,101383.63,98610.76,151,Completed
TXN0004340,2025-05-29 00:00:00,D008,R004,Services,145344.74,145335.71,84757.09,96659.79,178,Completed
TXN0004341,2024-04-02 00:00:00,D006,R003,Support,103659.58,92119.73,61229.64,59599.89,40,Pending
TXN0004342,2025-05-28 00:00:00,D001,R001,Subscription,198849.11,208535.78,86397.46,86718.01,74,Completed
TXN0004343,2025-12-25 00:00:00,D001,R001,Software,205790.72,228856.1,126925.71,112484.78,140,Cancelled
TXN0004344,2024-02-05 00:00:00,D003,R003,Hardware,243266.0,242967.82,165196.78,219266.12,124,Completed
TXN0004345,2024-07-16 00:00:00,D005,R002,Services,159555.27,180989.66,100887.96,114045.25,149,Pending
TXN0004346,2026-06-13 00:00:00,D008,R004,Subscription,182482.16,217666.14,81731.74,81183.54,122,Completed
TXN0004347,2025-09-24 00:00:00,D010,R002,Software,170405.08,166385.44,107828.53,129352.22,22,Cancelled
TXN0004348,2026-12-06 00:00:00,D007,R004,Support,92941.92,103255.59,49920.15,51975.16,45,Completed
TXN0004349,2024-09-21 00:00:00,D001,R001,Support,86003.73,73749.53,58980.13,70097.1,160,Completed
TXN0004350,11/19/2026,D009,R001,Support,71856.89,88579.86,57386.42,57184.27,75,Completed
TXN0004351,2025-03-26 00:00:00,D010,R002,Services,98837.38,119023.66,98381.12,101206.63,48,Pending
TXN0004352,2026-02-10 00:00:00,D001,R001,Hardware,231284.61,229226.79,124361.83,140254.0,164,Completed
TXN0004353,2025-08-22 00:00:00,D003,R003,Consulting,147642.55,154639.17,95496.97,89126.53,137,Completed
TXN0004354,2025-01-29 00:00:00,D002,R002,Consulting,128323.38,123184.51,65869.04,62585.74,5,Pending
TXN0004355,2025-03-13 00:00:00,D007,R004,Subscription,121814.54,132922.06,84309.98,75129.32,173,Completed
TXN0004356,2024-07-03 00:00:00,D006,R003,Subscription,153219.2,145464.73,86221.04,78161.69,124,Cancelled
TXN0004357,2026-02-20 00:00:00,D009,R001,SERVICES,137965.73,126998.36,80600.0,85796.15,97,Completed
TXN0004358,2024-02-17 00:00:00,D010,R002,Subscription,105143.74,120327.85,"₹1,25,000",67437.04,112,Completed
TXN0004359,2024-10-22 00:00:00,D004,R001,Support,92956.49,63042.93,59932.0,65426.55,61,Pending
TXN0004360,2024-02-25 00:00:00,D002,R002,Subscription,162433.77,173390.03,72297.31,68806.05,43,Completed
TXN0004361,2024-04-25 00:00:00,D004,R001,,139896.69,180424.38,98941.27,109410.06,14,Pending
TXN0004362,2026-07-06 00:00:00,D006,R003,Support,58445.26,70409.0,71559.86,64133.61,19,Cancelled
TXN0004363,2025-10-23 00:00:00,D005,R002,Consulting,158990.59,139071.29,77794.79,77384.04,71,Completed
TXN0004364,2025-10-04 00:00:00,D008,R004,Hardware,277458.66,313041.13,135825.35,134700.84,56,Cancelled
TXN0004365,2025-03-06 00:00:00,D009,R005,Consulting,125940.53,115787.6,,67858.35,123,Cancelled
TXN0004366,2025-10-18 00:00:00,D002,R002,Software,199586.87,unknown,129228.01,120045.23,131,Cancelled
TXN0004367,2026-01-26 00:00:00,D001,R001,Hardware,241375.71,246119.29,133092.04,131309.53,135,Cancelled
TXN0004368,2025-03-06 00:00:00,D007,R004,Subscription,156856.81,162443.51,85239.57,89557.07,134,Completed
TXN0004369,2025-02-24 00:00:00,D009,R001,Consulting,105774.5,128426.7,75411.47,52485.97,139,Completed
TXN0004370,2026-09-07 00:00:00,D003,R003,Support,89239.66,76874.3,41350.17,41040.76,107,Completed
TXN0004371,2024-08-10 00:00:00,D003,R003,Consulting,173958.97,158291.61,51946.74,56380.03,51,Completed
TXN0004372,2024-06-29 00:00:00,D010,R006,Support,98988.06,86180.85,49009.87,36655.82,145,Cancelled
TXN0004373,2026-12-07 00:00:00,D002,R002,Subscription,175908.46,156542.75,85896.44,98795.17,169,Pending
TXN0004374,2024-02-24 00:00:00,D002,R002,Services,153079.63,149691.79,89205.8,101422.58,171,Pending
TXN0004375,2024-03-16 00:00:00,D001,R001,Consulting,122324.4,160387.78,59965.14,63514.14,35,Completed
TXN0004376,2026-09-12 00:00:00,D008,R004,Services,153109.92,146294.52,88766.02,90224.34,42,Cancelled
TXN0004377,2025-04-18 00:00:00,D009,R001,Subscription,128982.03,122122.4,100412.58,101654.84,62,Completed
TXN0004378,2025-09-14 00:00:00,D009,R001,Consulting,70340.91,84676.44,74053.15,97420.81,160,Pending
TXN0004379,2024-03-31 00:00:00,D001,R001,Hardware,225826.82,285174.72,154966.52,141761.51,112,Pending
TXN0004380,2026-04-27 00:00:00,D006,R003,Subscription,170396.86,,94538.47,93665.18,137,Completed
TXN0004381,2026-07-02 00:00:00,D004,R001,Support,82795.87,91698.68,57567.2,56840.21,8,Pending
TXN0004382,2024-12-15 00:00:00,D008,R004,Software,159233.09,158043.98,82926.22,66466.68,173,Completed
TXN0004383,2024-03-28 00:00:00,D002,R002,Hardware,162240.37,167636.99,147769.9,151492.79,179,Completed
TXN0004384,2026-01-02 00:00:00,D008,R004,,142199.17,128886.82,130073.09,118353.79,37,Completed
TXN0004385,2025-03-31 00:00:00,D009,R001,Subscription,193357.84,194254.22,102179.16,100344.52,137,Completed
TXN0004386,2026-01-22 00:00:00,D005,R002,Hardware,228121.07,210851.69,152196.25,200958.83,135,Cancelled
TXN0004387,2025-09-29 00:00:00,D004,R001,Software,183162.5,199337.22,94113.89,115007.07,21,Completed
TXN0004388,2024-07-28 00:00:00,D008,R004,Support,109947.07,112699.91,61212.43,60794.89,44,Completed
TXN0004389,2026-03-31 00:00:00,D006,R003,Services,,138588.35,100297.37,115515.26,142,Pending
TXN0004390,2026-12-29 00:00:00,D002,R002,Consulting,140298.65,117174.81,65573.09,72610.45,159,Completed
TXN0004391,2026-07-11 00:00:00,D001,R001,Consulting,155072.49,150803.56,82470.68,77146.7,163,Pending
TXN0004392,2025-09-11 00:00:00,D009,R005,Services,180896.47,185172.15,94468.64,112803.0,165,Completed
TXN0004393,2025-06-23 00:00:00,D006,R003,Hardware,219772.55,226310.85,146649.61,155963.44,110,Pending
TXN0004394,2025-04-19 00:00:00,D010,R002,Software,174312.89,118369.96,73094.31,80211.59,113,Pending
TXN0004395,2026-06-03 00:00:00,D005,R002,Software,161575.99,175824.6,124439.71,145992.6,60,Completed
TXN0004396,2026-10-18 00:00:00,D010,R002,Services,77079.88,65358.48,85138.69,82822.42,134,Completed
TXN0004397,2026-01-19 00:00:00,D002,R002,Consulting,137324.82,147468.43,62408.06,73891.2,120,Completed
TXN0004398,2024-10-28 00:00:00,D010,R002,Support,84180.96,66609.07,56336.89,62053.85,174,Pending
TXN0004399,2025-03-02 00:00:00,D004,R001,Consulting,117420.69,129172.76,71233.91,69287.85,14,Completed
TXN0004400,2026-01-24 00:00:00,D010,R002,Hardware,266187.05,273088.79,166091.8,184840.34,174,Completed
TXN0004401,2025-04-09 00:00:00,D003,R003,Services,133047.98,119641.23,82528.12,69284.61,49,Completed
TXN0004402,2026-02-02 00:00:00,D002,R002,Support,103873.9,96289.16,53394.44,69773.08,22,Cancelled
TXN0004403,2025-05-21 00:00:00,D006,R003,Hardware,222167.17,262186.8,147153.07,144316.62,154,Pending
TXN0004404,2025-09-06 00:00:00,D007,R006,Services,128734.23,140355.3,83384.04,89796.47,79,Pending
TXN0004405,2024-12-27 00:00:00,D008,R004,Consulting,150351.28,140475.83,57921.5,55673.69,36,Completed
TXN0004406,2024-06-17 00:00:00,D010,R002,Hardware,214846.49,229769.44,135463.51,156714.64,165,Pending
TXN0004407,2024-08-23 00:00:00,D005,R002,Subscription,176487.74,165441.86,86227.61,84027.74,113,Completed
TXN0004408,2024-12-05 00:00:00,D008,R005,Services,87594.38,94816.36,94155.11,101397.43,24,Cancelled
TXN0004409,2024-05-27 00:00:00,D002,R002,Subscription,161636.53,165264.0,92398.85,111053.44,170,Completed
TXN0004410,2025-07-14 00:00:00,D002,R002,Hardware,198944.44,264026.3,119694.88,110522.4,175,Pending
TXN0004411,2025-06-06 00:00:00,D007,R004,Software,189249.78,203193.87,83089.34,101213.73,148,Completed
TXN0004412,2024-02-22 00:00:00,D008,R004,Hardware,274276.09,276479.19,105471.11,96554.24,37,Cancelled
TXN0004413,2025-05-09 00:00:00,D888,R003,Hardware,166606.07,165178.54,149704.21,205223.15,56,Completed
TXN0004414,2025-12-13 00:00:00,D003,R003,Support,92362.55,86953.14,62090.08,63751.84,12,Cancelled
TXN0004415,2024-08-26 00:00:00,D010,R002,Services,137707.15,142800.12,89153.48,85113.67,147,Completed
TXN0004416,2024-09-09 00:00:00,D007,R004,Consulting,111132.76,127547.06,78023.89,69264.78,158,Pending
TXN0004417,2024-01-04 00:00:00,D007,R004,Software,157259.79,163850.08,113407.27,130191.49,40,Completed
TXN0004418,2024-12-22 00:00:00,D007,R004,Hardware,249085.47,329509.06,147987.49,146397.11,13,Completed
TXN0004419,2025-03-26 00:00:00,D003,R003,Support,97752.2,103897.08,51757.33,59251.09,73,Cancelled
TXN0004420,2025-03-03 00:00:00,D010,R002,Software,211684.23,220252.26,99330.81,104345.95,117,Pending
TXN0004421,2026-09-26 00:00:00,D009,R001,Consulting,122585.89,125167.92,76530.03,87749.91,96,Cancelled
TXN0004422,2024-05-27 00:00:00,D001,R001,Consulting,147755.79,157385.42,,98981.25,88,Completed
TXN0004423,2024-09-03 00:00:00,D005,R002,Consulting,130564.12,146210.35,66746.93,57848.66,75,Completed
TXN0004424,2025-05-17 00:00:00,D001,R001,Services,135821.84,133708.7,85760.52,83974.3,94,Completed
TXN0004425,2026-01-08 00:00:00,D008,R004,Consulting,148293.72,134703.19,100957.13,107816.71,116,Completed
TXN0004426,2024-04-17 00:00:00,D003,R003,Consulting,135874.04,106591.43,88005.88,86424.12,33,Cancelled
TXN0004427,2026-02-16 00:00:00,D007,R004,Services,114379.81,85413.31,105061.82,80571.25,60,Completed
TXN0004428,2026-02-20 00:00:00,D010,R002,Hardware,250467.72,229912.24,166128.26,172821.3,161,Completed
TXN0004429,2025-01-09 00:00:00,D006,R003,Services,126460.32,139568.03,104204.14,136540.14,129,Pending
TXN0004430,2024-07-08 00:00:00,D007,R004,Hardware,267284.26,287099.59,153849.44,179054.5,81,Cancelled
TXN0004431,2025-01-01 00:00:00,D001,R006,Software,199875.56,220232.64,103214.51,102258.93,90,Completed
TXN0004432,2025-07-09 00:00:00,D002,R002,Services,126180.93,107748.13,63815.05,66935.31,78,Completed
TXN0004433,2025-01-04 00:00:00,D009,R001,Services,120753.01,89469.94,89696.21,85002.47,141,Cancelled
TXN0004434,2026-08-18 00:00:00,D004,R001,Hardware,187680.99,171225.58,116572.86,115635.79,66,Completed
TXN0004435,2025-07-19 00:00:00,D002,R002,Hardware,187283.67,186287.36,154869.48,155756.93,101,Completed
TXN0004436,2025-02-09 00:00:00,D006,R003,Hardware,254349.02,230687.12,182407.46,236390.19,43,Completed
TXN0004437,2026-07-26 00:00:00,D002,R002,Support,73270.66,64518.5,43966.86,42947.95,139,Cancelled
TXN0004438,2025-03-13 00:00:00,D008,R004,Hardware,239259.59,247667.41,121666.85,104075.28,21,Completed
TXN0004439,2025-10-21 00:00:00,D001,R001,Subscription,136609.84,135317.59,115704.43,84104.29,78,Completed
TXN0004440,2026-05-20 00:00:00,D008,R004,Consulting,111168.42,107721.55,73558.06,80839.83,29,Cancelled
TXN0004441,2024-04-15 00:00:00,D004,R006,Subscription,177466.99,174962.47,91006.22,88299.51,20,Completed
TXN0004442,2024-06-24 00:00:00,D009,R001,Services,92186.09,97252.17,91712.8,88282.83,84,Completed
TXN0004443,2024-05-12 00:00:00,D010,R002,Software,219400.08,209272.21,96852.97,-46903.644172632135,69,Completed
TXN0004444,2024-12-15 00:00:00,D007,R004,Consulting,135538.05,141089.59,71217.66,70188.4,166,Completed
TXN0004445,2024-06-07 00:00:00,D001,R001,Subscription,115272.54,102543.65,73803.92,unknown,145,Pending
TXN0004446,2026-12-10 00:00:00,D002,R006,Support,70009.2,69448.19,39460.68,44065.04,86,Pending
TXN0004447,2024-04-18 00:00:00,D005,R002,Consulting,89068.49,120567.3,73737.93,87075.84,109,Cancelled
TXN0004448,2025-02-09 00:00:00,D001,R001,Consulting,121653.33,122870.54,74220.4,68673.5,67,Completed
TXN0004449,2025-02-05 00:00:00,D006,R003,Services,124371.57,136223.03,82418.24,74668.86,8,Pending
TXN0004450,2025-01-13 00:00:00,D001,R005,Software,142085.94,162237.38,112584.79,103647.24,133,Pending
TXN0004451,2025-11-17 00:00:00,D006,R003,Support,86439.2,100283.5,59034.56,50824.46,9,Completed
TXN0004452,2024-07-14 00:00:00,D003,R003,Support,80518.57,77569.39,46309.96,43401.26,29,Completed
TXN0004453,2024-03-16 00:00:00,D003,R006,Consulting,127751.4,138896.33,76660.34,81566.25,31,Completed
TXN0004454,2024-10-17 00:00:00,D002,R002,Support,73011.93,77656.64,45593.94,46593.11,9,Completed
TXN0004455,2025-02-25 00:00:00,D007,R004,Services,165270.63,163435.02,75127.05,95846.7,137,Completed
TXN0004456,2025-07-23 00:00:00,D003,R003,Services,169855.84,156340.98,85706.82,72692.55,14,Completed
TXN0004457,2024-09-24 00:00:00,D006,R003,Subscription,179446.12,203722.94,75526.45,87998.97,52,Completed
TXN0004458,2024-02-26 00:00:00,D001,R001,Services,144678.87,185916.46,84464.7,88892.75,29,Cancelled
TXN0004459,2025-03-01 00:00:00,D001,R001,Software,144234.8,159755.89,107321.09,142245.79,70,Cancelled
TXN0004460,2024-07-25 00:00:00,D005,R002,Subscription,134932.21,122145.07,87600.57,113865.09,54,Completed
TXN0004461,2026-02-14 00:00:00,,R003,Subscription,159914.14,185443.68,98805.91,100756.08,34,Completed
TXN0004462,2025-06-04 00:00:00,D003,R003,Subscription,146542.32,146610.78,98694.56,100143.99,90,Pending
TXN0004463,2025-09-15 00:00:00,D005,R002,Services,172937.29,147749.22,82047.36,72447.39,52,Cancelled
TXN0004464,2026-06-25 00:00:00,D007,R004,Hardware,159355.97,183033.42,144812.62,134504.48,114,Completed
TXN0004465,2026-05-30 00:00:00,D003,R003,Subscription,116808.21,68612.52,89697.89,86038.54,114,Completed
TXN0004466,2025-12-31 00:00:00,D005,R002,Software,187485.38,191414.26,91396.51,94654.94,68,Pending
TXN0004467,2025-05-11 00:00:00,D008,R004,Consulting,147380.6,143115.95,75984.1,70234.93,75,Cancelled
TXN0004468,2024-12-29 00:00:00,,R001,Hardware,243994.91,217842.08,137720.84,153615.9,164,Pending
TXN0004469,2025-11-16 00:00:00,D004,R001,Software,181733.87,194602.33,126369.51,131859.83,50,Pending
TXN0004470,2024-05-15 00:00:00,D007,R004,Hardware,285133.35,280406.82,167183.22,186303.15,73,Pending
TXN0004471,2025-05-19 00:00:00,D007,R004,Hardware,176561.65,181033.73,163723.81,213667.17,168,Cancelled
TXN0004472,05/02/2026,D888,R001,Consulting,146649.9,147104.56,87584.67,77478.89,81,Completed
TXN0004473,2025-03-24 00:00:00,D005,R002,Hardware,243930.45,245988.9,114521.71,80839.73,68,Pending
TXN0004474,2025-08-13 00:00:00,D010,R002,Services,110458.34,107986.65,84265.5,82123.69,118,Completed
TXN0004475,2025-04-22 00:00:00,D007,R004,Hardware,197850.85,238629.33,110021.8,121969.51,91,Completed
TXN0004476,2026-04-15 00:00:00,D009,R001,support ,117404.74,117096.72,44466.95,32169.17,37,Cancelled
TXN0004477,2025-05-26 00:00:00,D009,R001,Support,129002.98,134525.63,45477.95,45434.26,44,Completed
TXN0004478,2026/03/06,D004,R001,Support,106761.45,119560.62,59281.19,61153.25,131,Cancelled
TXN0004479,2026-08-30 00:00:00,D003,R003,Hardware,241211.25,234380.29,96989.01,127845.39,25,Completed
TXN0004480,2026-05-06 00:00:00,D008,R004,Support,92479.11,95385.86,40651.49,31204.75,55,Cancelled
TXN0004481,2025-08-09 00:00:00,D004,R001,Services,159866.79,185354.99,80103.57,68068.89,110,Cancelled
TXN0004482,2025-05-19 00:00:00,D006,R003,Consulting,139060.48,145679.36,47796.12,36506.78,176,Cancelled
TXN0004483,2026-03-16 00:00:00,D001,R001,Software,204560.09,unknown,88028.37,91411.46,142,Completed
TXN0004484,2025-04-29 00:00:00,D005,R002,Subscription,158466.04,211754.9,96155.36,94727.4,162,Cancelled
TXN0004485,2026-04-30 00:00:00,D009,R001,Software,205331.95,212794.26,135613.79,157050.45,29,Completed
TXN0004486,2024-06-19 00:00:00,D004,R001,Subscription,192176.22,222636.18,98188.34,113976.19,30,Pending
TXN0004487,2026-08-03 00:00:00,D009,R001,Support,87426.92,85363.02,52784.83,54813.75,27,Completed
TXN0004488,2024-09-24 00:00:00,D004,R005,Consulting,148765.82,163670.55,67047.97,72823.48,102,Completed
TXN0004489,2024-07-14 00:00:00,,R004,Software,123981.19,131087.57,87140.86,83799.68,75,Cancelled
TXN0004490,2024-02-09 00:00:00,D010,R002,Consulting,92523.21,102845.68,74259.58,74792.35,147,Completed
TXN0004491,2025-03-01 00:00:00,D007,R004,Subscription,153957.81,152547.62,100052.98,93939.73,35,Completed
TXN0004492,2025-02-06 00:00:00,D002,R002,Consulting,117032.27,122521.24,79721.36,80145.22,156,Completed
TXN0004493,2025-07-23 00:00:00,D008,R004,Hardware,243204.97,190161.38,139362.12,118779.72,41,Cancelled
TXN0004494,2025-08-30 00:00:00,D003,R003,support ,111851.7,135004.63,65339.41,57881.61,93,Pending
TXN0004495,2024-08-10 00:00:00,D004,R001,Services,120127.64,84617.57,113244.43,96889.06,122,Completed
TXN0004496,2025-09-07 00:00:00,D010,R002,Subscription,154534.14,140331.51,75863.65,90727.21,7,Completed
TXN0004497,2026-11-01 00:00:00,D007,R004,Hardware,244698.25,240904.09,145361.56,188955.38,175,Completed
TXN0004498,2026-02-23 00:00:00,D002,R002,Consulting,136043.94,122140.95,74465.87,75956.83,79,Cancelled
TXN0004499,2026-07-13 00:00:00,D008,R004,Consulting,112284.54,84475.07,91652.12,86545.23,177,Completed
TXN0004500,2025-04-04 00:00:00,D007,R004,Subscription,172599.95,165012.23,84375.61,-39643.87996841598,60,Completed
TXN0004501,2024-08-02 00:00:00,D004,R001,Software,178316.39,177348.26,93344.92,106903.43,104,Completed
TXN0004502,2024-02-26 00:00:00,D003,R003,Subscription,168714.03,111395.83,90187.27,84356.74,34,Pending
TXN0004503,2024-03-10 00:00:00,D004,R001,Hardware,248451.8,173042.01,137904.99,150437.51,25,Completed
TXN0004504,2025-03-17 00:00:00,D004,R001,Hardware,151901.97,132374.48,128685.6,110012.32,126,Pending
TXN0004505,2025-07-14 00:00:00,D008,R004,Services,150092.24,143193.68,76798.39,87403.7,141,Completed
TXN0004506,2024-05-07 00:00:00,D005,R006,Software,239421.61,241609.71,141501.96,185346.7,23,Pending
TXN0004507,2024-05-31 00:00:00,D008,R004,Software,178707.67,137934.44,117760.61,133400.45,69,Cancelled
TXN0004508,2025-08-02 00:00:00,D002,R002,,205904.41,181802.96,109446.26,124813.23,153,Cancelled
TXN0004509,2025-09-30 00:00:00,D002,R002,Software,146872.43,141533.74,90881.31,111632.53,172,Completed
TXN0004510,2026-05-04 00:00:00,D001,R001,,183471.57,213729.18,84650.27,109196.51,111,Completed
TXN0004511,2024-05-28 00:00:00,D007,R004,Software,157557.18,174364.42,"₹1,25,000",89224.62,163,Cancelled
TXN0004512,2024-09-06 00:00:00,D001,R001,SERVICES,126137.65,134537.48,91610.03,81905.36,56,Completed
TXN0004513,2025-09-11 00:00:00,D009,R001,Hardware,208221.19,211635.51,193350.45,192408.64,146,Completed
TXN0004514,2025-10-15 00:00:00,D003,R003,Services,154509.91,165275.76,85747.67,67824.11,55,Completed
TXN0004515,2024-07-15 00:00:00,D007,R006,Subscription,134876.6,123446.21,81994.85,98147.34,129,Cancelled
TXN0004516,2026-02-21 00:00:00,D002,R002,Subscription,78776.32,94165.92,81389.53,81915.14,20,Completed
TXN0004517,2024-06-25 00:00:00,,R003,Software,210830.7,218306.45,108582.68,110404.5,131,Completed
TXN0004518,2024-07-19 00:00:00,D004,R001,Support,81392.68,81369.1,59445.33,77498.52,154,Completed
TXN0004519,2026-08-08 00:00:00,D001,R001,Hardware,258038.23,258095.85,132646.3,161448.15,176,Completed
TXN0004520,2024-06-29 00:00:00,D003,R003,Subscription,140375.68,137002.77,105177.39,107654.4,79,Completed
TXN0004521,2026-07-29 00:00:00,D002,R002,Subscription,197572.56,204214.52,108384.4,124466.23,166,Completed
TXN0004522,2024-06-02 00:00:00,D006,R003,Consulting,105131.26,99934.1,89669.99,94275.03,160,Completed
TXN0004523,2026-01-24 00:00:00,D007,R004,Subscription,187536.5,158265.24,73673.0,74484.26,130,Pending
TXN0004524,2024-05-26 00:00:00,D005,R002,Services,159449.44,141445.49,82848.28,107919.31,66,Cancelled
TXN0004525,2024-08-15 00:00:00,D002,R006,Hardware,143256.26,120630.25,132029.01,125062.13,173,Pending
TXN0004526,2024-12-12 00:00:00,D002,R002,Hardware,272554.29,309878.28,143219.19,141911.89,68,Completed
TXN0004527,2024-06-04 00:00:00,D002,R002,Software,180834.47,150402.12,101710.41,135625.88,65,Completed
TXN0004528,2026-04-21 00:00:00,D006,R003,Software,174009.03,176047.05,101894.22,94536.25,157,Pending
TXN0004529,2025-06-02 00:00:00,D003,R003,Consulting,139168.67,173503.28,74900.44,79767.98,93,Completed
TXN0004530,2026-10-14 00:00:00,D003,R003,Services,146744.05,159488.04,82486.98,72974.79,84,Completed
TXN0004531,2025-08-02 00:00:00,D001,R001,Hardware,177616.02,213413.8,132763.18,126837.86,129,Completed
TXN0004532,2025-07-19 00:00:00,D008,R004,Subscription,148403.03,146415.94,88801.61,74410.09,138,Cancelled
TXN0004533,2025-08-01 00:00:00,D006,R003,Subscription,156602.53,144649.27,82207.17,83407.32,134,Cancelled
TXN0004534,2024-03-03 00:00:00,D010,R002,Software,160567.96,129725.97,115232.33,126121.31,99,Completed
TXN0004535,2025-11-28 00:00:00,D010,R002,Support,112724.78,115069.99,61049.62,75855.43,115,Pending
TXN0004536,2025-03-02 00:00:00,D006,R003,Consulting,111601.48,125566.99,71931.92,76761.56,98,Completed
TXN0004537,2025-01-12 00:00:00,D009,R001,Services,113643.73,110468.6,86595.6,93240.48,119,Completed
TXN0004538,2024-09-29 00:00:00,D008,R004,Consulting,150484.01,160278.07,75765.79,67185.4,172,Completed
TXN0004539,2026-02-22 00:00:00,D007,R004,Hardware,211402.92,229051.32,182638.71,181022.72,7,Pending
TXN0004540,2025-08-25 00:00:00,D001,R001,Software,176329.9,203592.92,127141.64,107783.26,172,Completed
TXN0004541,2026-02-13 00:00:00,D002,R002,Software,148718.05,156329.78,117435.73,104680.91,135,Pending
TXN0004542,2026-11-14 00:00:00,D003,R003,Support,78301.42,102198.16,67407.89,73017.43,118,Completed
TXN0004543,2024-04-30 00:00:00,D001,R006,Consulting,73979.94,71099.64,80023.17,87690.92,177,Completed
TXN0004544,2024-10-15 00:00:00,D002,R002,Subscription,207358.15,236369.03,60951.04,,6,Pending
TXN0004545,2024-08-15 00:00:00,D007,R004,Subscription,179234.19,217345.2,81144.26,81458.12,36,Completed
TXN0004546,2024-10-30 00:00:00,D003,R003,Services,143363.81,151106.32,77976.99,80329.85,51,Completed
TXN0004547,2025-07-22 00:00:00,D009,R001,Software,169322.52,124941.97,98572.52,113021.64,125,Completed
TXN0004548,2025-08-31 00:00:00,D003,R003,Hardware,172261.07,205508.57,187162.95,176114.8,13,Completed
TXN0004549,2025-07-02 00:00:00,D005,R002,Support,,57367.95,52346.72,63996.93,120,Cancelled
TXN0004550,2024-08-24 00:00:00,D002,R002,Software,173514.31,184215.48,125659.58,149951.9,68,Completed
TXN0004551,2025-02-01 00:00:00,D001,R001,Hardware,187326.32,186200.46,185050.98,179518.87,86,Pending
TXN0004552,2026-12-22 00:00:00,D003,R003,Support,91511.62,104584.35,,33464.96,156,Completed
TXN0004553,2025-08-15 00:00:00,D001,R001,Consulting,102782.36,90902.93,82058.9,82453.25,35,Completed
TXN0004554,2026-08-09 00:00:00,D008,R004,Software,168284.47,167505.68,101100.45,123316.03,139,Completed
TXN0004555,2024-02-05 00:00:00,D001,R001,Subscription,184912.99,145831.35,86863.31,96603.91,23,Completed
TXN0004556,2025-11-05 00:00:00,D005,R002,Hardware,149779.75,155902.47,120542.58,145854.23,67,Completed
TXN0004557,2026-11-11 00:00:00,D002,R002,Services,unknown,196445.8,88164.18,100038.69,29,Completed
TXN0004558,2026-07-19 00:00:00,D005,R002,Consulting,120614.91,129929.35,74005.19,68117.4,78,Completed
TXN0004559,2026-11-10 00:00:00,D009,R005,Support,81192.58,61910.74,55264.36,46500.58,177,Cancelled
TXN0004560,2025-03-30 00:00:00,D010,R002,Consulting,128362.43,135652.92,69987.43,56823.59,93,Pending
TXN0004561,2025-04-10 00:00:00,D009,R001,Software,112765.24,118244.52,99967.8,79748.45,123,Cancelled
TXN0004562,2024-10-25 00:00:00,D010,R002,Support,108289.3,95529.96,54140.14,48547.47,29,Completed
TXN0004563,2026-06-29 00:00:00,D010,R002,Support,87882.65,79389.57,48334.8,46840.93,69,Completed
TXN0004564,2025-10-15 00:00:00,D007,R004,Software,165994.02,219262.64,110970.72,111360.61,89,Cancelled
TXN0004565,2026-02-01 00:00:00,D006,R003,Consulting,146478.27,171807.4,65691.55,62314.71,156,Cancelled
TXN0004566,2025-07-23 00:00:00,D005,R002,Software,199815.32,233251.22,93393.83,121296.28,52,Cancelled
TXN0004567,2026-05-30 00:00:00,D001,R001,Subscription,120128.25,134851.13,83749.34,82738.67,150,Completed
TXN0004568,2026-11-30 00:00:00,D005,,Services,158918.69,208108.11,50533.03,46804.85,160,Cancelled
TXN0004569,2024-04-09 00:00:00,D007,R005,Support,106833.26,83512.28,50303.31,52750.63,104,Completed
TXN0004570,2026-07-15 00:00:00,D007,R004,Services,141210.05,148020.36,99787.53,116467.27,74,Completed
TXN0004571,2026-03-28 00:00:00,D008,R004,Software,146274.78,160910.53,117899.77,115228.73,86,Completed
TXN0004572,2026-05-06 00:00:00,D008,R004,Services,171873.05,184392.89,63484.97,52227.13,174,Cancelled
TXN0004573,2024-04-29 00:00:00,D002,R002,Subscription,110829.59,133253.81,69200.85,47685.52,40,Completed
TXN0004574,2025-07-28 00:00:00,D004,R001,Subscription,155418.3,182156.43,100984.79,87316.18,54,Pending
TXN0004575,2026-03-25 00:00:00,D007,R004,Services,135808.81,116225.03,88290.59,75001.67,80,Completed
TXN0004576,2025-01-04 00:00:00,D005,R002,Consulting,57037.04,61800.73,84263.73,95187.79,87,Completed
TXN0004577,2025-05-07 00:00:00,D009,R001,Services,152604.62,110191.71,96603.07,103141.25,41,Completed
TXN0004578,31-02-2025,D003,R003,Subscription,114964.26,111740.67,92346.65,85697.6,13,Completed
TXN0004579,2025-09-22 00:00:00,D002,R002,Services,124043.69,113107.21,88615.32,86019.39,33,Completed
TXN0004580,2024-08-09 00:00:00,D006,R003,Consulting,158467.61,170433.97,84340.68,79708.22,88,Cancelled
TXN0004581,2024-02-28 00:00:00,D006,R003,Hardware,230157.94,unknown,157423.89,152186.13,103,Completed
TXN0004582,2024-01-31 00:00:00,D008,R004,Consulting,158280.38,110758.0,85012.45,99059.17,46,Completed
TXN0004583,2025-05-04 00:00:00,D003,R003,Software,221054.95,221311.29,85469.04,74983.09,59,Completed
TXN0004584,2025-08-19 00:00:00,D003,R003,Hardware,207693.22,234614.82,137435.4,158449.89,96,Completed
TXN0004585,2024-10-12 00:00:00,D004,R001,Hardware,297643.38,386461.38,175838.73,183968.29,139,Pending
TXN0004586,2026-06-10 00:00:00,D004,R005,Services,132689.09,122756.05,73676.58,73222.47,105,Completed
TXN0004587,2024-11-19 00:00:00,D010,R002,Consulting,129518.9,140390.29,75848.83,82445.7,30,Pending
TXN0004588,2024-10-11 00:00:00,D005,R002,,165494.75,162091.09,66735.52,63180.51,38,Completed
TXN0004589,2024-12-28 00:00:00,D005,R002,Consulting,130527.42,145862.75,82692.9,84362.31,35,Completed
TXN0004590,22-02-2026,D004,R001,Consulting,146796.53,168128.46,71329.45,78703.15,159,Completed
TXN0004591,2026-03-22 00:00:00,D008,R004,Software,125144.44,130629.34,109444.51,108613.42,61,Completed
TXN0004592,2024-09-05 00:00:00,D006,R003,SERVICES,174461.65,186679.49,64799.99,60775.88,64,Cancelled
TXN0004593,2026-12-24 00:00:00,D003,R003,Hardware,254339.26,295160.11,147248.86,193343.76,96,Completed
TXN0004594,2024-07-14 00:00:00,D003,R003,Consulting,91931.47,101099.38,74098.47,81356.1,176,Cancelled
TXN0004595,2025-05-13 00:00:00,D001,R001,Services,134089.78,105365.83,111756.18,102336.79,59,Completed
TXN0004596,2026-09-24 00:00:00,D010,R002,Subscription,205640.5,219226.87,90654.72,76683.38,26,Cancelled
TXN0004597,2025-11-30 00:00:00,D001,R005,Services,123398.17,123011.02,91168.69,107117.36,115,Completed
TXN0004598,2026-02-10 00:00:00,D007,R004,Hardware,213169.52,219602.13,138055.61,134156.53,178,Completed
TXN0004599,2025-09-25 00:00:00,D008,R006,Hardware,274056.31,349176.55,184068.65,195408.97,5,Pending
TXN0004600,2025-04-09 00:00:00,D010,R002,Services,142582.46,140202.94,63074.32,68244.21,5,Completed
TXN0004601,2024-10-06 00:00:00,D006,R003,Services,134038.36,168901.31,111532.63,115803.46,64,Completed
TXN0004602,2026-08-11 00:00:00,D007,R004,Consulting,136394.55,154294.91,82849.63,74661.5,141,Completed
TXN0004603,2026-06-22 00:00:00,D005,R002,Hardware,287031.45,278325.92,141640.0,129604.24,78,Completed
TXN0004604,2025-08-28 00:00:00,D008,R005,Subscription,201693.18,265016.29,94516.17,98352.35,95,Completed
TXN0004605,2024-06-13 00:00:00,D010,R002,Software,224345.13,215184.54,116438.62,117890.21,176,Pending
TXN0004606,2026-05-26 00:00:00,D008,R004,Consulting,145284.15,164598.64,80011.49,86424.09,92,Completed
TXN0004607,2026-05-06 00:00:00,D006,R003,Consulting,151168.02,-58308.97632625852,97402.6,82662.37,22,Completed
TXN0004608,2024-06-26 00:00:00,D001,R001,Services,149047.5,197192.81,86053.4,83155.33,170,Completed
TXN0004609,2024-05-31 00:00:00,D008,R004,Consulting,121983.84,117805.63,78571.89,75331.63,164,Completed
TXN0004610,2024-08-21 00:00:00,D003,R003,Software,218312.24,235172.83,120688.7,120135.81,105,Pending
TXN0004611,2024-02-19 00:00:00,D009,R001,Consulting,121807.77,117390.74,64568.78,75644.8,103,Pending
TXN0004612,2024-10-04 00:00:00,D007,R004,Services,121281.94,106470.83,72092.43,73392.38,43,Completed
TXN0004613,2024-11-14 00:00:00,D008,R004,Hardware,215492.42,216801.6,174052.89,181336.51,23,Completed
TXN0004614,2025-08-05 00:00:00,D007,R004,Subscription,175292.42,145864.96,136301.39,134423.35,170,Cancelled
TXN0004615,2024-06-20 00:00:00,D006,R003,Consulting,76504.34,62049.66,81203.84,85057.01,26,Completed
TXN0004616,2024-02-14 00:00:00,D003,R003,Services,135465.79,95458.54,113420.12,100385.38,15,Completed
TXN0004617,2025-05-18 00:00:00,D004,R001,Hardware,204005.52,150336.01,163175.6,189063.13,150,Cancelled
TXN0004618,2025-05-13 00:00:00,D010,,Services,132198.68,144928.36,84173.93,87354.85,23,Completed
TXN0004619,2026-10-25 00:00:00,D003,R003,Hardware,265420.38,273182.41,158741.76,154010.16,102,Pending
TXN0004620,2025-06-12 00:00:00,D010,R002,Consulting,140905.3,126598.22,85199.54,105684.45,31,Pending
TXN0004621,2026-10-14 00:00:00,D009,R001,Support,89363.11,95437.78,53576.41,47111.54,110,Completed
TXN0004622,2026-12-08 00:00:00,D010,R006,Services,149619.51,145991.56,108984.11,79470.53,40,Completed
TXN0004623,2024-03-03 00:00:00,D002,R002,Hardware,197488.61,201270.58,132809.72,140944.29,104,Completed
TXN0004624,2025-08-22 00:00:00,D003,R003,Consulting,135563.81,129085.66,70531.84,74830.45,52,Pending
TXN0004625,2026-01-25 00:00:00,D008,R004,Services,147252.82,141877.61,77071.66,97282.39,21,Completed
TXN0004626,2025-10-09 00:00:00,D008,R004,Hardware,195871.74,140764.15,175537.12,117991.42,93,Completed
TXN0004627,2026-03-14 00:00:00,D004,R001,Hardware,311494.19,361871.63,118548.26,113451.74,85,Pending
TXN0004628,2025-06-16 00:00:00,D010,R002,Consulting,97294.24,107355.9,64245.05,83539.94,140,Pending
TXN0004629,2024-11-23 00:00:00,D009,R001,Consulting,129298.89,165306.51,74192.36,74707.78,47,Completed
TXN0004630,2024-09-03 00:00:00,D010,R002,Hardware,231608.19,213809.94,174708.03,160228.66,10,Completed
TXN0004631,2024-01-12 00:00:00,D007,R004,Hardware,184568.97,195245.47,178659.66,225401.6,110,Cancelled
TXN0004632,2025-10-31 00:00:00,D003,R003,Consulting,136746.02,146367.31,81232.56,70941.29,103,Cancelled
TXN0004633,2024-04-21 00:00:00,D006,R003,Services,161743.0,158300.7,77224.14,102101.19,112,Completed
TXN0004634,2026-10-05 00:00:00,D008,R004,Support,86634.68,87438.6,42037.54,41811.44,50,Cancelled
TXN0004635,2024-02-14 00:00:00,D004,R001,Support,90890.22,unknown,51756.92,54971.36,162,Pending
TXN0004636,2025-07-05 00:00:00,D010,R888,Hardware,210831.04,240658.38,144557.14,153070.52,40,Completed
TXN0004637,2026-06-14 00:00:00,D003,R003,Hardware,185273.29,191233.63,134780.01,114363.56,173,Completed
TXN0004638,2025-08-22 00:00:00,D001,R001,Services,202087.15,142273.84,77239.82,106095.25,131,Pending
TXN0004639,2024-01-13 00:00:00,D009,R001,Support,70426.33,70932.8,65002.13,65732.9,78,Completed
TXN0004640,2024-10-07 00:00:00,D008,R004,Consulting,145700.02,134602.07,80470.69,81670.79,100,Completed
TXN0004641,2024-04-16 00:00:00,D009,R001,Support,67499.16,66735.92,58616.39,64904.92,122,Completed
TXN0004642,2026-12-20 00:00:00,D004,R001,Subscription,160207.85,165862.37,100945.1,113746.4,39,Completed
TXN0004643,2024-10-21 00:00:00,D005,R002,Support,102885.55,88568.24,62145.59,60110.79,67,Completed
TXN0004644,2024-04-24 00:00:00,D008,R004,Services,158797.49,197394.61,83138.93,101091.63,150,Completed
TXN0004645,2026-03-30 00:00:00,D006,R006,Consulting,,125836.88,67357.35,71862.6,118,Completed
TXN0004646,2025-03-25 00:00:00,D007,R004,Support,80528.48,72382.64,67737.6,63564.68,176,Completed
TXN0004647,2024-08-19 00:00:00,D009,R001,Software,152266.62,162921.94,94410.83,89502.99,22,Completed
TXN0004648,2026-11-26 00:00:00,D003,R005,Support,93592.48,94275.04,47647.77,45398.99,79,Cancelled
TXN0004649,2025-02-20 00:00:00,D005,R002,Hardware,143416.97,158650.28,110335.72,109385.06,57,Completed
TXN0004650,2026-02-19 00:00:00,D007,R004,Support,114461.58,115904.12,58958.09,65165.85,10,Cancelled
TXN0004651,2026-04-10 00:00:00,D003,R003,Support,81734.47,81098.67,60664.03,55128.37,132,Completed
TXN0004652,2025-06-02 00:00:00,D004,R001,Hardware,246716.99,239710.47,121562.76,151284.79,160,Completed
TXN0004653,2024-09-29 00:00:00,D007,R004,Subscription,191456.5,221440.3,82077.91,96817.8,11,Cancelled
TXN0004654,2024-04-16 00:00:00,D006,R003,Hardware,235501.8,219035.88,163180.66,168069.25,34,Completed
TXN0004655,2024-07-10 00:00:00,D003,R003,Hardware,176073.21,226986.18,138275.71,160465.19,149,Completed
TXN0004656,2024-08-09 00:00:00,D006,R005,Software,,178077.69,133008.64,155235.2,89,Completed
TXN0004657,2026-12-22 00:00:00,D007,R004,Hardware,223774.24,242711.68,162799.63,208471.66,169,Completed
TXN0004658,2026-12-08 00:00:00,D009,R001,Services,176652.32,176571.03,66581.62,70383.13,135,Cancelled
TXN0004659,2024-05-19 00:00:00,D001,R001,Support,101589.71,74505.95,57217.28,50650.9,20,Completed
TXN0004660,2025-12-14 00:00:00,D001,R001,Software,144546.37,161571.08,151677.6,123462.49,108,Pending
TXN0004661,2025-03-13 00:00:00,D009,R001,Support,75022.89,65448.41,42261.06,35854.62,89,Completed
TXN0004662,2025-07-16 00:00:00,D009,R001,Software,163343.44,141086.58,91267.78,97160.14,136,Completed
TXN0004663,2025-12-22 00:00:00,D008,R004,Hardware,197355.7,181637.12,164725.41,145083.04,134,Completed
TXN0004664,2026-04-05 00:00:00,D004,R005,Software,132610.63,147088.59,108748.88,124210.01,137,Completed
TXN0004665,2026-09-24 00:00:00,D007,R004,Software,198042.53,218876.34,83258.35,81672.8,120,Cancelled
TXN0004666,2026-08-05 00:00:00,D005,R005,Services,143777.93,148508.48,69161.3,77216.31,173,Completed
TXN0004667,2025-02-22 00:00:00,D007,R004,Subscription,161386.88,160264.95,103933.6,108889.61,128,Completed
TXN0004668,2026-11-22 00:00:00,D007,R004,Hardware,190577.68,193460.29,127238.46,156768.36,104,Pending
TXN0004669,2024-06-23 00:00:00,D009,R001,Software,176999.15,163645.96,128130.07,107010.43,150,Cancelled
TXN0004670,2026-06-17 00:00:00,D008,R004,Consulting,143172.37,126511.71,72239.1,95225.46,96,Cancelled
TXN0004671,2024-11-23 00:00:00,D009,R001,Services,153371.01,174220.07,70359.84,59425.7,110,Completed
TXN0004672,2025-10-19 00:00:00,D008,R004,Support,72739.84,74123.19,60842.26,70696.2,12,Completed
TXN0004673,2025-06-07 00:00:00,D009,R001,Services,91800.5,92446.14,102992.93,101627.21,96,Cancelled
TXN0004674,2025-11-01 00:00:00,D002,R002,Consulting,123363.16,129029.9,62500.84,76125.81,117,Completed
TXN0004675,2025-05-05 00:00:00,D009,R001,Hardware,161262.55,160570.01,142518.0,148698.4,68,Cancelled
TXN0004676,2024-11-30 00:00:00,D010,R002,Subscription,189811.52,183328.48,107784.8,112803.21,77,Completed
TXN0004677,2024-07-12 00:00:00,D007,R004,Services,125720.03,98878.05,75355.0,78288.38,124,Pending
TXN0004678,2025-11-07 00:00:00,D006,R003,Software,197786.9,196769.23,126832.94,119093.2,143,Completed
TXN0004679,2025-03-02 00:00:00,D007,R004,Consulting,122306.62,125240.27,77799.63,107256.09,6,Completed
TXN0004680,2025-11-29 00:00:00,D001,R001,Subscription,183878.85,203143.91,97959.16,112857.78,57,Completed
TXN0004681,2026-05-30 00:00:00,D008,R004,Consulting,125039.32,135505.91,83724.38,89481.1,156,Cancelled
TXN0004682,2026-01-29 00:00:00,D004,R001,Software,202551.77,224055.75,127346.93,90648.82,0,Completed
TXN0004683,2026-01-29 00:00:00,D006,R003,Subscription,197960.17,214618.97,94939.13,102983.67,81,Pending
TXN0004684,2026-08-14 00:00:00,,R002,Software,167382.84,219258.98,136370.28,157380.51,53,Completed
TXN0004685,2024-09-13 00:00:00,D009,R001,Consulting,149774.17,163200.7,107468.02,106615.81,7,Pending
TXN0004686,2024-12-07 00:00:00,D004,R001,Support,93092.09,90697.41,53984.61,56470.71,128,Pending
TXN0004687,2024-08-25 00:00:00,D008,R004,Support,84318.22,92137.5,61449.21,70064.2,35,Cancelled
TXN0004688,2026-09-11 00:00:00,D005,R002,Services,125516.22,117810.96,73650.25,83623.17,172,Cancelled
TXN0004689,2024-05-05 00:00:00,D007,R004,Subscription,167362.97,160549.96,80694.03,73297.21,7,Pending
TXN0004690,2024-10-16 00:00:00,D002,R002,Software,117020.72,,111591.48,108961.27,76,Completed
TXN0004691,2026-09-28 00:00:00,D004,R001,Hardware,263291.63,269563.6,113202.98,100885.97,60,Completed
TXN0004692,2026-07-04 00:00:00,D006,R003,Consulting,173225.73,176464.99,66201.64,,125,Completed
TXN0004693,2026-05-24 00:00:00,D010,R002,Support,74145.55,80869.0,36790.0,37321.61,35,Cancelled
TXN0004694,2026-02-09 00:00:00,D010,R002,Software,204716.78,240108.56,87618.25,84715.32,98,Cancelled
TXN0004695,2026-04-04 00:00:00,D007,R004,Consulting,134344.15,143009.33,67667.2,71751.9,121,Pending
TXN0004696,2025-04-25 00:00:00,D005,R006,Subscription,131234.65,138035.47,70530.68,54102.83,54,Completed
TXN0004697,2024-11-26 00:00:00,D005,R006,Services,144657.79,148910.86,101191.33,103382.46,77,Completed
TXN0004698,2025-02-05 00:00:00,D007,R004,Hardware,219471.48,248374.3,98639.75,111282.41,122,Cancelled
TXN0004699,2024/09/17,D004,R001,Services,135979.46,131364.68,,63949.47,27,Cancelled
TXN0004700,2024-01-28 00:00:00,D002,R002,Services,174534.13,168447.58,106313.86,102669.63,122,Completed
TXN0004701,2025-05-13 00:00:00,D006,R003,Consulting,71602.33,60671.72,70218.82,68143.83,112,Completed
TXN0004702,2024-08-22 00:00:00,D002,R002,Support,95771.84,101686.94,47160.76,59874.56,26,Completed
TXN0004703,2024-03-30 00:00:00,D001,R001,Software,136798.5,156716.14,139857.55,146128.72,22,Pending
TXN0004704,2026-10-29 00:00:00,D003,R003,Software,195897.37,192624.5,77709.49,72284.63,13,Completed
TXN0004705,2025-03-03 00:00:00,D007,R004,Subscription,169584.85,161502.6,91172.84,96261.78,176,Completed
TXN0004706,2026-07-22 00:00:00,D008,R004,Subscription,164191.15,165729.74,89795.55,84596.38,147,Completed
TXN0004707,2026-10-21 00:00:00,D004,R001,SUBSCRIPTION,164587.03,,86458.32,108963.94,57,Completed
TXN0004708,2025-01-17 00:00:00,D008,R004,Subscription,164535.11,190885.68,77314.28,82338.73,32,Completed
TXN0004709,2024-07-05 00:00:00,D010,R002,Subscription,183535.55,143146.69,69788.76,64592.86,69,Pending
TXN0004710,2026-10-31 00:00:00,D004,R001,Support,104250.51,112297.66,61572.81,64499.3,110,Pending
TXN0004711,2024-11-15 00:00:00,D005,R002,Services,144873.14,143091.07,83523.81,80915.28,10,Completed
TXN0004712,2024-10-11 00:00:00,D002,R002,Consulting,130896.31,153908.3,58695.07,51867.33,173,Pending
TXN0004713,2024-10-17 00:00:00,D007,R004,Subscription,180344.51,189903.37,86449.34,85356.82,84,Pending
TXN0004714,2024-12-06 00:00:00,D009,R001,Subscription,115893.94,108827.09,95402.9,128424.93,132,Completed
TXN0004715,2024-10-16 00:00:00,D005,R005,Support,84983.04,94909.93,55105.57,46528.32,10,Cancelled
TXN0004716,2025-09-14 00:00:00,D007,R004,Software,,189338.7,88424.8,123432.21,175,Pending
TXN0004717,2024-02-19 00:00:00,D001,R001,Subscription,146936.61,142699.64,70033.03,77704.26,148,Completed
TXN0004718,2026-10-11 00:00:00,D005,R002,Services,153721.73,167864.82,86550.31,76459.56,34,Pending
TXN0004719,2025-02-09 00:00:00,D004,R001,Support,91576.01,95592.56,47319.51,49412.05,65,Completed
TXN0004720,2026-02-20 00:00:00,D007,R004,Services,175638.36,171544.53,69583.44,80236.67,158,Completed
TXN0004721,2024-04-26 00:00:00,D001,R001,Software,220836.26,222727.58,96600.64,82761.34,14,Cancelled
TXN0004722,2025-04-25 00:00:00,D001,R001,Subscription,,176191.02,86976.67,83935.38,21,Cancelled
TXN0004723,2024-01-08 00:00:00,D008,R004,Support,115160.73,130446.65,70600.74,68557.61,84,Cancelled
TXN0004724,2025-04-17 00:00:00,D001,R001,Support,80186.44,100223.03,39825.78,44210.21,90,Completed
TXN0004725,2025-01-03 00:00:00,D002,R002,Subscription,147440.89,141448.36,80824.15,83417.55,164,Completed
TXN0004726,2025-06-21 00:00:00,D010,R002,Software,212052.87,199697.74,132671.1,148999.08,61,Pending
TXN0004727,2026-05-05 00:00:00,D007,R004,Services,108479.04,105123.4,65496.61,74872.02,105,Completed
TXN0004728,2026-11-14 00:00:00,D009,R001,Software,215012.13,248561.19,123705.82,143590.99,26,Completed
TXN0004729,2026-11-30 00:00:00,D003,R003, consulting ,129973.07,133367.88,75999.26,89006.92,22,Completed
TXN0004730,2025-06-09 00:00:00,D010,R002,Consulting,130563.06,149840.48,83434.79,83966.69,122,Completed
TXN0004731,2024-05-30 00:00:00,D006,R003,SERVICES,128496.92,167847.55,79733.34,77010.65,27,Completed
TXN0004732,2025-05-15 00:00:00,D006,R003,Services,195585.72,247657.92,92703.65,100477.08,7,Cancelled
TXN0004733,2026-07-06 00:00:00,D007,R004,Services,162559.93,146138.27,102048.06,99049.56,163,Cancelled
TXN0004734,2024-09-12 00:00:00,,R002,Software,234017.66,194376.05,148632.21,130837.66,83,Completed
TXN0004735,2026-04-15 00:00:00,D007,R004,Consulting,117127.07,122816.96,86028.23,93744.49,96,Completed
TXN0004736,2026-05-24 00:00:00,D002,R002,Consulting,143726.97,145838.67,75424.95,61954.91,127,Completed
TXN0004737,2024-09-13 00:00:00,D009,R001,Consulting,121558.61,123199.71,65956.66,73722.1,173,Cancelled
TXN0004738,2026-04-17 00:00:00,D009,R001,Services,180262.02,162988.8,61869.71,65664.23,65,Pending
TXN0004739,2026-01-02 00:00:00,D009,R001,Support,94136.78,76601.57,57017.55,59938.02,11,Completed
TXN0004740,2024-11-26 00:00:00,D007,R004,Support,93164.84,93889.61,54422.01,69906.78,122,Pending
TXN0004741,2026-05-20 00:00:00,D003,R003,Services,113478.46,115709.21,87094.79,102929.13,115,Pending
TXN0004742,2026-11-20 00:00:00,D008,R004,Support,84571.1,95390.18,61288.96,52849.56,7,Cancelled
TXN0004743,2024-06-24 00:00:00,D004,R001,Consulting,89759.03,104599.54,82226.83,92243.61,106,Completed
TXN0004744,2024-01-02 00:00:00,D003,R003,Support,105647.57,115136.39,63736.46,55053.87,123,Completed
TXN0004745,2024-08-05 00:00:00,D010,R002,Hardware,,136668.53,157391.43,174686.75,39,Completed
TXN0004746,2026-08-10 00:00:00,D006,R003,Consulting,102730.06,104445.62,54156.79,59332.15,43,Pending
TXN0004747,2026-02-17 00:00:00,D006,R003,Consulting,118394.09,123411.62,67872.65,80243.74,80,Completed
TXN0004748,2026-01-26 00:00:00,D009,R001,Subscription,133541.22,172609.7,98086.71,102505.99,141,Completed
TXN0004749,2025-08-18 00:00:00,D006,R005,Support,85102.93,90491.57,75460.48,87963.45,36,Pending
TXN0004750,2025-11-06 00:00:00,D002,R002,Consulting,143603.78,139846.88,81092.93,110845.72,128,Cancelled
TXN0004751,2024-10-11 00:00:00,D010,R002,Software,187977.15,164107.07,145445.17,168587.17,156,Completed
TXN0004752,2026-12-30 00:00:00,D007,R004,Software,184322.89,216724.9,88873.59,113365.1,141,Pending
TXN0004753,2026-12-12 00:00:00,D002,R002,Hardware,202267.47,169722.82,133619.27,144756.97,114,Completed
TXN0004754,2024-03-30 00:00:00,D001,R001,Hardware,211650.52,206094.21,167742.47,145271.96,6,Cancelled
TXN0004755,2025-01-05 00:00:00,D003,R003,Subscription,207668.39,204291.34,66232.96,72166.27,138,Pending
TXN0004756,2025-12-16 00:00:00,D009,R001,Consulting,141962.74,149629.07,73672.52,46962.12,168,Pending
TXN0004757,2024-02-04 00:00:00,D001,R001,Support,82048.65,80512.2,62879.88,60025.91,41,Cancelled
TXN0004758,2024-11-03 00:00:00,D004,R005,Support,89548.26,113225.49,45380.92,39829.63,92,Completed
TXN0004759,2024-03-14 00:00:00,D002,R002,Consulting,139601.16,147057.71,91136.64,91833.69,131,Completed
TXN0004760,2026-04-02 00:00:00,D003,R003,Software,242580.85,238177.02,112451.83,97750.11,174,Cancelled
TXN0004761,2024-11-27 00:00:00,D006,R003,Services,190021.42,154094.68,68370.42,74321.4,63,Completed
TXN0004762,2024-02-02 00:00:00,D007,R004,Software,190308.51,214022.37,106039.43,89348.75,103,Completed
TXN0004763,2025-02-04 00:00:00,D001,R006,Support,120968.95,132443.16,65555.58,73169.49,10,Completed
TXN0004764,2026-05-17 00:00:00,D005,R002,Consulting,109969.01,97455.97,85312.3,109582.14,40,Completed
TXN0004765,2026-08-19 00:00:00,D010,R002,Services,110413.84,105339.65,91712.07,93407.62,167,Completed
TXN0004766,2026-10-10 00:00:00,D001,R001,Hardware,261812.54,233054.05,196091.39,231101.54,28,Completed
TXN0004767,2026-01-22 00:00:00,D005,R002,Support,56638.46,59713.11,54315.54,53843.94,109,Pending
TXN0004768,2026-10-06 00:00:00,D005,R006,Subscription,187017.55,199599.69,118293.51,119344.63,58,Completed
TXN0004769,2025-03-24 00:00:00,D005,R002,Hardware,195801.92,208029.67,182568.08,184415.07,70,Completed
TXN0004770,2026-05-28 00:00:00,D002,R002,Support,97458.44,111863.95,40066.23,35959.09,145,Cancelled
TXN0004771,2025-02-10 00:00:00,D007,R004,Subscription,164018.68,164677.13,89092.33,74914.26,175,Completed
TXN0004772,2025-04-13 00:00:00,D009,R001,Hardware,173004.87,115315.81,133827.56,142196.72,174,Completed
TXN0004773,2024-11-23 00:00:00,D009,R001,Support,98729.64,124347.2,56067.42,65786.18,111,Pending
TXN0004774,2025-09-05 00:00:00,D004,R001,Consulting,120712.91,127359.23,61540.74,65995.85,137,Completed
TXN0004775,2026-08-01 00:00:00,D004,R001,Support,77933.26,77874.45,72763.38,72013.16,126,Completed
TXN0004776,2025-08-18 00:00:00,D009,R001,Subscription,116881.48,112706.13,92508.14,87540.85,67,Completed
TXN0004777,2025-03-23 00:00:00,D007,R004,Subscription,184042.73,153946.79,86607.27,64181.81,173,Completed
TXN0004778,2026-05-31 00:00:00,D005,R002,Support,110573.25,109212.0,44367.33,48494.08,157,Completed
TXN0004779,2025-09-17 00:00:00,D009,R005,Support,99826.77,109344.3,46884.42,52289.8,86,Completed
TXN0004780,2024-12-24 00:00:00,D006,R003,Software,156704.25,169241.4,123424.1,105938.7,141,Completed
TXN0004781,2024-01-17 00:00:00,D007,,Support,108003.97,109894.69,,66790.06,18,Pending
TXN0004782,2025-02-05 00:00:00,D004,R001,Subscription,191348.71,190092.88,66167.99,72905.68,150,Completed
TXN0004783,2026-09-30 00:00:00,D008,R004,Support,60351.53,64582.47,48608.07,60903.05,41,Cancelled
TXN0004784,2024-01-10 00:00:00,D006,R003,Hardware,264369.84,295301.47,144563.38,153117.13,66,Cancelled
TXN0004785,2025-12-20 00:00:00,D001,R005,Hardware,236769.11,250084.91,132342.82,151427.77,33,Completed
TXN0004786,2024-01-10 00:00:00,D001,R001,Support,98481.47,113480.13,61938.55,82984.53,81,Completed
TXN0004787,2024-07-11 00:00:00,D001,R888,Subscription,178965.55,188124.13,64246.12,63552.23,84,Completed
TXN0004788,2024-10-12 00:00:00,D006,R003,Software,216913.01,180532.63,109887.16,117962.17,123,Cancelled
TXN0004789,2025-04-21 00:00:00,D005,R002,Support,80638.31,78177.02,46886.21,50785.01,62,Pending
TXN0004790,2025-01-20 00:00:00,D010,R002,Hardware,217988.56,214422.3,119810.22,128668.86,25,Completed
TXN0004791,2025-12-23 00:00:00,D002,R002,Support,85514.54,73373.76,55962.25,49655.9,152,Completed
TXN0004792,2026-04-01 00:00:00,D005,R002,,193477.16,196207.76,100447.8,69136.66,96,Completed
TXN0004793,2026-06-08 00:00:00,D008,R004,Services,136298.42,139021.04,91512.7,87515.88,177,Pending
TXN0004794,2024-08-15 00:00:00,D003,R003,Hardware,197732.95,190649.51,162256.73,200493.88,18,Cancelled
TXN0004795,2025-01-29 00:00:00,D006,R003,Subscription,191335.52,202322.8,83600.84,79563.46,146,Completed
TXN0004796,2025-06-15 00:00:00,D006,R003,Software,176002.87,166634.89,102134.24,104297.43,166,Pending
TXN0004797,2024-06-14 00:00:00,D001,R001,support ,91634.24,89825.04,76847.56,77638.16,154,Completed
TXN0004798,2025-09-15 00:00:00,D006,R003,Consulting,133657.21,179806.21,62457.51,54743.42,93,Completed
TXN0004799,2026-07-18 00:00:00,D006,R003,Services,129146.99,119040.92,100544.25,95876.78,13,Pending
TXN0004800,2024-08-08 00:00:00,D003,R003,Subscription,73330.98,71146.07,77303.37,72958.49,111,Pending
TXN0004801,2026-02-28 00:00:00,D004,R001,Hardware,238945.68,199224.56,116386.98,129382.45,29,Completed
TXN0004802,2026-02-06 00:00:00,D002,R002,Consulting,105742.39,126831.11,97364.26,112311.44,113,Completed
TXN0004803,2024-12-21 00:00:00,D007,R004,Software,184019.4,155113.37,"₹1,25,000",129879.13,113,Completed
TXN0004804,2026-11-12 00:00:00,D009,R001,Software,222753.71,235512.87,133591.73,139801.91,172,Pending
TXN0004805,2024-05-01 00:00:00,D007,R004,Subscription,124586.37,144900.21,115171.79,96525.67,113,Cancelled
TXN0004806,2025-05-07 00:00:00,,R001,Consulting,85744.81,91071.89,76067.93,55452.74,10,Completed
TXN0004807,2026-06-11 00:00:00,D010,R002,Software,204576.13,190116.01,117837.78,115850.15,131,Completed
TXN0004808,2025-11-06 00:00:00,D005,R002,Support,104825.53,93132.07,53672.08,50414.63,162,Cancelled
TXN0004809,2026-05-07 00:00:00,D009,R001,Services,168718.64,174236.26,68502.79,69560.34,117,Completed
TXN0004810,2025-07-28 00:00:00,D002,R002,Services,149069.49,100617.29,58758.67,69166.06,63,Cancelled
TXN0004811,2025-09-23 00:00:00,D009,R001,Software,157290.57,173474.51,95216.65,95173.21,133,Completed
TXN0004812,2024-11-07 00:00:00,D002,R002,Support,118569.01,132609.69,41259.4,31714.62,19,Completed
TXN0004813,2026-03-31 00:00:00,D006,R003,Services,128313.31,129527.05,72148.59,78313.64,81,Completed
TXN0004814,2024-12-25 00:00:00,D001,R001,Services,154345.3,166712.59,91646.25,92329.41,65,Completed
TXN0004815,2026-01-10 00:00:00,D004,R001,Consulting,116479.73,unknown,78176.11,85904.5,99,Pending
TXN0004816,2024-05-10 00:00:00,D007,R004,Subscription,190958.58,201448.56,72981.21,78460.68,33,Completed
TXN0004817,2025-08-07 00:00:00,D005,R002,Support,98002.83,110918.29,47520.29,48715.99,165,Completed
TXN0004818,2025-02-19 00:00:00,D004,R001,Subscription,197583.21,198717.29,106468.87,112946.71,170,Completed
TXN0004819,2026-02-01 00:00:00,D004,R001,Subscription,158260.54,149444.95,97807.38,92385.79,62,Completed
TXN0004820,2026-09-17 00:00:00,D001,R001,Services,158468.82,164664.7,82292.02,93822.95,128,Completed
TXN0004821,2024-10-28 00:00:00,D002,R002,Consulting,81014.33,76599.6,78740.77,74102.52,179,Cancelled
TXN0004822,2024-09-16 00:00:00,D002,R002,Consulting,112736.36,116109.82,63328.46,55280.35,104,Completed
TXN0004823,2024-11-27 00:00:00,D002,R002,Services,130904.86,136249.47,69703.66,64390.76,135,Completed
TXN0004824,2024-06-19 00:00:00,D007,R004,Subscription,172852.1,224686.67,106559.15,113710.22,18,Cancelled
TXN0004825,2024-11-14 00:00:00,D008,R004,Subscription,127888.3,116093.72,90683.26,64113.76,45,Completed
TXN0004826,2024-06-03 00:00:00,D010,R002,Consulting,102887.97,106098.58,58908.1,61872.51,87,Pending
TXN0004827,2026-09-18 00:00:00,D004,R001,Consulting,126042.85,127973.97,75244.82,74310.97,34,Completed
TXN0004828,2026-07-13 00:00:00,D006,R003,Subscription,187022.49,203140.01,100589.2,101064.44,129,Completed
TXN0004829,2024-06-14 00:00:00,D008,R004,Hardware,309073.34,337136.31,192419.84,217895.89,100,Completed
TXN0004830,2024-04-14 00:00:00,D001,R001,Hardware,197434.76,210660.97,160623.38,136382.67,7,Completed
TXN0004831,2026/02/11,D001,R001,Support,90419.04,105166.24,66484.72,77467.64,138,Completed
TXN0004832,2024-03-11 00:00:00,D009,R001,Subscription,150471.79,146176.44,95043.76,94834.03,59,Completed
TXN0004833,2025-10-09 00:00:00,D006,R003,Services,144037.87,151056.27,83172.71,92128.83,133,Pending
TXN0004834,2025-05-01 00:00:00,D008,R004,,153441.43,122255.65,84184.15,87831.96,171,Completed
TXN0004835,2026-04-15 00:00:00,D005,R005,Hardware,261342.21,282834.87,166547.94,174104.86,180,Pending
TXN0004836,2024-10-26 00:00:00,D006,R003,Software,202436.99,208165.42,111809.34,143424.64,66,Pending
TXN0004837,2024-06-03 00:00:00,D009,R001,Software,199742.97,177068.63,121124.6,140152.19,67,Cancelled
TXN0004838,2024-04-09 00:00:00,D003,R003,Software,204943.27,204938.17,110056.05,129514.93,85,Completed
TXN0004839,2024-05-03 00:00:00,D004,R001,Consulting,152432.68,169707.52,59593.06,51489.57,30,Cancelled
TXN0004840,2024-07-20 00:00:00,D005,R002,Software,282349.71,368441.52,105398.15,104037.24,65,Cancelled
TXN0004841,2024-12-21 00:00:00,D009,R001,Services,169341.56,179563.33,68761.99,63094.42,13,Cancelled
TXN0004842,2026-03-03 00:00:00,D004,R001,Software,137149.77,173182.47,95727.44,102207.81,138,Completed
TXN0004843,2025-05-01 00:00:00,D007,R004,Software,165839.05,169294.56,131541.0,139871.05,142,Cancelled
TXN0004844,2026-09-07 00:00:00,D002,R002,Support,92246.87,89606.68,60748.61,70304.57,67,Pending
TXN0004845,2026-09-22 00:00:00,D010,R006,Support,83766.23,107852.36,76500.18,74684.41,114,Pending
TXN0004846,2024-09-22 00:00:00,D003,R005,Hardware,237767.12,226344.11,125396.0,,25,Completed
TXN0004847,2024-01-19 00:00:00,D002,R002,Consulting,96735.95,93580.8,52166.9,48217.89,121,Completed
TXN0004848,2026-01-17 00:00:00,D007,R004,Subscription,118004.06,93972.79,86052.54,73995.51,12,Cancelled
TXN0004849,2025-03-19 00:00:00,D010,R002,Services,186774.57,197408.79,68692.58,50609.9,122,Completed
TXN0004850,2024-06-13 00:00:00,D009,R001,Software,148241.22,169699.81,118563.98,95313.97,164,Completed
TXN0004851,2026-05-10 00:00:00,D005,R002,Hardware,271721.51,236064.55,193034.63,200138.16,160,Pending
TXN0004852,2025-11-24 00:00:00,D003,R003,Hardware,213315.7,193688.54,139926.61,147074.74,104,Completed
TXN0004853,2026-10-17 00:00:00,D010,R002,Consulting,121204.51,111175.88,63353.18,68998.86,25,Completed
TXN0004854,2024-08-26 00:00:00,D008,R004,Support,73206.69,60459.81,61491.4,63230.25,177,Cancelled
TXN0004855,2026-05-21 00:00:00,D009,R001,Services,120249.24,121057.53,100830.87,131051.57,66,Cancelled
TXN0004856,2026-04-02 00:00:00,D006,R003,Services,152272.63,159935.88,74126.78,83587.35,102,Pending
TXN0004857,2026-02-01 00:00:00,D009,R001,Software,207252.64,212790.92,107351.44,87382.83,98,Pending
TXN0004858,2026-12-10 00:00:00,D004,R001,Services,131043.7,156786.16,99559.92,100602.65,127,Completed
TXN0004859,2025-03-21 00:00:00,D001,R001,Services,128910.52,153313.77,83226.65,111388.84,180,Completed
TXN0004860,2025-08-31 00:00:00,D007,R004,Hardware,216513.22,258384.78,143757.74,154967.27,105,Pending
TXN0004861,2025-03-23 00:00:00,D003,R003,Services,112817.53,128402.52,81262.27,83898.73,5,Completed
TXN0004862,2024-07-17 00:00:00,D002,R006,Consulting,112159.28,117829.95,70030.85,65741.58,180,Completed
TXN0004863,2026-02-06 00:00:00,D003,R003,Software,129320.46,129409.32,115244.12,102162.03,52,Completed
TXN0004864,2026-03-23 00:00:00,D009,R001,Subscription,149063.9,142220.96,73226.76,73452.35,141,Pending
TXN0004865,2025-06-20 00:00:00,D004,R001,Consulting,151921.85,134227.17,71568.57,59062.57,127,Completed
TXN0004866,2026-03-04 00:00:00,D005,R002,Consulting,87975.02,73266.88,59833.03,61040.02,156,Cancelled
TXN0004867,2026-02-11 00:00:00,D008,R004,Services,99921.55,114681.72,85809.0,74244.7,146,Cancelled
TXN0004868,2025-03-26 00:00:00,D004,R006,Subscription,118070.19,123631.26,88924.98,92904.63,129,Cancelled
TXN0004869,2024-06-10 00:00:00,D004,R001,Services,152610.76,170894.59,105308.09,unknown,93,Cancelled
TXN0004870,2024-08-20 00:00:00,D003,R003,Services,164459.23,192578.61,67444.3,69617.63,174,Completed
TXN0004871,2025-11-06 00:00:00,D008,R004,Consulting,144089.89,128811.35,71852.18,,158,Completed
TXN0004872,2026-02-11 00:00:00,D005,R006,Software,164798.85,115406.64,123996.39,147431.31,180,Completed
TXN0004873,2026-07-14 00:00:00,D010,R888,Subscription,176073.26,145562.53,75598.7,71273.36,48,Completed
TXN0004874,2024-09-11 00:00:00,D009,R001,Consulting,126674.79,132472.85,72688.76,65354.31,137,Completed
TXN0004875,2026-07-03 00:00:00,D001,R001,Software,212912.77,216050.6,127740.02,127491.72,154,Pending
TXN0004876,2025-11-16 00:00:00,D001,R001,Consulting,124893.72,138934.83,76216.76,59775.21,178,Pending
TXN0004877,2026-12-02 00:00:00,D009,R001,Support,123202.02,116575.77,46475.73,53699.86,172,Completed
TXN0004878,2026-07-08 00:00:00,D010,R002,Hardware,226076.26,245401.92,83883.82,76686.55,164,Cancelled
TXN0004879,2024-08-06 00:00:00,D001,R001,Services,100233.68,110090.58,86721.48,89900.28,130,Completed
TXN0004880,2025-11-18 00:00:00,D002,R002,Consulting,135963.11,134487.27,79737.21,75955.45,111,Completed
TXN0004881,2026-12-30 00:00:00,D009,R001,Subscription,149912.99,142652.95,108708.83,90553.66,174,Completed
TXN0004882,2025-03-08 00:00:00,D001,R001,Consulting,106095.4,74821.98,67029.29,68359.6,166,Completed
TXN0004883,2026-04-15 00:00:00,D007,R004,Software,145305.1,159097.15,120720.92,115379.43,56,Completed
TXN0004884,2025/12/22,D003,R003,Hardware,211241.15,217812.48,142033.48,165513.18,119,Completed
TXN0004885,2025-09-16 00:00:00,D007,R004,Subscription,156922.64,144232.64,76301.3,87552.31,160,Pending
TXN0004886,2026-11-04 00:00:00,D004,R001,Subscription,154035.66,163020.01,84393.8,,23,Completed
TXN0004887,2026-12-12 00:00:00,D010,R002,Services,136771.58,145873.02,83174.51,86799.42,156,Cancelled
TXN0004888,2024-04-06 00:00:00,D010,R005,Support,71800.0,64272.92,42296.42,43823.92,34,Completed
TXN0004889,2026-10-08 00:00:00,D001,R001,Consulting,134519.67,130419.76,72940.05,70708.32,94,Completed
TXN0004890,2025-02-02 00:00:00,D003,R003,Services,159513.71,169172.43,73979.36,56673.9,112,Completed
TXN0004891,2024-03-16 00:00:00,D004,R006,Hardware,274285.69,267156.52,144323.8,150576.32,16,Completed
TXN0004892,2026-09-02 00:00:00,D010,R002,Services,142023.18,146284.41,79466.8,92590.28,177,Completed
TXN0004893,2026-01-30 00:00:00,D010,R002,Hardware,211271.79,185664.99,166563.67,175755.05,137,Completed
TXN0004894,2026-05-12 00:00:00,D009,R001,Support,104700.82,114007.97,69426.9,61152.12,65,Cancelled
TXN0004895,11/09/2024,D010,R002,Software,195864.58,200520.86,115203.78,128019.26,128,Completed
TXN0004896,2024-10-24 00:00:00,D004,R001,Services,147873.86,130179.79,98470.87,105745.57,87,Completed
TXN0004897,2024-05-22 00:00:00,D002,R002,Hardware,206193.65,202548.32,147736.61,152090.78,158,Completed
TXN0004898,2025-06-04 00:00:00,D006,R003,Software,191515.04,197774.21,123602.83,112969.71,131,Pending
TXN0004899,2025-01-08 00:00:00,D003,R003,Software,177913.68,187941.37,88602.19,85264.5,53,Pending
TXN0004900,2026-03-20 00:00:00,D001,R001,Subscription,136752.87,146418.98,94727.05,99343.69,64,Cancelled
TXN0004901,2024-07-19 00:00:00,D010,R002,Hardware,196554.28,172662.38,169762.63,187247.14,58,Cancelled
TXN0004902,2025-10-04 00:00:00,D005,R002,Software,133771.84,149723.81,150145.59,115060.41,104,Completed
TXN0004903,2026-08-21 00:00:00,D001,R001,Software,,176098.29,124078.3,126509.71,158,Pending
TXN0004904,2024-04-04 00:00:00,D009,R001,Hardware,216784.0,179868.41,114828.87,127292.58,171,Cancelled
TXN0004905,2026-01-12 00:00:00,D007,R004,Hardware,262875.31,280261.46,131773.39,129306.91,153,Cancelled
TXN0004906,2024-03-06 00:00:00,D008,R004,Hardware,263338.03,182899.07,165220.57,116350.08,148,Cancelled
TXN0004907,2024-08-08 00:00:00,D010,R002,Support,71970.12,79027.32,42112.82,51249.28,122,Pending
TXN0004908,2026-05-07 00:00:00,D004,R001,Software,205092.98,212037.93,125196.89,117552.83,107,Cancelled
TXN0004909,2026-08-21 00:00:00,,R005,Services,142310.12,166136.62,92064.72,67540.5,54,Pending
TXN0004910,2026-09-07 00:00:00,D008,R005,Software,199404.77,213419.23,113181.09,104538.58,173,Completed
TXN0004911,2025-01-04 00:00:00,D005,R002,Support,112351.71,87159.15,59697.77,50736.14,83,Completed
TXN0004912,2025-07-07 00:00:00,D003,R003,Support,80862.36,78454.66,50030.08,54832.35,29,Cancelled
TXN0004913,15-04-2025,D009,R001,Support,100032.94,118412.69,55389.33,71399.04,20,Pending
TXN0004914,2026-06-07 00:00:00,D004,R001,Services,121742.88,97489.8,101185.49,103740.91,85,Completed
TXN0004915,2024-07-23 00:00:00,D001,R001,Subscription,218238.64,271567.14,90059.02,98509.54,171,Completed
TXN0004916,2025-07-08 00:00:00,D005,R002,Hardware,195929.29,203346.86,187456.38,176891.48,44,Completed
TXN0004917,2026-01-23 00:00:00,D003,R003,Services,132601.1,135008.53,57381.35,65934.29,6,Cancelled
TXN0004918,2024-07-05 00:00:00,D005,R002,Hardware,251936.5,252145.27,96209.25,84324.19,35,Cancelled
TXN0004919,31-02-2025,D007,R004,Hardware,255216.07,236073.24,156071.3,162093.44,75,Completed
TXN0004920,2024-07-30 00:00:00,D010,R002,Hardware,277898.05,349821.82,149045.98,unknown,84,Pending
TXN0004921,2024-05-13 00:00:00,D006,R003,Subscription,176222.98,169980.89,78168.94,69520.33,54,Pending
TXN0004922,2024-10-01 00:00:00,D001,R001,Support,101773.88,115740.08,50659.21,53445.51,81,Completed
TXN0004923,2024-04-24 00:00:00,D002,R002,Subscription,120736.78,119538.47,78975.96,74379.62,135,Completed
TXN0004924,2024-05-24 00:00:00,D007,R004,Support,102746.14,94637.51,56644.16,53116.42,11,Completed
TXN0004925,2025-07-01 00:00:00,D006,R003,Subscription,94894.71,87248.43,87174.65,unknown,51,Cancelled
TXN0004926,2024-12-23 00:00:00,D010,R002,Software,156498.75,,125780.4,122831.42,66,Pending
TXN0004927,2026-05-17 00:00:00,D007,R004,Consulting,115584.23,113666.6,65648.76,76801.46,158,Completed
TXN0004928,2025-04-19 00:00:00,D003,R003,Services,148032.28,,72849.24,96532.09,142,Pending
TXN0004929,2024-05-13 00:00:00,D002,R002,,185766.38,176897.19,102408.82,89946.98,165,Cancelled
TXN0004930,2025-04-17 00:00:00,D888,R001,Software,208904.11,253962.23,125424.13,121524.34,83,Completed
TXN0004931,2025-08-25 00:00:00,D005,R002,Services,157426.17,151788.47,54225.78,54651.98,5,Pending
TXN0004932,2025-01-19 00:00:00,D007,R004,Subscription,177218.93,-19722.544990026974,103907.98,102745.59,74,Pending
TXN0004933,2026-11-25 00:00:00,D004,R001,Hardware,194738.55,178672.96,160571.65,218688.9,142,Cancelled
TXN0004934,2025-03-03 00:00:00,D004,R001,Hardware,211578.15,215518.99,207855.22,258499.93,125,Completed
TXN0004935,2026-12-14 00:00:00,D002,R002,Support,106623.51,106244.29,77589.08,77962.8,102,Pending
TXN0004936,2026-11-05 00:00:00,D010,R002,Software,248233.61,218972.46,116738.73,134999.44,116,Completed
TXN0004937,2024-12-27 00:00:00,D005,R002,Services,151375.88,155958.29,89464.0,98698.9,103,Cancelled
TXN0004938,2024-02-12 00:00:00,D003,R003,Hardware,208733.64,160251.0,130227.55,131642.65,120,Completed
TXN0004939,2025-12-12 00:00:00,D004,R001,Software,123905.36,121150.94,86111.8,107679.29,46,Cancelled
TXN0004940,2025-07-11 00:00:00,D009,R001,Hardware,235754.64,260080.91,138160.93,169894.15,127,Completed
TXN0004941,2026-05-14 00:00:00,D004,R001,Subscription,150921.95,193607.13,83489.26,56228.41,77,Completed
TXN0004942,2026-08-21 00:00:00,D004,R001,Software,178217.24,188893.44,110395.1,71834.14,108,Completed
TXN0004943,2026-12-07 00:00:00,D001,R001,Software,196089.92,196518.07,92921.84,87817.0,56,Completed
TXN0004944,2025-11-27 00:00:00,D001,R001,Subscription,97953.75,93485.2,77913.33,106563.95,75,Completed
TXN0004945,2025-03-10 00:00:00,D009,R001,Consulting,124086.68,139072.31,91715.67,87469.2,75,Completed
TXN0004946,2026-02-11 00:00:00,D010,R002,Support,60502.23,56605.55,57954.64,77051.11,137,Pending
TXN0004947,2025-06-12 00:00:00,D007,R004,Subscription,166189.65,189043.8,119177.22,121865.59,121,Completed
TXN0004948,2024-02-15 00:00:00,D007,R004,Consulting,141148.14,145651.96,74915.96,89419.34,115,Cancelled
TXN0004949,2026-06-20 00:00:00,D001,R001,Hardware,185500.88,195673.63,159507.57,185739.88,26,Completed
TXN0004950,08-12-2026,D001,R001,Services,161468.98,158134.75,73620.12,70453.53,71,Pending
TXN0004951,2026-01-04 00:00:00,D002,R002,Consulting,117018.08,127313.74,64670.42,76906.25,112,Pending
TXN0004952,2026-10-31 00:00:00,D006,R006,Software,135354.74,127960.9,87099.16,73339.94,113,Completed
TXN0004953,2025-08-22 00:00:00,D888,R002,Support,100051.83,98955.84,44095.29,41025.89,71,Cancelled
TXN0004954,2025-02-28 00:00:00,D003,R003,Support,75409.64,88815.09,48661.54,65023.06,99,Cancelled
TXN0004955,2024-02-08 00:00:00,D007,R004,Hardware,276577.49,351665.95,155883.59,162084.12,76,Completed
TXN0004956,2026-04-16 00:00:00,D001,R001,Consulting,85082.52,83765.84,86863.94,91063.95,152,Completed
TXN0004957,2024-10-04 00:00:00,D008,R004,Software,152269.44,199327.24,136423.98,144275.81,72,Completed
TXN0004958,2024-12-09 00:00:00,D009,R001,Consulting,115281.51,112389.69,80830.05,78020.58,89,Pending
TXN0004959,2024-09-23 00:00:00,D002,R002,Software,227626.31,242635.09,128709.64,131518.67,89,Completed
TXN0004960,2026-10-01 00:00:00,D004,R001,Support,95222.8,92460.15,54940.88,58509.27,114,Completed
TXN0004961,2026-11-19 00:00:00,D007,R004,Hardware,265119.78,256752.13,132228.56,136043.69,23,Pending
TXN0004962,2025-05-15 00:00:00,D004,R001,Hardware,245823.26,237787.44,154437.9,168316.61,109,Cancelled
TXN0004963,2025-10-23 00:00:00,D001,R001,Services,165056.7,177265.44,68768.46,70069.44,136,Completed
TXN0004964,2024-06-11 00:00:00,D004,R005,Software,142446.89,147680.02,121556.94,125437.36,41,Pending
TXN0004965,2025-11-13 00:00:00,D009,R001,Subscription,152690.96,152270.04,82129.67,100547.37,26,Cancelled
TXN0004966,2026-10-28 00:00:00,D004,R006,Support,84271.93,77009.61,49244.56,53729.09,99,Completed
TXN0004967,2026-02-09 00:00:00,D008,R004,Subscription,165339.44,217829.81,90980.6,121360.91,126,Completed
TXN0004968,2024-10-27 00:00:00,D004,R001,Consulting,137409.16,170322.06,80794.15,72037.41,18,Completed
TXN0004969,2025-07-30 00:00:00,D007,R004,Hardware,266011.94,299476.55,160640.52,153335.86,59,Cancelled
TXN0004970,2026-02-12 00:00:00,D005,R002,Subscription,135688.83,137543.01,,91875.34,67,Completed
TXN0004971,2024-11-04 00:00:00,D002,R002,Support,79302.97,69001.32,35538.21,38019.89,55,Completed
TXN0004972,2024-06-30 00:00:00,D006,R003,Consulting,115590.2,113337.1,56785.31,59949.57,127,Completed
TXN0004973,2026-07-03 00:00:00,D008,R004,Software,154877.72,156114.47,113733.52,101113.46,82,Completed
TXN0004974,2024-12-20 00:00:00,D006,R003,Consulting,95783.75,125111.93,80699.78,77151.49,177,Pending
TXN0004975,2026-06-29 00:00:00,D003,R003,Consulting,113995.62,130293.79,71314.4,77436.09,142,Completed
TXN0004976,2026-09-27 00:00:00,D001,R001,Subscription,158168.8,157569.46,75321.19,97164.8,131,Completed
TXN0004977,2025-07-12 00:00:00,D008,R004,Hardware,138722.48,159086.86,174251.48,145138.64,180,Completed
TXN0004978,2025-11-15 00:00:00,D004,R001,Subscription,173874.77,206481.65,77675.96,80980.46,40,Cancelled
TXN0004979,2026-07-30 00:00:00,D006,R003,Consulting,115690.0,114643.29,68393.45,57677.32,69,Completed
TXN0004980,2026-05-09 00:00:00,D004,R001,Consulting,99264.84,95476.51,74677.53,78571.14,147,Pending
TXN0004981,2026-09-10 00:00:00,D005,R005,Software,211187.86,234415.4,97324.69,98821.62,112,Pending
TXN0004982,2026-06-30 00:00:00,D006,R003,Subscription,118295.2,136452.52,114250.14,111581.99,94,Completed
TXN0004983,2026-08-22 00:00:00,D005,R002,Hardware,191511.55,142448.07,149518.79,143544.0,58,Completed
TXN0004984,2024-03-07 00:00:00,D001,R001,Software,144020.48,155126.81,119709.0,133912.56,169,Completed
TXN0004985,2024-03-09 00:00:00,D010,R002,Support,93327.49,98403.48,61976.33,58196.38,109,Completed
TXN0004986,2024-11-03 00:00:00,D007,R004,Subscription,184524.59,183532.5,98771.9,96207.29,66,Completed
TXN0004987,2025-11-14 00:00:00,D005,R002,Subscription,114973.69,128440.39,74336.13,71409.63,172,Pending
TXN0004988,2025-02-14 00:00:00,D006,R003,Services,184883.52,162558.01,80963.22,73191.74,178,Completed
TXN0004989,2024-01-28 00:00:00,D007,R004,Software,158846.81,158889.68,109470.76,118750.22,14,Completed
TXN0004990,2024-05-02 00:00:00,D008,R005,Software,208146.63,215127.64,98767.42,104768.26,67,Completed
TXN0004991,2026-01-10 00:00:00,D010,R002,Support,96557.78,104199.62,"₹1,25,000",66650.65,112,Completed
TXN0004992,2026-10-24 00:00:00,D002,R002,Subscription,164723.3,166447.82,83140.69,83046.74,150,Cancelled
TXN0004993,2024-06-26 00:00:00,D007,R004,Software,138901.92,153623.18,93496.89,113539.88,145,Completed
TXN0004994,2026-07-06 00:00:00,D006,R003,Support,98713.77,114588.61,51349.69,54935.99,75,Pending
TXN0004995,2026-07-07 00:00:00,D007,R006,Consulting,137049.97,162647.69,84824.61,90143.15,113,Completed
TXN0004996,2026-04-16 00:00:00,D009,R001,Support,84848.08,,41617.87,45374.73,135,Pending
TXN0004997,2026-04-22 00:00:00,D001,R001,Consulting,139882.24,163614.04,56528.97,58167.57,107,Pending
TXN0004998,2024-02-02 00:00:00,D009,R001,Support,69760.13,71585.0,60165.77,72669.97,100,Completed
TXN0004999,2026-02-06 00:00:00,D006,R003,Subscription,169758.8,161450.37,84284.93,99852.02,9,Cancelled
TXN0005000,2025-04-21 00:00:00,D010,R005,Support,83420.17,81797.48,52214.62,49606.36,64,Completed
TXN0005001,2026-10-13 00:00:00,D003,R003,Services,185233.46,215629.6,99825.64,109929.72,113,Completed
TXN0005002,2025-05-10 00:00:00,D001,R001,Consulting,120780.69,128302.71,102226.13,92040.06,164,Cancelled
TXN0005003,2024-05-17 00:00:00,D007,R004,Services,156140.24,170221.44,,95465.72,69,Completed
TXN0005004,2026-03-06 00:00:00,D006,R005,Subscription,165900.09,168214.87,96870.45,112167.98,101,Completed
TXN0005005,2025-05-13 00:00:00,D005,R002,Consulting,138516.37,unknown,53209.31,53661.41,59,Cancelled
TXN0005006,2026-07-18 00:00:00,D010,R002,Hardware,174472.61,190757.41,154671.6,153674.83,133,Completed
TXN0005007,2025-09-11 00:00:00,D003,R003,Hardware,231044.58,231556.41,138358.51,144274.03,37,Completed
TXN0005008,2025-07-31 00:00:00,D004,R001,Hardware,171764.75,158854.67,158082.05,140395.24,31,Completed
TXN0005009,2026-10-30 00:00:00,D003,R003,Services,96170.76,103371.83,96383.51,90867.62,128,Completed
TXN0005010,2026-04-12 00:00:00,D006,R003,Subscription,111025.76,107280.28,90435.53,95375.85,110,Completed
TXN0005011,2025-02-21 00:00:00,D008,R004,Software,186290.77,217207.17,93851.07,125694.57,28,Completed
TXN0005012,2024-10-16 00:00:00,D006,R005,Software,184124.45,129429.91,100954.73,117067.68,95,Cancelled
TXN0005013,2025-10-13 00:00:00,D006,R003,Consulting,126097.94,142611.34,87002.64,96349.16,141,Completed
TXN0005014,2026-12-15 00:00:00,D006,R003,Subscription,170350.32,174541.12,83123.57,104409.1,142,Completed
TXN0005015,2025-11-02 00:00:00,D003,R003,Consulting,128226.19,111866.23,67496.96,45980.04,92,Cancelled
TXN0005016,2024-06-04 00:00:00,D010,R006,Support,81179.47,83994.85,65953.31,44689.0,48,Cancelled
TXN0005017,2024-08-14 00:00:00,D007,R004,Subscription,163786.55,170034.4,90420.2,81984.32,101,Pending
TXN0005018,2025-03-16 00:00:00,D006,R003,Services,154722.6,157617.96,68901.97,68388.41,142,Completed
TXN0005019,2026-12-26 00:00:00,D002,R002,Hardware,257530.11,226002.65,133373.82,133249.91,151,Completed
TXN0005020,2024-04-23 00:00:00,D009,R001,Software,212602.0,249178.2,122054.32,107122.83,55,Cancelled
TXN0005021,2025-01-22 00:00:00,D002,R002,Consulting,115849.09,unknown,79512.96,102713.04,71,Completed
TXN0005022,2025-09-30 00:00:00,D010,R002,Services,115296.97,106666.66,84859.07,60819.63,45,Completed
TXN0005023,2026-08-06 00:00:00,D010,R002,Subscription,196882.88,191150.78,101596.35,107308.11,66,Completed
TXN0005024,2024-12-21 00:00:00,D010,R002,Software,170691.3,218482.97,106663.61,103943.4,21,Cancelled
TXN0005025,2025-08-27 00:00:00,D006,R003,Services,172984.74,216051.17,92692.11,109114.21,28,Completed
TXN0005026,2025-02-06 00:00:00,D005,R002,Software,196981.07,195385.02,100403.18,114368.44,68,Completed
TXN0005027,2026-01-12 00:00:00,D006,R003,Hardware,123846.52,112536.88,132780.58,178209.61,55,Completed
TXN0005028,2025-01-23 00:00:00,D002,R002,Software,170325.35,176657.69,88500.27,89540.3,20,Completed
TXN0005029,2024-06-29 00:00:00,D005,R006,Subscription,163911.81,176340.38,77008.59,79589.16,176,Completed
TXN0005030,2026-04-14 00:00:00,D001,R001,Support,89443.01,97969.12,74539.1,76915.07,97,Cancelled
TXN0005031,2025-10-16 00:00:00,D009,R001,Hardware,240579.32,198348.17,143045.92,150885.78,121,Pending
TXN0005032,2025-10-28 00:00:00,D007,R004,Hardware,173254.77,168689.49,159907.16,208947.88,82,Completed
TXN0005033,2024-07-20 00:00:00,D009,R001,Services,184492.94,179640.25,94255.49,103649.1,41,Pending
TXN0005034,2025-06-30 00:00:00,D010,R002,Subscription,135704.61,135752.89,83163.41,83708.22,92,Completed
TXN0005035,2024-06-17 00:00:00,D001,R001,Support,87670.65,112287.0,35894.37,43887.16,163,Completed
TXN0005036,2026-02-22 00:00:00,D001,R001,Software,133388.16,137288.95,112237.08,116675.91,169,Pending
TXN0005037,2026-12-14 00:00:00,D010,R002,Software,160642.46,142099.25,123572.69,162066.12,167,Completed
TXN0005038,2024-09-09 00:00:00,D003,R003,Services,128898.51,140236.8,75619.18,85630.62,108,Cancelled
TXN0005039,2024-09-14 00:00:00,D003,R003,Subscription,154643.82,200102.42,86420.5,78360.53,43,Completed
TXN0005040,2026-04-03 00:00:00,D008,R004,support ,89509.93,84322.92,48024.72,57734.49,48,Pending
TXN0005041,2024-10-26 00:00:00,D010,R002,Consulting,131702.69,123321.78,65913.6,55646.09,12,Cancelled
TXN0005042,2024-06-25 00:00:00,D004,R001,Consulting,127996.68,142412.97,71398.64,75041.67,5,Completed
TXN0005043,2025-12-21 00:00:00,D006,R003,Services,160723.5,,86246.44,92388.09,131,Completed
TXN0005044,2024-04-10 00:00:00,D003,R003,Consulting,162537.0,164030.55,81818.61,84819.4,56,Completed
TXN0005045,2025-11-26 00:00:00,D003,R006,Hardware,210651.63,236154.15,162220.79,109831.0,162,Pending
TXN0005046,2026-08-06 00:00:00,D003,R003,Services,109499.21,85631.18,100632.09,unknown,36,Completed
TXN0005047,2025-11-16 00:00:00,D010,R002,Hardware,245126.13,244626.22,128784.47,129093.28,52,Completed
TXN0005048,2024-02-17 00:00:00,D006,R003,Subscription,154175.34,168600.53,96198.37,98712.43,42,Cancelled
TXN0005049,2025-08-12 00:00:00,D007,R006,Software,204914.69,214377.98,98388.85,72612.21,146,Completed
TXN0005050,2025-06-20 00:00:00,D003,R003,Services,153253.03,162694.74,82719.89,92601.39,8,Pending
TXN0005051,2025-06-23 00:00:00,D006,R003,Consulting,122444.64,144706.54,62872.88,60915.19,120,Pending
TXN0005052,2024-02-17 00:00:00,D010,R002,Software,141901.48,134502.32,118776.05,139193.15,70,Completed
TXN0005053,2026-10-31 00:00:00,D009,R001,Subscription,153384.18,161145.96,112093.73,,89,Pending
TXN0005054,2025-02-22 00:00:00,D007,R004,Hardware,206078.68,218307.24,119494.17,120040.85,14,Completed
TXN0005055,2026-06-02 00:00:00,D007,R004,Hardware,253131.47,210672.52,145562.04,153622.99,39,Completed
TXN0005056,2026-11-07 00:00:00,D009,R001,Subscription,118012.16,116589.18,76140.0,74642.45,135,Pending
TXN0005057,2025-05-01 00:00:00,D007,R004,Support,77385.52,67323.5,50681.23,42808.83,23,Completed
TXN0005058,2026-05-03 00:00:00,D007,R004,Software,204838.06,204510.03,113262.04,80628.49,170,Completed
TXN0005059,2024-06-29 00:00:00,D003,R003,Software,196754.2,185912.3,117799.62,118240.16,30,Completed
TXN0005060,2026-09-14 00:00:00,D009,R001,Hardware,250399.6,229340.15,130829.93,81951.2,155,Completed
TXN0005061,2024-02-01 00:00:00,D008,R004,Software,,215395.91,122490.26,132522.17,59,Cancelled
TXN0005062,2025-06-09 00:00:00,D001,R001,Software,227929.46,193061.49,83695.43,71488.18,138,Cancelled
TXN0005063,2024-12-11 00:00:00,D006,R003,Subscription,212299.58,215449.18,88379.47,93279.28,150,Completed
TXN0005064,2026-07-30 00:00:00,D005,R005,Hardware,204758.66,188918.5,164668.06,168152.76,149,Completed
TXN0005065,2024-09-19 00:00:00,D006,R003,Consulting,104628.07,130922.99,57508.36,55902.67,148,Completed
TXN0005066,2026-04-17 00:00:00,D010,R002,Software,204862.86,180656.48,124663.82,119850.19,126,Completed
TXN0005067,31-02-2025,D001,R001,Hardware,228023.82,221081.99,176554.6,192920.24,37,Pending
TXN0005068,2026-11-24 00:00:00,D008,R006,Subscription,138944.53,135039.61,89180.44,81482.71,108,Cancelled
TXN0005069,2026-02-17 00:00:00,D007,R004,Hardware,261612.36,269605.22,189545.43,138151.51,174,Completed
TXN0005070,2026-12-31 00:00:00,D010,R002,Hardware,205220.56,204411.69,133737.48,128523.22,174,Completed
TXN0005071,2024-01-04 00:00:00,D003,R003,Services,114754.27,150348.37,72752.78,74295.38,33,Cancelled
TXN0005072,2025-03-05 00:00:00,D004,R001,Hardware,207046.2,219741.73,134966.47,134400.97,15,Pending
TXN0005073,2025-09-02 00:00:00,D009,R001,Consulting,133065.58,138705.01,72258.35,68607.1,179,Pending
TXN0005074,2026-10-11 00:00:00,D008,R004,Support,83352.13,55635.69,45017.36,50077.8,133,Completed
TXN0005075,2025-10-25 00:00:00,D010,R002,Hardware,286860.92,328549.83,160266.47,164916.31,146,Completed
TXN0005076,2025-07-28 00:00:00,D008,R004,Support,125830.03,161116.7,64047.82,63211.02,152,Completed
TXN0005077,2024-06-11 00:00:00,D010,R002,Services,123503.44,137197.68,72058.35,72116.2,64,Completed
TXN0005078,2025-10-22 00:00:00,D004,R001,Consulting,143277.72,153570.64,52991.9,57967.81,93,Completed
TXN0005079,2026-09-27 00:00:00,D010,R002,Subscription,118986.68,114404.62,61631.92,68276.1,75,Cancelled
TXN0005080,2024-05-11 00:00:00,D008,R004,Software,170110.28,193997.21,106829.09,105194.66,167,Completed
TXN0005081,2026-05-27 00:00:00,D009,R001,Services,127310.34,132813.95,89784.75,93647.82,118,Completed
TXN0005082,2024-08-29 00:00:00,D002,R002,Support,93868.95,84840.78,63487.03,55271.22,162,Cancelled
TXN0005083,2025-04-03 00:00:00,D008,R004,,262479.99,207670.85,128153.5,140195.79,73,Cancelled
TXN0005084,2024-05-27 00:00:00,D007,R004,Hardware,178607.76,147828.39,151796.79,153963.94,96,Pending
TXN0005085,2026-04-05 00:00:00,D005,R002,Subscription,175027.61,168148.31,71064.78,63041.16,117,Cancelled
TXN0005086,2024-01-17 00:00:00,D010,R002,Support,105471.22,100708.78,59881.28,68079.9,17,Cancelled
TXN0005087,2025-01-11 00:00:00,D004,R001,Subscription,110181.03,95701.89,86907.06,86822.3,20,Completed
TXN0005088,2024-06-24 00:00:00,D007,R004,Software,205489.63,234803.25,139442.38,102737.25,88,Cancelled
TXN0005089,2024-12-19 00:00:00,D008,R004,Services,152739.09,150830.78,106131.64,93652.09,76,Completed
TXN0005090,2025-03-16 00:00:00,D003,R003,Subscription,232124.32,240581.64,90443.68,113420.59,83,Cancelled
TXN0005091,2024-04-09 00:00:00,D003,R003,Consulting,153184.51,199394.11,65551.47,83150.64,150,Cancelled
TXN0005092,2024-04-10 00:00:00,D005,R002,Support,69479.58,75445.77,60325.76,54288.45,26,Cancelled
TXN0005093,2025-02-06 00:00:00,D001,R001,Services,133242.65,137201.25,94332.1,93008.46,81,Cancelled
TXN0005094,2026-06-17 00:00:00,D001,R006,Services,124626.03,133859.23,64992.32,63221.38,66,Completed
TXN0005095,2026-09-22 00:00:00,D009,R001,Support,84146.37,80785.5,54785.56,57586.67,31,Completed
TXN0005096,2024-02-02 00:00:00,D006,R003,Consulting,132479.83,114326.72,63154.92,72859.6,93,Completed
TXN0005097,2024-03-24 00:00:00,D010,R002, consulting ,123151.49,137800.99,75987.57,52810.71,162,Pending
TXN0005098,2026-04-05 00:00:00,D008,R004,Support,108280.84,104988.94,58881.55,58049.98,167,Completed
TXN0005099,2025-11-12 00:00:00,D008,R004,Support,79762.71,,48755.08,35102.73,57,Pending
TXN0005100,2024-08-07 00:00:00,D005,R002,Software,182006.76,214653.07,106042.46,112920.84,158,Completed
TXN0005101,2026-04-17 00:00:00,D009,R001,Hardware,244178.35,251657.16,133436.79,unknown,118,Completed
TXN0005102,2024-12-15 00:00:00,D009,R001,Software,155378.79,155819.08,116145.19,115023.3,26,Completed
TXN0005103,2025-03-21 00:00:00,D006,R003,Support,86794.99,80408.61,55895.9,46983.68,147,Completed
TXN0005104,2025-11-27 00:00:00,D001,R001,Consulting,102319.5,98755.02,71640.04,69190.44,86,Cancelled
TXN0005105,2026-03-02 00:00:00,D003,R003,Services,134288.11,121717.41,66945.61,56452.87,51,Pending
TXN0005106,2026-01-29 00:00:00,D005,R002,Subscription,137524.52,160305.09,107655.64,105861.67,106,Pending
TXN0005107,2026-03-20 00:00:00,D009,R001,Support,49511.83,57012.48,47268.27,54795.57,5,Pending
TXN0005108,2026-09-11 00:00:00,D009,R001,Software,140639.39,105245.18,97173.62,105663.54,92,Completed
TXN0005109,2026-10-30 00:00:00,D010,R002,Software,184332.84,197437.68,131787.98,147939.76,21,Pending
TXN0005110,2024-11-09 00:00:00,D888,R004,Software,246556.14,244555.83,99454.75,116641.54,151,Completed
TXN0005111,2024-12-04 00:00:00,D005,R002,Hardware,223987.44,250383.73,153851.09,128798.59,91,Completed
TXN0005112,2024-12-30 00:00:00,D002,R002,Hardware,184919.48,213426.01,132650.22,132807.88,138,Completed
TXN0005113,2026-09-01 00:00:00,D009,R001,Hardware,225607.4,295464.8,119121.93,118880.21,74,Pending
TXN0005114,2025-10-15 00:00:00,D008,R004,Consulting,79090.76,79230.86,78143.37,104257.85,154,Completed
TXN0005115,2025-06-23 00:00:00,D008,R006,Hardware,201831.3,184348.1,138535.53,145092.6,171,Completed
TXN0005116,2026-08-22 00:00:00,D005,R002,Consulting,161833.45,181921.04,72374.91,80175.91,173,Pending
TXN0005117,2024-12-23 00:00:00,D002,R002,Consulting,164687.08,178546.46,75648.62,74384.84,41,Completed
TXN0005118,2024-04-20 00:00:00,D010,R002,Subscription,201093.1,234948.54,109022.29,96043.04,129,Pending
TXN0005119,2025-12-09 00:00:00,D004,R001,Software,134935.79,134504.6,93486.63,92463.54,58,Completed
TXN0005120,2024-04-14 00:00:00,D010,R002,Software,239353.68,233762.77,135128.76,127282.48,174,Completed
TXN0005121,2025-05-31 00:00:00,D002,R002,Hardware,154508.95,173509.9,144748.5,150408.89,123,Pending
TXN0005122,2025-06-22 00:00:00,D004,R001,Subscription,170243.5,178049.77,88437.81,95019.59,66,Completed
TXN0005123,2024-09-30 00:00:00,D005,R002,Consulting,158728.21,158671.63,67657.24,71344.9,49,Completed
TXN0005124,2025-11-20 00:00:00,D006,R003,Subscription,164279.74,192270.39,133398.62,128287.55,107,Completed
TXN0005125,2026-09-26 00:00:00,D002,R002,Hardware,251904.51,268345.81,141187.75,146616.62,84,Completed
TXN0005126,2026-02-05 00:00:00,D007,R004,Support,107035.21,95292.67,67290.55,86481.21,124,Completed
TXN0005127,2025-05-01 00:00:00,D010,R002,Services,157020.67,123412.69,83204.36,75058.2,42,Cancelled
TXN0005128,2024-02-06 00:00:00,D006,R003,Hardware,246590.99,192566.52,137242.25,141221.39,177,Cancelled
TXN0005129,2025-09-09 00:00:00,D006,R003,Subscription,162129.25,179502.83,,48380.94,129,Completed
TXN0005130,2026-04-04 00:00:00,D009,R001,Consulting,96967.2,121285.17,73450.53,73660.15,16,Completed
TXN0005131,31-02-2025,D009,R001,Hardware,206618.95,207403.83,82114.85,77280.42,54,Pending
TXN0005132,2025-09-10 00:00:00,D003,R003,Support,66273.98,86040.91,54190.85,63864.13,118,Completed
TXN0005133,2026-03-31 00:00:00,D005,R005,Hardware,229402.53,241773.6,117486.14,84008.73,156,Pending
TXN0005134,2026-09-28 00:00:00,D002,R002,Consulting,112985.57,148761.82,60647.13,64954.44,67,Completed
TXN0005135,2025-10-16 00:00:00,D002,,Support,99994.9,113777.57,42590.79,48438.15,151,Completed
TXN0005136,2026-10-19 00:00:00,D001,R001,Services,188330.74,219629.13,88225.58,,77,Completed
TXN0005137,2025-01-26 00:00:00,D007,R006,Software,163020.15,175123.06,80302.53,77615.47,160,Pending
TXN0005138,2024-03-04 00:00:00,D002,R006,Hardware,270027.76,290277.67,127612.58,163945.17,173,Completed
TXN0005139,2026-02-23 00:00:00,D002,R002,Software,148743.9,137539.73,95517.47,78566.69,122,Cancelled
TXN0005140,2026-06-04 00:00:00,D005,R002,Consulting,128049.3,140644.05,74447.47,97167.0,157,Completed
TXN0005141,2024-07-19 00:00:00,D009,R001,Support,83858.91,86323.93,55889.96,65144.75,106,Completed
TXN0005142,2025-04-29 00:00:00,,R002,Hardware,208499.54,280949.93,147572.32,171118.02,175,Cancelled
TXN0005143,2025-05-26 00:00:00,D010,R002,Consulting,102814.53,109374.84,72114.75,66594.58,95,Completed
TXN0005144,2026-01-23 00:00:00,D007,R004,Services,143773.26,141937.44,98401.87,105038.73,177,Completed
TXN0005145,2026-09-28 00:00:00,D009,R001,Software,131219.69,156814.72,92429.35,106989.16,19,Pending
TXN0005146,2025-03-15 00:00:00,D003,R003,Subscription,180918.48,197465.1,76620.72,84225.23,74,Completed
TXN0005147,2024-08-06 00:00:00,D004,R001,Hardware,266387.49,311477.88,137665.05,130000.2,54,Cancelled
TXN0005148,2026-08-16 00:00:00,D001,R005,Software,246624.15,263796.06,141932.57,156402.47,84,Completed
TXN0005149,2025-04-09 00:00:00,D008,R004,Subscription,163248.85,148008.58,91433.4,76511.21,115,Pending
TXN0005150,2026-04-27 00:00:00,D004,R001,Support,104933.59,115183.78,70234.53,60661.92,118,Completed
TXN0005151,2025-02-05 00:00:00,D005,R002,Software,201910.44,193957.49,109405.3,116105.54,175,Completed
TXN0005152,2025-04-12 00:00:00,D001,R001,Support,91558.54,79303.89,54504.35,56129.33,98,Pending
TXN0005153,2026-03-09 00:00:00,D006,R003,Services,130215.38,141014.45,81141.04,94066.99,11,Cancelled
TXN0005154,2025-01-06 00:00:00,D003,R003,Hardware,202806.14,202428.42,125188.47,115985.79,176,Pending
TXN0005155,2025-06-25 00:00:00,D004,R001,Consulting,128814.19,135833.23,73635.63,70996.38,22,Completed
TXN0005156,2026-03-10 00:00:00,D009,R001,Subscription,92249.8,77042.25,93435.3,91993.19,114,Cancelled
TXN0005157,2024-09-20 00:00:00,D002,R002,Services,141603.78,124823.32,80365.28,82606.35,55,Completed
TXN0005158,2024-12-06 00:00:00,D002,R002,Support,94411.92,91920.31,44574.96,45248.14,87,Completed
TXN0005159,2026-09-28 00:00:00,D007,R004,Software,175901.74,172945.67,140047.09,159459.76,169,Cancelled
TXN0005160,2025-11-13 00:00:00,D010,R002,Services,115990.79,126817.27,108582.05,105373.87,163,Completed
TXN0005161,2026-07-13 00:00:00,D007,R004,Hardware,291677.79,238474.5,108828.97,92933.06,72,Completed
TXN0005162,2025-03-15 00:00:00,D007,R004,Support,105561.61,113642.97,58111.38,54671.07,51,Completed
TXN0005163,2024-08-12 00:00:00,D006,R003,Software,168670.4,191561.5,87122.03,74685.34,138,Completed
TXN0005164,2025-12-02 00:00:00,D009,R001,Support,63873.61,57396.65,57967.72,56919.48,26,Completed
TXN0005165,2026-11-12 00:00:00,D007,R004,Services,139845.8,139220.31,90485.49,94811.87,9,Completed
TXN0005166,2025-03-19 00:00:00,D003,R005,Support,122577.24,121196.04,56048.09,46734.11,118,Pending
TXN0005167,2025-07-26 00:00:00,D009,R001,Software,208158.98,204080.44,120284.61,98803.45,132,Completed
TXN0005168,2024-12-05 00:00:00,D005,R002,Services,104346.55,95671.62,67782.95,76393.35,12,Completed
TXN0005169,2025-02-10 00:00:00,D005,R002,Services,115828.46,152446.63,79670.39,58575.45,67,Completed
TXN0005170,2024-08-15 00:00:00,D005,R002,Software,212460.55,208940.34,105981.69,122287.94,52,Pending
TXN0005171,2024-01-24 00:00:00,D003,R003,Consulting,96918.29,109405.22,72276.79,91429.33,55,Completed
TXN0005172,2025-08-19 00:00:00,D009,R001,Consulting,121125.33,129551.29,55590.73,62515.98,124,Pending
TXN0005173,2026-05-13 00:00:00,D001,R001,Software,192744.43,152460.72,138494.69,147111.48,174,Pending
TXN0005174,2025-04-30 00:00:00,D007,R004,Subscription,131605.69,115899.14,88564.14,74765.17,124,Pending
TXN0005175,2024-01-06 00:00:00,D003,R003,Hardware,189695.14,190446.55,129342.89,142528.26,128,Pending
TXN0005176,2026-05-02 00:00:00,D008,R004,Software,192283.55,199406.59,128524.04,127134.66,52,Completed
TXN0005177,2026-12-08 00:00:00,D008,R004,Hardware,211965.78,223640.69,156299.01,156925.66,137,Pending
TXN0005178,2026-10-23 00:00:00,D009,R006,Software,148733.09,135535.02,108801.38,118247.13,104,Cancelled
TXN0005179,2025-09-01 00:00:00,D004,R005,Consulting,91371.61,88848.65,80042.28,80002.65,172,Completed
TXN0005180,2026-08-14 00:00:00,D007,R004,Consulting,109232.25,106746.97,77526.67,64726.77,81,Completed
TXN0005181,2024-03-16 00:00:00,D010,R002,Consulting,142080.96,124983.31,75987.06,72221.84,87,Completed
TXN0005182,2025-05-27 00:00:00,D010,R002,Consulting,121623.78,111473.92,83338.68,74787.44,150,Completed
TXN0005183,2024-02-01 00:00:00,D010,R002,Consulting,139508.06,126937.04,59134.5,55769.67,63,Completed
TXN0005184,2024-08-22 00:00:00,D003,R003,Support,68678.86,62043.48,55653.95,54621.91,157,Pending
TXN0005185,2026-02-04 00:00:00,D001,R001,Software,228961.1,191061.94,110099.04,94347.38,148,Cancelled
TXN0005186,2024-10-18 00:00:00,D002,,Subscription,143696.5,106198.75,95894.6,102842.09,153,Pending
TXN0005187,2025-07-21 00:00:00,D008,R004,Consulting,133475.26,131691.45,59749.12,59443.67,49,Completed
TXN0005188,2025-05-24 00:00:00,D006,R003,Software,176375.08,157157.76,124952.64,141395.29,168,Pending
TXN0005189,2024-12-17 00:00:00,D003,R003,Hardware,242970.5,200915.16,91588.64,98166.16,107,Completed
TXN0005190,2024-02-21 00:00:00,D003,R003,Consulting,87597.65,92242.51,73241.3,91502.2,145,Cancelled
TXN0005191,2026-11-19 00:00:00,D008,R004,Hardware,177682.33,177226.9,113029.3,137046.23,7,Completed
TXN0005192,2025-04-17 00:00:00,D010,R002,Hardware,218669.33,235261.54,159700.38,137430.98,133,Completed
TXN0005193,2024-06-18 00:00:00,D004,R001,Subscription,114773.95,141144.3,83947.94,83640.25,6,Pending
TXN0005194,2024-06-21 00:00:00,D006,R003,Hardware,226701.89,285270.59,174962.9,165065.87,127,Completed
TXN0005195,2025-03-21 00:00:00,D006,R003,Consulting,143782.15,168877.76,91117.98,80582.76,93,Completed
TXN0005196,2024-06-15 00:00:00,D001,R001,Support,74219.68,74516.94,65046.33,70196.29,82,Completed
TXN0005197,2025-05-15 00:00:00,D002,R002,Subscription,175814.27,180367.01,85074.81,97410.01,53,Completed
TXN0005198,2026-09-14 00:00:00,D010,R002,Subscription,132672.87,153989.56,83253.37,84715.77,149,Cancelled
TXN0005199,2026-07-18 00:00:00,D001,R001,Hardware,235111.69,233438.02,161782.87,164078.74,30,Pending
TXN0005200,2024-02-24 00:00:00,D008,R004,Consulting,133678.01,151320.15,81889.72,106461.65,54,Completed
TXN0005201,2024-04-26 00:00:00,D006,R003,Consulting,146232.91,155880.23,75211.06,93105.07,151,Completed
TXN0005202,2026-02-21 00:00:00,D002,R002,Support,88889.65,91650.96,37294.4,24653.82,6,Completed
TXN0005203,2025-04-19 00:00:00,D002,R002,Hardware,234797.89,218564.65,179069.05,168574.08,167,Cancelled
TXN0005204,2026-07-06 00:00:00,D010,R002,Services,119361.24,96450.73,97557.38,108788.64,103,Cancelled
TXN0005205,2026-07-17 00:00:00,D005,R002,Subscription,138762.31,143692.42,83665.89,80596.66,108,Pending
TXN0005206,2024-05-04 00:00:00,D008,R004,Consulting,161363.99,158713.09,83012.38,92303.5,7,Pending
TXN0005207,2026-07-20 00:00:00,D005,R002,,251729.96,228771.25,173425.64,143640.67,178,Completed
TXN0005208,2025-04-29 00:00:00,D002,R002,Consulting,109839.0,103298.91,85402.92,74716.8,16,Completed
TXN0005209,2026-05-10 00:00:00,D004,R001,Subscription,143776.35,159137.76,72407.93,82490.86,120,Completed
TXN0005210,2025/11/27,D008,R004,Hardware,221755.02,,102897.53,141227.23,34,Completed
TXN0005211,2024-03-29 00:00:00,D005,R002,Subscription,129324.35,135091.47,108117.84,105340.72,155,Completed
TXN0005212,2024-08-27 00:00:00,D008,R004,Services,186769.59,233570.63,67943.06,74472.28,143,Completed
TXN0005213,2025-08-15 00:00:00,D006,R003,Hardware,195211.0,168499.12,163929.4,159104.71,46,Pending
TXN0005214,2026-01-07 00:00:00,D888,R001,Subscription,134314.46,121263.37,100457.43,112232.38,153,Completed
TXN0005215,2024-08-03 00:00:00,D008,R004,Software,203493.14,190037.2,103662.1,99351.1,32,Completed
TXN0005216,2026-08-26 00:00:00,D008,R004,Subscription,102034.95,92313.48,72672.93,62574.26,105,Completed
TXN0005217,2025-12-20 00:00:00,D008,R004,Support,66091.17,72137.27,47303.97,50746.08,112,Completed
TXN0005218,2026-07-22 00:00:00,D008,R004,Subscription,186056.97,164113.76,73860.56,78878.62,43,Completed
TXN0005219,2025-08-29 00:00:00,D007,R004,Services,,159508.11,82363.65,91023.32,134,Completed
TXN0005220,2024-02-20 00:00:00,D005,R002,Support,106493.73,107374.55,56130.44,57811.06,57,Cancelled
TXN0005221,2026-02-17 00:00:00,D001,R001,Hardware,164807.12,176826.49,143545.77,,140,Completed
TXN0005222,2025-01-07 00:00:00,D007,R006,Consulting,107686.19,115615.77,87711.69,77742.92,171,Pending
TXN0005223,2026-04-19 00:00:00,D002,R002,Services,100483.41,105619.39,80145.37,82728.06,145,Pending
TXN0005224,2026-06-21 00:00:00,D001,R001,Consulting,129813.84,174102.22,69064.66,59002.78,121,Pending
TXN0005225,2025-02-24 00:00:00,D010,R002,Software,143203.76,132469.08,122258.1,142542.32,150,Cancelled
TXN0005226,2026-10-14 00:00:00,D007,R004,Services,145132.71,164070.61,91241.57,82081.81,124,Cancelled
TXN0005227,2024-05-22 00:00:00,D003,R003,Consulting,125395.05,118168.16,70262.78,48653.76,176,Completed
TXN0005228,2026-01-02 00:00:00,D001,R001,Services,141635.62,143809.91,66626.52,63989.02,36,Completed
TXN0005229,2025-01-18 00:00:00,D009,R001,Services,118990.32,132275.33,83410.57,59228.58,174,Completed
TXN0005230,2024-12-09 00:00:00,D007,R004,Support,78359.54,67281.69,64285.12,65391.19,78,Completed
TXN0005231,2025-05-10 00:00:00,D003,R003,Support,64661.9,81227.34,54973.23,67444.33,18,Completed
TXN0005232,2025-05-31 00:00:00,D004,R001,Services,106459.1,117738.03,95234.35,93812.33,76,Pending
TXN0005233,2024-02-26 00:00:00,D001,R001,Support,118260.48,119994.83,44487.61,52390.33,101,Cancelled
TXN0005234,2024-01-05 00:00:00,D005,R002,Support,91179.46,84137.46,55801.63,64703.07,107,Cancelled
TXN0005235,2025-11-29 00:00:00,D006,R003,Services,158800.66,163065.78,64230.61,67712.25,117,Cancelled
TXN0005236,2025-09-17 00:00:00,D007,R004,Services,107714.86,110197.08,92182.78,85256.17,28,Completed
TXN0005237,2024-04-09 00:00:00,D009,R001,Consulting,159511.51,137291.54,78204.9,95028.25,13,Pending
TXN0005238,2025-11-19 00:00:00,D005,R002,Subscription,159814.91,173606.02,97075.47,68686.93,78,Cancelled
TXN0005239,2025-05-17 00:00:00,D008,R004,Hardware,228958.69,245779.52,181979.7,184857.92,32,Completed
TXN0005240,2024-01-21 00:00:00,D010,R002,Subscription,116166.28,115528.91,104535.49,134986.3,70,Completed
TXN0005241,2024-10-20 00:00:00,,R003,Hardware,187501.49,179836.66,140221.35,148785.0,140,Completed
TXN0005242,2026-04-20 00:00:00,D006,R003,Consulting,127159.53,139019.46,74269.71,62822.29,82,Completed
TXN0005243,2026-09-09 00:00:00,D006,R003,Software,243359.54,226780.92,136787.26,144867.32,147,Pending
TXN0005244,23-03-2026,D009,R001,Consulting,136545.99,146771.28,95340.05,92550.24,12,Completed
TXN0005245,2024-09-23 00:00:00,D001,R001,Subscription,229102.06,290340.34,101950.44,132838.76,48,Completed
TXN0005246,2024-03-11 00:00:00,D004,R001,Consulting,139292.74,139962.28,74165.53,93930.89,28,Cancelled
TXN0005247,2025-03-03 00:00:00,D006,R003,Consulting,87083.12,108585.45,77294.06,77083.48,156,Cancelled
TXN0005248,2026-12-10 00:00:00,D003,R003, consulting ,103280.2,115439.17,88836.51,76832.2,128,Completed
TXN0005249,2024-06-05 00:00:00,D009,R001,Support,84938.9,106226.23,49550.37,41687.85,69,Completed
TXN0005250,2024-12-21 00:00:00,D005,R002,Consulting,156514.77,172144.76,84270.02,65080.41,152,Completed
TXN0005251,2026-03-14 00:00:00,D008,R004,Subscription,92323.46,101426.57,94945.75,89251.89,84,Completed
TXN0005252,2025-02-02 00:00:00,D002,R002,Services,103862.04,103358.94,80883.62,100335.21,51,Cancelled
TXN0005253,2024-01-10 00:00:00,D009,R001,Consulting,139614.62,135057.45,85453.31,92227.93,9,Completed
TXN0005254,2026-12-15 00:00:00,D002,R002,Services,119569.39,152613.48,81259.82,,129,Completed
TXN0005255,2024-02-13 00:00:00,D006,R003,Services,130907.41,156198.82,97437.24,103689.08,42,Completed
TXN0005256,2026-01-09 00:00:00,D001,R001,Consulting,132350.27,118314.26,79080.5,76507.76,81,Completed
TXN0005257,2026-10-17 00:00:00,D005,R006,Subscription,141112.21,117004.14,95959.18,111466.62,163,Completed
TXN0005258,2026-04-30 00:00:00,D002,R006,Consulting,132906.68,155425.61,90539.27,unknown,38,Pending
TXN0005259,2024-07-19 00:00:00,D006,R003,Software,232314.01,263775.91,120149.03,135954.79,96,Completed
TXN0005260,2026-07-05 00:00:00,D007,R004,Subscription,185980.97,204298.27,76123.15,85046.4,69,Completed
TXN0005261,2026-03-26 00:00:00,D003,R003,Services,146304.76,148891.94,80214.85,76311.9,19,Pending
TXN0005262,2025-08-21 00:00:00,D009,R001,,243218.26,258945.68,162283.09,153714.63,143,Completed
TXN0005263,2026-10-07 00:00:00,D004,R006,Subscription,137280.21,137266.5,60718.3,66630.28,41,Completed
TXN0005264,2024-01-22 00:00:00,D009,R001,Subscription,143468.16,161813.51,103173.27,99801.73,114,Completed
TXN0005265,2026-07-01 00:00:00,D002,R002,Hardware,208581.45,222063.88,129749.36,142179.32,157,Completed
TXN0005266,2024-06-03 00:00:00,D004,R001,Consulting,88390.89,103046.56,61061.94,64497.84,73,Cancelled
TXN0005267,2026-07-31 00:00:00,D006,R003,Software,145580.36,136846.5,117332.02,140290.64,6,Completed
TXN0005268,2026-06-04 00:00:00,D006,R005,Subscription,205426.36,195083.92,94892.05,99373.19,132,Cancelled
TXN0005269,2024-09-21 00:00:00,D008,R004,Software,202444.53,204061.83,110540.08,148102.44,94,Completed
TXN0005270,2024-11-12 00:00:00,D010,R002,Software,138974.16,172008.05,83724.57,82523.39,145,Completed
TXN0005271,2024-11-01 00:00:00,D003,R003,Support,83473.44,95948.05,41982.91,40320.72,149,Pending
TXN0005272,2025-02-08 00:00:00,D001,R001,Subscription,175698.47,173126.99,78551.25,92446.59,127,Cancelled
TXN0005273,2024-07-30 00:00:00,D006,R003,Subscription,187051.44,215756.91,112982.04,108521.43,92,Cancelled
TXN0005274,2024-06-07 00:00:00,D006,R003,Software,154831.31,183144.31,90693.09,83417.9,114,Completed
TXN0005275,2025-08-01 00:00:00,D010,R002,Software,123416.93,131861.55,90423.64,77162.85,158,Completed
TXN0005276,2025-11-15 00:00:00,D001,R001,Consulting,162811.25,148043.19,55568.77,51288.58,122,Completed
TXN0005277,2025-01-10 00:00:00,D002,R002,Hardware,253549.33,262759.68,137211.44,159619.74,81,Cancelled
TXN0005278,2026-04-23 00:00:00,D008,R004,Subscription,180264.06,181186.26,81208.3,80769.52,45,Pending
TXN0005279,2026-11-25 00:00:00,D003,R003,Software,183348.87,174439.62,91219.51,90962.75,144,Completed
TXN0005280,2026-08-20 00:00:00,D002,R002,Support,107616.05,108023.45,51939.31,64381.13,120,Completed
TXN0005281,2026-09-10 00:00:00,D007,R004,Consulting,114094.79,98388.75,90925.9,101424.21,48,Completed
TXN0005282,2025-02-08 00:00:00,D005,R002,Hardware,264774.72,311323.72,185238.07,213448.93,166,Completed
TXN0005283,2026-11-28 00:00:00,D005,R002,Consulting,149743.25,172882.45,79546.13,89352.44,131,Completed
TXN0005284,2026-01-11 00:00:00,D010,R002,Consulting,103731.49,101729.5,37585.49,37290.12,126,Completed
TXN0005285,2025-09-21 00:00:00,D006,R003,support ,79630.17,84848.08,48209.16,39429.21,62,Cancelled
TXN0005286,2024-04-06 00:00:00,D001,R001,Subscription,122622.18,168543.75,71284.63,56698.73,62,Completed
TXN0005287,2025-08-30 00:00:00,D009,R001,Support,76192.76,81905.22,37605.97,50518.78,37,Completed
TXN0005288,2024-04-13 00:00:00,D008,R004,Consulting,135163.34,151817.83,62424.1,66457.17,165,Completed
TXN0005289,2024-05-14 00:00:00,D001,R001,Software,162089.9,159785.45,145132.59,150119.37,112,Completed
TXN0005290,2024-09-18 00:00:00,D008,R004,Consulting,99315.15,103803.88,78306.41,79865.89,78,Completed
TXN0005291,2024-10-10 00:00:00,D007,R004,Support,93877.61,88841.35,61521.52,70719.6,37,Completed
TXN0005292,2025-03-28 00:00:00,D005,R002,Software,161298.68,153464.37,116839.74,,110,Cancelled
TXN0005293,2025-07-03 00:00:00,D004,R005,Support,101717.74,110125.47,51411.43,62814.28,166,Completed
TXN0005294,2026-08-13 00:00:00,D002,R002,Services,148259.91,159156.43,76745.31,80888.48,66,Completed
TXN0005295,2025-01-08 00:00:00,D002,R002,Services,88855.28,68578.41,97385.07,98495.91,106,Completed
TXN0005296,2026-05-12 00:00:00,D002,R002,Hardware,244296.03,314265.41,118496.74,,151,Completed
TXN0005297,2025-06-28 00:00:00,D001,R001,Subscription,151646.89,176385.52,57537.25,70152.96,37,Cancelled
TXN0005298,2026-12-16 00:00:00,D004,R001,Hardware,142682.46,94611.98,139467.19,153380.69,74,Pending
TXN0005299,2025-05-11 00:00:00,D005,R002,Subscription,157917.79,128561.57,100106.24,108459.18,170,Completed
TXN0005300,2026-09-12 00:00:00,D010,R002,Consulting,140370.41,138223.35,69278.32,62615.95,127,Completed
TXN0005301,2024-02-10 00:00:00,D006,R003,Subscription,219531.61,234087.19,77686.3,81210.56,48,Completed
TXN0005302,2025-09-08 00:00:00,D007,R004,Services,106676.4,106835.15,78137.44,94319.27,124,Completed
TXN0005303,2025-02-19 00:00:00,D007,R004,Software,202559.81,162059.55,107397.43,111859.59,41,Cancelled
TXN0005304,2024-04-23 00:00:00,D010,R005,Support,99031.03,68059.0,44023.21,45378.48,115,Completed
TXN0005305,2025-09-30 00:00:00,D008,R004,Support,52393.27,63105.23,48333.22,62217.37,82,Completed
TXN0005306,2025-10-27 00:00:00,D008,R004,Services,82549.3,85342.53,87596.14,98992.28,86,Completed
TXN0005307,2024-12-26 00:00:00,D001,R001,Hardware,158437.0,120061.97,145039.24,144609.75,169,Completed
TXN0005308,2024-10-21 00:00:00,D002,R002,Consulting,114532.39,105004.52,72995.06,70100.15,20,Pending
TXN0005309,2025-04-05 00:00:00,D008,R004,Hardware,248927.75,232804.35,202652.74,,164,Completed
TXN0005310,2026-03-30 00:00:00,D005,R002,Support,48784.7,53362.85,64127.93,63113.28,155,Completed
TXN0005311,2025-01-10 00:00:00,D005,R002,Services,161541.77,189243.38,99556.77,116068.47,93,Completed
TXN0005312,2025-03-31 00:00:00,D009,R001,Support,69082.88,80833.47,43805.68,52062.84,90,Pending
TXN0005313,2024-07-20 00:00:00,D004,R001,Subscription,148602.98,135945.32,101810.84,105264.02,61,Completed
TXN0005314,2025-07-21 00:00:00,D001,R001,Services,124647.57,173609.05,97447.91,130477.37,92,Completed
TXN0005315,2025-09-27 00:00:00,D004,R005,Consulting,124393.48,130517.76,91315.61,98221.23,30,Completed
TXN0005316,2025-06-03 00:00:00,D888,R003,Consulting,151732.68,162534.63,85889.58,82851.43,10,Cancelled
TXN0005317,2026-07-28 00:00:00,D009,R001,Support,98196.84,126010.08,63557.08,65282.77,45,Completed
TXN0005318,2025-10-25 00:00:00,D004,R001,Software,153372.89,128694.35,85310.43,99851.74,23,Pending
TXN0005319,2025-10-30 00:00:00,D001,R001,Services,149470.84,133356.48,59614.68,62545.82,29,Completed
TXN0005320,2025-12-31 00:00:00,D008,R004,Hardware,214104.45,211630.11,135088.15,151774.96,88,Cancelled
TXN0005321,2024-04-17 00:00:00,D008,R006,Support,95215.79,92503.63,46781.77,46650.38,74,Completed
TXN0005322,2025-09-04 00:00:00,D003,R003,Support,105025.95,96876.58,49298.81,50364.81,92,Pending
TXN0005323,2026-02-01 00:00:00,D005,R005,Hardware,207510.38,206247.96,126526.29,144953.4,27,Completed
TXN0005324,2026-09-22 00:00:00,D006,R003,Software,232237.55,227511.53,125669.43,137182.83,137,Completed
TXN0005325,2025-12-08 00:00:00,D010,R002,Services,110492.54,73589.17,86142.58,108704.67,10,Completed
TXN0005326,2025-06-04 00:00:00,D004,R001,Hardware,286559.11,302526.92,161687.08,181928.88,22,Cancelled
TXN0005327,2026-10-15 00:00:00,D008,R004,Support,83486.14,81492.96,53311.93,53969.0,85,Completed
TXN0005328,2026-06-04 00:00:00,D008,R004,Consulting,148774.02,171546.73,98542.07,114653.31,64,Completed
TXN0005329,2025-07-22 00:00:00,D009,R001,Services,159483.51,173447.68,90788.71,95334.98,109,Completed
TXN0005330,2024-09-03 00:00:00,D001,R001,Consulting,131867.2,148047.75,81060.36,65937.59,110,Completed
TXN0005331,2026-01-16 00:00:00,D002,R002,Subscription,188314.35,164574.63,73665.05,71905.03,115,Completed
TXN0005332,2026-07-27 00:00:00,D006,R003,Software,169941.21,167223.79,123162.44,132385.57,116,Completed
TXN0005333,2025-10-05 00:00:00,D006,R005, software ,129045.2,129821.2,110817.15,116448.81,160,Cancelled
TXN0005334,2026-05-10 00:00:00,D007,R004,Hardware,204339.14,182420.52,152296.18,177841.19,157,Pending
TXN0005335,2025-01-23 00:00:00,,R004,Hardware,304471.79,338085.82,136270.74,136615.69,180,Completed
TXN0005336,2024-03-18 00:00:00,D007,R005,support ,117940.14,109532.39,61984.28,71217.09,32,Completed
TXN0005337,2024-07-15 00:00:00,D002,R002,Consulting,123565.95,117739.26,72913.0,73890.3,17,Completed
TXN0005338,2026-12-10 00:00:00,D010,R002,Subscription,152792.19,134634.26,94760.06,101894.8,133,Cancelled
TXN0005339,2024-03-19 00:00:00,D002,R002,Services,130347.22,128236.32,65537.07,68794.23,76,Pending
TXN0005340,2026-12-07 00:00:00,D002,R002,Services,141491.19,122897.0,58063.41,75779.15,34,Pending
TXN0005341,2025-12-22 00:00:00,D009,R001,Subscription,148539.82,108525.99,86878.26,90910.57,27,Cancelled
TXN0005342,2024-04-03 00:00:00,D006,R003,Subscription,173615.73,182848.74,82387.09,84180.82,94,Completed
TXN0005343,2024-11-24 00:00:00,D010,R002,Consulting,152301.03,161818.29,91597.8,82611.06,102,Pending
TXN0005344,2026-09-08 00:00:00,D003,R003,Software,170630.95,223128.78,111636.35,117630.31,44,Pending
TXN0005345,2024-08-17 00:00:00,D003,R003,Support,92008.65,72173.81,56987.9,52042.15,177,Completed
TXN0005346,2026-07-27 00:00:00,D008,R004,Services,115564.07,136636.66,94162.04,109013.92,58,Completed
TXN0005347,2026-11-22 00:00:00,D007,R004,Consulting,112416.14,129383.0,83646.32,107379.58,62,Completed
TXN0005348,2026-06-27 00:00:00,D009,R001,Consulting,140533.11,155599.23,83916.57,91158.05,138,Cancelled
TXN0005349,2026-01-30 00:00:00,D010,R002,Subscription,233911.33,267381.17,87890.93,86176.05,31,Completed
TXN0005350,2025-02-22 00:00:00,D006,R003,Subscription,131605.5,131507.23,98735.9,95191.44,110,Pending
TXN0005351,2025-06-23 00:00:00,D002,R002,Consulting,85462.67,74894.79,,72543.42,149,Completed
TXN0005352,2026-05-05 00:00:00,D007,R004,Subscription,168321.04,166906.51,89763.33,,120,Completed
TXN0005353,2026-10-03 00:00:00,D002,R002,Hardware,210374.37,219290.27,132331.61,172947.4,30,Completed
TXN0005354,2024-04-03 00:00:00,D007,R004,Consulting,162141.54,169050.14,69333.7,79113.45,94,Cancelled
TXN0005355,2025-09-13 00:00:00,D006,R003,Services,161531.05,168606.19,70344.38,43177.52,68,Completed
TXN0005356,2024-10-27 00:00:00,D009,R006,Services,131617.36,122989.62,80015.87,70491.3,9,Completed
TXN0005357,2026-05-27 00:00:00,D003,R003,Hardware,209612.41,233315.58,138129.43,131940.87,89,Completed
TXN0005358,2026-09-03 00:00:00,D004,R001,Support,89460.64,58364.02,66320.59,63158.21,128,Completed
TXN0005359,2026-02-14 00:00:00,D001,R001,Software,202236.6,207515.67,106012.47,106759.27,131,Cancelled
TXN0005360,2026-05-01 00:00:00,D008,R004,Services,146131.68,138765.9,78255.68,66309.61,32,Completed
TXN0005361,2024-11-10 00:00:00,D005,R002,Support,110432.26,119996.73,38712.65,41524.35,8,Completed
TXN0005362,2024-10-10 00:00:00,D003,R003,Software,164980.24,162084.11,98632.37,93588.37,100,Completed
TXN0005363,2024-04-28 00:00:00,D006,R003,Support,89674.69,87386.68,55548.85,43543.95,92,Completed
TXN0005364,2024-03-15 00:00:00,D010,R002,Subscription,181041.36,226000.43,102906.41,,175,Cancelled
TXN0005365,2026-10-12 00:00:00,D010,R002,Services,134849.05,110100.51,71101.02,71159.34,107,Pending
TXN0005366,31-02-2025,D004,R001,Consulting,160543.64,106890.29,89756.45,91596.61,84,Pending
TXN0005367,2025-02-18 00:00:00,D002,R002,Software,201473.21,204738.52,104682.51,114741.15,77,Completed
TXN0005368,2024-05-01 00:00:00,D009,R888,Support,61232.72,63094.08,58269.76,62899.1,12,Completed
TXN0005369,2024-11-18 00:00:00,D010,R005,Hardware,276619.68,280089.64,154312.05,173853.52,162,Completed
TXN0005370,2026-10-04 00:00:00,D010,R002,Software,174666.95,180145.25,117633.4,112548.65,76,Completed
TXN0005371,2026-04-25 00:00:00,D008,R004,Subscription,100976.17,123553.59,118462.7,121725.64,85,Completed
TXN0005372,2026-11-14 00:00:00,D007,R004,Services,121655.36,94976.92,81936.31,80036.37,163,Pending
TXN0005373,2026-02-12 00:00:00,D004,R001,,113385.83,117690.15,80884.6,76910.79,45,Completed
TXN0005374,2026-04-07 00:00:00,D006,R003,Hardware,204039.89,268274.91,138625.45,158638.72,19,Completed
TXN0005375,2024-09-22 00:00:00,D003,R003,Software,184001.27,182054.27,122949.96,116014.77,62,Completed
TXN0005376,2026-08-16 00:00:00,D001,R001,Support,81316.92,88040.12,54054.13,57375.3,120,Completed
TXN0005377,2026-01-25 00:00:00,D003,R888,Support,114180.95,81627.72,49374.63,49695.21,137,Cancelled
TXN0005378,2026-11-23 00:00:00,D001,R001,Software,165694.26,214487.13,116327.53,134891.64,166,Completed
TXN0005379,2025-11-20 00:00:00,D009,R001,Software,178066.54,191473.81,125149.07,125536.05,22,Pending
TXN0005380,2024-08-23 00:00:00,D007,R004,Support,97911.61,69217.53,49063.81,52539.55,51,Completed
TXN0005381,2025-08-24 00:00:00,D010,R002,Subscription,186378.94,178670.47,64807.73,67907.5,75,Pending
TXN0005382,2026-05-02 00:00:00,D010,R006,Services,201621.53,173337.44,72948.5,63959.45,26,Completed
TXN0005383,2025-10-23 00:00:00,D003,R003,Subscription,136422.4,163472.16,93817.64,102300.55,146,Completed
TXN0005384,2024-10-23 00:00:00,D005,R002,Software,202731.48,198614.02,109785.66,137823.61,45,Completed
TXN0005385,2026-03-15 00:00:00,D009,R001,Subscription,179372.18,196180.58,99608.72,119611.87,53,Completed
TXN0005386,2026-08-04 00:00:00,D004,R001,Services,92714.27,86631.31,53151.55,54831.24,24,Completed
TXN0005387,2026-12-27 00:00:00,D006,R005,Software,126411.32,128426.18,103284.07,89378.42,13,Completed
TXN0005388,2024-09-06 00:00:00,D007,R004,Support,83616.43,87846.68,57270.36,64148.64,72,Completed
TXN0005389,2026-04-17 00:00:00,D010,R002,Support,104202.65,109403.23,44158.33,42172.15,6,Pending
TXN0005390,2026-10-23 00:00:00,D002,R006,Software,118687.64,122230.67,105971.64,117225.45,150,Completed
TXN0005391,2024-09-13 00:00:00,D002,R002,Subscription,143093.58,144131.52,92155.23,104640.35,85,Pending
TXN0005392,2026-09-22 00:00:00,D010,R002,Hardware,223024.47,195038.45,138916.79,133801.41,109,Cancelled
TXN0005393,2025-08-15 00:00:00,D009,R001,Services,62050.71,69127.69,93712.76,89989.95,21,Completed
TXN0005394,2024-07-09 00:00:00,D004,R001,Hardware,259621.71,248507.63,162242.18,160343.02,55,Completed
TXN0005395,2024-07-31 00:00:00,D009,R001,Subscription,190087.28,174715.25,55598.77,60948.46,84,Completed
TXN0005396,2025-04-19 00:00:00,D006,R003,Support,118174.07,114665.76,46744.13,35808.61,45,Completed
TXN0005397,2024-01-05 00:00:00,D002,R002,Subscription,157981.28,152749.03,91756.18,119056.16,84,Completed
TXN0005398,2024-01-03 00:00:00,D008,R006,Consulting,105735.92,91688.14,77313.05,85338.07,151,Completed
TXN0005399,2026-07-17 00:00:00,D001,R001,Consulting,90521.65,92123.67,76598.88,60890.21,30,Completed
TXN0005400,2024-05-21 00:00:00,D009,R001,Services,157384.21,125964.09,69092.51,73470.12,10,Completed
TXN0005401,2026-03-09 00:00:00,D002,R002,Hardware,232642.99,299111.32,165988.77,166265.07,74,Completed
TXN0005402,2026-07-26 00:00:00,D008,R004,Services,150517.93,163314.77,88460.6,104995.5,88,Pending
TXN0005403,2026-07-20 00:00:00,D010,R002,Software,143078.88,148024.37,106892.73,142467.42,73,Completed
TXN0005404,2025-06-27 00:00:00,D004,R001,Consulting,94409.29,83860.94,91577.9,92204.42,71,Cancelled
TXN0005405,2026-07-10 00:00:00,D010,R002,Subscription,152308.45,146918.6,80444.86,74373.46,5,Cancelled
TXN0005406,2025-04-13 00:00:00,D004,R001,Software,171278.91,204415.38,121689.8,125448.47,105,Cancelled
TXN0005407,2026-04-08 00:00:00,D005,R002,support ,90308.96,89706.72,54713.51,53238.86,81,Completed
TXN0005408,2025-04-04 00:00:00,D001,R001,Software,196599.33,209681.12,118160.09,118539.73,47,Pending
TXN0005409,2024-04-03 00:00:00,D008,R004,Software,214566.45,207757.13,107485.26,125494.65,94,Pending
TXN0005410,2024-03-15 00:00:00,D007,R004,Support,84025.97,96242.26,57302.37,75358.77,25,Completed
TXN0005411,31-02-2025,D009,R001,Support,93437.15,61154.82,47350.86,54293.89,80,Pending
TXN0005412,2026-03-22 00:00:00,D002,R002,Services,166885.13,215861.16,80608.04,75785.17,14,Pending
TXN0005413,2025-08-18 00:00:00,D005,R006,Consulting,156534.12,140860.41,81214.4,84421.62,0,Pending
TXN0005414,2026-02-14 00:00:00,D008,R004,Subscription,135452.85,145140.85,93577.73,101062.58,167,Cancelled
TXN0005415,2025-05-31 00:00:00,D009,R001,Subscription,139016.2,150528.94,111082.89,106140.14,137,Completed
TXN0005416,2024-08-06 00:00:00,D008,R005,Consulting,120302.3,124139.87,,64627.59,11,Completed
TXN0005417,2024-05-27 00:00:00,D008,R004,Software,109957.43,126364.58,142354.18,103770.36,118,Pending
TXN0005418,2025-09-26 00:00:00,D004,R001,Hardware,161692.45,196689.87,175643.16,192167.59,157,Completed
TXN0005419,2026-06-28 00:00:00,D004,R001,Software,158995.7,185241.86,106339.87,108917.31,140,Completed
TXN0005420,2026-06-24 00:00:00,D002,R002,Software,216052.74,226357.48,79600.23,85119.33,32,Cancelled
TXN0005421,2025-07-23 00:00:00,D007,R004,Software,175993.11,202876.67,120842.58,116524.08,162,Completed
TXN0005422,2025-08-09 00:00:00,D003,R003,Hardware,227529.4,221650.01,207790.09,179588.63,80,Completed
TXN0005423,2026-05-16 00:00:00,D006,R003,Subscription,183494.3,210980.92,100308.71,134095.99,119,Completed
TXN0005424,2026-11-28 00:00:00,D004,R001,Support,102853.78,109635.8,53571.46,52548.92,82,Cancelled
TXN0005425,2026-02-05 00:00:00,D007,R004,Hardware,201544.5,261043.72,162275.86,209585.01,46,Completed
TXN0005426,2024-02-24 00:00:00,D010,R002,Consulting,97427.27,89989.04,88986.02,102218.72,59,Completed
TXN0005427,2024-04-23 00:00:00,D006,R003,Software,172185.0,201157.89,99114.48,118548.37,84,Cancelled
TXN0005428,07-04-2026,D010,R002,Consulting,101998.28,117671.99,70483.57,89737.75,94,Completed
TXN0005429,2026-09-05 00:00:00,D007,R004,Support,101780.14,109455.28,50404.63,57389.32,170,Pending
TXN0005430,2025-03-19 00:00:00,D004,R001,Consulting,122868.05,140418.37,89937.43,84230.95,150,Completed
TXN0005431,2025-07-13 00:00:00,D007,R004,Services,50972.98,58824.03,81345.5,88822.67,134,Pending
TXN0005432,2025-12-15 00:00:00,D003,R003,Services,128560.67,153747.37,80413.01,62383.55,139,Pending
TXN0005433,2024-11-10 00:00:00,D006,R003,Services,140327.19,143220.07,79560.53,94627.76,127,Pending
TXN0005434,2025-06-18 00:00:00,D009,R001,,131639.89,156246.46,107547.08,104370.05,25,Completed
TXN0005435,2026-09-13 00:00:00,D005,R002,Software,unknown,186474.79,128271.38,140391.23,160,Pending
TXN0005436,2024-01-13 00:00:00,D008,R004,Consulting,90521.44,84142.41,81321.62,111371.44,98,Completed
TXN0005437,2025-04-13 00:00:00,D009,R001,Consulting,103915.92,74011.92,75995.61,80375.72,86,Pending
TXN0005438,2024-09-05 00:00:00,D010,R002,Support,77797.51,,56025.54,53703.42,104,Completed
TXN0005439,31-02-2025,D006,R005,Hardware,201433.75,253580.45,106353.5,106641.73,105,Completed
TXN0005440,2026-12-31 00:00:00,D007,R004,Subscription,154887.75,143282.38,71247.37,79893.45,157,Pending
TXN0005441,2025-11-02 00:00:00,D001,R001,Hardware,194046.06,212717.65,148651.93,148839.92,97,Pending
TXN0005442,2025-05-01 00:00:00,D001,R001,Services,135527.48,123145.37,57446.08,56183.74,69,Completed
TXN0005443,2026-03-20 00:00:00,D008,R004,Software,201256.83,203108.4,114807.36,133541.38,106,Cancelled
TXN0005444,2024-04-22 00:00:00,D003,R003,Services,146192.3,133856.66,102433.71,107507.88,89,Completed
TXN0005445,2024-04-19 00:00:00,D010,R002,Consulting,173409.67,119942.55,71989.74,76921.74,6,Completed
TXN0005446,2024-04-23 00:00:00,D002,R002,Software,196102.34,219371.78,108701.6,105027.37,26,Completed
TXN0005447,2026-07-30 00:00:00,D007,R005,Subscription,144962.08,127192.28,105752.08,117783.98,54,Cancelled
TXN0005448,2026-11-19 00:00:00,D005,R002,Support,107548.13,119708.09,62405.64,67182.45,25,Completed
TXN0005449,2024-04-06 00:00:00,D002,R002,Software,165637.94,157612.59,105619.48,136673.67,177,Cancelled
TXN0005450,2026-12-23 00:00:00,D009,R001,Services,129045.56,123408.44,78265.86,83019.13,82,Pending
TXN0005451,2026-04-09 00:00:00,D010,R002,Support,85340.68,94019.92,66523.07,68060.45,127,Completed
TXN0005452,2024-05-30 00:00:00,D004,R001,Services,101493.42,109225.84,75443.03,96850.96,20,Completed
TXN0005453,2026-08-12 00:00:00,D005,R002,Consulting,159892.97,204944.22,107718.94,117008.41,165,Completed
TXN0005454,2025-10-11 00:00:00,D007,R004,Hardware,252833.0,318234.47,120259.97,132445.04,112,Completed
TXN0005455,2026-12-22 00:00:00,D010,R002,Software,267312.24,251724.93,121181.49,122739.51,145,Completed
TXN0005456,2026-12-13 00:00:00,D003,R005,Software,205858.69,211469.14,102510.19,129186.67,106,Completed
TXN0005457,2025-04-02 00:00:00,D002,R002,Software,193347.67,233145.37,113457.54,127062.19,12,Completed
TXN0005458,2026-06-12 00:00:00,D004,R001,Software,200419.65,210381.61,123185.9,97971.65,160,Completed
TXN0005459,2024-05-15 00:00:00,D007,R004,Hardware,224152.17,235278.23,155474.92,199335.51,110,Pending
TXN0005460,2024-10-28 00:00:00,D007,R004,Services,107189.53,102147.46,99958.21,115563.63,62,Cancelled
TXN0005461,2025-04-12 00:00:00,D002,R002,Support,81937.31,82790.52,53046.03,49088.89,173,Completed
TXN0005462,2024-11-01 00:00:00,D006,R003,Subscription,155658.64,170712.23,85196.7,83596.22,167,Pending
TXN0005463,2026-02-18 00:00:00,D008,R004,Services,106503.38,124104.77,68482.43,62035.37,159,Completed
TXN0005464,2025-10-19 00:00:00,D008,R004,Subscription,171641.3,154567.84,77916.29,59597.99,47,Completed
TXN0005465,2026-04-28 00:00:00,D006,R003,Subscription,182046.52,205602.22,"₹1,25,000",102698.59,70,Completed
TXN0005466,2025-05-23 00:00:00,D005,R002,Hardware,207078.79,219853.37,145553.67,121750.56,166,Pending
TXN0005467,2024-08-25 00:00:00,D009,R001,Software,136929.99,194435.78,88023.09,94469.59,24,Completed
TXN0005468,2025-06-11 00:00:00,D004,R001,Consulting,118919.03,94927.52,76830.78,80192.96,11,Cancelled
TXN0005469,2024-06-23 00:00:00,D009,R006,Consulting,108693.01,126762.42,71173.28,66718.46,90,Completed
TXN0005470,2024-04-24 00:00:00,D006,R003,Support,132281.18,129806.17,61627.78,61900.82,168,Pending
TXN0005471,2026-09-07 00:00:00,D003,R003,Subscription,174125.53,157618.96,88403.78,82991.14,161,Completed
TXN0005472,2024-07-19 00:00:00,D003,R003,Subscription,148512.32,185159.84,109165.69,116823.15,43,Completed
TXN0005473,2026-08-16 00:00:00,D005,R002,Services,159238.28,163608.3,70317.42,68715.62,48,Completed
TXN0005474,2026-03-23 00:00:00,D007,R004,Support,123047.74,141303.58,63622.52,69043.76,106,Completed
TXN0005475,2026-11-07 00:00:00,D004,R001,Hardware,138967.89,81697.09,141769.03,163970.24,81,Completed
TXN0005476,2025-10-16 00:00:00,D009,R001,Services,134048.32,100501.02,103505.93,,93,Cancelled
TXN0005477,2026-08-17 00:00:00,D010,R002,Consulting,115860.13,122443.62,80629.27,55532.52,63,Pending
TXN0005478,2026-09-28 00:00:00,D010,R002,Hardware,202272.1,212234.3,137867.57,149216.08,153,Completed
TXN0005479,2026-07-13 00:00:00,D006,R005,hardware,253081.6,235984.28,155986.91,163157.86,73,Completed
TXN0005480,2026-07-22 00:00:00,D002,R005,Consulting,137272.78,143302.9,75138.35,77576.24,8,Completed
TXN0005481,2026-03-15 00:00:00,D009,R001,Hardware,146447.48,165768.37,150543.51,180988.85,172,Pending
TXN0005482,2026-01-17 00:00:00,D007,R004,Services,145222.57,142433.78,78396.79,91494.64,147,Completed
TXN0005483,2024-01-30 00:00:00,D003,R003,Software,232260.27,240922.54,125022.51,127952.88,144,Completed
TXN0005484,2024-03-06 00:00:00,D006,R003,Services,143668.35,178622.05,105604.36,143251.21,135,Completed
TXN0005485,2025-06-01 00:00:00,D010,R002,Support,66686.22,52446.25,53933.28,58382.53,168,Cancelled
TXN0005486,2024-12-16 00:00:00,D003,R003,Services,176327.2,203785.61,56241.3,49107.09,33,Completed
TXN0005487,2026-12-10 00:00:00,D008,R004,Subscription,163093.02,180298.31,85438.56,83355.43,56,Completed
TXN0005488,2026-05-24 00:00:00,D003,R003,Services,127694.51,132064.32,76711.61,75646.24,95,Completed
TXN0005489,2024-01-06 00:00:00,D009,R001,SERVICES,137824.32,136892.86,86814.02,78765.03,125,Completed
TXN0005490,2025-08-27 00:00:00,D001,R006, software ,224675.01,239157.75,105967.0,89036.61,40,Cancelled
TXN0005491,2024-05-22 00:00:00,D008,R004,Support,104350.62,87637.35,66756.45,66198.4,116,Completed
TXN0005492,2025-03-04 00:00:00,D008,R004,Consulting,140632.42,129715.03,101216.31,107011.45,166,Pending
TXN0005493,2025-11-10 00:00:00,D006,R006,Hardware,270179.88,253382.72,140435.07,157045.97,28,Completed
TXN0005494,2024-03-07 00:00:00,D001,R001,Software,172788.05,137741.81,117954.41,130009.91,136,Completed
TXN0005495,2025-06-08 00:00:00,D010,R002,Subscription,172506.0,175168.17,90405.91,88863.82,37,Completed
TXN0005496,2024-04-07 00:00:00,D007,R004,Services,129366.18,154751.87,90512.0,108492.72,8,Completed
TXN0005497,2024-09-21 00:00:00,D007,R006,Services,190540.95,197610.49,73618.95,62683.42,66,Completed
TXN0005498,2026-12-19 00:00:00,D001,R001,Support,97698.72,99366.07,62927.41,72900.59,64,Completed
TXN0005499,2024-10-18 00:00:00,D004,R001,Support,90286.05,92705.06,47819.12,,168,Completed
TXN0005500,2025-02-23 00:00:00,D004,R001,Hardware,218742.25,224684.14,178761.58,164610.06,152,Completed
TXN0005501,2024-03-02 00:00:00,D007,R004,Services,134624.01,149177.41,69503.38,88986.17,160,Completed
TXN0005502,2024-09-10 00:00:00,D007,R004,Services,111696.67,122641.84,68594.31,70658.24,113,Pending
TXN0005503,2026-08-23 00:00:00,D010,R002,Subscription,182961.16,215706.69,79955.8,84653.98,178,Completed
TXN0005504,2025-06-04 00:00:00,D001,R001,Software,196849.51,196316.44,153346.58,171710.3,100,Completed
TXN0005505,2024-07-22 00:00:00,D005,R005,Consulting,177808.31,191638.81,95503.06,98968.44,116,Pending
TXN0005506,2024-03-03 00:00:00,D005,R002,Software,209369.06,186785.28,117016.13,129416.2,180,Cancelled
TXN0005507,2025-11-09 00:00:00,D005,R002,Support,117428.83,119254.33,67452.99,-53079.30832239336,146,Completed
TXN0005508,2024-07-13 00:00:00,D002,R002,Support,80595.39,84486.87,37503.3,37607.72,130,Pending
TXN0005509,2024-12-14 00:00:00,D005,R002,Consulting,79411.19,74419.34,73691.26,71947.89,137,Completed
TXN0005510,2024-08-31 00:00:00,D010,R002,Software,123117.05,110173.51,119426.21,104478.01,96,Completed
TXN0005511,2026-04-15 00:00:00,D006,R003,Support,70119.96,73758.94,57781.72,57453.74,162,Cancelled
TXN0005512,2025-02-03 00:00:00,D007,R004,Support,101108.05,106222.97,73923.42,52249.35,36,Completed
TXN0005513,2024-11-23 00:00:00,D003,R003,Hardware,179980.6,233499.6,146950.3,171375.32,67,Completed
TXN0005514,2024-04-08 00:00:00,D003,R003,Subscription,161853.68,186320.12,103336.86,89462.95,88,Cancelled
TXN0005515,2026-06-30 00:00:00,D009,R001,Consulting,104142.77,99514.43,57164.46,64469.81,167,Completed
TXN0005516,2024-04-27 00:00:00,D004,R001,Hardware,208975.8,168472.46,183013.49,225739.14,83,Pending
TXN0005517,2025-02-10 00:00:00,D007,R004,Hardware,,249758.82,192723.06,228140.45,157,Completed
TXN0005518,2024-08-25 00:00:00,D001,R001,Software,200563.6,179649.65,150789.65,155483.86,89,Completed
TXN0005519,2026-06-10 00:00:00,D006,R003,Support,113502.31,73244.92,50377.7,52443.72,51,Pending
TXN0005520,2024-12-28 00:00:00,D008,R004,Subscription,130817.99,142870.5,82887.32,78768.37,107,Completed
TXN0005521,2025-07-19 00:00:00,D004,R001,Consulting,156785.03,164236.84,73308.13,63881.57,141,Cancelled
TXN0005522,2025-06-05 00:00:00,D001,R001,Software,184694.95,224737.36,95705.05,109835.23,96,Cancelled
TXN0005523,2026-06-03 00:00:00,D009,R006,Software,211230.93,242269.27,94131.99,99217.41,22,Completed
TXN0005524,2026-01-23 00:00:00,D003,R003,Services,141391.35,143453.18,75720.12,76782.48,89,Completed
TXN0005525,2024-04-02 00:00:00,D006,R003,Services,160288.07,170301.51,79851.82,80475.78,88,Completed
TXN0005526,2026-06-30 00:00:00,D010,R002,Hardware,187630.58,unknown,109710.53,144388.99,131,Cancelled
TXN0005527,2024-08-07 00:00:00,D010,R002,Software,133878.85,148847.08,91629.77,121495.3,179,Completed
TXN0005528,2025-04-02 00:00:00,D008,R004,Subscription,200303.92,238813.24,81561.48,106200.57,9,Completed
TXN0005529,2026-06-24 00:00:00,D006,R003,Services,145950.68,103979.53,84132.26,83943.23,69,Completed
TXN0005530,2024-01-02 00:00:00,D002,R002,Consulting,141657.23,151042.6,65243.13,64809.81,145,Cancelled
TXN0005531,2026-08-09 00:00:00,D006,R003,Subscription,193617.33,177910.6,82782.08,75788.87,14,Completed
TXN0005532,2025-01-06 00:00:00,D006,R003,Services,171220.34,156829.29,52834.05,48640.28,34,Completed
TXN0005533,2026-02-08 00:00:00,D004,R001,Subscription,179126.24,194219.96,92482.71,105146.27,20,Completed
TXN0005534,2026-06-05 00:00:00,D009,R001,Consulting,127346.24,,70395.77,64419.92,179,Completed
TXN0005535,2026-11-23 00:00:00,D003,R003,Support,98698.58,96176.38,53029.25,52431.79,155,Cancelled
TXN0005536,2026-03-10 00:00:00,D004,R006,Hardware,251205.59,,162487.44,-63641.56407699176,32,Completed
TXN0005537,2026-09-08 00:00:00,D004,R001,Subscription,166396.63,153072.13,98158.87,69282.09,152,Cancelled
TXN0005538,2025-11-03 00:00:00,D003,R003,Support,118510.19,85711.6,56305.7,66948.49,105,Completed
TXN0005539,2026-09-21 00:00:00,D004,R001,Support,95796.77,88794.03,48078.94,48639.84,143,Cancelled
TXN0005540,2026-11-17 00:00:00,D006,R003,Services,163393.02,,78060.73,101095.32,98,Cancelled
TXN0005541,2024-08-02 00:00:00,D010,R002,Subscription,170523.28,189320.24,72614.42,43179.01,144,Completed
TXN0005542,2026-03-21 00:00:00,D004,R001,Consulting,138841.17,125914.4,71335.84,71796.41,67,Completed
TXN0005543,2025-04-30 00:00:00,D010,R005,Consulting,112922.3,118867.36,96168.48,128636.18,132,Cancelled
TXN0005544,2025-08-31 00:00:00,D005,R002,Subscription,198477.37,249558.88,73276.1,66767.63,75,Completed
TXN0005545,2025-06-01 00:00:00,D008,R004,,,110490.33,52357.0,46164.44,84,Completed
TXN0005546,2026-07-14 00:00:00,D002,R002,Software,139048.32,148107.12,111928.66,149317.0,108,Cancelled
TXN0005547,2026-02-28 00:00:00,D003,R003,Services,138443.68,144905.0,85586.76,82515.17,168,Completed
TXN0005548,2026-07-14 00:00:00,D005,R002,Hardware,198225.8,197763.58,155595.38,148849.7,95,Cancelled
TXN0005549,2025-06-14 00:00:00,D002,R002,Software,190861.57,207215.64,99617.95,101937.01,68,Completed
TXN0005550,2025-03-04 00:00:00,D010,R002,Subscription,229283.57,183444.15,83678.24,84548.95,161,Cancelled
TXN0005551,2024-04-20 00:00:00,D006,R003,Support,93162.7,93177.11,47798.22,55470.57,123,Cancelled
TXN0005552,2026-11-02 00:00:00,D010,R002,Hardware,252106.89,257521.05,144723.9,149719.28,85,Pending
TXN0005553,2026-10-14 00:00:00,D009,R001,Support,90800.5,95717.63,51385.9,52025.04,89,Pending
TXN0005554,2025-09-25 00:00:00,D009,R006,Subscription,158331.87,182048.44,85748.88,81630.19,60,Completed
TXN0005555,2025-03-07 00:00:00,D001,R001,Support,92494.73,83474.04,48874.44,48984.2,19,Pending
TXN0005556,2026-08-11 00:00:00,D002,R002,Consulting,125835.31,157774.69,98071.17,126081.3,104,Completed
TXN0005557,2024-01-06 00:00:00,D004,R001,Software,153000.5,143173.96,129884.77,173848.05,130,Cancelled
TXN0005558,2024-11-16 00:00:00,D009,R001,Subscription,171486.33,218151.37,87201.25,89847.43,43,Completed
TXN0005559,2025-10-20 00:00:00,D004,R001,Subscription,122492.69,120374.01,107483.67,99875.11,77,Completed
TXN0005560,2025-11-27 00:00:00,D004,R001,Consulting,78649.56,59287.9,62654.22,69897.87,38,Cancelled
TXN0005561,2025-01-18 00:00:00,D006,R003,Software,140077.22,124523.4,121952.47,122241.05,62,Completed
TXN0005562,2026-03-15 00:00:00,D003,R003,Support,67782.25,69224.56,57529.61,61160.68,85,Completed
TXN0005563,2025-11-08 00:00:00,D003,R003,Hardware,183923.73,129673.21,161701.23,167032.78,35,Completed
TXN0005564,2024-04-19 00:00:00,D010,R002,Hardware,262426.49,292206.18,125430.27,114728.61,53,Completed
TXN0005565,2026-09-24 00:00:00,D003,R003,,93342.11,100086.19,68517.55,70182.74,24,Completed
TXN0005566,2024-03-09 00:00:00,D007,R004,Hardware,285182.35,251851.6,143269.43,156838.81,154,Completed
TXN0005567,2026-07-13 00:00:00,D006,R003,Hardware,276269.93,297018.28,129774.0,132098.78,15,Completed
TXN0005568,2025-05-30 00:00:00,D001,R005,Consulting,113432.14,94529.82,75484.12,52868.64,23,Completed
TXN0005569,2026-01-08 00:00:00,D007,R004,Hardware,220177.79,235072.11,175380.84,178642.0,149,Completed
TXN0005570,2024-11-23 00:00:00,D008,R004,Software,150828.76,159109.67,112292.8,140517.97,32,Cancelled
TXN0005571,2024-07-09 00:00:00,D010,R002,Support,75589.44,94603.92,63768.6,73106.64,167,Completed
TXN0005572,2026-05-07 00:00:00,D008,R004,Software,131656.41,159019.92,125110.89,147907.76,88,Completed
TXN0005573,2024-11-11 00:00:00,D008,R004,Software,145568.14,116331.95,127855.34,133945.15,48,Completed
TXN0005574,2024-02-24 00:00:00,D009,R001,Support,84138.64,88307.37,63000.24,59900.37,98,Pending
TXN0005575,2025-12-23 00:00:00,D005,R002,SUBSCRIPTION,184901.13,193370.1,90664.74,84973.02,68,Completed
TXN0005576,2025-11-27 00:00:00,D005,R002,Hardware,178368.66,167645.79,104798.14,130812.26,153,Completed
TXN0005577,2025-03-10 00:00:00,D001,R001,Consulting,124218.75,136887.31,73790.25,72166.91,90,Pending
TXN0005578,2025-09-30 00:00:00,D001,R001,Consulting,166026.12,189324.21,90165.63,104240.61,60,Completed
TXN0005579,2024-05-06 00:00:00,D003,R003,Services,143828.28,134291.08,110081.13,129327.97,72,Pending
TXN0005580,2025-05-15 00:00:00,D001,R005,Support,70959.83,68370.28,59348.51,70803.83,107,Cancelled
TXN0005581,2026-05-18 00:00:00,D007,R004,Services,131073.24,139466.25,71644.69,86214.97,149,Completed
TXN0005582,2024-11-02 00:00:00,D003,R003,Services,170130.01,169225.74,83873.61,84564.89,20,Cancelled
TXN0005583,2024-02-17 00:00:00,D008,R004,Hardware,130690.44,120031.72,137466.61,173983.55,107,Completed
TXN0005584,2026-06-03 00:00:00,D008,R004,Software,215334.41,248568.67,79115.01,91526.44,169,Pending
TXN0005585,2025-11-28 00:00:00,D001,R001,Software,177330.59,188440.19,112301.7,104789.44,178,Completed
TXN0005586,2025-03-03 00:00:00,D003,R005,Subscription,207998.39,215224.52,69741.76,66380.89,69,Completed
TXN0005587,2026-09-01 00:00:00,D010,R006,Subscription,169947.72,unknown,91060.37,85124.71,46,Completed
TXN0005588,2025-01-31 00:00:00,D007,R004,Software,171071.51,147039.11,140684.54,151635.41,180,Completed
TXN0005589,2024-05-28 00:00:00,D004,R001,Support,101379.48,112710.55,46891.98,52765.99,157,Completed
TXN0005590,2024-10-27 00:00:00,D010,R002,Support,98998.92,95845.23,53436.59,37683.89,33,Completed
TXN0005591,2024-06-23 00:00:00,D006,R003,Consulting,153690.19,102953.59,56433.7,67423.56,45,Completed
TXN0005592,2024-09-14 00:00:00,D007,R005,Subscription,149915.02,137529.28,62270.74,44100.1,42,Cancelled
TXN0005593,2025-07-26 00:00:00,D004,R001,Consulting,115300.6,114245.74,84338.19,74332.59,51,Pending
TXN0005594,2025-10-25 00:00:00,D001,R001,Subscription,110113.04,110239.56,82473.86,61329.35,130,Cancelled
TXN0005595,2024-10-24 00:00:00,D009,R001,Services,186529.19,212807.17,95960.9,106042.3,20,Pending
TXN0005596,2026-11-27 00:00:00,D004,R001,Support,108132.22,131278.29,51076.28,45930.38,11,Completed
TXN0005597,2024-04-18 00:00:00,D003,R003,Subscription,223157.51,203028.15,94365.82,90421.85,79,Completed
TXN0005598,2026-10-27 00:00:00,D007,R004,Hardware,270346.99,271451.5,144327.8,138723.32,153,Completed
TXN0005599,2026-10-02 00:00:00,D003,R003,Hardware,230596.64,268397.29,143976.66,158039.8,109,Completed
TXN0005600,2024-02-09 00:00:00,D010,R002,Support,124328.07,115808.64,41307.33,40785.67,170,Pending
TXN0005601,2025-06-10 00:00:00,D005,R002,Support,87265.99,75548.7,68356.4,48496.95,92,Completed
TXN0005602,2026-08-11 00:00:00,D006,R003,Consulting,143093.03,188665.8,95026.51,92711.88,69,Pending
TXN0005603,2025-06-18 00:00:00,D008,R004,Subscription,114199.33,105207.68,94674.93,108577.77,8,Pending
TXN0005604,2025-07-12 00:00:00,D001,R001,Support,112480.91,116612.69,71313.58,83437.95,111,Completed
TXN0005605,2026-06-07 00:00:00,D008,R004,Software,177573.25,194272.49,146826.07,127941.95,27,Completed
TXN0005606,2026-07-18 00:00:00,D010,R002,Subscription,176103.18,203193.42,103615.16,111666.99,44,Cancelled
TXN0005607,2024-05-05 00:00:00,D005,R002,Subscription,153405.41,165233.1,85510.11,86511.89,158,Completed
TXN0005608,2026-04-01 00:00:00,D009,R001,Services,197349.41,206910.97,88742.56,66597.14,180,Completed
TXN0005609,2024-02-24 00:00:00,D007,R004,Consulting,107336.89,125211.43,50430.09,34088.08,5,Completed
TXN0005610,2026-11-22 00:00:00,D004,R001,Software,183285.03,168811.45,115797.45,123543.58,113,Completed
TXN0005611,2026-03-25 00:00:00,D006,R003,support ,67319.04,82319.88,41631.27,45355.72,143,Cancelled
TXN0005612,2026-04-02 00:00:00,D001,R001,Software,115254.57,95373.67,124604.02,139790.17,101,Completed
TXN0005613,2026-01-23 00:00:00,D008,R004,Subscription,182518.84,227023.39,108096.84,128422.08,167,Completed
TXN0005614,2025-01-25 00:00:00,D003,R003,Subscription,179753.21,124700.04,89901.54,101293.77,36,Completed
TXN0005615,2026-01-09 00:00:00,D005,R002,Support,119531.35,117901.63,56570.29,66340.83,65,Completed
TXN0005616,2024-02-06 00:00:00,D005,R002,Consulting,173551.29,226714.99,68167.54,72155.07,26,Cancelled
TXN0005617,2025-06-19 00:00:00,D010,R002,Subscription,118253.88,141613.55,68805.02,54893.13,147,Completed
TXN0005618,2024-08-30 00:00:00,D009,R001,Support,100573.7,135020.31,53958.25,57324.18,125,Completed
TXN0005619,2026-03-30 00:00:00,D009,R001,Support,68020.86,74499.08,53353.59,60234.56,129,Completed
TXN0005620,2026-08-15 00:00:00,D006,R888,Consulting,94223.93,103343.81,83168.41,80083.26,171,Completed
TXN0005621,2024-04-29 00:00:00,D001,R001,Hardware,215546.45,270489.09,149609.33,138603.4,77,Completed
TXN0005622,2026-02-02 00:00:00,D004,R001,Subscription,158870.48,165708.86,90936.47,100447.49,118,Cancelled
TXN0005623,2025-08-24 00:00:00,D007,R004,Services,106116.02,107213.9,80908.27,53634.66,110,Completed
TXN0005624,2024-07-06 00:00:00,D001,R001,Software,242996.3,230694.77,102051.0,112835.23,13,Cancelled
TXN0005625,2024-08-05 00:00:00,D001,R006,Software,156456.33,146580.62,112444.04,98625.56,132,Cancelled
TXN0005626,2026-02-01 00:00:00,D006,R005,Software,164644.59,215250.05,114052.71,101427.14,17,Completed
TXN0005627,2026-08-27 00:00:00,,R003,Subscription,172990.14,218641.34,88429.93,79510.77,46,Completed
TXN0005628,01/25/2024,,R002,Software,176389.09,172571.16,108709.75,113048.07,177,Completed
TXN0005629,2026-01-16 00:00:00,D010,R002,Consulting,127794.09,108054.87,75458.64,67434.72,164,Cancelled
TXN0005630,2025-11-14 00:00:00,D008,R004,Consulting,123876.71,97949.85,93616.85,71181.86,168,Completed
TXN0005631,2026-07-13 00:00:00,D010,R002,Subscription,186502.2,201287.62,63564.24,61129.74,84,Completed
TXN0005632,2025-06-12 00:00:00,D003,R003,Consulting,140359.69,159647.6,88247.51,80349.36,176,Completed
TXN0005633,2025-08-05 00:00:00,D001,R001,Consulting,117946.1,107817.5,68945.77,68667.62,33,Completed
TXN0005634,2026-01-20 00:00:00,D004,R001,Software,208186.68,231018.22,114381.64,112589.3,28,Completed
TXN0005635,2025-04-15 00:00:00,D004,R001,Subscription,138344.08,125974.01,82344.7,108051.32,118,Pending
TXN0005636,2026-07-05 00:00:00,D007,R004,Support,85067.34,86382.84,47446.19,55204.0,102,Cancelled
TXN0005637,2024-01-10 00:00:00,D002,R002,Consulting,128642.09,127558.99,67268.48,77104.96,140,Completed
TXN0005638,2026-07-26 00:00:00,D006,R003,Software,194382.9,222960.43,"₹1,25,000",82975.54,82,Cancelled
TXN0005639,2025-09-02 00:00:00,D001,R001,Subscription,119149.96,131908.52,71977.63,82287.67,162,Pending
TXN0005640,2025-07-12 00:00:00,D009,R001,Hardware,202798.88,221677.07,130219.72,135494.04,155,Cancelled
TXN0005641,2025-11-22 00:00:00,D001,R001,Services,139319.17,162847.28,75767.37,76966.75,133,Pending
TXN0005642,2025-12-29 00:00:00,D003,R003,Software,190914.74,173396.94,94630.68,94802.72,118,Completed
TXN0005643,2026-06-13 00:00:00,D005,R002,Subscription,142406.43,138295.82,91302.9,89046.31,58,Completed
TXN0005644,2025-10-11 00:00:00,D005,R002,,126696.21,118978.19,70279.37,71294.71,42,Pending
TXN0005645,2024-07-04 00:00:00,D010,R002,Software,180955.51,134847.47,137427.15,147847.3,19,Cancelled
TXN0005646,2026-12-30 00:00:00,D006,R003, software ,unknown,unknown,102816.66,112112.51,69,Pending
TXN0005647,2025-10-20 00:00:00,D007,R004,Subscription,186123.03,234383.54,112765.63,109154.25,157,Completed
TXN0005648,2026-04-23 00:00:00,D003,R006,Subscription,133435.32,118575.53,89529.15,92919.39,35,Cancelled
TXN0005649,2025-02-10 00:00:00,D004,R006,Support,93956.18,86005.72,61295.51,49788.44,171,Completed
TXN0005650,2024-10-29 00:00:00,D009,R005,Services,136758.37,135433.62,99167.07,97252.38,173,Pending
TXN0005651,2026-10-11 00:00:00,D005,R002,Subscription,175682.13,unknown,85505.58,90517.03,174,Completed
TXN0005652,2025-08-30 00:00:00,D001,R001,Hardware,190103.06,198825.78,111560.97,119201.47,144,Completed
TXN0005653,2024-07-27 00:00:00,D010,R002,Consulting,115072.18,101472.37,84639.81,92071.09,161,Completed
TXN0005654,2026-08-21 00:00:00,D002,R002,Hardware,241903.58,236034.7,172799.63,172541.57,179,Completed
TXN0005655,2026-07-04 00:00:00,D010,R002,Hardware,206985.35,186301.04,175693.15,170099.32,83,Pending
TXN0005656,2025-05-22 00:00:00,D001,R001,Subscription,175151.68,146440.99,84621.33,107161.98,121,Completed
TXN0005657,2026-08-29 00:00:00,D008,R004,Hardware,208330.8,214537.51,126787.2,122235.35,51,Completed
TXN0005658,2025-01-10 00:00:00,D005,R002,Consulting,148503.6,154411.82,85120.02,104141.74,132,Completed
TXN0005659,2024-10-22 00:00:00,D009,R006,Hardware,243050.4,309020.56,141411.07,140501.66,164,Completed
TXN0005660,2026-10-28 00:00:00,D007,R004,Consulting,161601.22,167880.87,75734.5,81513.9,137,Cancelled
TXN0005661,2026-12-10 00:00:00,D008,R004,Subscription,137181.8,113778.71,94622.7,70974.51,123,Pending
TXN0005662,2026-11-16 00:00:00,D006,R003,Hardware,267843.48,281714.22,131555.11,138094.69,71,Pending
TXN0005663,2025-07-22 00:00:00,D005,R002,Services,127542.38,123713.27,80846.0,76858.96,6,Completed
TXN0005664,2025-03-12 00:00:00,D010,R002,Services,138836.72,159208.71,102677.24,93569.38,111,Completed
TXN0005665,2025-01-07 00:00:00,D006,R003,Consulting,133450.68,124610.27,86095.35,82890.75,121,Completed
TXN0005666,2025-03-03 00:00:00,D002,R002,Subscription,160873.33,166167.27,94568.76,104631.99,69,Pending
TXN0005667,2024-08-15 00:00:00,D004,R001,Software,235319.15,282416.1,82145.19,79667.78,44,Completed
TXN0005668,2026-09-07 00:00:00,D009,R001,Hardware,221082.78,196793.65,124699.36,135364.9,159,Completed
TXN0005669,2025-12-16 00:00:00,D007,R004,Support,82976.06,80544.09,63071.79,58916.64,109,Completed
TXN0005670,2026-04-03 00:00:00,D002,R002,Consulting,111459.78,106826.2,73571.66,85101.93,39,Completed
TXN0005671,2026-08-11 00:00:00,D004,R001,Software,173067.51,223085.11,101773.93,127010.28,12,Pending
TXN0005672,2024-03-02 00:00:00,D006,R003,Subscription,110410.99,136321.34,,142149.09,85,Completed
TXN0005673,2024-09-24 00:00:00,D002,R002,Services,126556.17,125603.7,47108.39,40778.74,120,Completed
TXN0005674,2026-06-20 00:00:00,D004,R001,Services,123748.15,102885.76,74915.31,73750.4,177,Completed
TXN0005675,2024-11-27 00:00:00,D008,R006,Support,91858.7,104717.48,62738.73,78934.36,77,Completed
TXN0005676,2026-05-06 00:00:00,D008,R004,Hardware,143189.99,106814.96,124347.45,151359.97,53,Completed
TXN0005677,2025-03-05 00:00:00,D002,R002,Software,181752.37,164289.06,88640.82,91799.94,144,Completed
TXN0005678,2026-09-26 00:00:00,D008,R004,Services,170212.52,129998.78,82657.32,92870.54,143,Completed
TXN0005679,2025-09-03 00:00:00,D007,R004,Hardware,128029.51,118121.46,102408.5,121729.46,93,Cancelled
TXN0005680,2026-02-10 00:00:00,D009,R001,Consulting,142393.7,159668.23,59794.54,59456.43,64,Completed
TXN0005681,2024-06-12 00:00:00,D007,R004,Hardware,276422.56,302115.91,89494.35,75683.28,138,Completed
TXN0005682,2026-12-05 00:00:00,D003,R003,Subscription,190081.56,127359.03,79857.86,95907.54,50,Completed
TXN0005683,2026-12-07 00:00:00,D003,R005,Support,97200.93,112841.37,54394.06,54726.53,143,Pending
TXN0005684,2025-07-12 00:00:00,D007,R004,Hardware,192574.37,219484.38,100517.36,110692.22,104,Cancelled
TXN0005685,2024-12-25 00:00:00,D010,R002,Hardware,206725.57,203640.56,142895.78,153484.27,142,Cancelled
TXN0005686,2025-08-09 00:00:00,D003,R003,Subscription,179874.11,144643.69,79778.28,83343.37,119,Completed
TXN0005687,2024-06-11 00:00:00,D006,R003,Services,138970.52,154429.47,100994.68,119047.98,176,Completed
TXN0005688,2026-07-31 00:00:00,D003,R003,Subscription,174244.89,168991.12,110954.06,107649.98,28,Completed
TXN0005689,2025-03-01 00:00:00,D004,R001,Software,202223.17,183546.46,90374.18,104812.14,115,Pending
TXN0005690,2024-09-16 00:00:00,D009,R001,Hardware,286577.43,366114.28,128473.55,106803.02,118,Pending
TXN0005691,2025-11-23 00:00:00,D009,R001,Consulting,108756.18,128504.85,62777.93,69903.52,52,Pending
TXN0005692,2026-02-14 00:00:00,D003,R003,Support,98228.68,125524.8,55995.28,46544.72,12,Completed
TXN0005693,2025-04-08 00:00:00,D003,R006,Consulting,128448.2,167886.68,78249.07,78823.54,73,Pending
TXN0005694,2026-04-12 00:00:00,D002,R002,Software,172979.05,199575.19,119077.51,108094.3,51,Cancelled
TXN0005695,2025-12-11 00:00:00,D004,R001,Hardware,253241.39,242079.78,142283.21,143805.7,167,Completed
TXN0005696,2024-12-21 00:00:00,D008,R004,Consulting,124193.58,130466.37,64767.26,70695.73,54,Completed
TXN0005697,2024-03-15 00:00:00,D008,R004,Support,76351.92,76181.88,47454.37,49276.46,19,Completed
TXN0005698,2025-12-31 00:00:00,D006,R003,Subscription,189823.52,166759.25,93351.41,106182.4,154,Pending
TXN0005699,2025-03-27 00:00:00,D004,R005,Consulting,142486.15,180229.34,85422.67,95619.41,167,Completed
TXN0005700,2024-02-16 00:00:00,D003,R003,Consulting,101224.72,117025.08,74338.62,79921.4,84,Completed
TXN0005701,2025-12-01 00:00:00,D005,R005,Hardware,189093.47,173773.98,145967.46,,91,Completed
TXN0005702,2025-04-01 00:00:00,D007,R004,Support,97792.8,117018.81,65288.24,66432.7,153,Pending
TXN0005703,2024-08-01 00:00:00,D008,R004,Hardware,152252.0,153836.17,152163.3,157971.96,31,Pending
TXN0005704,2024-05-21 00:00:00,D008,R004,Subscription,179217.16,172059.16,95215.8,83361.72,97,Cancelled
TXN0005705,2026-03-29 00:00:00,D007,R004,Hardware,203392.86,203470.06,148167.75,130842.44,170,Pending
TXN0005706,2026-02-17 00:00:00,D004,R001,Hardware,230861.64,288579.99,140959.31,162579.23,160,Completed
TXN0005707,2026-11-20 00:00:00,D005,R002,hardware,212917.23,218348.19,168771.78,181953.28,176,Completed
TXN0005708,2025-02-28 00:00:00,D007,R004,Services,106085.05,96274.73,92880.83,107446.44,52,Completed
TXN0005709,2024-11-29 00:00:00,D010,R002,Support,99241.42,104006.9,46301.73,49827.41,77,Cancelled
TXN0005710,2026-08-10 00:00:00,D010,R002,Subscription,142092.98,143619.41,102447.44,91003.84,117,Completed
TXN0005711,2024-11-27 00:00:00,D001,R001,Consulting,106106.35,88364.48,69967.7,71599.14,66,Cancelled
TXN0005712,2025-07-25 00:00:00,D005,R002,Subscription,188800.0,215761.25,112502.66,106881.46,45,Pending
TXN0005713,2025-10-23 00:00:00,D005,R006,Software,166206.75,176798.5,111506.03,113678.3,57,Completed
TXN0005714,2024-04-06 00:00:00,D002,R002,Support,99851.83,122641.14,56055.55,54188.31,62,Completed
TXN0005715,2024-08-28 00:00:00,D010,R002,Support,106885.15,100799.2,48780.6,40562.12,66,Cancelled
TXN0005716,2024/10/21,D008,R004,Consulting,159874.2,164021.63,87404.53,91646.42,144,Completed
TXN0005717,2024-04-19 00:00:00,D004,R001,Subscription,172697.96,176479.67,92305.76,83786.2,87,Cancelled
TXN0005718,2026-01-19 00:00:00,D002,R005,Software,141548.61,170893.87,146333.25,145139.91,60,Completed
TXN0005719,2025-10-29 00:00:00,D008,R004,Services,165634.48,unknown,56264.72,62670.1,108,Pending
TXN0005720,2026-07-10 00:00:00,D001,R001,Support,61713.28,61638.94,50195.07,44465.9,130,Completed
TXN0005721,2025-10-14 00:00:00,D009,R001,Software,185660.59,185395.07,115859.44,113448.34,102,Completed
TXN0005722,2026-01-23 00:00:00,D010,R002,Subscription,128840.49,117199.71,105574.46,128644.97,123,Cancelled
TXN0005723,2025-11-28 00:00:00,D005,R002,Consulting,128612.98,144860.25,80811.54,70162.3,150,Completed
TXN0005724,2024-02-22 00:00:00,D010,R002,Hardware,279848.51,302247.88,147628.43,106523.35,92,Completed
TXN0005725,2024-10-01 00:00:00,D004,R001,Consulting,106323.27,100070.33,68030.93,69232.07,149,Completed
TXN0005726,2026-01-16 00:00:00,D008,R004,Subscription,106467.44,128282.86,75886.96,78624.02,78,Completed
TXN0005727,2024-11-24 00:00:00,D009,R001,Hardware,258498.61,245246.39,136722.71,138578.42,85,Completed
TXN0005728,2026-07-17 00:00:00,D006,R003,Software,206110.51,243305.23,94512.53,103211.11,176,Cancelled
TXN0005729,2026-03-18 00:00:00,D009,R001,Software,199423.4,234932.66,86824.86,67189.77,171,Completed
TXN0005730,2025-01-13 00:00:00,D002,R002,Subscription,140715.77,158364.83,107555.46,106649.28,28,Completed
TXN0005731,2025-08-28 00:00:00,D006,R003,Support,86832.48,89930.92,57749.29,59492.59,86,Completed
TXN0005732,2024-10-04 00:00:00,D001,R001,Software,155984.23,142395.84,138103.83,123229.73,126,Pending
TXN0005733,2025-02-18 00:00:00,D010,R002, consulting ,131449.79,146627.74,64368.0,54977.3,11,Cancelled
TXN0005734,2025-01-21 00:00:00,D009,R001,Software,251536.91,288536.4,99261.43,105157.81,97,Completed
TXN0005735,2024-12-11 00:00:00,D003,R003,Software,159942.03,210175.02,113513.65,110187.03,77,Completed
TXN0005736,2025-02-14 00:00:00,D001,R001,Services,115746.75,125518.18,106057.12,91306.22,116,Completed
TXN0005737,2025-05-28 00:00:00,D005,R002,Software,152461.3,154115.69,123137.65,143494.9,28,Completed
TXN0005738,2026-01-10 00:00:00,D002,R002,Software,238449.73,250086.67,78785.11,92038.27,173,Completed
TXN0005739,2024-05-05 00:00:00,D006,R003,Hardware,249336.83,305732.16,158529.37,206827.58,11,Completed
TXN0005740,2024-06-30 00:00:00,D008,R004,Hardware,221065.45,221181.69,140793.87,183135.44,39,Completed
TXN0005741,2024-01-17 00:00:00,D003,R003,Consulting,121971.31,131380.12,68598.54,48524.4,27,Cancelled
TXN0005742,2025-02-21 00:00:00,D010,R002,Software,199883.22,227082.36,111949.51,152419.62,82,Completed
TXN0005743,2026-01-21 00:00:00,D005,R002,Support,88342.54,86301.34,60480.84,54568.84,126,Completed
TXN0005744,2026-06-04 00:00:00,D004,R001,Support,86162.82,91563.75,67924.09,65519.83,50,Pending
TXN0005745,2025-01-15 00:00:00,D007,R004,Software,179490.08,212896.68,123873.73,134771.88,131,Completed
TXN0005746,2024-08-26 00:00:00,D005,R002,Software,134175.13,114348.66,130612.59,126218.56,43,Completed
TXN0005747,2025-02-21 00:00:00,D003,R003,Support,84341.08,86493.94,46750.35,39806.42,133,Completed
TXN0005748,2025-09-17 00:00:00,D004,R006,Subscription,97035.18,91281.07,,135635.8,148,Completed
TXN0005749,2024-04-13 00:00:00,D003,R003,Subscription,159523.83,149518.24,71626.08,70810.53,147,Cancelled
TXN0005750,2026-02-16 00:00:00,D009,R001,Subscription,165128.75,207943.46,75985.74,73214.4,178,Pending
TXN0005751,2025-01-20 00:00:00,D005,R002,Services,159533.24,154982.15,78849.36,82416.08,34,Cancelled
TXN0005752,2024-03-14 00:00:00,D002,R002,Subscription,115907.0,97909.57,115780.45,122095.28,136,Completed
TXN0005753,2025-10-19 00:00:00,D002,,Services,132322.79,132686.84,68564.19,72965.99,105,Cancelled
TXN0005754,2025-04-23 00:00:00,D004,R001,Services,118712.07,140618.16,95744.44,104626.79,115,Pending
TXN0005755,2024-05-21 00:00:00,D008,R006,Support,79043.19,65587.97,42961.18,44586.79,128,Completed
TXN0005756,2024-07-07 00:00:00,D001,R001,Services,84331.21,71560.88,88518.84,92358.81,163,Completed
TXN0005757,2025-08-18 00:00:00,,R001,Consulting,92084.42,100843.52,71573.74,71046.6,14,Completed
TXN0005758,2025-02-25 00:00:00,D001,R001,Support,78277.18,54341.56,54699.27,53401.96,45,Completed
TXN0005759,2026-01-23 00:00:00,D004,R001,Hardware,249457.2,206490.83,137318.53,,115,Completed
TXN0005760,2025-12-07 00:00:00,D008,R006,Consulting,117661.72,139223.06,67051.14,62251.22,19,Pending
TXN0005761,2024-11-10 00:00:00,D008,R004,Support,85771.97,93695.3,48374.29,56109.8,96,Pending
TXN0005762,2025-03-03 00:00:00,D003,R003,Consulting,151594.92,188875.0,63662.33,66907.29,35,Pending
TXN0005763,2026-10-15 00:00:00,D001,R001,Support,107040.12,95410.6,52118.44,63902.72,169,Cancelled
TXN0005764,2024-04-22 00:00:00,D002,R002,Support,71017.73,68006.27,56371.84,54792.22,85,Pending
TXN0005765,2026-02-15 00:00:00,D001,R001,Subscription,171689.53,145929.72,57525.9,72939.85,57,Completed
TXN0005766,2024-02-16 00:00:00,D007,R004,Consulting,138522.8,142841.1,78763.69,90046.35,8,Completed
TXN0005767,2026-03-23 00:00:00,D010,R002,Consulting,109736.76,114209.69,69915.71,69526.9,106,Cancelled
TXN0005768,2025-05-22 00:00:00,D004,R001,Services,127324.07,114867.92,71018.77,75946.49,60,Pending
TXN0005769,2025-10-13 00:00:00,D001,R005,Support,92051.42,126346.91,63320.15,79889.02,138,Completed
TXN0005770,2025-07-15 00:00:00,D001,R001,Software,209283.2,210296.5,97553.08,91506.53,172,Completed
TXN0005771,2025-01-08 00:00:00,D009,R001,Services,124707.49,101127.59,79010.54,77725.97,60,Completed
TXN0005772,2025-11-22 00:00:00,D004,R001,Consulting,126522.61,145618.9,66304.29,73663.48,141,Pending
TXN0005773,2026-12-13 00:00:00,D005,R002,Support,126257.74,124657.79,77268.62,76006.42,146,Completed
TXN0005774,2025-05-13 00:00:00,D010,R002,Services,179983.63,179748.43,93530.48,86596.73,124,Completed
TXN0005775,2026-10-06 00:00:00,D010,R002,Subscription,160393.65,163024.19,72886.53,72883.61,52,Completed
TXN0005776,2024-10-16 00:00:00,D009,R001,Hardware,223827.5,237841.31,168005.44,193957.62,180,Completed
TXN0005777,2025-07-15 00:00:00,D009,R001,Support,87608.15,88485.86,35865.78,unknown,96,Completed
TXN0005778,2026-05-11 00:00:00,D002,R002,Software,160884.65,213302.1,108103.27,96099.49,11,Completed
TXN0005779,2025-04-26 00:00:00,D005,R002,Services,173651.47,209169.76,80211.42,67941.52,114,Pending
TXN0005780,2026-09-28 00:00:00,D009,R001,Services,173204.08,181353.83,54194.51,47437.03,55,Pending
TXN0005781,2024-10-24 00:00:00,D010,R002,Services,141049.6,145781.11,68803.72,65106.79,66,Cancelled
TXN0005782,2025-06-06 00:00:00,D001,R005,Consulting,120681.19,101125.05,84740.02,101053.24,117,Completed
TXN0005783,2025-07-14 00:00:00,D009,R001,Consulting,102974.55,107784.34,71090.3,,137,Pending
TXN0005784,2024-07-20 00:00:00,D008,R004,Hardware,214956.78,187665.27,168628.18,189144.95,105,Completed
TXN0005785,2024-03-20 00:00:00,D008,R004,Services,138759.66,99544.82,68053.67,73480.72,107,Completed
TXN0005786,2024-12-11 00:00:00,D002,R002,Hardware,105724.29,131034.25,137021.45,109613.06,152,Pending
TXN0005787,2025-06-16 00:00:00,D008,R004,Software,137157.91,141057.38,107118.21,102798.31,96,Cancelled
TXN0005788,2025-07-05 00:00:00,D005,R005,Software,131830.11,128578.35,73256.2,77305.59,69,Completed
TXN0005789,2024-08-18 00:00:00,D006,R003,Subscription,145930.31,148844.87,97350.58,90902.4,84,Completed
TXN0005790,2026-04-28 00:00:00,D007,R004,Software,204021.85,153341.57,131716.88,129400.22,142,Pending
TXN0005791,2024-03-04 00:00:00,D002,R002,Consulting,,144699.29,72351.93,74895.89,55,Pending
TXN0005792,2024-12-06 00:00:00,D002,R002,Subscription,132536.92,129634.3,79801.43,103571.41,107,Completed
TXN0005793,2025-07-06 00:00:00,D006,R003,Support,80780.51,92319.74,50604.27,51331.35,102,Completed
TXN0005794,2026-10-22 00:00:00,D005,R002,Consulting,135516.0,151447.75,65319.4,45661.16,68,Pending
TXN0005795,2026-10-20 00:00:00,D009,R001,Services,106311.69,102019.56,78007.71,96222.4,120,Completed
TXN0005796,2025-08-17 00:00:00,D005,R002,Services,116548.44,122813.02,71918.39,85534.64,178,Completed
TXN0005797,2025-12-26 00:00:00,D006,R003,Hardware,231903.76,145871.96,117480.34,100092.09,177,Pending
TXN0005798,2024-06-25 00:00:00,D007,R005,Software,215151.56,215867.46,102458.93,131408.46,28,Cancelled
TXN0005799,2024-11-07 00:00:00,D007,R004,Services,149043.76,171807.05,74294.81,68938.93,132,Completed
TXN0005800,2026-08-23 00:00:00,D004,R001,Consulting,133632.6,140324.67,64376.86,44911.82,73,Completed
TXN0005801,2026-06-30 00:00:00,D002,R002,Support,61932.39,76553.3,58876.99,54871.79,58,Pending
TXN0005802,2024-04-23 00:00:00,D009,R001,Hardware,220744.6,228939.13,167570.53,220721.82,153,Completed
TXN0005803,2024-03-01 00:00:00,D008,R005,Hardware,247003.78,218577.65,163369.68,164689.94,159,Cancelled
TXN0005804,2024-03-08 00:00:00,,R002,Hardware,246428.77,302160.35,122794.11,101815.9,144,Completed
TXN0005805,2025-06-15 00:00:00,D002,R002,Support,106191.32,136320.01,68373.06,58474.9,9,Completed
TXN0005806,2025-05-30 00:00:00,D888,R002,Support,77884.38,71264.82,52693.61,56124.81,148,Completed
TXN0005807,2026-08-07 00:00:00,D004,R001,Consulting,138086.29,169838.85,99930.51,71540.15,13,Completed
TXN0005808,2025-11-08 00:00:00,D007,R004,Consulting,151141.34,170815.6,77469.68,78508.58,174,Cancelled
TXN0005809,2025-09-16 00:00:00,D006,R003,Software,139384.55,112325.5,83258.0,84468.23,51,Cancelled
TXN0005810,2026-03-03 00:00:00,D006,R003,Subscription,162439.35,186370.29,65051.12,76379.86,114,Cancelled
TXN0005811,2026-09-01 00:00:00,D006,R003,Software,186616.0,227791.65,104843.19,122300.23,95,Pending
TXN0005812,2026-10-22 00:00:00,D003,R003,Services,159452.08,169948.85,99593.88,104549.91,6,Completed
TXN0005813,2024-05-16 00:00:00,D002,R002,Support,79476.93,88114.13,52744.79,51852.24,170,Pending
TXN0005814,2025-08-05 00:00:00,D004,R001,Consulting,137589.81,145418.5,77827.94,67538.33,86,Cancelled
TXN0005815,2024-08-28 00:00:00,D003,R003,Support,74069.7,66080.71,67329.96,88686.4,109,Completed
TXN0005816,2026-05-15 00:00:00,D009,R001,Services,159758.54,186107.44,74415.2,73147.72,76,Cancelled
TXN0005817,2024-04-04 00:00:00,D010,R002,Software,173947.4,184861.43,130670.71,148701.58,18,Completed
TXN0005818,2025-08-04 00:00:00,D008,R005,Services,157463.95,176073.95,70014.03,56678.63,167,Completed
TXN0005819,2025-05-05 00:00:00,D008,R004,Software,220021.44,240883.73,97316.27,128455.53,15,Completed
TXN0005820,2024-07-03 00:00:00,D010,R002,Hardware,146259.23,131151.56,172270.11,150432.32,78,Completed
TXN0005821,2024-11-02 00:00:00,D004,R001,Hardware,193368.51,154090.51,149538.21,157602.58,143,Completed
TXN0005822,2026-12-31 00:00:00,D004,R001,Support,52047.75,50158.08,42314.82,44930.66,125,Completed
TXN0005823,2024-09-12 00:00:00,D007,R004,Subscription,158378.09,152701.69,104186.77,107611.23,173,Completed
TXN0005824,2025-10-29 00:00:00,D001,,,91891.27,116556.61,65765.47,63334.07,101,Completed
TXN0005825,2024-07-15 00:00:00,D008,R004,Consulting,171227.76,172882.22,60005.26,54726.37,26,Completed
TXN0005826,2024-05-12 00:00:00,D009,R001,Support,107862.55,104339.45,52438.97,51916.83,139,Pending
TXN0005827,2025-07-22 00:00:00,D001,R001,Subscription,172139.59,139635.24,82822.49,87980.81,23,Completed
TXN0005828,2024-08-25 00:00:00,D008,R004,Software,221799.1,227010.61,132868.27,127451.64,111,Completed
TXN0005829,2025-06-11 00:00:00,D002,R002,Consulting,127371.16,132149.79,67288.09,65984.23,70,Pending
TXN0005830,2026-10-30 00:00:00,,R002,Subscription,196630.19,213287.78,97494.06,101935.0,66,Completed
TXN0005831,2024-12-19 00:00:00,D010,R002,Hardware,339164.58,330520.41,147614.6,150561.03,82,Pending
TXN0005832,2026-11-23 00:00:00,D004,R001,Support,101758.23,105555.28,53314.68,48650.09,144,Completed
TXN0005833,2026-09-15 00:00:00,D003,R003,Support,,90529.67,80836.51,70891.96,79,Cancelled
TXN0005834,2026-08-18 00:00:00,D008,R004,,213277.36,209780.06,105136.32,107131.65,148,Cancelled
TXN0005835,2025-05-11 00:00:00,D002,R002,Hardware,261218.54,213658.48,145661.67,149238.81,49,Completed
TXN0005836,2024-03-04 00:00:00,D002,R002,Support,112059.73,103426.77,61310.13,53940.73,145,Completed
TXN0005837,2024-05-03 00:00:00,D003,R003,Subscription,132440.24,127718.11,62628.85,58063.01,162,Pending
TXN0005838,2024-10-30 00:00:00,D007,R004,Software,172575.44,180850.16,142974.89,127752.93,143,Pending
TXN0005839,2025-03-16 00:00:00,D006,R003,Services,166856.93,161196.01,93272.62,90353.95,151,Completed
TXN0005840,2026-12-20 00:00:00,D008,R006,Consulting,140509.91,151364.59,62383.71,71950.04,39,Completed
TXN0005841,2026-08-25 00:00:00,D001,R001,Services,182974.64,168972.98,101288.44,97281.68,7,Cancelled
TXN0005842,2026-09-25 00:00:00,D001,R001,Services,179808.91,167771.82,81642.72,76017.51,138,Completed
TXN0005843,2026-05-03 00:00:00,D009,R001,Support,97167.48,121675.54,60104.81,80240.73,116,Cancelled
TXN0005844,2024-03-12 00:00:00,D004,R001,Consulting,118815.3,159810.02,58109.68,54140.13,151,Cancelled
TXN0005845,2024-11-12 00:00:00,D004,R888,Hardware,240079.99,267554.34,154878.43,187920.02,177,Pending
TXN0005846,2026-06-20 00:00:00,D008,R004,Subscription,187539.98,191747.7,96840.82,87690.74,109,Completed
TXN0005847,2026-08-30 00:00:00,D010,R002,Software,190974.01,192745.97,86571.29,89751.85,78,Completed
TXN0005848,2024-09-29 00:00:00,D006,R003,Consulting,132830.39,170862.7,81567.25,73854.57,114,Pending
TXN0005849,2024-07-02 00:00:00,D007,R004,Hardware,238496.59,282246.58,82009.72,111259.32,158,Cancelled
TXN0005850,2025-07-09 00:00:00,D003,R003,Consulting,116847.96,132172.74,51993.65,60360.26,132,Pending
TXN0005851,2025-01-31 00:00:00,D010,R002,Software,214727.62,268920.08,152196.38,157600.08,83,Completed
TXN0005852,2025-01-15 00:00:00,D003,R003,,175592.22,175398.12,130727.84,131439.8,116,Completed
TXN0005853,2024-04-29 00:00:00,D007,R004,Services,167772.49,214934.3,104704.5,105227.12,60,Completed
TXN0005854,2025-12-08 00:00:00,D007,R004,Hardware,190556.25,235997.16,152783.45,161496.36,48,Completed
TXN0005855,2024-03-08 00:00:00,D008,R004,Software,241513.2,283564.2,135099.94,96988.38,123,Completed
TXN0005856,2025-11-17 00:00:00,D001,R001,Services,127534.36,154557.18,95305.42,97641.29,27,Pending
TXN0005857,2024-10-31 00:00:00,D009,R001,Support,102180.14,119202.36,45310.61,53339.78,74,Pending
TXN0005858,2024-09-07 00:00:00,D007,R004,Hardware,244857.95,231942.59,130528.0,164619.89,37,Completed
TXN0005859,2024-02-20 00:00:00,D009,R001,Support,101824.72,79750.07,44432.55,55460.8,20,Completed
TXN0005860,2025-03-03 00:00:00,D004,R001,Consulting,83465.57,81790.31,62052.43,42498.78,54,Completed
TXN0005861,2025-06-12 00:00:00,D008,R004,Services,95926.76,101265.3,78041.64,77044.39,38,Completed
TXN0005862,2026-03-30 00:00:00,D009,R001,Support,83593.17,86395.98,,36923.47,45,Cancelled
TXN0005863,2026-10-15 00:00:00,D004,R001,Services,124737.02,102521.25,91219.94,93222.97,177,Completed
TXN0005864,2025-03-01 00:00:00,D003,R003,Subscription,135066.72,113615.25,101603.54,92184.48,31,Completed
TXN0005865,2026-08-23 00:00:00,D004,R001,Support,100289.08,109911.04,47192.47,60695.48,18,Completed
TXN0005866,2024-10-18 00:00:00,D009,R001,Hardware,256797.03,213329.4,142097.29,127036.34,172,Completed
TXN0005867,2025-02-22 00:00:00,D005,R002,Software,206347.69,194997.63,81231.99,61442.56,119,Completed
TXN0005868,2025-02-06 00:00:00,D005,R002,Services,148980.33,173367.51,74451.25,60730.03,179,Completed
TXN0005869,2025-03-07 00:00:00,D009,R001,Subscription,254011.54,250051.68,108886.63,136835.95,141,Completed
TXN0005870,2024-09-18 00:00:00,D006,R003,Software,176312.15,196988.59,94868.21,77250.3,97,Pending
TXN0005871,2025-07-05 00:00:00,D009,R001,Software,188089.08,217954.59,103364.91,130571.19,123,Completed
TXN0005872,2026-01-31 00:00:00,D008,R004,Subscription,183722.72,175136.92,71847.85,88284.33,180,Completed
TXN0005873,2026-02-28 00:00:00,D008,R004,Subscription,173052.24,185258.83,100044.68,102348.88,143,Completed
TXN0005874,2025-12-31 00:00:00,D007,R004,Support,107651.85,116256.91,53605.76,54352.71,83,Completed
TXN0005875,2025-03-31 00:00:00,D003,R003,Consulting,123919.94,121606.34,69102.99,70308.3,123,Cancelled
TXN0005876,2025-10-23 00:00:00,D003,R003,Software,172372.95,187241.95,126483.29,108129.32,57,Completed
TXN0005877,2026-05-27 00:00:00,D008,R004,Subscription,239422.51,196913.48,99805.55,93431.85,138,Cancelled
TXN0005878,2024-09-28 00:00:00,D006,R003,Hardware,290578.89,327816.4,155005.09,145200.42,139,Cancelled
TXN0005879,2024-03-18 00:00:00,D004,R001,Subscription,156252.17,169023.05,91836.63,60807.77,61,Cancelled
TXN0005880,2026-08-17 00:00:00,D008,R004,Subscription,146858.08,161820.12,45598.11,40574.93,178,Cancelled
TXN0005881,2026-02-01 00:00:00,D004,R001,Software,169482.81,180753.97,110450.67,114826.49,10,Completed
TXN0005882,2026-02-05 00:00:00,D003,R003,Subscription,118421.62,119540.72,91556.2,97226.17,153,Pending
TXN0005883,2024-03-02 00:00:00,D006,R003,Software,157692.07,188623.28,103714.41,123504.74,37,Completed
TXN0005884,2026-12-09 00:00:00,D001,R001,Consulting,136712.75,126953.33,63850.38,56413.36,108,Completed
TXN0005885,2025-09-01 00:00:00,D007,R004,Services,139841.87,135931.64,104157.54,122520.6,131,Pending
TXN0005886,2026-12-25 00:00:00,D008,R004,Hardware,232119.79,229453.07,139282.77,104832.99,114,Completed
TXN0005887,2024-07-01 00:00:00,D003,R003,Hardware,269150.3,286758.52,113279.8,104450.63,5,Completed
TXN0005888,2024-10-27 00:00:00,D009,R001,Hardware,258936.76,268693.36,152927.09,152170.21,125,Pending
TXN0005889,2025-12-22 00:00:00,D003,R003,Hardware,275282.69,366480.1,166904.51,198381.56,149,Pending
TXN0005890,2025-08-27 00:00:00,D004,R001,Consulting,122771.42,118166.92,61759.1,61818.54,57,Cancelled
TXN0005891,2025-06-10 00:00:00,D007,R004,Subscription,158624.72,159790.05,86780.3,86409.67,162,Completed
TXN0005892,2025-12-13 00:00:00,D010,R002,Services,115012.6,113600.58,77745.21,81344.71,87,Completed
TXN0005893,2026-01-23 00:00:00,D007,R004,Support,113570.28,134159.27,53095.5,54091.25,55,Completed
TXN0005894,2024-03-05 00:00:00,D008,R006,Services,133397.98,104417.12,94015.28,122050.29,18,Completed
TXN0005895,2026-08-15 00:00:00,D002,R005,Support,83464.76,82116.52,65824.64,68512.98,57,Pending
TXN0005896,2024-12-09 00:00:00,D007,R004,Support,73327.57,75851.64,56038.86,50172.15,94,Pending
TXN0005897,2025-01-15 00:00:00,D008,R004,Support,60666.31,73739.7,68818.57,47435.32,48,Completed
TXN0005898,2025-07-02 00:00:00,D005,R002,Consulting,97124.25,77032.95,67958.79,66994.6,149,Completed
TXN0005899,2026-03-12 00:00:00,D010,R002,Consulting,130221.47,113800.17,103291.99,118493.1,6,Completed
TXN0005900,2024-01-22 00:00:00,D010,R002,Subscription,172923.22,180840.31,82751.78,80096.98,82,Cancelled
TXN0005901,2024-02-16 00:00:00,D009,R001,Support,104150.49,100558.18,57766.03,57581.62,118,Completed
TXN0005902,2026-07-05 00:00:00,D003,R003,Hardware,295527.63,282156.75,140894.31,159639.78,147,Cancelled
TXN0005903,2026-01-01 00:00:00,D004,R001,Subscription,168865.07,174145.82,99168.05,116468.01,162,Completed
TXN0005904,2024-04-29 00:00:00,D005,R002,Consulting,95866.89,96868.32,94397.9,98415.31,162,Completed
TXN0005905,2026-04-29 00:00:00,D010,R002,Software,225953.16,231269.97,85173.23,95536.88,79,Completed
TXN0005906,2025-12-17 00:00:00,,R001,Hardware,212238.43,239649.28,142333.35,158547.65,130,Completed
TXN0005907,2025-09-06 00:00:00,D005,R002,Subscription,167829.54,158091.07,88052.16,74614.67,70,Pending
TXN0005908,2026-06-21 00:00:00,D004,R001,Services,133776.49,122940.69,97221.88,103568.84,145,Completed
TXN0005909,2024-03-02 00:00:00,D006,R003,Subscription,188491.04,169280.43,79122.55,78998.11,173,Completed
TXN0005910,2025-01-26 00:00:00,D007,R004,Software,199261.45,188140.72,,126626.22,118,Cancelled
TXN0005911,2024-07-04 00:00:00,D005,R002,Consulting,126349.31,118651.19,60393.81,57879.06,156,Cancelled
TXN0005912,2025-07-14 00:00:00,D009,R001,Consulting,113310.48,113745.38,57308.19,63668.53,67,Completed
TXN0005913,2025-10-15 00:00:00,D006,R006,Subscription,112463.44,127060.75,82344.59,69877.18,163,Completed
TXN0005914,2025-10-24 00:00:00,D009,R005,Support,65645.9,70125.18,55426.39,55554.49,19,Completed
TXN0005915,2026-03-16 00:00:00,D004,R006,Hardware,210147.97,193469.28,149669.7,149984.58,160,Completed
TXN0005916,2025-04-20 00:00:00,D005,R002,Hardware,142945.85,119131.69,133420.8,120189.82,96,Completed
TXN0005917,2024-12-28 00:00:00,D009,R001,Hardware,280890.78,254389.95,130290.16,120262.39,33,Completed
TXN0005918,2024-03-06 00:00:00,D002,R002,Consulting,139029.21,132716.63,74852.28,57410.47,65,Cancelled
TXN0005919,2025-11-07 00:00:00,D008,R005,Services,203257.75,201390.32,63622.62,74082.79,84,Pending
TXN0005920,2024-01-02 00:00:00,D010,R002,Consulting,97875.73,114916.88,75548.4,72093.25,81,Cancelled
TXN0005921,2025-06-15 00:00:00,D001,R001,Consulting,121203.27,104319.03,74547.15,98144.23,117,Completed
TXN0005922,2024-09-07 00:00:00,D008,R004,Subscription,186505.97,190777.73,82710.21,82461.67,173,Completed
TXN0005923,2024-08-25 00:00:00,D007,R004,Services,131744.63,138953.21,95135.42,98173.3,91,Completed
TXN0005924,2026-04-09 00:00:00,D004,R001,Support,75373.92,61702.41,39047.47,46196.16,85,Completed
TXN0005925,2026-10-26 00:00:00,D009,R001,Support,100869.18,102728.38,45007.7,45132.28,22,Cancelled
TXN0005926,2025-10-04 00:00:00,D001,R006,Software,230936.89,246198.51,103427.19,102600.27,138,Cancelled
TXN0005927,2024-09-25 00:00:00,D004,R001,Hardware,250376.78,292792.1,174316.53,167027.82,144,Pending
TXN0005928,2025-10-04 00:00:00,D007,R005,Subscription,153282.73,177287.52,98881.11,98277.32,85,Completed
TXN0005929,2026-09-13 00:00:00,D001,R001,Hardware,277044.01,319229.04,153272.35,175784.19,54,Cancelled
TXN0005930,2024-05-20 00:00:00,D001,R001,Software,175637.11,136274.65,115496.47,110494.72,52,Completed
TXN0005931,2024-07-08 00:00:00,D006,R003,Software,157726.39,162929.03,132616.7,109312.97,100,Cancelled
TXN0005932,2024-07-04 00:00:00,D001,R001,Support,93211.25,76209.83,64813.48,71275.85,158,Completed
TXN0005933,2024-08-25 00:00:00,D010,R002,Subscription,163141.23,166454.41,79114.3,81771.75,53,Pending
TXN0005934,2024-09-04 00:00:00,D006,R006,Hardware,289571.45,274621.13,160101.71,200681.74,152,Completed
TXN0005935,2026-04-23 00:00:00,D010,R002,Subscription,206708.58,241433.71,108249.99,111377.76,141,Pending
TXN0005936,2026-10-05 00:00:00,D002,R002,Support,87552.05,93773.33,48433.15,40870.93,24,Pending
TXN0005937,2025-09-29 00:00:00,D001,R001,Support,104486.83,89972.28,57418.29,58893.24,161,Completed
TXN0005938,2024-11-29 00:00:00,D010,R002,Support,95859.46,86321.06,49845.35,58869.19,147,Completed
TXN0005939,2024-07-26 00:00:00,D001,R001,Support,83893.98,78457.5,52119.32,52141.09,158,Pending
TXN0005940,2025-03-26 00:00:00,D002,R002,Subscription,166541.88,151928.98,81126.96,77137.09,58,Completed
TXN0005941,2025-12-23 00:00:00,D002,R002,Hardware,163725.1,142644.31,188752.68,205075.44,46,Completed
TXN0005942,2024-03-25 00:00:00,,R001,Hardware,274660.66,300714.46,188099.24,232335.76,175,Completed
TXN0005943,2024-05-29 00:00:00,D004,R001,Support,102379.52,106038.4,69484.79,76909.28,125,Pending
TXN0005944,2026-02-28 00:00:00,D006,R003,Hardware,221166.84,261634.01,111297.33,134104.31,44,Pending
TXN0005945,2026-03-29 00:00:00,D005,R002,Consulting,121867.82,104840.97,61520.8,68411.74,32,Completed
TXN0005946,2024-09-25 00:00:00,D003,R003,Support,96437.02,101479.54,68711.86,66940.19,13,Completed
TXN0005947,2026-01-28 00:00:00,D001,R001,Subscription,174812.31,153307.21,78892.07,96136.59,23,Pending
TXN0005948,2024-12-10 00:00:00,D006,R003,Software,219909.11,193951.71,103458.57,121847.53,33,Completed
TXN0005949,2024-05-09 00:00:00,D009,R001,Support,95312.99,91506.11,52915.29,58404.32,143,Completed
TXN0005950,2025-04-16 00:00:00,D002,R002,Services,159134.48,unknown,79940.99,90717.2,178,Cancelled
TXN0005951,2024-05-01 00:00:00,D010,R002,Services,120330.92,154776.06,73165.11,73085.26,51,Completed
TXN0005952,2026-11-06 00:00:00,D006,R003,Support,87694.92,83320.15,51570.78,56887.08,131,Cancelled
TXN0005953,2024-08-23 00:00:00,D003,R005,Services,146226.02,114440.05,125836.07,109665.17,77,Completed
TXN0005954,2026-10-31 00:00:00,D010,R002,Support,128957.84,133269.98,50738.33,52594.87,159,Completed
TXN0005955,2026-03-03 00:00:00,D001,R001,Support,82153.27,110805.91,41642.52,39521.78,167,Completed
TXN0005956,2024-04-09 00:00:00,D010,R002,Subscription,134764.12,129697.46,83600.15,97613.11,78,Completed
TXN0005957,13-05-2024,D001,R001,Software,206328.07,217017.47,109581.74,146926.12,41,Completed
TXN0005958,2026-11-28 00:00:00,D004,R001,Software,174194.4,153751.51,138304.17,134487.16,36,Pending
TXN0005959,2024-01-28 00:00:00,D005,R002,Support,90040.57,109976.15,43334.4,44354.55,69,Completed
TXN0005960,2024-06-03 00:00:00,D007,R004,Subscription,176343.59,214284.3,74312.36,74409.81,161,Pending
TXN0005961,2025-04-28 00:00:00,D002,R002,Subscription,155125.51,157031.85,82779.87,90196.4,74,Pending
TXN0005962,2025-12-22 00:00:00,D010,R002,Hardware,195960.97,249477.97,125058.31,149568.41,12,Pending
TXN0005963,2025-11-11 00:00:00,D001,R001,Support,95012.37,96281.16,57484.52,75758.72,133,Completed
TXN0005964,2026-07-24 00:00:00,D007,R004,Support,88150.75,104458.51,60560.62,60887.51,72,Completed
TXN0005965,2025-03-27 00:00:00,D007,R004,Subscription,181629.63,187093.6,96694.07,108640.42,180,Cancelled
TXN0005966,2024-03-24 00:00:00,D009,R001,Hardware,195372.94,189505.77,127977.47,135362.04,129,Completed
TXN0005967,2024-06-09 00:00:00,D003,R003,Hardware,188361.53,202166.67,165300.57,155115.05,83,Completed
TXN0005968,2026-01-05 00:00:00,D010,R002,Hardware,266145.95,207112.15,132714.96,144210.93,121,Pending
TXN0005969,2026-12-28 00:00:00,D007,R004,Services,123534.55,127326.26,80434.8,78706.96,78,Pending
TXN0005970,2024-06-24 00:00:00,D007,R004,Subscription,159438.31,208315.53,92643.27,89916.25,158,Completed
TXN0005971,2026-10-11 00:00:00,D004,R006,Hardware,190639.47,157227.5,101858.56,131505.54,40,Cancelled
TXN0005972,2026-02-07 00:00:00,D007,R004,Hardware,191865.28,145675.65,146451.22,196835.53,137,Completed
TXN0005973,2026-03-04 00:00:00,D010,R002,Services,101314.54,102816.73,80092.29,88783.2,38,Cancelled
TXN0005974,2024-09-04 00:00:00,D008,R004,Software,136256.88,153354.39,130209.81,,104,Pending
TXN0005975,2026-03-28 00:00:00,D003,R003,Subscription,156158.29,116769.97,67866.48,79883.0,116,Completed
TXN0005976,2024-09-18 00:00:00,D004,R001,Subscription,188467.72,193438.47,98749.12,98241.68,74,Pending
TXN0005977,2026-04-25 00:00:00,D009,R001,Support,108327.05,107547.11,58233.71,67116.94,128,Completed
TXN0005978,2024-11-18 00:00:00,D002,R002,Consulting,94790.58,88548.79,71100.11,58067.9,132,Pending
TXN0005979,2026-10-15 00:00:00,D005,R005,Hardware,174633.69,171346.36,171264.01,168767.44,38,Completed
TXN0005980,2025-10-22 00:00:00,D002,R002,Services,179264.09,178651.58,83215.91,107387.89,42,Completed
TXN0005981,2024-11-06 00:00:00,D003,R003,Hardware,247761.91,249458.41,128026.84,102083.5,92,Pending
TXN0005982,2026-12-06 00:00:00,D001,R006,Support,89830.1,96760.38,44203.48,45669.62,163,Completed
TXN0005983,2026-07-15 00:00:00,D010,R002,Software,151975.23,,105019.68,103940.43,51,Completed
TXN0005984,2025-11-26 00:00:00,D006,R003,Software,140721.57,150375.13,115040.42,125048.56,43,Completed
TXN0005985,2025-11-07 00:00:00,D006,R003,Services,188191.2,178526.57,101188.73,117935.23,55,Completed
TXN0005986,2025-07-11 00:00:00,D004,R001,Subscription,178738.59,166734.28,108159.93,124014.75,100,Pending
TXN0005987,2025-04-15 00:00:00,D001,R001,Subscription,129187.86,150126.85,85730.17,,78,Completed
TXN0005988,2024-09-10 00:00:00,D004,R001,Support,104018.91,118346.86,54453.62,48625.92,6,Cancelled
TXN0005989,2025-07-08 00:00:00,D002,R002,Subscription,151477.39,182985.43,97716.04,113763.38,71,Completed
TXN0005990,2024-06-02 00:00:00,D002,R002,Hardware,272486.32,296947.34,150341.43,162435.78,76,Completed
TXN0005991,2026-11-14 00:00:00,D009,R001,Consulting,176784.15,186067.61,89091.67,84676.68,61,Completed
TXN0005992,2026-08-11 00:00:00,D004,R001,Support,110273.29,121901.98,72881.17,67920.85,128,Cancelled
TXN0005993,2024-04-02 00:00:00,D009,R001,Hardware,204280.54,179203.08,180087.1,234015.73,43,Completed
TXN0005994,2024-10-28 00:00:00,D002,R002,,194238.67,191412.25,102188.35,103357.64,63,Completed
TXN0005995,2026-11-24 00:00:00,D004,R001,Subscription,149401.6,158678.7,74108.17,81955.29,25,Cancelled
TXN0005996,2026-02-23 00:00:00,D002,R002,Software,152807.05,146872.44,102452.97,102895.73,43,Completed
TXN0005997,08/06/2026,D003,R003,Hardware,254666.21,250056.61,176140.7,185652.34,137,Cancelled
TXN0005998,2025-11-11 00:00:00,D007,R004,Support,150390.9,173333.61,61797.12,72547.89,97,Cancelled
TXN0005999,2025-12-11 00:00:00,D008,R004,Hardware,196116.68,189459.01,151088.27,173299.84,37,Pending
TXN0006000,2026-10-25 00:00:00,D004,R001,Hardware,207344.77,179873.39,113514.64,104626.87,138,Cancelled
TXN0001783,2026-10-24 00:00:00,D009,R001,Hardware,221846.84,227903.53,132915.28,120142.34,83,Completed
TXN0003918,2025-05-21 00:00:00,D002,R002,Services,184228.11,144453.42,78161.58,67078.82,12,Completed
TXN0000222,2025-04-08 00:00:00,D002,R002,Subscription,143944.24,147437.37,70274.84,74770.16,114,Cancelled
TXN0002136,2025-09-18 00:00:00,D005,R002,Consulting,131731.99,93189.54,68417.06,72082.22,99,Cancelled
TXN0005225,2025-02-24 00:00:00,D010,R002,Software,143203.76,132469.08,122258.1,142542.32,150,Cancelled
TXN0001169,2026-07-26 00:00:00,D009,R001,Consulting,152613.66,145731.45,61284.45,63564.21,82,Cancelled
TXN0000880,2024-11-07 00:00:00,D008,R004,Software,161549.83,149392.59,107817.22,89950.95,17,Cancelled
TXN0000157,2026-08-25 00:00:00,D005,R002,Consulting,93965.32,97015.18,67111.89,66449.97,67,Pending
TXN0001658,2024-12-17 00:00:00,D002,R002,Hardware,241241.01,270049.58,106229.39,131064.79,113,Completed
TXN0000324,2026-09-16 00:00:00,D005,R002,Hardware,160413.07,144858.99,162633.3,166402.46,67,Pending
TXN0005303,2025-02-19 00:00:00,D007,R004,Software,202559.81,162059.55,107397.43,111859.59,41,Cancelled
TXN0002612,2026-05-16 00:00:00,D006,R003,Services,173644.64,185850.39,97765.11,131130.62,100,Completed
TXN0000812,2026-08-23 00:00:00,D001,R001,Services,157399.91,148491.39,88612.39,114959.7,158,Pending
TXN0000394,2025-04-01 00:00:00,D007,R004,Support,84818.47,75026.48,56335.47,45158.52,5,Completed
TXN0003594,2025-02-08 00:00:00,D001,R001,Services,162398.74,213204.89,97273.89,96647.02,69,Pending
TXN0002639,2025-09-19 00:00:00,D008,R004,Software,193546.16,175180.72,98121.09,111346.85,66,Pending
TXN0002188,2026-03-21 00:00:00,D003,R003,Consulting,110161.35,127862.14,78073.09,76683.42,47,Pending
TXN0005352,2026-05-05 00:00:00,D007,R004,Subscription,168321.04,166906.51,89763.33,70364.15,120,Completed
TXN0000320,2024-12-11 00:00:00,D010,R002,Subscription,207230.98,189077.7,100686.64,102685.28,156,Cancelled
TXN0000168,2026-02-17 00:00:00,D006,R003,Subscription,172672.42,184593.09,82770.42,79084.33,86,Pending
TXN0000747,2024-05-24 00:00:00,D003,R003,Subscription,177823.93,194776.48,113592.38,121160.61,152,Completed
TXN0005471,2026-09-07 00:00:00,D003,R003,Subscription,174125.53,157618.96,88403.78,82991.14,161,Completed
TXN0003708,2026-02-01 00:00:00,D001,R005,Consulting,77738.43,76444.49,83939.03,79623.61,36,Completed
TXN0002765,2025-11-08 00:00:00,D010,R002,Support,66552.18,83061.48,50229.66,55696.97,166,Completed
TXN0005113,2026-09-01 00:00:00,D009,R001,Hardware,225607.4,295464.8,119121.93,118880.21,74,Pending
TXN0004007,2024-04-07 00:00:00,D007,R004,Support,78662.32,74172.44,47417.36,46098.88,81,Cancelled
TXN0001872,2026-04-19 00:00:00,D001,R001,Hardware,182204.23,167274.09,156760.44,200877.02,80,Cancelled
TXN0005757,2025-08-18 00:00:00,D009,R001,Consulting,92084.42,100843.52,71573.74,71046.6,14,Completed
TXN0003194,2025-04-28 00:00:00,D001,R006,Subscription,200970.74,176896.68,97011.29,114108.39,144,Cancelled
TXN0003755,2026-10-01 00:00:00,D008,R004,Hardware,127414.85,107976.12,156160.83,168528.23,89,Cancelled
TXN0005626,2026/02/01,D006,R005,Software,164644.59,215250.05,114052.71,101427.14,17,Completed
TXN0004895,2024-11-09 00:00:00,D010,R002,Software,195864.58,,115203.78,128019.26,128,Completed
TXN0004103,2025-04-28 00:00:00,D009,R001,Hardware,307325.42,391831.29,150530.36,183624.67,98,Pending
TXN0001262,2025-09-10 00:00:00,D004,R001,Software,169986.25,148680.05,117124.89,115025.27,134,Completed
TXN0002339,2026-09-05 00:00:00,D002,R002,Hardware,214132.13,219848.45,124429.37,107510.08,70,Cancelled
TXN0000085,2026-07-23 00:00:00,D009,R001,Software,157328.89,180119.47,113766.05,146923.59,39,Pending
TXN0003822,2024-12-13 00:00:00,D007,R004,Support,91015.03,79791.9,58950.91,56333.98,19,Completed
TXN0002654,2025-06-02 00:00:00,D009,R001,Software,198045.11,204927.43,95690.8,86121.43,154,Completed
TXN0005546,2026-07-14 00:00:00,D002,R002,Software,139048.32,148107.12,111928.66,149317.0,108,Cancelled
TXN0002747,2025-05-17 00:00:00,D008,R004,Software,219362.24,235514.22,93725.07,104665.94,42,Completed
TXN0002859,2024-09-02 00:00:00,D010,R002,Support,100402.15,100436.18,43671.07,36642.85,176,Completed
TXN0000997,2024-12-29 00:00:00,D010,R002,Support,74241.21,94799.89,58578.27,54214.67,121,Cancelled
TXN0000229,2026-06-26 00:00:00,D001,R001,Hardware,190873.01,192713.04,173677.36,197893.8,174,Pending
TXN0003265,2026-09-30 00:00:00,D006,R003,hardware,322539.83,382163.98,148356.72,158736.8,118,Completed
TXN0004829,2024-06-14 00:00:00,D008,R004,Hardware,309073.34,337136.31,192419.84,217895.89,100,Completed
TXN0003943,2026-03-07 00:00:00,D007,R004,Software,218190.66,249418.11,118582.07,114754.81,118,Completed
TXN0005460,2024-10-28 00:00:00,D007,R004,Services,107189.53,102147.46,99958.21,115563.63,62,Cancelled
TXN0003833,2025-06-09 00:00:00,D008,R004,Consulting,170137.36,179841.3,81166.74,92005.0,83,Completed
TXN0001653,2026-12-21 00:00:00,,R004,Subscription,118204.68,143699.73,76690.54,101616.11,130,Completed
TXN0000080,2024-10-28 00:00:00,D005,R002,Services,181041.11,198658.34,66230.62,85910.94,11,Completed
TXN0000965,2024-03-01 00:00:00,D006,R003,Services,108695.39,118860.86,69692.02,61098.21,86,Pending
TXN0000927,2024-07-07 00:00:00,D004,R001,Hardware,185576.24,183955.75,144747.88,145430.24,151,Pending
TXN0000795,2026-12-06 00:00:00,D003,R003,Services,113327.3,146526.51,51026.37,46949.18,134,Pending
TXN0003380,2025-09-25 00:00:00,D001,R001,Support,114831.57,111817.0,63695.24,72474.65,12,Cancelled
TXN0003165,2024-11-27 00:00:00,D001,R001,Hardware,224555.01,193843.04,168403.29,193478.07,127,Completed
TXN0004658,2026-12-08 00:00:00,D009,R001,Services,176652.32,176571.03,66581.62,70383.13,135,Cancelled
TXN0003312,2024-04-11 00:00:00,D003,R003,Subscription,191653.3,187313.55,70326.05,71221.23,152,Cancelled
TXN0003935,2026-02-25 00:00:00,D004,R001,Subscription,195892.37,198211.07,86427.4,83321.15,69,Pending
TXN0001075,2024-11-05 00:00:00,D002,R002,Subscription,184512.37,157544.71,107623.53,123769.77,173,Pending
TXN0004841,2024-12-21 00:00:00,D009,R001,Services,169341.56,179563.33,68761.99,63094.42,13,Cancelled
TXN0004184,2026-07-07 00:00:00,D004,R001,Software,196318.93,175018.94,123342.21,138807.21,162,Pending
TXN0002025,2026-11-28 00:00:00,D888,R004,Subscription,158618.01,184208.65,70310.5,,71,Completed
TXN0005678,2026-09-26 00:00:00,D008,R004,Services,170212.52,129998.78,82657.32,92870.54,143,Completed
TXN0004635,2024-02-14 00:00:00,D004,R001,Support,90890.22,93610.5,51756.92,54971.36,162,Pending
TXN0001746,2025-09-27 00:00:00,D003,R003,Software,183339.73,205436.18,110422.05,142230.65,46,Completed
TXN0003144,07/21/2025,D002,R002,Consulting,80535.14,78339.94,73554.53,81952.84,172,Cancelled
TXN0003264,2024-11-27 00:00:00,D006,R003,Hardware,180354.95,196053.44,182129.22,209423.94,8,Completed
TXN0003122,2025-03-14 00:00:00,D003,R003,Subscription,172154.01,157963.4,86879.3,88592.26,110,Completed
TXN0001452,2024-12-25 00:00:00,D009,R001,Support,88660.3,99448.83,64998.48,70752.34,21,Cancelled
TXN0000440,2026-02-07 00:00:00,D008,R004,Hardware,264524.39,243155.18,137249.41,143100.62,115,Completed
TXN0003317,2025-01-22 00:00:00,D001,R001,Hardware,119977.07,130084.69,156409.29,144578.49,100,Pending
TXN0004544,2024-10-15 00:00:00,D002,R002,Subscription,207358.15,236369.03,60951.04,68329.35,6,Pending
TXN0002982,2025-06-24 00:00:00,D010,R002,Subscription,119028.16,126569.51,125336.72,133585.62,79,Completed
TXN0002081,2024-03-19 00:00:00,D002,R888,Hardware,196590.59,236780.03,152625.43,130138.31,115,Completed
TXN0004021,2024-03-09 00:00:00,D006,R003,Support,97057.12,70473.83,52763.84,52751.46,62,Pending
TXN0001455,2026-07-18 00:00:00,D009,R001,Support,88323.9,113205.42,50691.78,42298.75,5,Pending
TXN0000255,2025-08-02 00:00:00,D010,R002,Hardware,238053.16,189540.63,195228.05,259177.94,104,Pending
TXN0000466,2026-03-12 00:00:00,D010,R002,Hardware,277981.42,258212.51,168127.12,131251.53,123,Cancelled
TXN0002118,2025-05-26 00:00:00,D003,R003,Consulting,154315.89,152578.39,67913.21,63994.37,26,Completed
TXN0000507,2024-04-04 00:00:00,D006,R003,Software,198569.34,229678.35,78568.75,80989.85,30,Pending
